Sample,Chromosome,Position,Reference Allele,Variant Allele,Variant Count,Coverage,Variant frequency,P-value
a10,ref|NC_001133|,6736,C,CAA,15,39,38.46%,2.3037E-6
a10,ref|NC_001133|,12566,C,T,10,71,14.08%,6.9515E-4
a10,ref|NC_001133|,12570,C,T,9,76,11.84%,1.5196E-3
a10,ref|NC_001133|,12594,A,T,17,102,16.67%,3.6904E-6
a10,ref|NC_001133|,12620,T,C,22,113,19.47%,7.6889E-8
a10,ref|NC_001133|,12642,T,A,8,124,6.45%,3.4769E-3
a10,ref|NC_001133|,12662,T,C,10,124,8.06%,8.0861E-4
a10,ref|NC_001133|,12666,T,C,12,123,9.76%,1.8423E-4
a10,ref|NC_001133|,12668,T,C,35,116,30.17%,1.4088E-12
a10,ref|NC_001133|,12690,A,T,56,108,51.85%,7.7272E-22
a10,ref|NC_001133|,12716,C,T,30,116,25.86%,1.0786E-10
a10,ref|NC_001133|,12758,T,C,5,85,5.88%,2.9417E-2
a10,ref|NC_001133|,12762,T,C,5,83,6.02%,2.9373E-2
a10,ref|NC_001133|,12764,T,C,7,81,8.64%,6.8253E-3
a10,ref|NC_001133|,12791,C,T,5,51,9.8%,2.8203E-2
a10,ref|NC_001133|,12793,G,A,5,52,9.62%,2.8261E-2
a10,ref|NC_001133|,16863,GT,G,5,38,13.16%,2.6557E-2
a10,ref|NC_001133|,23239,C,CT,10,47,21.28%,5.4148E-4
a10,ref|NC_001133|,23712,C,CA,7,21,33.33%,3.8123E-3
a10,ref|NC_001133|,25340,C,A,43,43,100%,1.5066E-25
a10,ref|NC_001133|,25488,G,A,11,11,100%,1.4176E-6
a10,ref|NC_001133|,25872,G,C,21,21,100%,1.8578E-12
a10,ref|NC_001133|,26058,T,C,12,12,100%,3.698E-7
a10,ref|NC_001133|,26331,G,A,15,67,22.39%,1.2648E-5
a10,ref|NC_001133|,27126,T,C,10,10,100%,5.4125E-6
a10,ref|NC_001133|,31122,CAT,C,6,30,20%,1.186E-2
a10,ref|NC_001133|,70906,GA,G,6,27,22.22%,9.2021E-3
a10,ref|NC_001133|,71116,G,GA,5,36,13.89%,2.6557E-2
a10,ref|NC_001133|,108747,G,GT,7,47,14.89%,6.1442E-3
a10,ref|NC_001133|,126880,C,CTT,15,25,60%,5.4994E-7
a10,ref|NC_001133|,141135,A,T,24,24,100%,3.101E-14
a10,ref|NC_001133|,161401,G,A,5,20,25%,2.3562E-2
a10,ref|NC_001133|,179225,C,CA,5,35,14.29%,2.6693E-2
a10,ref|NC_001133|,183387,AC,A,25,25,100%,7.9107E-15
a10,ref|NC_001133|,188824,A,G,8,59,13.56%,3.0313E-3
a10,ref|NC_001133|,188881,G,C,14,77,18.18%,3.1905E-5
a10,ref|NC_001133|,188939,A,G,15,74,20.27%,1.3877E-5
a10,ref|NC_001133|,189245,A,G,5,42,11.9%,2.7555E-2
a10,ref|NC_001133|,193631,A,T,46,46,100%,2.4343E-27
a10,ref|NC_001133|,193984,GATA,G,5,52,9.62%,2.8261E-2
a10,ref|NC_001133|,196460,C,CA,5,35,14.29%,2.6693E-2
a10,ref|NC_001133|,199811,T,G,31,31,100%,2.1486E-18
a10,ref|NC_001133|,199908,CT,C,5,33,15.15%,2.531E-2
a10,ref|NC_001133|,206126,T,C,18,18,100%,1.1019E-10
a10,ref|NC_001133|,206129,A,C,17,17,100%,4.2852E-10
a10,ref|NC_001133|,206132,G,T,18,18,100%,1.1019E-10
a10,ref|NC_001133|,206144,C,T,15,15,100%,6.4467E-9
a10,ref|NC_001133|,210818,A,T,40,40,100%,9.3017E-24
a10,ref|NC_001133|,211019,T,C,44,44,100%,3.8097E-26
a10,ref|NC_001133|,218983,TG,T,5,15,33.33%,2.1073E-2
a10,ref|NC_001133|,225080,TA,T,5,19,26.32%,2.2239E-2
a10,ref|NC_001134|,796,T,C,12,28,42.86%,5.4482E-5
a10,ref|NC_001134|,1187,C,T,27,63,42.86%,2.0968E-10
a10,ref|NC_001134|,1254,T,C,17,56,30.36%,1.8236E-6
a10,ref|NC_001134|,1372,G,C,12,64,18.75%,1.3842E-4
a10,ref|NC_001134|,1528,G,A,6,56,10.71%,1.3571E-2
a10,ref|NC_001134|,1531,A,T,6,57,10.53%,1.3607E-2
a10,ref|NC_001134|,1532,G,T,6,59,10.17%,1.3674E-2
a10,ref|NC_001134|,5983,C,G,52,52,100%,6.3169E-31
a10,ref|NC_001134|,6440,G,C,49,49,100%,3.925E-29
a10,ref|NC_001134|,7510,G,A,49,49,100%,3.925E-29
a10,ref|NC_001134|,7511,G,A,49,49,100%,3.925E-29
a10,ref|NC_001134|,7912,GA,G,35,37,94.59%,4.2437E-19
a10,ref|NC_001134|,9022,G,GA,15,52,28.85%,7.8109E-6
a10,ref|NC_001134|,15101,T,G,55,55,100%,1.0149E-32
a10,ref|NC_001134|,15510,G,T,48,48,100%,1.554E-28
a10,ref|NC_001134|,15518,A,G,49,49,100%,3.925E-29
a10,ref|NC_001134|,16380,C,T,50,50,100%,9.9117E-30
a10,ref|NC_001134|,16392,A,G,52,52,100%,6.3169E-31
a10,ref|NC_001134|,30012,C,T,54,54,100%,4.0229E-32
a10,ref|NC_001134|,30050,A,G,46,46,100%,2.4343E-27
a10,ref|NC_001134|,30658,G,T,15,15,100%,6.4467E-9
a10,ref|NC_001134|,30660,T,C,15,15,100%,6.4467E-9
a10,ref|NC_001134|,30723,G,A,13,13,100%,9.6148E-8
a10,ref|NC_001134|,34298,G,A,19,19,100%,2.8292E-11
a10,ref|NC_001134|,35485,C,T,45,45,100%,9.6314E-27
a10,ref|NC_001134|,45956,AT,A,6,45,13.33%,1.2841E-2
a10,ref|NC_001134|,51505,C,T,23,49,46.94%,3.9694E-9
a10,ref|NC_001134|,59755,T,C,52,52,100%,6.3169E-31
a10,ref|NC_001134|,62776,G,GA,6,42,14.29%,1.2702E-2
a10,ref|NC_001134|,69628,C,CA,5,53,9.43%,2.8203E-2
a10,ref|NC_001134|,71825,CT,C,6,43,13.95%,1.2841E-2
a10,ref|NC_001134|,75103,T,TA,5,63,7.94%,2.8658E-2
a10,ref|NC_001134|,88484,GGAGAA,G,40,40,100%,9.3017E-24
a10,ref|NC_001134|,115437,GA,G,14,49,28.57%,1.9039E-5
a10,ref|NC_001134|,121044,A,T,5,44,11.36%,2.7721E-2
a10,ref|NC_001134|,122587,A,AT,7,57,12.28%,6.2977E-3
a10,ref|NC_001134|,133870,CAT,C,5,35,14.29%,2.6257E-2
a10,ref|NC_001134|,138274,A,AT,7,57,12.28%,6.2693E-3
a10,ref|NC_001134|,149465,C,T,5,45,11.11%,2.7799E-2
a10,ref|NC_001134|,149468,G,C,5,45,11.11%,2.7799E-2
a10,ref|NC_001134|,165902,C,CT,10,28,35.71%,2.8066E-4
a10,ref|NC_001134|,167275,CA,C,5,52,9.62%,2.8261E-2
a10,ref|NC_001134|,167978,C,CA,29,55,52.73%,3.7531E-12
a10,ref|NC_001134|,174714,AT,A,6,41,14.63%,1.2287E-2
a10,ref|NC_001134|,192232,CT,C,5,38,13.16%,2.6822E-2
a10,ref|NC_001134|,196362,G,GA,5,50,10%,2.8142E-2
a10,ref|NC_001134|,210257,C,T,5,44,11.36%,2.7721E-2
a10,ref|NC_001134|,221288,AGT,A,41,44,93.18%,6.1775E-22
a10,ref|NC_001134|,224654,C,T,5,38,13.16%,2.7169E-2
a10,ref|NC_001134|,259764,C,T,22,22,100%,4.7526E-13
a10,ref|NC_001134|,263144,GC,G,16,21,76.19%,1.2221E-7
a10,ref|NC_001134|,263153,C,T,20,20,100%,7.2544E-12
a10,ref|NC_001134|,263158,CG,C,19,20,95%,1.5234E-10
a10,ref|NC_001134|,263168,CG,C,24,24,100%,3.101E-14
a10,ref|NC_001134|,270660,G,GA,5,56,8.93%,2.8203E-2
a10,ref|NC_001134|,300033,GA,G,7,40,17.5%,5.4182E-3
a10,ref|NC_001134|,316949,CA,C,5,22,22.73%,2.3562E-2
a10,ref|NC_001134|,342440,G,GA,6,52,11.54%,1.3331E-2
a10,ref|NC_001134|,383176,C,CG,37,39,94.87%,3.0128E-20
a10,ref|NC_001134|,386207,CA,C,7,32,21.88%,5.1909E-3
a10,ref|NC_001134|,389421,GCT,G,29,32,90.62%,3.5714E-15
a10,ref|NC_001134|,395042,GA,G,5,50,10%,2.8014E-2
a10,ref|NC_001134|,419378,G,C,6,37,16.22%,1.2549E-2
a10,ref|NC_001134|,452435,CT,C,8,37,21.62%,2.4931E-3
a10,ref|NC_001134|,479272,CA,C,5,37,13.51%,2.6412E-2
a10,ref|NC_001134|,492950,GA,G,6,28,21.43%,1.0098E-2
a10,ref|NC_001134|,499536,CA,C,9,37,24.32%,9.678E-4
a10,ref|NC_001134|,513811,G,A,5,53,9.43%,2.8317E-2
a10,ref|NC_001134|,539226,G,GA,6,51,11.76%,1.3188E-2
a10,ref|NC_001134|,561222,GAAA,G,5,26,19.23%,2.3921E-2
a10,ref|NC_001134|,563031,G,GT,5,41,12.2%,2.6822E-2
a10,ref|NC_001134|,571328,CA,C,9,43,20.93%,1.0857E-3
a10,ref|NC_001134|,576030,TA,T,5,40,12.5%,2.6693E-2
a10,ref|NC_001134|,586331,TA,T,7,53,13.21%,6.1774E-3
a10,ref|NC_001134|,646111,C,CAT,5,26,19.23%,2.4548E-2
a10,ref|NC_001134|,654090,A,T,5,43,11.63%,2.764E-2
a10,ref|NC_001134|,684840,A,AT,7,50,14%,6.1097E-3
a10,ref|NC_001134|,698075,G,GA,7,35,20%,5.1909E-3
a10,ref|NC_001134|,723663,C,CA,26,46,56.52%,1.294E-11
a10,ref|NC_001134|,732523,A,AT,6,47,12.77%,1.3082E-2
a10,ref|NC_001134|,737792,CT,C,5,65,7.69%,2.878E-2
a10,ref|NC_001134|,746362,CATCTGCA,C,41,54,75.93%,1.0207E-18
a10,ref|NC_001134|,751216,C,CA,5,45,11.11%,2.7555E-2
a10,ref|NC_001134|,767793,G,GA,6,59,10.17%,1.3571E-2
a10,ref|NC_001134|,777906,AT,A,6,50,12%,1.3285E-2
a10,ref|NC_001134|,779845,TACA,T,7,58,12.07%,6.4254E-3
a10,ref|NC_001134|,796545,C,CT,5,52,9.62%,2.8203E-2
a10,ref|NC_001134|,809468,G,GA,9,53,16.98%,1.3055E-3
a10,ref|NC_001134|,809794,AT,A,20,44,45.45%,1.6951E-8
a10,ref|NC_001135|,146,CA,C,5,26,19.23%,2.531E-2
a10,ref|NC_001135|,175,A,AC,8,30,26.67%,2.2392E-3
a10,ref|NC_001135|,233,C,A,7,16,46.67%,3.1609E-3
a10,ref|NC_001135|,272,A,AC,4,13,30.77%,4.7826E-2
a10,ref|NC_001135|,3096,A,T,5,37,13.51%,2.706E-2
a10,ref|NC_001135|,8575,CA,C,7,37,18.92%,5.3469E-3
a10,ref|NC_001135|,9181,A,AT,5,27,18.52%,2.5076E-2
a10,ref|NC_001135|,27658,T,TA,7,33,21.21%,4.3101E-3
a10,ref|NC_001135|,42005,CA,C,9,27,33.33%,8.1542E-4
a10,ref|NC_001135|,44541,GA,G,10,51,19.61%,5.4148E-4
a10,ref|NC_001135|,54924,C,CA,7,38,18.42%,5.721E-3
a10,ref|NC_001135|,83035,CAAGT,C,6,39,15.38%,1.2702E-2
a10,ref|NC_001135|,83054,T,C,6,36,16.67%,1.2467E-2
a10,ref|NC_001135|,83080,G,A,7,35,20%,5.6095E-3
a10,ref|NC_001135|,84421,G,A,17,17,100%,4.2852E-10
a10,ref|NC_001135|,92744,TA,T,5,40,12.5%,2.7273E-2
a10,ref|NC_001135|,99797,G,A,8,39,20.51%,2.624E-3
a10,ref|NC_001135|,101876,C,CT,6,41,14.63%,1.238E-2
a10,ref|NC_001135|,107899,G,GA,6,61,9.84%,1.3458E-2
a10,ref|NC_001135|,108894,CAT,C,5,45,11.11%,2.764E-2
a10,ref|NC_001135|,142665,G,GA,5,42,11.9%,2.7371E-2
a10,ref|NC_001135|,143131,T,C,36,36,100%,2.2598E-21
a10,ref|NC_001135|,155207,G,GA,5,44,11.36%,2.7465E-2
a10,ref|NC_001135|,158486,AT,A,6,50,12%,1.3331E-2
a10,ref|NC_001135|,162361,T,C,34,34,100%,3.5146E-20
a10,ref|NC_001135|,162396,G,C,41,41,100%,2.3541E-24
a10,ref|NC_001135|,162640,T,G,42,42,100%,5.9562E-25
a10,ref|NC_001135|,162694,G,A,39,39,100%,3.6742E-23
a10,ref|NC_001135|,162712,TA,T,33,38,86.84%,1.3966E-16
a10,ref|NC_001135|,163059,T,C,45,45,100%,9.6314E-27
a10,ref|NC_001135|,163163,G,GA,34,45,75.56%,3.1978E-16
a10,ref|NC_001135|,163192,A,AT,43,46,93.48%,4.485E-23
a10,ref|NC_001135|,199081,G,A,30,30,100%,8.4556E-18
a10,ref|NC_001135|,209788,CA,C,6,55,10.91%,1.3285E-2
a10,ref|NC_001135|,228964,GT,G,6,30,20%,1.186E-2
a10,ref|NC_001135|,229272,CA,C,5,43,11.63%,2.7273E-2
a10,ref|NC_001135|,231005,CT,C,6,34,17.65%,1.1736E-2
a10,ref|NC_001135|,236804,CT,C,6,41,14.63%,1.2773E-2
a10,ref|NC_001135|,242447,AT,A,10,53,18.87%,5.7985E-4
a10,ref|NC_001135|,247980,GTA,G,5,31,16.13%,2.6093E-2
a10,ref|NC_001135|,273025,G,GA,5,32,15.62%,2.5917E-2
a10,ref|NC_001135|,313479,TA,T,8,39,20.51%,2.5617E-3
a10,ref|NC_001135|,315517,CTA,C,7,21,33.33%,4.3101E-3
a10,ref|NC_001136|,42,A,AC,4,11,36.36%,4.3344E-2
a10,ref|NC_001136|,54,C,CA,6,12,50%,6.865E-3
a10,ref|NC_001136|,61,AC,A,6,11,54.55%,6.192E-3
a10,ref|NC_001136|,7721,C,CA,24,25,96%,2.0568E-13
a10,ref|NC_001136|,13937,G,A,35,68,51.47%,7.3575E-14
a10,ref|NC_001136|,20525,CTA,C,6,20,30%,9.828E-3
a10,ref|NC_001136|,43856,CT,C,8,53,15.09%,2.8033E-3
a10,ref|NC_001136|,57073,GA,G,6,57,10.53%,1.3331E-2
a10,ref|NC_001136|,67159,A,G,5,62,8.06%,2.8741E-2
a10,ref|NC_001136|,92682,GA,G,8,38,21.05%,2.188E-3
a10,ref|NC_001136|,105479,C,T,5,47,10.64%,2.7945E-2
a10,ref|NC_001136|,123088,C,T,5,78,6.41%,2.9254E-2
a10,ref|NC_001136|,126537,C,CT,7,31,22.58%,4.8126E-3
a10,ref|NC_001136|,135456,C,CT,10,62,16.13%,6.1215E-4
a10,ref|NC_001136|,162351,GT,G,5,63,7.94%,2.878E-2
a10,ref|NC_001136|,164613,A,T,5,67,7.46%,2.8927E-2
a10,ref|NC_001136|,226816,CAT,C,4,17,23.53%,4.9808E-2
a10,ref|NC_001136|,251994,A,T,6,59,10.17%,1.3674E-2
a10,ref|NC_001136|,270194,C,CA,5,44,11.36%,2.7371E-2
a10,ref|NC_001136|,273629,GTT,G,13,46,28.26%,2.6443E-5
a10,ref|NC_001136|,283285,GA,G,5,48,10.42%,2.7945E-2
a10,ref|NC_001136|,286273,C,A,5,45,11.11%,2.7799E-2
a10,ref|NC_001136|,286882,CT,C,5,41,12.2%,2.6693E-2
a10,ref|NC_001136|,310293,G,GA,6,53,11.32%,1.3458E-2
a10,ref|NC_001136|,314304,T,TA,5,63,7.94%,2.8741E-2
a10,ref|NC_001136|,315072,CT,C,5,48,10.42%,2.7945E-2
a10,ref|NC_001136|,323677,GAT,G,5,24,20.83%,2.4548E-2
a10,ref|NC_001136|,329641,TTA,T,5,40,12.5%,2.6822E-2
a10,ref|NC_001136|,336206,CT,C,7,33,21.21%,4.9169E-3
a10,ref|NC_001136|,343170,G,A,5,54,9.26%,2.8371E-2
a10,ref|NC_001136|,344004,G,GTA,24,36,66.67%,1.5744E-10
a10,ref|NC_001136|,358277,A,AT,5,41,12.2%,2.7273E-2
a10,ref|NC_001136|,364962,T,TA,7,67,10.45%,6.4484E-3
a10,ref|NC_001136|,369171,GA,G,6,55,10.91%,1.3417E-2
a10,ref|NC_001136|,392110,GT,G,5,35,14.29%,2.5917E-2
a10,ref|NC_001136|,394573,T,C,9,34,26.47%,1.0644E-3
a10,ref|NC_001136|,402368,T,C,6,28,21.43%,1.1603E-2
a10,ref|NC_001136|,403511,G,GT,37,46,80.43%,3.0128E-20
a10,ref|NC_001136|,410887,AT,A,5,46,10.87%,2.764E-2
a10,ref|NC_001136|,428538,TA,T,5,65,7.69%,2.878E-2
a10,ref|NC_001136|,428805,AT,A,5,41,12.2%,2.7273E-2
a10,ref|NC_001136|,436198,CT,C,7,50,14%,6.1097E-3
a10,ref|NC_001136|,461946,G,A,20,62,32.26%,1.5316E-7
a10,ref|NC_001136|,462158,A,G,87,138,63.04%,8.1499E-36
a10,ref|NC_001136|,465667,C,CA,5,49,10.2%,2.7945E-2
a10,ref|NC_001136|,475206,A,T,5,43,11.63%,2.764E-2
a10,ref|NC_001136|,482472,GA,G,8,58,13.79%,2.9216E-3
a10,ref|NC_001136|,489441,AAT,A,8,35,22.86%,2.4562E-3
a10,ref|NC_001136|,505233,CAT,C,7,54,12.96%,6.1774E-3
a10,ref|NC_001136|,525613,CA,C,5,69,7.25%,2.878E-2
a10,ref|NC_001136|,535450,G,A,9,95,9.47%,1.6016E-3
a10,ref|NC_001136|,538733,GTA,G,6,33,18.18%,1.1309E-2
a10,ref|NC_001136|,542558,CA,C,5,49,10.2%,2.7721E-2
a10,ref|NC_001136|,548546,G,GT,15,35,42.86%,1.7241E-6
a10,ref|NC_001136|,571915,A,G,5,56,8.93%,2.8473E-2
a10,ref|NC_001136|,587839,C,CT,9,52,17.31%,1.1061E-3
a10,ref|NC_001136|,589651,TA,T,6,63,9.52%,1.3737E-2
a10,ref|NC_001136|,592981,GT,G,5,48,10.42%,2.7799E-2
a10,ref|NC_001136|,607042,G,GA,9,53,16.98%,1.2811E-3
a10,ref|NC_001136|,621879,GAA,G,5,28,17.86%,2.3166E-2
a10,ref|NC_001136|,625879,T,G,5,56,8.93%,2.8473E-2
a10,ref|NC_001136|,628654,A,AT,5,59,8.47%,2.8423E-2
a10,ref|NC_001136|,630672,CA,C,6,46,13.04%,1.3082E-2
a10,ref|NC_001136|,630833,GT,G,8,37,21.62%,2.2875E-3
a10,ref|NC_001136|,645102,G,GA,5,43,11.63%,2.7371E-2
a10,ref|NC_001136|,654461,T,C,6,49,12.24%,1.3285E-2
a10,ref|NC_001136|,658113,CT,C,5,54,9.26%,2.8079E-2
a10,ref|NC_001136|,688062,C,CTT,20,35,57.14%,1.1273E-9
a10,ref|NC_001136|,748524,T,TA,6,42,14.29%,1.2773E-2
a10,ref|NC_001136|,757631,G,C,30,30,100%,8.4556E-18
a10,ref|NC_001136|,770136,C,CT,5,73,6.85%,2.9026E-2
a10,ref|NC_001136|,778757,GTAT,G,5,37,13.51%,2.706E-2
a10,ref|NC_001136|,811890,C,CT,6,60,10%,1.3641E-2
a10,ref|NC_001136|,817531,T,TA,31,37,83.78%,3.4914E-15
a10,ref|NC_001136|,835638,GA,G,9,63,14.29%,1.4219E-3
a10,ref|NC_001136|,840422,AAT,A,6,30,20%,1.1736E-2
a10,ref|NC_001136|,851116,TA,T,5,75,6.67%,2.9146E-2
a10,ref|NC_001136|,864867,CAT,C,5,25,20%,2.4548E-2
a10,ref|NC_001136|,870706,C,CT,6,55,10.91%,1.3285E-2
a10,ref|NC_001136|,872837,T,C,6,14,42.86%,7.971E-3
a10,ref|NC_001136|,879342,A,G,5,19,26.32%,2.3166E-2
a10,ref|NC_001136|,880697,A,G,31,31,100%,2.1486E-18
a10,ref|NC_001136|,884572,CT,C,8,42,19.05%,2.4173E-3
a10,ref|NC_001136|,887096,GA,G,9,48,18.75%,1.1955E-3
a10,ref|NC_001136|,909727,AT,A,8,43,18.6%,2.5282E-3
a10,ref|NC_001136|,921813,CAA,C,5,35,14.29%,2.5729E-2
a10,ref|NC_001136|,930964,CAT,C,5,41,12.2%,2.6822E-2
a10,ref|NC_001136|,955986,G,GA,18,63,28.57%,8.2591E-7
a10,ref|NC_001136|,966520,TA,T,9,33,27.27%,7.7962E-4
a10,ref|NC_001136|,987244,G,A,41,42,97.62%,2.5612E-23
a10,ref|NC_001136|,1007254,C,G,6,37,16.22%,1.2549E-2
a10,ref|NC_001136|,1012110,A,AT,5,55,9.09%,2.8423E-2
a10,ref|NC_001136|,1034440,G,GA,7,65,10.77%,6.5904E-3
a10,ref|NC_001136|,1046392,A,G,10,40,25%,5.1483E-4
a10,ref|NC_001136|,1057873,AT,A,5,50,10%,2.8014E-2
a10,ref|NC_001136|,1079010,A,AT,5,48,10.42%,2.7169E-2
a10,ref|NC_001136|,1084521,G,GA,7,39,17.95%,5.721E-3
a10,ref|NC_001136|,1084685,GA,G,5,45,11.11%,2.7273E-2
a10,ref|NC_001136|,1090113,G,GA,7,39,17.95%,5.4855E-3
a10,ref|NC_001136|,1105909,A,AT,6,49,12.24%,1.2905E-2
a10,ref|NC_001136|,1108600,G,GA,7,57,12.28%,6.3251E-3
a10,ref|NC_001136|,1130880,A,AT,8,72,11.11%,3.1077E-3
a10,ref|NC_001136|,1147231,C,CT,6,56,10.71%,1.3458E-2
a10,ref|NC_001136|,1150910,A,AG,49,53,92.45%,6.2975E-26
a10,ref|NC_001136|,1155956,T,C,6,46,13.04%,1.3136E-2
a10,ref|NC_001136|,1169793,A,G,5,44,11.36%,2.7721E-2
a10,ref|NC_001136|,1173811,A,G,10,48,20.83%,5.7985E-4
a10,ref|NC_001136|,1173812,A,G,17,53,32.08%,1.655E-6
a10,ref|NC_001136|,1173814,C,T,5,45,11.11%,2.7799E-2
a10,ref|NC_001136|,1187836,T,A,6,59,10.17%,1.3674E-2
a10,ref|NC_001136|,1242757,T,A,5,44,11.36%,2.7721E-2
a10,ref|NC_001136|,1253397,T,C,53,53,100%,1.5943E-31
a10,ref|NC_001136|,1272102,CT,C,5,62,8.06%,2.8569E-2
a10,ref|NC_001136|,1278545,G,GA,5,65,7.69%,2.8614E-2
a10,ref|NC_001136|,1305680,TG,T,49,51,96.08%,3.4484E-27
a10,ref|NC_001136|,1307967,T,C,10,11,90.91%,1.7011E-5
a10,ref|NC_001136|,1321982,CAT,C,5,31,16.13%,2.5729E-2
a10,ref|NC_001136|,1339383,C,T,5,57,8.77%,2.8522E-2
a10,ref|NC_001136|,1341641,TC,T,6,44,13.64%,1.2773E-2
a10,ref|NC_001136|,1385471,CAT,C,7,46,15.22%,5.9972E-3
a10,ref|NC_001136|,1402305,C,T,71,71,100%,2.6835E-42
a10,ref|NC_001136|,1431852,G,C,6,39,15.38%,1.2702E-2
a10,ref|NC_001136|,1433710,A,T,51,51,100%,2.5024E-30
a10,ref|NC_001136|,1443538,GA,G,7,50,14%,6.0738E-3
a10,ref|NC_001136|,1466418,GT,G,9,45,20%,1.1955E-3
a10,ref|NC_001136|,1474784,AT,A,5,49,10.2%,2.7721E-2
a10,ref|NC_001136|,1494413,CA,C,5,53,9.43%,2.8079E-2
a10,ref|NC_001136|,1515034,TA,T,63,69,91.3%,8.5235E-33
a10,ref|NC_001136|,1517680,G,GT,5,65,7.69%,2.8741E-2
a10,ref|NC_001136|,1518948,G,GT,37,54,68.52%,4.3492E-17
a10,ref|NC_001136|,1524974,A,G,41,41,100%,2.3541E-24
a10,ref|NC_001136|,1525313,T,G,10,10,100%,5.4125E-6
a10,ref|NC_001137|,14724,CA,C,6,37,16.22%,1.1977E-2
a10,ref|NC_001137|,16072,A,AT,9,47,19.15%,1.2263E-3
a10,ref|NC_001137|,31460,CAT,C,6,49,12.24%,1.2967E-2
a10,ref|NC_001137|,33475,C,CT,7,46,15.22%,5.9136E-3
a10,ref|NC_001137|,36289,G,GT,5,39,12.82%,2.6822E-2
a10,ref|NC_001137|,48384,T,C,37,37,100%,5.7269E-22
a10,ref|NC_001137|,52435,CA,C,5,46,10.87%,2.7721E-2
a10,ref|NC_001137|,64154,C,CT,6,47,12.77%,1.3082E-2
a10,ref|NC_001137|,65293,G,GA,5,46,10.87%,2.6822E-2
a10,ref|NC_001137|,86488,C,CA,7,29,24.14%,3.9926E-3
a10,ref|NC_001137|,100573,TAA,T,5,30,16.67%,2.4548E-2
a10,ref|NC_001137|,116028,G,A,13,13,100%,9.6148E-8
a10,ref|NC_001137|,116086,G,A,22,22,100%,4.7526E-13
a10,ref|NC_001137|,116577,G,A,45,45,100%,9.6314E-27
a10,ref|NC_001137|,116644,G,T,41,41,100%,2.3541E-24
a10,ref|NC_001137|,118577,CAT,C,6,41,14.63%,1.2702E-2
a10,ref|NC_001137|,122728,GA,G,5,32,15.62%,2.5917E-2
a10,ref|NC_001137|,148091,G,GA,10,51,19.61%,5.5766E-4
a10,ref|NC_001137|,154531,T,A,46,46,100%,2.4343E-27
a10,ref|NC_001137|,159027,CA,C,9,42,21.43%,1.1061E-3
a10,ref|NC_001137|,182711,G,A,5,43,11.63%,2.764E-2
a10,ref|NC_001137|,196609,TA,T,7,40,17.5%,5.5492E-3
a10,ref|NC_001137|,197399,A,G,5,41,12.2%,2.7465E-2
a10,ref|NC_001137|,204987,AT,A,5,45,11.11%,2.7799E-2
a10,ref|NC_001137|,241578,G,GA,5,48,10.42%,2.7874E-2
a10,ref|NC_001137|,243665,GA,G,6,35,17.14%,1.1736E-2
a10,ref|NC_001137|,251561,G,GA,11,42,26.19%,2.1011E-4
a10,ref|NC_001137|,256303,GTA,G,5,40,12.5%,2.6944E-2
a10,ref|NC_001137|,258177,GA,G,6,49,12.24%,1.3188E-2
a10,ref|NC_001137|,268848,CT,C,5,36,13.89%,2.6693E-2
a10,ref|NC_001137|,272558,GT,G,31,41,75.61%,1.6935E-15
a10,ref|NC_001137|,305799,C,CT,5,40,12.5%,2.6693E-2
a10,ref|NC_001137|,352394,A,G,42,42,100%,5.9562E-25
a10,ref|NC_001137|,382298,A,AT,10,29,34.48%,2.8066E-4
a10,ref|NC_001137|,382523,CA,C,5,38,13.16%,2.6822E-2
a10,ref|NC_001137|,386143,G,GA,5,50,10%,2.8079E-2
a10,ref|NC_001137|,422990,C,CA,5,52,9.62%,2.8079E-2
a10,ref|NC_001137|,424364,ATT,A,5,45,11.11%,2.7799E-2
a10,ref|NC_001137|,438774,AT,A,5,45,11.11%,2.7799E-2
a10,ref|NC_001137|,462951,CT,C,5,55,9.09%,2.8079E-2
a10,ref|NC_001137|,508815,T,A,5,61,8.2%,2.87E-2
a10,ref|NC_001137|,517529,T,C,50,50,100%,9.9117E-30
a10,ref|NC_001137|,521302,T,A,5,50,10%,2.8142E-2
a10,ref|NC_001138|,8304,TA,T,7,42,16.67%,5.6667E-3
a10,ref|NC_001138|,11068,CT,C,10,54,18.52%,5.9342E-4
a10,ref|NC_001138|,12416,T,A,32,68,47.06%,1.8765E-12
a10,ref|NC_001138|,41025,A,T,6,45,13.33%,1.3082E-2
a10,ref|NC_001138|,54494,G,GT,5,30,16.67%,2.5729E-2
a10,ref|NC_001138|,75912,CT,C,6,42,14.29%,1.238E-2
a10,ref|NC_001138|,97617,T,TA,6,28,21.43%,1.1309E-2
a10,ref|NC_001138|,97864,C,CTT,28,39,71.79%,6.9527E-14
a10,ref|NC_001138|,106277,C,CTT,28,40,70%,3.2142E-14
a10,ref|NC_001138|,107881,C,T,5,32,15.62%,2.6412E-2
a10,ref|NC_001138|,119284,GA,G,7,55,12.73%,6.3515E-3
a10,ref|NC_001138|,148941,C,CT,7,42,16.67%,5.9136E-3
a10,ref|NC_001138|,174046,CT,C,5,52,9.62%,2.8014E-2
a10,ref|NC_001139|,214,A,AC,33,34,97.06%,1.2301E-18
a10,ref|NC_001139|,8151,G,GA,58,61,95.08%,1.087E-31
a10,ref|NC_001139|,9807,TA,T,6,55,10.91%,1.3331E-2
a10,ref|NC_001139|,20016,TA,T,6,49,12.24%,1.3237E-2
a10,ref|NC_001139|,43266,CA,C,6,42,14.29%,1.2628E-2
a10,ref|NC_001139|,46077,T,C,9,35,25.71%,1.0857E-3
a10,ref|NC_001139|,69352,TAC,T,7,42,16.67%,5.7727E-3
a10,ref|NC_001139|,102487,TA,T,5,61,8.2%,2.87E-2
a10,ref|NC_001139|,105346,T,A,6,56,10.71%,1.3571E-2
a10,ref|NC_001139|,105361,TC,T,6,49,12.24%,1.3285E-2
a10,ref|NC_001139|,107714,CA,C,6,66,9.09%,1.3877E-2
a10,ref|NC_001139|,141486,A,G,5,28,17.86%,2.5729E-2
a10,ref|NC_001139|,146823,C,A,5,44,11.36%,2.7721E-2
a10,ref|NC_001139|,152008,T,A,5,61,8.2%,2.87E-2
a10,ref|NC_001139|,154579,T,TA,11,51,21.57%,2.2064E-4
a10,ref|NC_001139|,167622,C,CA,6,44,13.64%,1.2773E-2
a10,ref|NC_001139|,190778,G,GA,9,37,24.32%,1.0857E-3
a10,ref|NC_001139|,219454,T,C,5,52,9.62%,2.8261E-2
a10,ref|NC_001139|,229846,A,AT,7,43,16.28%,5.9972E-3
a10,ref|NC_001139|,272869,C,T,5,68,7.35%,2.8961E-2
a10,ref|NC_001139|,278779,C,CT,11,41,26.83%,1.8662E-4
a10,ref|NC_001139|,281605,AT,A,6,52,11.54%,1.3026E-2
a10,ref|NC_001139|,307425,T,C,5,35,14.29%,2.6822E-2
a10,ref|NC_001139|,311589,C,A,45,45,100%,9.6314E-27
a10,ref|NC_001139|,321487,CAT,C,5,57,8.77%,2.8473E-2
a10,ref|NC_001139|,326269,C,CA,7,52,13.46%,6.0738E-3
a10,ref|NC_001139|,349503,CA,C,5,31,16.13%,2.5917E-2
a10,ref|NC_001139|,356639,A,G,5,45,11.11%,2.7799E-2
a10,ref|NC_001139|,366778,T,TA,5,39,12.82%,2.6557E-2
a10,ref|NC_001139|,371569,G,A,54,55,98.18%,4.0229E-32
a10,ref|NC_001139|,386978,C,G,41,41,100%,2.3541E-24
a10,ref|NC_001139|,386979,G,C,41,41,100%,2.3541E-24
a10,ref|NC_001139|,397834,GA,G,14,44,31.82%,9.8512E-6
a10,ref|NC_001139|,400221,TA,T,5,31,16.13%,2.6093E-2
a10,ref|NC_001139|,400550,G,GT,6,25,24%,9.828E-3
a10,ref|NC_001139|,401674,C,A,41,41,100%,2.3541E-24
a10,ref|NC_001139|,401698,T,A,39,39,100%,3.6742E-23
a10,ref|NC_001139|,404474,A,AG,29,29,100%,3.3259E-17
a10,ref|NC_001139|,404522,T,TG,37,40,92.5%,1.1479E-19
a10,ref|NC_001139|,404935,C,G,29,29,100%,3.3259E-17
a10,ref|NC_001139|,404936,G,C,29,29,100%,3.3259E-17
a10,ref|NC_001139|,405085,CG,C,41,45,91.11%,2.0407E-21
a10,ref|NC_001139|,465811,G,GT,7,49,14.29%,6.1442E-3
a10,ref|NC_001139|,483131,T,TA,7,46,15.22%,5.9136E-3
a10,ref|NC_001139|,484095,C,CT,5,44,11.36%,2.7555E-2
a10,ref|NC_001139|,496729,T,TA,38,55,69.09%,1.3762E-16
a10,ref|NC_001139|,527468,A,AT,5,51,9.8%,2.8142E-2
a10,ref|NC_001139|,593361,CAT,C,5,35,14.29%,2.6822E-2
a10,ref|NC_001139|,609109,TA,T,5,46,10.87%,2.7465E-2
a10,ref|NC_001139|,616171,AT,A,6,38,15.79%,1.1736E-2
a10,ref|NC_001139|,627186,CT,C,5,34,14.71%,2.5076E-2
a10,ref|NC_001139|,639673,GAA,G,7,47,14.89%,5.6095E-3
a10,ref|NC_001139|,640617,CT,C,8,44,18.6%,2.3764E-3
a10,ref|NC_001139|,653228,C,CT,6,31,19.35%,1.1736E-2
a10,ref|NC_001139|,678070,CT,C,10,45,22.22%,4.9525E-4
a10,ref|NC_001139|,707041,C,CA,11,40,27.5%,2.2064E-4
a10,ref|NC_001139|,715716,G,GA,6,51,11.76%,1.3082E-2
a10,ref|NC_001139|,733109,AT,A,11,37,29.73%,1.5195E-4
a10,ref|NC_001139|,736553,T,TA,6,42,14.29%,1.2773E-2
a10,ref|NC_001139|,742157,CT,C,13,58,22.41%,3.8184E-5
a10,ref|NC_001139|,759478,T,A,5,55,9.09%,2.8423E-2
a10,ref|NC_001139|,805050,G,GT,5,61,8.2%,2.87E-2
a10,ref|NC_001139|,807865,CA,C,6,30,20%,1.1145E-2
a10,ref|NC_001139|,834033,AT,A,6,51,11.76%,1.3331E-2
a10,ref|NC_001139|,840600,GA,G,6,43,13.95%,1.2773E-2
a10,ref|NC_001139|,850800,G,GA,5,49,10.2%,2.7874E-2
a10,ref|NC_001139|,871561,GA,G,5,60,8.33%,2.8423E-2
a10,ref|NC_001139|,899782,T,TA,5,50,10%,2.7874E-2
a10,ref|NC_001139|,910112,C,CT,6,25,24%,1.0777E-2
a10,ref|NC_001139|,959779,AAT,A,5,47,10.64%,2.7721E-2
a10,ref|NC_001139|,968891,C,CT,5,41,12.2%,2.7371E-2
a10,ref|NC_001139|,982259,G,GA,5,38,13.16%,2.6257E-2
a10,ref|NC_001139|,985722,AT,A,6,43,13.95%,1.219E-2
a10,ref|NC_001139|,987105,G,GT,7,63,11.11%,6.4922E-3
a10,ref|NC_001139|,989675,A,AT,8,44,18.18%,2.7329E-3
a10,ref|NC_001139|,999559,T,TA,5,54,9.26%,2.8317E-2
a10,ref|NC_001139|,1002673,A,G,60,60,100%,1.035E-35
a10,ref|NC_001139|,1006277,G,C,50,50,100%,9.9117E-30
a10,ref|NC_001139|,1006278,C,G,50,50,100%,9.9117E-30
a10,ref|NC_001139|,1006279,G,C,50,50,100%,9.9117E-30
a10,ref|NC_001139|,1010897,C,CT,6,45,13.33%,1.2967E-2
a10,ref|NC_001139|,1010989,G,GA,5,43,11.63%,2.7465E-2
a10,ref|NC_001139|,1011803,G,GT,8,51,15.69%,2.7573E-3
a10,ref|NC_001139|,1027739,G,A,5,34,14.71%,2.6693E-2
a10,ref|NC_001139|,1048639,G,GA,6,60,10%,1.3535E-2
a10,ref|NC_001139|,1073937,CA,C,5,66,7.58%,2.8741E-2
a10,ref|NC_001139|,1081039,AT,A,7,49,14.29%,5.9563E-3
a10,ref|NC_001140|,1846,A,G,9,18,50%,5.1645E-4
a10,ref|NC_001140|,2292,G,GC,5,14,35.71%,1.4706E-2
a10,ref|NC_001140|,17534,A,AT,32,38,84.21%,2.0653E-16
a10,ref|NC_001140|,36134,CT,C,8,46,17.39%,2.8033E-3
a10,ref|NC_001140|,50980,CT,C,5,48,10.42%,2.7945E-2
a10,ref|NC_001140|,58900,CT,C,8,35,22.86%,2.3764E-3
a10,ref|NC_001140|,71906,CT,C,7,32,21.88%,4.9169E-3
a10,ref|NC_001140|,75976,AAT,A,12,34,35.29%,7.2075E-5
a10,ref|NC_001140|,85508,TTA,T,32,36,88.89%,2.0653E-16
a10,ref|NC_001140|,125832,G,GA,5,36,13.89%,2.6257E-2
a10,ref|NC_001140|,150915,G,A,9,35,25.71%,1.0857E-3
a10,ref|NC_001140|,173119,G,GA,6,44,13.64%,1.2702E-2
a10,ref|NC_001140|,187029,GA,G,11,30,36.67%,1.0135E-4
a10,ref|NC_001140|,189097,G,GA,6,44,13.64%,1.3026E-2
a10,ref|NC_001140|,210269,A,AT,14,53,26.42%,2.0156E-5
a10,ref|NC_001140|,214256,CT,C,37,300,12.33%,1.7159E-12
a10,ref|NC_001140|,216123,C,T,30,30,100%,8.4556E-18
a10,ref|NC_001140|,222734,G,GT,5,45,11.11%,2.7799E-2
a10,ref|NC_001140|,229199,G,GA,9,41,21.95%,1.0185E-3
a10,ref|NC_001140|,236957,T,TA,7,36,19.44%,5.4855E-3
a10,ref|NC_001140|,237735,C,CT,5,29,17.24%,2.5527E-2
a10,ref|NC_001140|,282569,CT,C,6,41,14.63%,1.2549E-2
a10,ref|NC_001140|,293075,GA,G,6,48,12.5%,1.3188E-2
a10,ref|NC_001140|,359721,G,A,5,41,12.2%,2.7465E-2
a10,ref|NC_001140|,361910,AT,A,5,43,11.63%,2.7555E-2
a10,ref|NC_001140|,370543,AAT,A,7,37,18.92%,5.5492E-3
a10,ref|NC_001140|,387090,AT,A,6,23,26.09%,1.0344E-2
a10,ref|NC_001140|,396945,GA,G,7,38,18.42%,5.1054E-3
a10,ref|NC_001140|,417054,G,A,30,30,100%,8.4556E-18
a10,ref|NC_001140|,455587,TCC,T,5,50,10%,2.8142E-2
a10,ref|NC_001140|,459034,T,C,27,30,90%,4.6134E-14
a10,ref|NC_001140|,475549,CA,C,13,55,23.64%,4.8866E-5
a10,ref|NC_001140|,475931,TTA,T,30,41,73.17%,6.162E-14
a10,ref|NC_001140|,483733,C,T,5,54,9.26%,2.8371E-2
a10,ref|NC_001140|,511255,C,T,44,44,100%,3.8097E-26
a10,ref|NC_001140|,512211,GA,G,6,54,11.11%,1.2905E-2
a10,ref|NC_001140|,528882,AT,A,7,46,15.22%,5.9972E-3
a10,ref|NC_001140|,529350,CA,C,6,57,10.53%,1.3458E-2
a10,ref|NC_001140|,554072,TA,T,6,33,18.18%,1.2087E-2
a10,ref|NC_001140|,556939,T,G,6,29,21.43%,1.1603E-2
a10,ref|NC_001140|,556967,G,GT,5,28,17.86%,2.5527E-2
a10,ref|NC_001140|,562354,C,T,5,87,5.75%,2.9439E-2
a10,ref|NC_001140|,562369,A,G,12,81,14.81%,1.574E-4
a10,ref|NC_001140|,562374,G,A,8,83,9.64%,3.2735E-3
a10,ref|NC_001140|,562385,ATTTT,A,11,87,12.64%,3.2907E-4
a10,ref|NC_001140|,562440,A,G,26,82,31.71%,1.407E-9
a10,ref|NC_001140|,562443,A,G,25,85,29.41%,3.7543E-9
a10,ref|NC_001140|,562466,GGT,G,10,89,11.24%,7.4758E-4
a10,ref|NC_001140|,562468,TGTGTG,T,6,78,8%,1.4084E-2
a10,ref|NC_001140|,562484,T,TG,24,48,50%,1.1021E-9
a10,ref|NC_001140|,562498,GT,G,25,68,36.76%,1.9778E-9
a10,ref|NC_001140|,562511,G,GT,6,48,13.04%,1.3136E-2
a10,ref|NC_001140|,562521,TG,T,7,68,10.29%,6.6426E-3
a10,ref|NC_001140|,562552,GGT,G,7,53,13.21%,6.3251E-3
a10,ref|NC_001140|,562553,GT,G,7,44,15.91%,6.0363E-3
a10,ref|NC_001140|,562559,GGGTGT,G,7,40,17.5%,5.8688E-3
a10,ref|NC_001140|,562575,T,TG,9,23,39.13%,7.0165E-4
a10,ref|NC_001140|,562606,TG,T,8,22,36.36%,1.638E-3
a10,ref|NC_001141|,25376,C,T,9,49,18.37%,1.3055E-3
a10,ref|NC_001141|,25418,T,C,19,55,34.55%,2.9054E-7
a10,ref|NC_001141|,25586,T,C,22,62,35.48%,2.4621E-8
a10,ref|NC_001141|,25593,C,T,17,62,27.42%,2.1424E-6
a10,ref|NC_001141|,25594,T,A,16,56,28.57%,4.3766E-6
a10,ref|NC_001141|,39373,T,TA,41,46,89.13%,2.0407E-21
a10,ref|NC_001141|,51552,C,CT,6,31,19.35%,1.186E-2
a10,ref|NC_001141|,57277,C,CA,20,28,71.43%,1.8273E-9
a10,ref|NC_001141|,102536,CT,C,6,49,12.24%,1.3237E-2
a10,ref|NC_001141|,105433,A,AAAT,20,26,76.92%,1.8273E-9
a10,ref|NC_001141|,127338,G,GT,5,29,17.24%,2.5527E-2
a10,ref|NC_001141|,133980,A,AT,6,33,18.18%,1.1603E-2
a10,ref|NC_001141|,138429,A,AC,5,15,33.33%,1.9565E-2
a10,ref|NC_001141|,160843,TA,T,6,43,13.95%,1.2841E-2
a10,ref|NC_001141|,183251,C,CT,6,38,15.79%,1.1977E-2
a10,ref|NC_001141|,187822,GA,G,7,28,25%,4.3101E-3
a10,ref|NC_001141|,208455,T,A,5,24,20.83%,2.4823E-2
a10,ref|NC_001141|,241032,G,GA,12,26,46.15%,1.4831E-5
a10,ref|NC_001141|,245962,CT,C,6,21,28.57%,9.5308E-3
a10,ref|NC_001141|,254003,TA,T,31,37,83.78%,1.6935E-15
a10,ref|NC_001141|,257480,C,CA,5,51,9.8%,2.7945E-2
a10,ref|NC_001141|,287755,AT,A,5,42,11.9%,2.7371E-2
a10,ref|NC_001141|,290193,GA,G,5,45,11.11%,2.7273E-2
a10,ref|NC_001141|,314034,G,A,10,32,31.25%,4.259E-4
a10,ref|NC_001141|,318694,T,A,47,47,100%,6.1512E-28
a10,ref|NC_001141|,319197,A,G,5,29,17.24%,2.5917E-2
a10,ref|NC_001141|,326321,C,A,6,52,11.54%,1.3417E-2
a10,ref|NC_001141|,339225,C,CT,8,17,47.06%,1.0995E-3
a10,ref|NC_001141|,370195,AT,A,9,39,23.08%,1.0185E-3
a10,ref|NC_001141|,375747,A,T,33,34,97.06%,1.3852E-19
a10,ref|NC_001141|,377608,G,A,5,59,8.47%,2.8614E-2
a10,ref|NC_001141|,380935,GA,G,5,45,11.11%,2.7273E-2
a10,ref|NC_001141|,384315,CA,C,6,57,10.53%,1.3458E-2
a10,ref|NC_001141|,385640,A,AT,7,28,25%,4.3101E-3
a10,ref|NC_001141|,387143,CA,C,13,40,32.5%,2.8029E-5
a10,ref|NC_001141|,433264,AT,A,5,37,13.51%,2.6944E-2
a10,ref|NC_001142|,28946,CT,C,5,42,11.9%,2.6822E-2
a10,ref|NC_001142|,30956,CA,C,5,48,10.42%,2.8014E-2
a10,ref|NC_001142|,33346,CT,C,5,45,11.11%,2.7555E-2
a10,ref|NC_001142|,59054,G,GA,5,43,11.63%,2.706E-2
a10,ref|NC_001142|,76562,GAT,G,9,46,19.57%,1.2408E-3
a10,ref|NC_001142|,97478,G,A,40,40,100%,9.3017E-24
a10,ref|NC_001142|,102104,TA,T,5,56,8.93%,2.8473E-2
a10,ref|NC_001142|,104611,T,TA,5,38,13.16%,2.7169E-2
a10,ref|NC_001142|,134112,G,GA,8,45,17.78%,2.5935E-3
a10,ref|NC_001142|,136911,GA,G,7,33,21.21%,4.9169E-3
a10,ref|NC_001142|,147243,C,T,47,47,100%,6.1512E-28
a10,ref|NC_001142|,199170,A,C,40,40,100%,9.3017E-24
a10,ref|NC_001142|,200219,A,G,35,35,100%,8.9137E-21
a10,ref|NC_001142|,238561,G,A,5,47,10.64%,2.7945E-2
a10,ref|NC_001142|,268747,A,AT,11,43,25.58%,2.0455E-4
a10,ref|NC_001142|,280770,C,CT,7,43,16.28%,5.9136E-3
a10,ref|NC_001142|,289587,T,TA,7,31,22.58%,5.0143E-3
a10,ref|NC_001142|,315657,G,GA,5,45,11.11%,2.7555E-2
a10,ref|NC_001142|,342348,AT,A,5,20,25%,2.037E-2
a10,ref|NC_001142|,359824,G,GA,6,46,13.04%,1.2841E-2
a10,ref|NC_001142|,393823,G,GA,6,38,15.79%,1.2087E-2
a10,ref|NC_001142|,424172,GAT,G,7,43,16.28%,5.8219E-3
a10,ref|NC_001142|,424906,CT,C,5,38,13.16%,2.6412E-2
a10,ref|NC_001142|,426752,TA,T,5,47,10.64%,2.7945E-2
a10,ref|NC_001142|,441585,T,A,5,49,10.2%,2.8079E-2
a10,ref|NC_001142|,457903,CA,C,7,36,19.44%,5.1909E-3
a10,ref|NC_001142|,470130,GTAA,G,22,32,68.75%,2.5916E-11
a10,ref|NC_001142|,471047,G,GA,7,61,11.48%,6.4254E-3
a10,ref|NC_001142|,472080,AT,A,8,51,15.69%,2.8033E-3
a10,ref|NC_001142|,497098,A,AAT,19,26,73.08%,3.6826E-9
a10,ref|NC_001142|,523904,T,TA,5,29,17.24%,2.5917E-2
a10,ref|NC_001142|,526730,T,C,37,76,48.68%,2.0619E-14
a10,ref|NC_001142|,526863,A,G,61,101,60.4%,6.8481E-25
a10,ref|NC_001142|,538477,C,T,5,42,11.9%,2.7555E-2
a10,ref|NC_001142|,538488,A,T,5,42,11.9%,2.7555E-2
a10,ref|NC_001142|,538633,AT,A,5,33,15.15%,2.6557E-2
a10,ref|NC_001142|,550151,C,CT,10,68,14.71%,6.7609E-4
a10,ref|NC_001142|,570599,G,GT,5,44,11.36%,2.7721E-2
a10,ref|NC_001142|,580248,C,CT,5,48,10.42%,2.7465E-2
a10,ref|NC_001142|,586417,CA,C,9,62,14.52%,1.3694E-3
a10,ref|NC_001142|,636995,CA,C,5,37,13.51%,2.6822E-2
a10,ref|NC_001142|,640784,G,GA,50,65,76.92%,7.8851E-24
a10,ref|NC_001142|,701746,TCA,T,7,39,17.95%,5.6667E-3
a10,ref|NC_001142|,715068,G,A,8,22,36.36%,1.8042E-3
a10,ref|NC_001142|,715072,G,T,6,19,31.58%,9.828E-3
a10,ref|NC_001142|,715081,T,G,11,23,47.83%,1.0135E-4
a10,ref|NC_001142|,715087,A,G,10,18,55.56%,1.7215E-4
a10,ref|NC_001142|,715095,G,A,6,17,35.29%,9.2021E-3
a10,ref|NC_001142|,715099,G,T,6,18,33.33%,9.5308E-3
a10,ref|NC_001142|,722536,A,AT,5,51,9.8%,2.8203E-2
a10,ref|NC_001142|,738075,G,T,35,95,36.84%,6.1418E-13
a10,ref|NC_001143|,457,C,CA,41,41,100%,2.3541E-24
a10,ref|NC_001143|,8331,T,TA,6,54,11.11%,1.3285E-2
a10,ref|NC_001143|,26591,CAT,C,5,27,19.23%,2.4548E-2
a10,ref|NC_001143|,36588,CAT,C,5,24,20.83%,2.3166E-2
a10,ref|NC_001143|,50873,C,T,6,54,11.11%,1.3497E-2
a10,ref|NC_001143|,68454,G,GCC,52,52,100%,6.3169E-31
a10,ref|NC_001143|,68468,T,TG,54,54,100%,4.0229E-32
a10,ref|NC_001143|,156183,C,T,6,54,11.11%,1.3497E-2
a10,ref|NC_001143|,186730,C,T,8,51,15.69%,2.9037E-3
a10,ref|NC_001143|,196211,G,GA,8,44,18.18%,2.624E-3
a10,ref|NC_001143|,207203,T,C,9,30,30%,9.678E-4
a10,ref|NC_001143|,217107,G,GA,6,40,15%,1.219E-2
a10,ref|NC_001143|,242787,CT,C,6,44,13.64%,1.2549E-2
a10,ref|NC_001143|,266089,T,TA,5,36,13.89%,2.6257E-2
a10,ref|NC_001143|,286448,TA,T,9,53,16.98%,1.2263E-3
a10,ref|NC_001143|,316240,CT,C,5,44,11.36%,2.7721E-2
a10,ref|NC_001143|,320823,G,GT,6,31,19.35%,1.057E-2
a10,ref|NC_001143|,323019,A,T,53,53,100%,1.5943E-31
a10,ref|NC_001143|,356511,CT,C,7,52,13.46%,6.2977E-3
a10,ref|NC_001143|,358106,C,G,38,38,100%,1.4508E-22
a10,ref|NC_001143|,358455,C,CT,5,38,13.16%,2.6693E-2
a10,ref|NC_001143|,384845,C,CAT,33,46,71.74%,4.5585E-15
a10,ref|NC_001143|,385103,C,CTT,5,25,20%,2.1073E-2
a10,ref|NC_001143|,451568,GGAACAC,G,41,50,82%,1.2455E-19
a10,ref|NC_001143|,463261,CTT,C,4,12,33.33%,4.1176E-2
a10,ref|NC_001143|,465172,G,GTATA,9,12,75%,1.6826E-4
a10,ref|NC_001143|,489841,T,TA,6,40,15%,1.2549E-2
a10,ref|NC_001143|,518111,CT,C,6,30,20%,1.0344E-2
a10,ref|NC_001143|,557487,GA,G,5,57,8.77%,2.8371E-2
a10,ref|NC_001143|,581078,GA,G,5,52,9.62%,2.7799E-2
a10,ref|NC_001143|,613990,GA,G,7,57,12.28%,6.3251E-3
a10,ref|NC_001143|,617557,CT,C,5,35,14.29%,2.5527E-2
a10,ref|NC_001143|,618946,GA,G,6,47,12.77%,1.2967E-2
a10,ref|NC_001143|,635468,C,CT,10,41,24.39%,3.9851E-4
a10,ref|NC_001143|,638422,A,AT,8,49,16.33%,2.7329E-3
a10,ref|NC_001143|,661401,GA,G,5,34,14.71%,2.6557E-2
a10,ref|NC_001143|,666556,GT,G,31,31,100%,2.1486E-18
a10,ref|NC_001143|,666702,GGT,G,7,12,58.33%,2.2883E-3
a10,ref|NC_001144|,28,A,AC,5,15,33.33%,2.1073E-2
a10,ref|NC_001144|,134,TAA,T,9,77,11.69%,1.5196E-3
a10,ref|NC_001144|,161,T,C,9,69,13.04%,1.4788E-3
a10,ref|NC_001144|,5660,TAC,T,5,72,6.94%,2.9088E-2
a10,ref|NC_001144|,5741,T,C,5,84,5.95%,2.9396E-2
a10,ref|NC_001144|,10965,T,C,13,21,61.9%,7.9741E-6
a10,ref|NC_001144|,11195,TAC,T,34,74,45.95%,2.4655E-13
a10,ref|NC_001144|,11225,CA,C,36,74,48.65%,4.8851E-14
a10,ref|NC_001144|,14561,A,AT,7,115,6.09%,7.0805E-3
a10,ref|NC_001144|,19914,CT,C,13,111,11.71%,8.0503E-5
a10,ref|NC_001144|,46573,C,CA,5,91,5.49%,2.9439E-2
a10,ref|NC_001144|,48855,CA,C,12,74,16.22%,1.3273E-4
a10,ref|NC_001144|,52019,AAT,A,14,92,15.22%,3.5315E-5
a10,ref|NC_001144|,52618,CT,C,9,99,9.09%,1.5832E-3
a10,ref|NC_001144|,63982,C,CA,7,90,7.78%,6.8917E-3
a10,ref|NC_001144|,66619,CT,C,11,116,9.48%,3.6955E-4
a10,ref|NC_001144|,84519,C,CT,9,119,7.56%,1.65E-3
a10,ref|NC_001144|,86724,TA,T,17,103,16.5%,3.3161E-6
a10,ref|NC_001144|,105616,T,TA,7,82,8.54%,6.7346E-3
a10,ref|NC_001144|,108046,C,CT,10,111,9.01%,7.8361E-4
a10,ref|NC_001144|,112176,GA,G,7,117,5.98%,7.074E-3
a10,ref|NC_001144|,122008,GA,G,9,56,16.07%,1.1791E-3
a10,ref|NC_001144|,124986,G,GT,7,110,6.36%,7.0464E-3
a10,ref|NC_001144|,129214,CA,C,5,91,5.49%,2.9439E-2
a10,ref|NC_001144|,129260,C,T,5,73,6.85%,2.9117E-2
a10,ref|NC_001144|,130903,CT,C,5,95,5.26%,2.9592E-2
a10,ref|NC_001144|,161651,TA,T,5,75,6.67%,2.8927E-2
a10,ref|NC_001144|,170682,CAT,C,5,79,6.33%,2.9254E-2
a10,ref|NC_001144|,172018,AAT,A,10,62,16.13%,6.18E-4
a10,ref|NC_001144|,179752,AT,A,12,90,13.33%,1.6008E-4
a10,ref|NC_001144|,179897,C,CT,11,87,12.64%,3.3091E-4
a10,ref|NC_001144|,187137,AT,A,88,94,93.62%,5.2284E-47
a10,ref|NC_001144|,196591,AT,A,9,69,13.04%,1.4138E-3
a10,ref|NC_001144|,196750,AT,A,11,91,12.09%,3.4727E-4
a10,ref|NC_001144|,229572,G,A,9,64,14.06%,1.4447E-3
a10,ref|NC_001144|,243827,CAT,C,10,111,9.01%,7.8855E-4
a10,ref|NC_001144|,245256,AAT,A,8,79,10.13%,3.2347E-3
a10,ref|NC_001144|,248700,A,AT,6,116,5.17%,1.4588E-2
a10,ref|NC_001144|,251194,GA,G,16,96,16.67%,6.8648E-6
a10,ref|NC_001144|,253093,G,GA,11,96,11.46%,3.5154E-4
a10,ref|NC_001144|,259721,C,CT,5,87,5.75%,2.9439E-2
a10,ref|NC_001144|,263307,C,CA,5,83,6.02%,2.9254E-2
a10,ref|NC_001144|,264076,A,AT,8,60,13.33%,2.7329E-3
a10,ref|NC_001144|,266819,G,A,18,68,26.47%,1.044E-6
a10,ref|NC_001144|,280996,G,GA,14,91,15.38%,3.0676E-5
a10,ref|NC_001144|,283998,C,T,5,91,5.49%,2.9538E-2
a10,ref|NC_001144|,289357,C,CT,10,109,9.17%,7.6909E-4
a10,ref|NC_001144|,289899,C,A,5,84,5.95%,2.9396E-2
a10,ref|NC_001144|,291384,A,G,105,105,100%,1.1051E-62
a10,ref|NC_001144|,291386,A,G,105,105,100%,1.1051E-62
a10,ref|NC_001144|,292024,GA,G,10,98,10.2%,7.3768E-4
a10,ref|NC_001144|,320335,G,GA,5,95,5.26%,2.9557E-2
a10,ref|NC_001144|,322104,A,AT,15,104,14.42%,1.6879E-5
a10,ref|NC_001144|,339676,TTA,T,5,97,5.15%,2.9644E-2
a10,ref|NC_001144|,345042,C,G,9,74,12.16%,1.4912E-3
a10,ref|NC_001144|,348735,C,CA,8,103,7.77%,3.3722E-3
a10,ref|NC_001144|,348919,GT,G,15,77,19.48%,1.2459E-5
a10,ref|NC_001144|,369357,C,T,5,100,5%,2.9692E-2
a10,ref|NC_001144|,370487,AT,A,8,91,8.79%,3.2735E-3
a10,ref|NC_001144|,371365,G,GA,6,93,6.45%,1.4352E-2
a10,ref|NC_001144|,388632,C,T,5,94,5.32%,2.9592E-2
a10,ref|NC_001144|,388783,T,C,5,87,5.75%,2.9459E-2
a10,ref|NC_001144|,392810,G,GT,5,92,5.43%,2.9557E-2
a10,ref|NC_001144|,394693,G,GA,8,100,8%,3.327E-3
a10,ref|NC_001144|,415651,G,GT,7,83,8.43%,6.8253E-3
a10,ref|NC_001144|,423554,CT,C,13,101,12.87%,7.824E-5
a10,ref|NC_001144|,426662,CA,C,11,107,10.28%,3.6409E-4
a10,ref|NC_001144|,441523,CT,C,9,116,7.76%,1.6447E-3
a10,ref|NC_001144|,449594,C,CT,6,90,6.67%,1.4197E-2
a10,ref|NC_001144|,449950,CT,C,6,102,5.88%,1.443E-2
a10,ref|NC_001144|,459564,T,C,202,3490,5.79%,1.5236E-57
a10,ref|NC_001144|,459803,CT,C,984,8962,10.99%,2.5902E-300
a10,ref|NC_001144|,460002,CA,C,1389,12028,11.55%,0E0
a10,ref|NC_001144|,460103,T,C,670,12423,5.39%,1.2658E-184
a10,ref|NC_001144|,460262,G,GTA,683,12728,5.37%,1.6982E-188
a10,ref|NC_001144|,460383,TA,T,2429,12178,19.95%,0E0
a10,ref|NC_001144|,460477,AT,A,813,12476,6.52%,1.3279E-228
a10,ref|NC_001144|,460621,T,C,654,9716,6.73%,2.6702E-185
a10,ref|NC_001144|,489468,C,CT,10,108,9.26%,7.7103E-4
a10,ref|NC_001144|,491513,CT,C,7,96,7.29%,6.9019E-3
a10,ref|NC_001144|,510241,A,AT,8,120,6.67%,3.4594E-3
a10,ref|NC_001144|,513997,C,CA,6,76,7.89%,1.3976E-2
a10,ref|NC_001144|,514965,C,CT,11,117,9.4%,3.7826E-4
a10,ref|NC_001144|,522257,C,CA,10,99,10.1%,7.6712E-4
a10,ref|NC_001144|,527967,CT,C,12,93,12.9%,1.6497E-4
a10,ref|NC_001144|,528749,T,A,128,128,100%,1.7335E-76
a10,ref|NC_001144|,535172,C,CA,14,90,15.56%,3.4842E-5
a10,ref|NC_001144|,539598,CT,C,6,100,6%,1.4442E-2
a10,ref|NC_001144|,545933,C,CT,10,75,13.33%,6.8011E-4
a10,ref|NC_001144|,550360,C,CA,6,69,8.7%,1.3851E-2
a10,ref|NC_001144|,552708,CT,C,5,90,5.56%,2.95E-2
a10,ref|NC_001144|,556468,CAT,C,5,75,6.67%,2.9026E-2
a10,ref|NC_001144|,568017,CT,C,6,101,5.94%,1.4379E-2
a10,ref|NC_001144|,575429,G,C,9,50,18%,1.3055E-3
a10,ref|NC_001144|,584266,C,T,5,78,6.41%,2.9254E-2
a10,ref|NC_001144|,585920,GA,G,14,73,19.18%,2.5055E-5
a10,ref|NC_001144|,612158,GA,G,11,111,9.91%,3.6409E-4
a10,ref|NC_001144|,623642,C,T,6,86,6.98%,1.4279E-2
a10,ref|NC_001144|,626434,G,GA,11,95,11.58%,3.5154E-4
a10,ref|NC_001144|,636551,G,GT,13,78,16.67%,6.5501E-5
a10,ref|NC_001144|,641311,G,GA,8,97,8.25%,3.3331E-3
a10,ref|NC_001144|,645231,TA,T,10,93,10.75%,7.2967E-4
a10,ref|NC_001144|,646385,G,GA,10,98,10.2%,7.5223E-4
a10,ref|NC_001144|,650078,G,T,5,97,5.15%,2.9644E-2
a10,ref|NC_001144|,657175,C,T,89,89,100%,4.3706E-53
a10,ref|NC_001144|,657926,GT,G,5,87,5.75%,2.9327E-2
a10,ref|NC_001144|,658173,G,GT,6,113,5.31%,1.4597E-2
a10,ref|NC_001144|,687472,GA,G,18,124,14.52%,1.7903E-6
a10,ref|NC_001144|,687587,GTA,G,13,99,13.13%,7.9021E-5
a10,ref|NC_001144|,699939,G,GA,12,76,15.79%,1.3121E-4
a10,ref|NC_001144|,704138,TA,T,18,79,22.78%,9.7371E-7
a10,ref|NC_001144|,704451,A,AT,5,90,5.56%,2.95E-2
a10,ref|NC_001144|,712186,GT,G,15,93,16.13%,1.6413E-5
a10,ref|NC_001144|,713307,AT,A,5,92,5.43%,2.9557E-2
a10,ref|NC_001144|,718114,T,TA,6,86,6.98%,1.4161E-2
a10,ref|NC_001144|,719563,A,AT,7,95,7.37%,6.9119E-3
a10,ref|NC_001144|,722481,GT,G,9,107,8.41%,1.6118E-3
a10,ref|NC_001144|,723168,C,CA,8,76,10.53%,3.1411E-3
a10,ref|NC_001144|,723209,G,GT,7,70,10%,6.5904E-3
a10,ref|NC_001144|,734923,A,AT,11,87,12.64%,3.3447E-4
a10,ref|NC_001144|,757586,G,GT,6,96,6.25%,1.4379E-2
a10,ref|NC_001144|,766503,TA,T,10,73,13.7%,6.3967E-4
a10,ref|NC_001144|,769162,CAT,C,12,81,14.81%,1.5647E-4
a10,ref|NC_001144|,776635,A,T,5,90,5.56%,2.9519E-2
a10,ref|NC_001144|,781214,TA,T,5,92,5.43%,2.9557E-2
a10,ref|NC_001144|,784382,G,GC,98,98,100%,1.7493E-58
a10,ref|NC_001144|,793997,A,AT,9,78,11.54%,1.503E-3
a10,ref|NC_001144|,802485,A,AT,6,102,5.88%,1.4454E-2
a10,ref|NC_001144|,807323,TA,T,7,97,7.22%,6.9587E-3
a10,ref|NC_001144|,807982,GT,G,7,118,5.93%,7.1293E-3
a10,ref|NC_001144|,819069,CT,C,9,131,6.87%,1.6805E-3
a10,ref|NC_001144|,828903,C,T,107,107,100%,6.972E-64
a10,ref|NC_001144|,829405,GTA,G,7,79,8.86%,6.7622E-3
a10,ref|NC_001144|,833744,A,AT,9,103,8.74%,1.6085E-3
a10,ref|NC_001144|,837516,CAT,C,8,77,10.39%,3.2091E-3
a10,ref|NC_001144|,837956,GA,G,9,97,9.28%,1.5945E-3
a10,ref|NC_001144|,852137,GT,G,7,93,7.53%,6.9217E-3
a10,ref|NC_001144|,867102,C,CT,9,97,9.28%,1.6016E-3
a10,ref|NC_001144|,881947,C,CAT,51,69,73.91%,2.158E-23
a10,ref|NC_001144|,931046,AT,A,11,110,10%,3.7358E-4
a10,ref|NC_001144|,937372,TA,T,11,134,8.21%,3.9096E-4
a10,ref|NC_001144|,944238,C,A,50,50,100%,9.9117E-30
a10,ref|NC_001144|,946113,T,C,8,58,13.79%,3.0172E-3
a10,ref|NC_001144|,948501,A,G,6,116,5.17%,1.4624E-2
a10,ref|NC_001144|,950305,CT,C,8,100,8%,3.3505E-3
a10,ref|NC_001144|,993391,A,G,6,69,8.7%,1.3952E-2
a10,ref|NC_001144|,993397,C,T,5,64,7.81%,2.8819E-2
a10,ref|NC_001144|,1002214,GA,G,17,98,17.35%,2.8715E-6
a10,ref|NC_001144|,1006048,C,CA,5,98,5.1%,2.966E-2
a10,ref|NC_001144|,1011372,CT,C,7,76,9.21%,6.5904E-3
a10,ref|NC_001144|,1012324,C,CG,82,87,94.25%,3.4002E-44
a10,ref|NC_001144|,1012328,A,AGCC,85,90,94.44%,1.2761E-46
a10,ref|NC_001144|,1015482,AAT,A,9,86,10.47%,1.5399E-3
a10,ref|NC_001144|,1019116,GA,G,22,101,21.78%,5.8309E-8
a10,ref|NC_001144|,1024980,AT,A,18,74,24.32%,9.974E-7
a10,ref|NC_001144|,1025009,G,GT,5,71,7.04%,2.8961E-2
a10,ref|NC_001144|,1026686,C,CT,14,99,14.14%,3.2198E-5
a10,ref|NC_001144|,1031402,GAGA,G,8,144,5.56%,3.5274E-3
a10,ref|NC_001144|,1039435,T,A,94,94,100%,4.3861E-56
a10,ref|NC_001144|,1053293,A,AT,12,93,12.9%,1.5552E-4
a10,ref|NC_001144|,1059123,T,TA,6,96,6.25%,1.4405E-2
a10,ref|NC_001144|,1059677,TA,T,12,91,13.19%,1.5255E-4
a10,ref|NC_001144|,1071573,AT,A,12,145,8.28%,1.9195E-4
a10,ref|NC_001145|,9528,A,AT,7,51,13.73%,6.2398E-3
a10,ref|NC_001145|,26716,AT,A,6,40,15%,1.2549E-2
a10,ref|NC_001145|,34473,T,G,61,61,100%,2.609E-36
a10,ref|NC_001145|,41950,GA,G,5,31,16.13%,2.5527E-2
a10,ref|NC_001145|,50000,C,CA,5,49,10.2%,2.7874E-2
a10,ref|NC_001145|,58770,AT,A,5,53,9.43%,2.8079E-2
a10,ref|NC_001145|,164392,GT,G,11,41,26.83%,1.1933E-4
a10,ref|NC_001145|,165422,CT,C,5,26,19.23%,2.4548E-2
a10,ref|NC_001145|,169058,C,CT,5,48,10.42%,2.7874E-2
a10,ref|NC_001145|,191990,AT,A,6,22,27.27%,9.5308E-3
a10,ref|NC_001145|,192743,GTA,G,5,45,11.11%,2.7799E-2
a10,ref|NC_001145|,209069,CT,C,9,47,19.15%,1.2112E-3
a10,ref|NC_001145|,239353,CAT,C,6,25,24%,1.1145E-2
a10,ref|NC_001145|,241346,T,C,5,60,8.33%,2.8658E-2
a10,ref|NC_001145|,245885,G,A,5,25,20%,2.5076E-2
a10,ref|NC_001145|,249162,A,G,5,48,10.42%,2.8014E-2
a10,ref|NC_001145|,305685,GT,G,6,50,12%,1.3285E-2
a10,ref|NC_001145|,321328,CAT,C,8,41,19.51%,2.624E-3
a10,ref|NC_001145|,325905,T,A,66,66,100%,2.6498E-39
a10,ref|NC_001145|,361550,G,A,25,25,100%,7.9107E-15
a10,ref|NC_001145|,361725,A,G,19,72,26.39%,4.8588E-7
a10,ref|NC_001145|,370618,CA,C,8,53,15.09%,2.8851E-3
a10,ref|NC_001145|,380311,GA,G,6,53,11.32%,1.3417E-2
a10,ref|NC_001145|,387095,A,AT,8,40,20%,2.4173E-3
a10,ref|NC_001145|,406257,T,TA,5,39,12.82%,2.6944E-2
a10,ref|NC_001145|,426076,AT,A,5,56,8.93%,2.8473E-2
a10,ref|NC_001145|,426224,A,AT,5,62,8.06%,2.8658E-2
a10,ref|NC_001145|,448333,G,A,57,57,100%,6.4572E-34
a10,ref|NC_001145|,448334,A,G,57,57,100%,6.4572E-34
a10,ref|NC_001145|,475726,GA,G,8,43,18.6%,2.5935E-3
a10,ref|NC_001145|,483743,GA,G,9,26,34.62%,7.4174E-4
a10,ref|NC_001145|,512087,G,GT,8,57,14.04%,2.8851E-3
a10,ref|NC_001145|,543368,G,A,5,57,8.77%,2.8522E-2
a10,ref|NC_001145|,558682,C,CA,12,53,22.64%,1.1939E-4
a10,ref|NC_001145|,559980,C,CT,8,50,16%,2.8457E-3
a10,ref|NC_001145|,622168,GTA,G,5,41,12.2%,2.7273E-2
a10,ref|NC_001145|,624079,AT,A,5,45,11.11%,2.7799E-2
a10,ref|NC_001145|,625708,C,CT,7,27,25.93%,4.5803E-3
a10,ref|NC_001145|,630505,A,G,47,47,100%,6.1512E-28
a10,ref|NC_001145|,646855,CAT,C,11,37,29.73%,1.7351E-4
a10,ref|NC_001145|,651263,TA,T,61,66,92.42%,3.45E-32
a10,ref|NC_001145|,667202,C,CA,6,45,13.33%,1.2702E-2
a10,ref|NC_001145|,672129,T,C,49,49,100%,3.925E-29
a10,ref|NC_001145|,680936,T,C,39,39,100%,3.6742E-23
a10,ref|NC_001145|,680940,C,T,39,39,100%,3.6742E-23
a10,ref|NC_001145|,692835,A,G,5,55,9.09%,2.8423E-2
a10,ref|NC_001145|,724338,A,G,5,52,9.62%,2.8261E-2
a10,ref|NC_001145|,756824,GT,G,5,35,14.29%,2.6093E-2
a10,ref|NC_001145|,770561,A,AT,10,47,21.28%,5.4148E-4
a10,ref|NC_001145|,809198,A,G,44,44,100%,3.8097E-26
a10,ref|NC_001145|,851713,GA,G,8,46,17.39%,2.3764E-3
a10,ref|NC_001145|,854478,CT,C,5,52,9.62%,2.8203E-2
a10,ref|NC_001145|,860894,C,CT,5,58,8.62%,2.8261E-2
a10,ref|NC_001145|,874559,CT,C,7,40,17.5%,5.4855E-3
a10,ref|NC_001145|,908196,G,C,10,12,83.33%,3.3652E-5
a10,ref|NC_001145|,908198,G,T,9,11,81.82%,1.1057E-4
a10,ref|NC_001145|,908203,G,A,12,14,85.71%,2.9913E-6
a10,ref|NC_001145|,908218,C,T,17,19,89.47%,5.9414E-9
a10,ref|NC_001145|,908558,T,TCAA,9,67,13.43%,1.4657E-3
a10,ref|NC_001145|,918120,C,CT,14,51,27.45%,1.9604E-5
a10,ref|NC_001145|,921418,CT,C,26,40,65%,1.5064E-12
a10,ref|NC_001145|,924352,G,GGT,10,15,66.67%,9.995E-5
a10,ref|NC_001146|,7478,A,AT,42,43,97.67%,6.6289E-24
a10,ref|NC_001146|,10214,TA,T,8,46,17.39%,2.6808E-3
a10,ref|NC_001146|,12975,C,CTT,32,43,74.42%,2.0653E-16
a10,ref|NC_001146|,14333,G,GC,9,11,81.82%,1.1057E-4
a10,ref|NC_001146|,28420,GT,G,8,62,12.9%,2.9874E-3
a10,ref|NC_001146|,46613,C,T,5,57,8.77%,2.8522E-2
a10,ref|NC_001146|,98305,T,C,5,56,8.93%,2.8473E-2
a10,ref|NC_001146|,98320,C,T,5,58,8.62%,2.8569E-2
a10,ref|NC_001146|,107294,GA,G,6,46,13.04%,1.3082E-2
a10,ref|NC_001146|,118987,GA,G,6,39,15.38%,1.238E-2
a10,ref|NC_001146|,154923,GA,G,9,45,20%,9.9376E-4
a10,ref|NC_001146|,159990,A,T,5,52,9.62%,2.8261E-2
a10,ref|NC_001146|,172354,CT,C,5,43,11.63%,2.764E-2
a10,ref|NC_001146|,172492,CA,C,8,43,18.6%,2.7074E-3
a10,ref|NC_001146|,187639,G,GA,6,30,20%,1.1736E-2
a10,ref|NC_001146|,196150,C,CT,7,40,17.5%,5.3469E-3
a10,ref|NC_001146|,226121,A,T,5,41,12.2%,2.7465E-2
a10,ref|NC_001146|,282400,G,C,22,40,55%,4.1855E-9
a10,ref|NC_001146|,282401,T,C,16,34,47.06%,1.4997E-6
a10,ref|NC_001146|,283519,C,CA,5,52,9.62%,2.8261E-2
a10,ref|NC_001146|,300929,TAA,T,6,36,16.67%,1.1309E-2
a10,ref|NC_001146|,307228,CT,C,9,58,15.52%,1.3495E-3
a10,ref|NC_001146|,312328,AACG,A,34,38,89.47%,1.6239E-17
a10,ref|NC_001146|,377887,G,T,46,46,100%,2.4343E-27
a10,ref|NC_001146|,380954,GA,G,8,45,17.78%,2.5935E-3
a10,ref|NC_001146|,382231,TA,T,6,49,12.24%,1.2967E-2
a10,ref|NC_001146|,388298,A,T,6,52,11.54%,1.3417E-2
a10,ref|NC_001146|,415071,C,CT,6,11,54.55%,6.192E-3
a10,ref|NC_001146|,429776,TTA,T,5,41,12.2%,2.7465E-2
a10,ref|NC_001146|,439397,G,GT,42,44,95.45%,3.9431E-23
a10,ref|NC_001146|,444651,CT,C,6,57,10.53%,1.3285E-2
a10,ref|NC_001146|,460787,AT,A,6,55,10.91%,1.3535E-2
a10,ref|NC_001146|,471767,A,G,49,49,100%,3.925E-29
a10,ref|NC_001146|,479459,AT,A,6,35,17.14%,1.1309E-2
a10,ref|NC_001146|,486552,T,TA,6,35,17.14%,1.186E-2
a10,ref|NC_001146|,493053,TA,T,9,49,18.37%,1.2263E-3
a10,ref|NC_001146|,498360,GT,G,6,34,17.65%,1.1309E-2
a10,ref|NC_001146|,503040,C,CT,5,34,14.71%,2.6557E-2
a10,ref|NC_001146|,510328,CT,C,5,43,11.63%,2.7371E-2
a10,ref|NC_001146|,511465,T,A,5,63,7.94%,2.878E-2
a10,ref|NC_001146|,515983,C,T,5,36,13.89%,2.6944E-2
a10,ref|NC_001146|,523434,G,A,19,69,27.54%,4.534E-7
a10,ref|NC_001146|,523441,G,T,18,67,26.87%,1.0208E-6
a10,ref|NC_001146|,601112,T,G,36,78,46.15%,7.2168E-14
a10,ref|NC_001146|,601202,T,C,38,86,44.19%,1.8221E-14
a10,ref|NC_001146|,616158,C,CA,5,51,9.8%,2.8079E-2
a10,ref|NC_001146|,616826,A,G,13,37,35.14%,3.404E-5
a10,ref|NC_001146|,647314,AT,A,5,41,12.2%,2.7273E-2
a10,ref|NC_001146|,651857,AT,A,5,47,10.64%,2.764E-2
a10,ref|NC_001146|,662768,G,GA,6,46,13.04%,1.2967E-2
a10,ref|NC_001146|,667324,CT,C,5,28,17.86%,2.4248E-2
a10,ref|NC_001146|,674780,A,AT,9,50,18%,1.2811E-3
a10,ref|NC_001146|,678603,G,GA,5,43,11.63%,2.7273E-2
a10,ref|NC_001146|,687218,C,CA,12,64,18.75%,1.3273E-4
a10,ref|NC_001146|,690071,AT,A,6,49,12.24%,1.2967E-2
a10,ref|NC_001146|,694240,CAT,C,5,43,11.63%,2.7555E-2
a10,ref|NC_001146|,694966,CTA,C,5,47,10.64%,2.7874E-2
a10,ref|NC_001146|,711232,A,AT,7,40,17.5%,5.6667E-3
a10,ref|NC_001146|,718411,GA,G,5,63,7.94%,2.87E-2
a10,ref|NC_001146|,721791,G,GA,6,61,9.84%,1.3607E-2
a10,ref|NC_001146|,721916,T,TA,5,44,11.36%,2.7371E-2
a10,ref|NC_001146|,722274,CA,C,7,32,21.88%,4.8126E-3
a10,ref|NC_001146|,772612,CA,C,7,45,15.56%,5.4855E-3
a10,ref|NC_001146|,777553,AAT,A,9,36,25%,1.0644E-3
a10,ref|NC_001146|,784107,GT,G,8,41,19.51%,2.6808E-3
a10,ref|NC_001146|,784138,GGT,G,6,45,13.33%,1.2967E-2
a10,ref|NC_001146|,784142,T,TG,9,41,21.95%,1.1791E-3
a10,ref|NC_001146|,784163,T,TG,8,41,20%,2.5935E-3
a10,ref|NC_001146|,784170,GT,G,7,31,22.58%,5.3469E-3
a10,ref|NC_001146|,784181,TG,T,9,38,23.68%,1.1442E-3
a10,ref|NC_001146|,784194,GGT,G,5,43,11.63%,2.7465E-2
a10,ref|NC_001146|,784208,T,TG,7,40,17.5%,5.8219E-3
a10,ref|NC_001146|,784239,GT,G,5,26,19.23%,2.531E-2
a10,ref|NC_001147|,1085,CAT,C,6,40,15%,1.219E-2
a10,ref|NC_001147|,13997,C,CA,5,45,11.11%,2.764E-2
a10,ref|NC_001147|,21727,G,GA,5,45,11.11%,2.7555E-2
a10,ref|NC_001147|,27928,T,A,12,73,16.44%,1.4937E-4
a10,ref|NC_001147|,28642,C,T,7,52,13.46%,6.2977E-3
a10,ref|NC_001147|,50002,C,T,58,58,100%,1.6283E-34
a10,ref|NC_001147|,50010,A,T,61,61,100%,2.609E-36
a10,ref|NC_001147|,50012,C,T,62,62,100%,6.5755E-37
a10,ref|NC_001147|,60213,CT,C,7,32,21.88%,4.9169E-3
a10,ref|NC_001147|,60240,C,T,23,23,100%,1.2146E-13
a10,ref|NC_001147|,79297,C,G,42,42,100%,5.9562E-25
a10,ref|NC_001147|,79304,A,T,40,40,100%,9.3017E-24
a10,ref|NC_001147|,79305,T,A,40,40,100%,9.3017E-24
a10,ref|NC_001147|,118032,A,C,30,106,28.3%,7.1696E-11
a10,ref|NC_001147|,118035,T,A,6,106,5.66%,1.453E-2
a10,ref|NC_001147|,134383,C,T,6,59,10.17%,1.3674E-2
a10,ref|NC_001147|,145176,C,CT,12,61,19.67%,1.3121E-4
a10,ref|NC_001147|,161403,A,T,42,93,45.16%,5.3981E-16
a10,ref|NC_001147|,161617,T,C,52,101,51.49%,2.7649E-20
a10,ref|NC_001147|,161762,T,C,39,86,45.35%,6.5271E-15
a10,ref|NC_001147|,193675,CT,C,6,61,9.84%,1.3571E-2
a10,ref|NC_001147|,200339,C,CT,10,39,25.64%,3.5253E-4
a10,ref|NC_001147|,204570,CT,C,5,41,12.2%,2.6693E-2
a10,ref|NC_001147|,213870,CA,C,5,50,10%,2.7799E-2
a10,ref|NC_001147|,216385,T,A,5,73,6.85%,2.9117E-2
a10,ref|NC_001147|,216898,AT,A,8,43,18.6%,2.5617E-3
a10,ref|NC_001147|,230020,C,CT,11,46,23.91%,2.3046E-4
a10,ref|NC_001147|,284081,A,G,11,71,15.49%,3.2124E-4
a10,ref|NC_001147|,315630,CT,C,8,46,17.39%,2.7074E-3
a10,ref|NC_001147|,326195,CAT,C,9,38,23.68%,1.0857E-3
a10,ref|NC_001147|,349580,G,GA,7,46,15.22%,5.7727E-3
a10,ref|NC_001147|,355083,AAT,A,5,30,16.67%,2.531E-2
a10,ref|NC_001147|,382663,T,C,7,31,22.58%,5.3469E-3
a10,ref|NC_001147|,389237,T,G,56,56,100%,2.5602E-33
a10,ref|NC_001147|,400916,A,T,6,65,9.23%,1.3851E-2
a10,ref|NC_001147|,412675,A,AT,8,52,15.38%,2.9037E-3
a10,ref|NC_001147|,430159,G,GA,5,43,11.63%,2.6257E-2
a10,ref|NC_001147|,437763,T,A,35,35,100%,8.9137E-21
a10,ref|NC_001147|,444498,AT,A,7,47,14.89%,5.8688E-3
a10,ref|NC_001147|,453009,T,C,12,36,33.33%,8.1472E-5
a10,ref|NC_001147|,453010,G,A,5,28,17.86%,2.5729E-2
a10,ref|NC_001147|,475132,C,CA,6,52,11.54%,1.3375E-2
a10,ref|NC_001147|,491013,C,CA,5,45,11.11%,2.7371E-2
a10,ref|NC_001147|,503297,T,A,5,43,11.63%,2.764E-2
a10,ref|NC_001147|,519639,A,T,42,42,100%,5.9562E-25
a10,ref|NC_001147|,522811,G,GA,7,34,20.59%,5.1909E-3
a10,ref|NC_001147|,550529,A,AT,5,55,9.09%,2.8203E-2
a10,ref|NC_001147|,550563,A,AT,7,59,11.86%,6.4707E-3
a10,ref|NC_001147|,569695,A,AT,5,43,11.63%,2.7465E-2
a10,ref|NC_001147|,581669,CA,C,12,48,25%,1.1153E-4
a10,ref|NC_001147|,587707,AC,A,5,59,8.47%,2.8614E-2
a10,ref|NC_001147|,667564,GAT,G,8,39,20.51%,2.5617E-3
a10,ref|NC_001147|,667734,T,TA,5,43,11.63%,2.7465E-2
a10,ref|NC_001147|,670767,GA,G,6,35,17.14%,1.186E-2
a10,ref|NC_001147|,675324,CT,C,8,37,21.62%,2.3332E-3
a10,ref|NC_001147|,681098,C,CA,5,41,12.2%,2.7169E-2
a10,ref|NC_001147|,698289,A,AT,6,33,18.18%,1.2087E-2
a10,ref|NC_001147|,698533,GT,G,5,48,10.42%,2.8014E-2
a10,ref|NC_001147|,708819,G,C,23,69,33.33%,1.315E-8
a10,ref|NC_001147|,708878,T,C,21,52,40.38%,3.7578E-8
a10,ref|NC_001147|,738211,G,GA,5,47,10.64%,2.764E-2
a10,ref|NC_001147|,745306,CA,C,8,51,15.69%,2.8249E-3
a10,ref|NC_001147|,746559,CA,C,7,55,12.73%,6.2398E-3
a10,ref|NC_001147|,753847,C,T,5,50,10%,2.8142E-2
a10,ref|NC_001147|,761366,GA,G,5,49,10.2%,2.8014E-2
a10,ref|NC_001147|,768266,G,GA,6,46,13.04%,1.3026E-2
a10,ref|NC_001147|,769099,TC,T,5,58,8.62%,2.8569E-2
a10,ref|NC_001147|,770624,G,GT,6,31,19.35%,1.1461E-2
a10,ref|NC_001147|,798499,G,GA,6,69,8.7%,1.3903E-2
a10,ref|NC_001147|,877096,TA,T,6,38,15.79%,1.238E-2
a10,ref|NC_001147|,882623,CT,C,8,38,21.05%,2.3764E-3
a10,ref|NC_001147|,888848,GT,G,17,59,28.81%,1.4216E-6
a10,ref|NC_001147|,889748,TA,T,8,46,17.39%,2.6808E-3
a10,ref|NC_001147|,895762,AT,A,6,52,11.54%,1.3417E-2
a10,ref|NC_001147|,921752,GAT,G,5,71,7.04%,2.9058E-2
a10,ref|NC_001147|,923126,GAT,G,5,43,11.63%,2.7555E-2
a10,ref|NC_001147|,925072,C,CA,6,67,8.96%,1.3737E-2
a10,ref|NC_001147|,967942,AT,A,9,71,12.68%,1.4519E-3
a10,ref|NC_001147|,973690,T,C,6,44,13.64%,1.3026E-2
a10,ref|NC_001147|,977029,C,CT,5,39,12.82%,2.7273E-2
a10,ref|NC_001147|,978149,C,CA,6,48,12.5%,1.2967E-2
a10,ref|NC_001147|,980936,C,G,44,44,100%,3.8097E-26
a10,ref|NC_001147|,1000974,A,AT,7,47,14.89%,5.8688E-3
a10,ref|NC_001147|,1013025,CTA,C,7,50,14%,6.1442E-3
a10,ref|NC_001147|,1019588,CTT,C,5,45,11.11%,2.7371E-2
a10,ref|NC_001147|,1031381,CT,C,5,39,12.82%,2.5917E-2
a10,ref|NC_001147|,1034772,TA,T,6,47,12.77%,1.3188E-2
a10,ref|NC_001147|,1057968,T,TA,5,66,7.58%,2.8856E-2
a10,ref|NC_001147|,1071028,TA,T,6,54,11.11%,1.3497E-2
a10,ref|NC_001147|,1077950,C,CT,11,51,21.57%,2.3046E-4
a10,ref|NC_001148|,9518,C,CA,5,45,11.11%,2.706E-2
a10,ref|NC_001148|,16931,A,AT,5,36,13.89%,2.6412E-2
a10,ref|NC_001148|,16995,CT,C,9,32,28.12%,8.8132E-4
a10,ref|NC_001148|,19930,CT,C,5,37,13.51%,2.6944E-2
a10,ref|NC_001148|,44495,TA,T,9,69,13.04%,1.4447E-3
a10,ref|NC_001148|,71681,A,AT,5,58,8.62%,2.8473E-2
a10,ref|NC_001148|,85402,CA,C,9,55,16.36%,1.3283E-3
a10,ref|NC_001148|,105500,A,AT,5,69,7.25%,2.8892E-2
a10,ref|NC_001148|,132456,T,TA,6,44,13.64%,1.2628E-2
a10,ref|NC_001148|,144689,AGGAAACGTC,A,20,35,57.14%,2.0063E-8
a10,ref|NC_001148|,162374,GTA,G,9,49,18.37%,1.2408E-3
a10,ref|NC_001148|,164219,CA,C,5,57,8.77%,2.8317E-2
a10,ref|NC_001148|,166228,A,T,5,48,10.42%,2.8014E-2
a10,ref|NC_001148|,191944,C,T,57,57,100%,6.4572E-34
a10,ref|NC_001148|,192966,CA,C,5,40,12.5%,2.6557E-2
a10,ref|NC_001148|,212901,TA,T,6,27,22.22%,1.0344E-2
a10,ref|NC_001148|,222634,T,A,5,48,10.42%,2.8014E-2
a10,ref|NC_001148|,244248,TTA,T,6,43,13.95%,1.2628E-2
a10,ref|NC_001148|,246835,G,GA,10,55,18.18%,6.0611E-4
a10,ref|NC_001148|,273346,C,G,5,54,9.26%,2.8371E-2
a10,ref|NC_001148|,282651,CT,C,9,49,18.37%,1.2811E-3
a10,ref|NC_001148|,285579,A,G,5,49,10.2%,2.8079E-2
a10,ref|NC_001148|,302994,G,GA,8,52,15.38%,2.8851E-3
a10,ref|NC_001148|,312942,GTA,G,6,18,33.33%,8.4291E-3
a10,ref|NC_001148|,354069,C,T,12,35,34.29%,7.8434E-5
a10,ref|NC_001148|,381848,GTA,G,6,32,18.75%,1.1736E-2
a10,ref|NC_001148|,404759,GT,G,10,32,31.25%,2.9985E-4
a10,ref|NC_001148|,425229,G,GA,8,55,14.55%,2.8457E-3
a10,ref|NC_001148|,427833,CA,C,5,49,10.2%,2.7945E-2
a10,ref|NC_001148|,432549,A,T,6,70,8.57%,1.3976E-2
a10,ref|NC_001148|,462244,GA,G,9,37,24.32%,1.042E-3
a10,ref|NC_001148|,481304,AT,A,39,44,88.64%,2.6872E-20
a10,ref|NC_001148|,491804,CT,C,7,41,17.07%,5.6095E-3
a10,ref|NC_001148|,502679,CA,C,5,33,15.15%,2.5527E-2
a10,ref|NC_001148|,503385,GA,G,9,39,23.08%,9.4048E-4
a10,ref|NC_001148|,528959,CT,C,8,52,15.38%,2.8249E-3
a10,ref|NC_001148|,534827,G,GA,5,61,8.2%,2.8658E-2
a10,ref|NC_001148|,538294,CT,C,5,48,10.42%,2.8014E-2
a10,ref|NC_001148|,558033,AT,A,5,49,10.2%,2.8014E-2
a10,ref|NC_001148|,588390,C,T,59,59,100%,4.1056E-35
a10,ref|NC_001148|,591720,CAT,C,6,28,21.43%,1.1309E-2
a10,ref|NC_001148|,594084,C,T,7,62,11.29%,6.5333E-3
a10,ref|NC_001148|,600560,GA,G,7,59,11.86%,6.377E-3
a10,ref|NC_001148|,607467,GA,G,5,28,17.86%,2.4823E-2
a10,ref|NC_001148|,615257,TA,T,8,35,22.86%,2.3764E-3
a10,ref|NC_001148|,620255,CA,C,7,45,15.56%,5.7727E-3
a10,ref|NC_001148|,623381,GA,G,7,58,12.07%,6.2693E-3
a10,ref|NC_001148|,641628,G,GA,5,27,18.52%,2.5527E-2
a10,ref|NC_001148|,653959,A,AT,6,52,11.54%,1.3375E-2
a10,ref|NC_001148|,655079,G,GA,7,34,20.59%,5.0143E-3
a10,ref|NC_001148|,663065,T,C,5,35,14.29%,2.6822E-2
a10,ref|NC_001148|,667520,T,G,48,48,100%,1.554E-28
a10,ref|NC_001148|,675808,GA,G,5,46,10.87%,2.764E-2
a10,ref|NC_001148|,677102,A,G,37,37,100%,5.7269E-22
a10,ref|NC_001148|,695616,T,TA,8,34,23.53%,2.1337E-3
a10,ref|NC_001148|,698526,G,GA,12,59,20.34%,1.1358E-4
a10,ref|NC_001148|,700420,AT,A,162,227,71.37%,2.6373E-70
a10,ref|NC_001148|,724959,G,A,5,51,9.8%,2.8203E-2
a10,ref|NC_001148|,759400,T,G,38,38,100%,1.4508E-22
a10,ref|NC_001148|,769066,A,AT,5,42,11.9%,2.7465E-2
a10,ref|NC_001148|,802209,GA,G,5,42,11.9%,2.7371E-2
a10,ref|NC_001148|,819664,A,AT,5,59,8.47%,2.8261E-2
a10,ref|NC_001148|,829699,CT,C,6,49,12.24%,1.3136E-2
a10,ref|NC_001148|,837643,AT,A,8,48,16.67%,2.7573E-3
a10,ref|NC_001148|,868371,A,AT,7,47,14.89%,5.9563E-3
a10,ref|NC_001148|,876243,CTA,C,8,59,13.56%,3.0172E-3
a10,ref|NC_001148|,886454,G,GT,6,41,14.63%,1.2702E-2
a10,ref|NC_001148|,887933,AT,A,6,47,12.77%,1.2841E-2
a10,ref|NC_001148|,890346,T,A,54,54,100%,4.0229E-32
a10,ref|NC_001148|,895677,C,A,7,52,13.46%,6.2977E-3
a10,ref|NC_001148|,909513,G,GA,5,63,7.94%,2.8741E-2
a10,ref|NC_001148|,939183,GA,G,5,50,10%,2.7555E-2
a10,ref|NC_001224|,20345,GA,G,2623,2739,95.76%,0E0
a10,ref|NC_001224|,20934,T,G,3056,3057,99.97%,0E0
a10,ref|NC_001224|,33467,T,C,1574,1574,100%,0E0
a10,ref|NC_001224|,33618,T,TTC,748,870,85.98%,0E0
a10,ref|NC_001224|,33779,AC,A,929,1083,85.78%,0E0
a10,ref|NC_001224|,39517,G,T,2640,2641,99.96%,0E0
a10,ref|NC_001224|,43084,A,AT,2058,2300,89.48%,0E0
a10,ref|NC_001224|,44795,A,AT,2023,2243,90.19%,0E0
a10,ref|NC_001224|,49500,A,T,1251,1251,100%,0E0
a10,ref|NC_001224|,50784,G,GC,70,1232,5.68%,1.1123E-20
a10,ref|NC_001224|,50980,A,AT,83,1646,5.04%,1.4862E-24
a10,ref|NC_001224|,55436,GC,G,1260,1349,93.4%,0E0
a10,ref|NC_001224|,59388,G,A,83,1594,5.21%,1.5071E-24
a10,ref|NC_001224|,62646,AAT,A,50,836,5.98%,4.0911E-16
a10,ref|NC_001224|,63656,CG,C,123,1786,6.89%,6.1306E-37
a10,ref|NC_001224|,73114,AG,A,1219,1324,92.07%,0E0
a10,ref|NC_001224|,73136,TC,T,1253,1311,95.58%,0E0
a10,ref|NC_001224|,73518,AT,A,162,1752,9.25%,2.1533E-49
a10,ref|NC_001224|,82253,T,TA,1449,1660,87.29%,0E0
a10,ref|NC_001224|,82507,T,A,1023,1023,100%,0E0
a1,ref|NC_001133|,6736,C,CAA,8,26,30.77%,1.3389E-3
a1,ref|NC_001133|,12529,A,G,7,40,17.5%,5.8688E-3
a1,ref|NC_001133|,12566,C,T,15,65,23.08%,1.2266E-5
a1,ref|NC_001133|,12570,C,T,16,64,25%,5.2337E-6
a1,ref|NC_001133|,12594,A,T,20,75,26.67%,2.2117E-7
a1,ref|NC_001133|,12620,T,C,26,90,28.89%,1.8008E-9
a1,ref|NC_001133|,12642,T,A,5,95,5.26%,2.961E-2
a1,ref|NC_001133|,12662,T,C,7,98,7.14%,6.9928E-3
a1,ref|NC_001133|,12666,T,C,8,98,8.16%,3.3669E-3
a1,ref|NC_001133|,12668,T,C,35,94,37.23%,5.8356E-13
a1,ref|NC_001133|,12690,A,T,43,87,49.43%,1.0454E-16
a1,ref|NC_001133|,12716,C,T,18,83,21.69%,1.3582E-6
a1,ref|NC_001133|,23712,C,CA,9,22,40.91%,4.0786E-4
a1,ref|NC_001133|,25340,C,A,32,32,100%,5.4567E-19
a1,ref|NC_001133|,25851,G,A,8,18,44.44%,1.4461E-3
a1,ref|NC_001133|,25872,G,C,14,14,100%,2.4927E-8
a1,ref|NC_001133|,26058,T,C,10,10,100%,5.4125E-6
a1,ref|NC_001133|,26061,G,A,4,10,40%,4.3344E-2
a1,ref|NC_001133|,26238,T,C,6,43,13.95%,1.2967E-2
a1,ref|NC_001133|,26331,G,A,10,62,16.13%,6.5891E-4
a1,ref|NC_001133|,26373,C,T,5,38,13.16%,2.7169E-2
a1,ref|NC_001133|,26412,G,C,16,16,100%,1.6637E-9
a1,ref|NC_001133|,27126,T,C,10,10,100%,5.4125E-6
a1,ref|NC_001133|,27129,C,G,10,10,100%,5.4125E-6
a1,ref|NC_001133|,29408,T,G,8,25,32%,2.0146E-3
a1,ref|NC_001133|,45634,CT,C,6,36,16.67%,1.2087E-2
a1,ref|NC_001133|,55635,T,C,6,60,10%,1.3706E-2
a1,ref|NC_001133|,69828,CT,C,6,39,15.38%,1.238E-2
a1,ref|NC_001133|,70906,GA,G,9,42,21.43%,1.0185E-3
a1,ref|NC_001133|,74999,AT,A,6,39,15.38%,1.2628E-2
a1,ref|NC_001133|,75723,T,A,5,49,10.2%,2.8079E-2
a1,ref|NC_001133|,108747,G,GT,5,37,13.51%,2.706E-2
a1,ref|NC_001133|,126880,C,CTT,12,28,42.86%,1.4831E-5
a1,ref|NC_001133|,128103,AT,A,9,35,25.71%,1.0644E-3
a1,ref|NC_001133|,141135,A,T,35,35,100%,8.9137E-21
a1,ref|NC_001133|,143575,GA,G,5,43,11.63%,2.7465E-2
a1,ref|NC_001133|,147931,A,T,6,61,9.84%,1.3737E-2
a1,ref|NC_001133|,152105,C,CT,7,34,20.59%,5.1909E-3
a1,ref|NC_001133|,161280,A,G,8,28,28.57%,2.188E-3
a1,ref|NC_001133|,161379,G,A,10,44,22.73%,5.4972E-4
a1,ref|NC_001133|,161401,G,A,18,48,37.5%,5.3443E-7
a1,ref|NC_001133|,163774,C,G,10,10,100%,5.4125E-6
a1,ref|NC_001133|,176580,CT,C,5,40,12.5%,2.7371E-2
a1,ref|NC_001133|,183387,AC,A,26,28,92.86%,5.6872E-14
a1,ref|NC_001133|,188824,A,G,7,38,18.42%,5.7727E-3
a1,ref|NC_001133|,188881,G,C,9,44,20.45%,1.2408E-3
a1,ref|NC_001133|,188939,A,G,16,48,33.33%,3.4048E-6
a1,ref|NC_001133|,193631,A,T,46,46,100%,2.4343E-27
a1,ref|NC_001133|,194312,T,C,5,50,10%,2.8142E-2
a1,ref|NC_001133|,199811,T,G,37,37,100%,5.7269E-22
a1,ref|NC_001133|,199908,CT,C,9,40,22.5%,1.0857E-3
a1,ref|NC_001133|,206126,T,C,10,10,100%,5.4125E-6
a1,ref|NC_001133|,206129,A,C,10,10,100%,5.4125E-6
a1,ref|NC_001133|,206132,G,T,10,10,100%,5.4125E-6
a1,ref|NC_001133|,210818,A,T,44,44,100%,3.8097E-26
a1,ref|NC_001133|,211019,T,C,33,33,100%,1.3852E-19
a1,ref|NC_001133|,225080,TA,T,8,35,22.86%,2.4173E-3
a1,ref|NC_001133|,226914,AT,A,6,31,19.35%,1.1461E-2
a1,ref|NC_001134|,796,T,C,11,38,28.95%,2.1011E-4
a1,ref|NC_001134|,1528,G,A,11,71,15.49%,3.2124E-4
a1,ref|NC_001134|,1531,A,T,11,71,15.49%,3.2124E-4
a1,ref|NC_001134|,1532,G,T,11,71,15.49%,3.2124E-4
a1,ref|NC_001134|,5983,C,G,62,62,100%,6.5755E-37
a1,ref|NC_001134|,6440,G,C,38,38,100%,1.4508E-22
a1,ref|NC_001134|,7510,G,A,58,58,100%,1.6283E-34
a1,ref|NC_001134|,7511,G,A,58,58,100%,1.6283E-34
a1,ref|NC_001134|,7912,GA,G,49,51,96.08%,3.4484E-27
a1,ref|NC_001134|,9022,G,GA,19,56,33.93%,1.8161E-7
a1,ref|NC_001134|,15101,T,G,59,59,100%,4.1056E-35
a1,ref|NC_001134|,15510,G,T,51,51,100%,2.5024E-30
a1,ref|NC_001134|,15518,A,G,50,50,100%,9.9117E-30
a1,ref|NC_001134|,16380,C,T,60,60,100%,1.035E-35
a1,ref|NC_001134|,16392,A,G,60,60,100%,1.035E-35
a1,ref|NC_001134|,24053,G,GT,5,39,12.82%,2.706E-2
a1,ref|NC_001134|,30012,C,T,54,54,100%,4.0229E-32
a1,ref|NC_001134|,30050,A,G,46,46,100%,2.4343E-27
a1,ref|NC_001134|,30210,T,C,18,18,100%,1.1019E-10
a1,ref|NC_001134|,30723,G,A,12,12,100%,3.698E-7
a1,ref|NC_001134|,30754,G,A,11,11,100%,1.4176E-6
a1,ref|NC_001134|,30848,C,G,11,11,100%,1.4176E-6
a1,ref|NC_001134|,34298,G,A,14,14,100%,2.4927E-8
a1,ref|NC_001134|,35485,C,T,40,40,100%,9.3017E-24
a1,ref|NC_001134|,38757,T,TA,6,65,9.23%,1.3737E-2
a1,ref|NC_001134|,45219,CT,C,6,58,10.34%,1.3571E-2
a1,ref|NC_001134|,45956,A,AT,5,65,7.69%,2.8741E-2
a1,ref|NC_001134|,46701,G,T,5,52,9.62%,2.8261E-2
a1,ref|NC_001134|,51505,C,T,25,60,41.67%,1.2435E-9
a1,ref|NC_001134|,59755,T,C,55,55,100%,1.0149E-32
a1,ref|NC_001134|,62776,G,GA,5,56,8.93%,2.8423E-2
a1,ref|NC_001134|,68282,GTTA,G,8,56,14.29%,2.9874E-3
a1,ref|NC_001134|,72365,GCAA,G,5,44,11.36%,2.7721E-2
a1,ref|NC_001134|,84398,CA,C,7,63,11.11%,6.5333E-3
a1,ref|NC_001134|,88484,GGAGAA,G,55,62,88.71%,7.0943E-28
a1,ref|NC_001134|,96034,G,GA,5,61,8.2%,2.8473E-2
a1,ref|NC_001134|,105333,CT,C,5,56,8.93%,2.8261E-2
a1,ref|NC_001134|,115437,G,GA,9,51,17.65%,1.1791E-3
a1,ref|NC_001134|,122587,AT,A,8,41,19.51%,2.4931E-3
a1,ref|NC_001134|,127636,CT,C,10,47,21.28%,5.4972E-4
a1,ref|NC_001134|,137659,TA,T,10,34,29.41%,4.259E-4
a1,ref|NC_001134|,143864,GA,G,6,55,10.91%,1.3375E-2
a1,ref|NC_001134|,165902,C,CT,9,33,27.27%,7.4174E-4
a1,ref|NC_001134|,167978,C,CA,25,37,67.57%,1.3235E-11
a1,ref|NC_001134|,174714,AT,A,9,49,18.37%,1.1256E-3
a1,ref|NC_001134|,192232,C,CT,7,67,10.45%,6.5131E-3
a1,ref|NC_001134|,207021,GT,G,8,42,19.05%,2.5617E-3
a1,ref|NC_001134|,207736,T,G,5,55,9.09%,2.8423E-2
a1,ref|NC_001134|,221288,AGT,A,32,33,96.97%,4.7095E-18
a1,ref|NC_001134|,224654,C,T,6,46,13.04%,1.3136E-2
a1,ref|NC_001134|,251593,CT,C,6,48,12.5%,1.3136E-2
a1,ref|NC_001134|,259764,C,T,13,13,100%,9.6148E-8
a1,ref|NC_001134|,263144,GC,G,19,21,90.48%,4.7003E-10
a1,ref|NC_001134|,263153,C,T,18,18,100%,1.1019E-10
a1,ref|NC_001134|,263158,CG,C,18,18,100%,1.1019E-10
a1,ref|NC_001134|,263168,CG,C,23,23,100%,1.2146E-13
a1,ref|NC_001134|,292097,G,GA,5,64,7.81%,2.87E-2
a1,ref|NC_001134|,292118,GA,G,5,60,8.33%,2.8569E-2
a1,ref|NC_001134|,296125,AT,A,6,51,11.76%,1.2628E-2
a1,ref|NC_001134|,310448,C,CT,7,53,13.21%,6.2977E-3
a1,ref|NC_001134|,316693,C,CT,7,53,13.21%,6.2977E-3
a1,ref|NC_001134|,316949,CA,C,6,27,22.22%,9.828E-3
a1,ref|NC_001134|,320222,G,C,5,55,9.09%,2.8423E-2
a1,ref|NC_001134|,365817,T,A,7,68,10.29%,6.6426E-3
a1,ref|NC_001134|,383176,C,CG,36,40,90%,1.2627E-18
a1,ref|NC_001134|,386207,CA,C,11,61,18.03%,2.5227E-4
a1,ref|NC_001134|,387309,T,C,5,56,8.93%,2.8473E-2
a1,ref|NC_001134|,389421,GCT,G,50,57,87.72%,4.0113E-25
a1,ref|NC_001134|,406430,GA,G,5,43,11.63%,2.7371E-2
a1,ref|NC_001134|,415764,C,CT,8,49,16.33%,2.7573E-3
a1,ref|NC_001134|,424938,GT,G,7,59,11.86%,6.4016E-3
a1,ref|NC_001134|,425077,G,T,5,62,8.06%,2.8741E-2
a1,ref|NC_001134|,452435,C,CT,6,41,14.63%,1.2549E-2
a1,ref|NC_001134|,465779,AT,A,5,48,10.42%,2.8014E-2
a1,ref|NC_001134|,492950,GAA,G,9,38,23.68%,9.4048E-4
a1,ref|NC_001134|,499536,CA,C,7,36,19.44%,5.1909E-3
a1,ref|NC_001134|,505412,C,CA,6,35,17.14%,1.2287E-2
a1,ref|NC_001134|,526831,G,GA,5,55,9.09%,2.8261E-2
a1,ref|NC_001134|,539226,GA,G,5,48,10.42%,2.764E-2
a1,ref|NC_001134|,556210,GAT,G,5,54,9.26%,2.8317E-2
a1,ref|NC_001134|,559762,CAT,C,5,46,10.87%,2.7874E-2
a1,ref|NC_001134|,561222,GAA,G,6,40,15%,1.186E-2
a1,ref|NC_001134|,563012,A,AT,5,53,9.43%,2.8203E-2
a1,ref|NC_001134|,563031,GT,G,10,50,20%,5.0524E-4
a1,ref|NC_001134|,571328,C,CA,7,46,15.22%,5.6095E-3
a1,ref|NC_001134|,576030,TA,T,8,37,21.62%,2.3332E-3
a1,ref|NC_001134|,576063,A,C,5,43,11.63%,2.764E-2
a1,ref|NC_001134|,586331,TA,T,5,51,9.8%,2.7945E-2
a1,ref|NC_001134|,587008,T,C,5,48,10.42%,2.8014E-2
a1,ref|NC_001134|,604913,CT,C,6,64,9.38%,1.3796E-2
a1,ref|NC_001134|,628558,G,GT,5,39,12.82%,2.6944E-2
a1,ref|NC_001134|,680339,TA,T,5,51,9.8%,2.7721E-2
a1,ref|NC_001134|,698075,G,GA,7,43,16.28%,5.721E-3
a1,ref|NC_001134|,700169,A,AT,7,60,11.67%,6.3515E-3
a1,ref|NC_001134|,704438,TA,T,9,66,13.64%,1.4054E-3
a1,ref|NC_001134|,721265,G,GA,5,51,9.8%,2.7874E-2
a1,ref|NC_001134|,723663,C,CA,34,60,56.67%,8.4786E-15
a1,ref|NC_001134|,744718,G,GT,5,53,9.43%,2.8203E-2
a1,ref|NC_001134|,746362,CATCTGCA,C,51,56,91.07%,1.5231E-26
a1,ref|NC_001134|,751216,CA,C,8,58,13.79%,2.8658E-3
a1,ref|NC_001134|,784713,CT,C,5,50,10%,2.764E-2
a1,ref|NC_001134|,784824,GA,G,6,56,10.71%,1.3331E-2
a1,ref|NC_001134|,796545,CT,C,6,58,10.34%,1.3497E-2
a1,ref|NC_001134|,796621,TA,T,5,47,10.64%,2.7874E-2
a1,ref|NC_001134|,809484,C,CT,5,55,9.09%,2.8371E-2
a1,ref|NC_001134|,809794,AT,A,14,37,37.84%,5.4595E-6
a1,ref|NC_001135|,90,C,CA,5,23,21.74%,2.4548E-2
a1,ref|NC_001135|,97,CCA,C,5,35,14.29%,2.6412E-2
a1,ref|NC_001135|,127,A,ACACC,5,48,10.64%,2.7945E-2
a1,ref|NC_001135|,129,A,AC,6,40,15.38%,1.238E-2
a1,ref|NC_001135|,141,CCA,C,7,55,12.96%,6.3251E-3
a1,ref|NC_001135|,154,CCA,C,6,65,9.23%,1.3607E-2
a1,ref|NC_001135|,158,A,ACC,5,41,12.5%,2.6944E-2
a1,ref|NC_001135|,160,A,C,6,36,18.75%,1.186E-2
a1,ref|NC_001135|,171,C,CCACA,5,68,7.35%,2.878E-2
a1,ref|NC_001135|,184,A,AC,6,63,9.68%,1.3674E-2
a1,ref|NC_001135|,213,CA,C,7,72,9.86%,6.6905E-3
a1,ref|NC_001135|,219,AC,A,7,70,10.14%,6.6426E-3
a1,ref|NC_001135|,231,AC,A,7,58,12.5%,6.2092E-3
a1,ref|NC_001135|,233,C,A,13,33,40.62%,2.4825E-5
a1,ref|NC_001135|,245,CA,C,8,60,13.33%,3.045E-3
a1,ref|NC_001135|,272,A,AC,10,35,28.57%,3.9851E-4
a1,ref|NC_001135|,282,A,AC,5,43,11.63%,2.7465E-2
a1,ref|NC_001135|,302,CCA,C,6,52,11.54%,1.3375E-2
a1,ref|NC_001135|,308,AC,A,5,27,18.52%,2.5527E-2
a1,ref|NC_001135|,335,A,AC,5,43,11.63%,2.764E-2
a1,ref|NC_001135|,8353,C,CT,5,53,9.43%,2.8079E-2
a1,ref|NC_001135|,8575,CA,C,8,47,17.02%,2.5617E-3
a1,ref|NC_001135|,9181,A,AT,6,44,13.64%,1.2467E-2
a1,ref|NC_001135|,27658,TA,T,6,29,20.69%,8.837E-3
a1,ref|NC_001135|,42005,CA,C,6,34,17.65%,1.1145E-2
a1,ref|NC_001135|,44541,GA,G,8,35,22.86%,1.7241E-3
a1,ref|NC_001135|,54924,CA,C,9,55,16.36%,1.3495E-3
a1,ref|NC_001135|,57221,C,CA,6,33,18.18%,1.1736E-2
a1,ref|NC_001135|,84421,G,A,15,15,100%,6.4467E-9
a1,ref|NC_001135|,99797,G,A,14,43,32.56%,1.727E-5
a1,ref|NC_001135|,101876,C,CT,9,49,18.37%,1.1955E-3
a1,ref|NC_001135|,143131,T,C,52,52,100%,6.3169E-31
a1,ref|NC_001135|,162361,T,C,23,23,100%,1.2146E-13
a1,ref|NC_001135|,162396,G,C,32,32,100%,5.4567E-19
a1,ref|NC_001135|,162640,T,G,29,29,100%,3.3259E-17
a1,ref|NC_001135|,162694,G,A,33,33,100%,1.3852E-19
a1,ref|NC_001135|,162712,TA,T,35,37,94.59%,4.2437E-19
a1,ref|NC_001135|,163059,T,C,39,39,100%,3.6742E-23
a1,ref|NC_001135|,163163,G,GA,35,40,87.5%,4.2437E-19
a1,ref|NC_001135|,163192,A,AT,35,36,97.22%,8.3613E-20
a1,ref|NC_001135|,170412,GA,G,8,47,17.02%,2.8249E-3
a1,ref|NC_001135|,170621,T,A,6,41,14.63%,1.2841E-2
a1,ref|NC_001135|,193695,T,C,5,47,10.64%,2.7945E-2
a1,ref|NC_001135|,199081,G,A,28,28,100%,1.3074E-16
a1,ref|NC_001135|,211722,GA,G,6,40,15%,1.2549E-2
a1,ref|NC_001135|,224773,TTA,T,5,26,19.23%,2.531E-2
a1,ref|NC_001135|,231005,C,CT,7,38,18.42%,5.2713E-3
a1,ref|NC_001135|,242447,A,AT,9,40,22.5%,1.0857E-3
a1,ref|NC_001135|,247980,GTA,G,8,34,23.53%,2.3332E-3
a1,ref|NC_001135|,259986,GT,G,6,41,14.63%,1.2549E-2
a1,ref|NC_001135|,273025,GA,G,11,46,23.91%,2.2064E-4
a1,ref|NC_001135|,279390,AT,A,5,42,11.9%,2.7555E-2
a1,ref|NC_001135|,315517,CTA,C,6,28,21.43%,1.1461E-2
a1,ref|NC_001136|,7721,C,CA,25,26,96.15%,5.4444E-14
a1,ref|NC_001136|,13937,G,A,28,56,50%,3.9143E-11
a1,ref|NC_001136|,26586,A,T,6,69,8.7%,1.3952E-2
a1,ref|NC_001136|,27743,C,G,5,52,9.62%,2.8203E-2
a1,ref|NC_001136|,27747,A,G,12,59,20.34%,1.3121E-4
a1,ref|NC_001136|,43856,C,CT,8,52,15.38%,2.7573E-3
a1,ref|NC_001136|,57073,GA,G,8,63,12.7%,3.045E-3
a1,ref|NC_001136|,66048,GA,G,5,59,8.47%,2.8423E-2
a1,ref|NC_001136|,73087,T,A,6,77,7.79%,1.4124E-2
a1,ref|NC_001136|,76735,A,AT,8,70,11.43%,3.1516E-3
a1,ref|NC_001136|,92682,GA,G,5,39,12.82%,2.6093E-2
a1,ref|NC_001136|,95791,G,GT,7,70,10%,6.5904E-3
a1,ref|NC_001136|,99407,GA,G,8,77,10.39%,3.2002E-3
a1,ref|NC_001136|,105479,C,T,9,54,16.67%,1.3495E-3
a1,ref|NC_001136|,106907,AT,A,5,62,8.06%,2.8522E-2
a1,ref|NC_001136|,116123,C,CA,5,75,6.67%,2.9117E-2
a1,ref|NC_001136|,123792,TA,T,6,66,9.09%,1.3706E-2
a1,ref|NC_001136|,126537,C,CT,8,34,23.53%,2.1337E-3
a1,ref|NC_001136|,135456,CT,C,12,66,18.18%,1.23E-4
a1,ref|NC_001136|,169915,T,TA,6,41,14.63%,1.2773E-2
a1,ref|NC_001136|,190449,C,CT,6,61,9.84%,1.3706E-2
a1,ref|NC_001136|,194466,G,GT,7,71,9.86%,6.659E-3
a1,ref|NC_001136|,212440,G,GT,5,33,15.15%,2.5917E-2
a1,ref|NC_001136|,270194,C,CA,7,71,9.86%,6.5904E-3
a1,ref|NC_001136|,273629,GTT,G,19,55,34.55%,1.3525E-7
a1,ref|NC_001136|,283285,G,GA,6,81,7.41%,1.4124E-2
a1,ref|NC_001136|,286882,CT,C,6,61,9.84%,1.3706E-2
a1,ref|NC_001136|,292241,AC,A,5,63,7.94%,2.878E-2
a1,ref|NC_001136|,306573,AT,A,5,85,5.88%,2.9417E-2
a1,ref|NC_001136|,310293,G,GA,7,77,9.09%,6.7486E-3
a1,ref|NC_001136|,312518,C,CT,5,68,7.35%,2.8856E-2
a1,ref|NC_001136|,315072,CT,C,8,68,11.76%,3.0959E-3
a1,ref|NC_001136|,323677,GAT,G,9,38,23.68%,1.042E-3
a1,ref|NC_001136|,329641,TTA,T,6,41,14.63%,1.2773E-2
a1,ref|NC_001136|,336206,CT,C,11,60,18.33%,2.6733E-4
a1,ref|NC_001136|,344004,G,GTA,20,39,51.28%,9.197E-9
a1,ref|NC_001136|,344717,C,A,5,63,7.94%,2.878E-2
a1,ref|NC_001136|,355508,C,CT,5,51,9.8%,2.8014E-2
a1,ref|NC_001136|,357278,G,GT,7,63,11.11%,6.4484E-3
a1,ref|NC_001136|,364962,TA,T,6,49,12.24%,1.3082E-2
a1,ref|NC_001136|,369171,GA,G,8,78,10.26%,3.2264E-3
a1,ref|NC_001136|,369259,CA,C,8,64,12.5%,2.9557E-3
a1,ref|NC_001136|,382682,AT,A,5,95,5.26%,2.961E-2
a1,ref|NC_001136|,382863,A,T,5,74,6.76%,2.9146E-2
a1,ref|NC_001136|,386778,G,GT,5,55,9.09%,2.8371E-2
a1,ref|NC_001136|,394573,T,C,17,63,26.98%,2.193E-6
a1,ref|NC_001136|,399330,T,TATA,6,81,7.41%,1.4197E-2
a1,ref|NC_001136|,403511,G,GT,50,64,78.12%,2.5307E-23
a1,ref|NC_001136|,408171,C,CA,7,61,11.48%,6.377E-3
a1,ref|NC_001136|,410887,AT,A,6,63,9.52%,1.3706E-2
a1,ref|NC_001136|,436198,CT,C,8,63,12.7%,3.0172E-3
a1,ref|NC_001136|,450188,GTA,G,6,40,15%,1.2467E-2
a1,ref|NC_001136|,465667,C,CA,9,62,14.52%,1.4138E-3
a1,ref|NC_001136|,482472,GA,G,12,58,20.69%,1.1153E-4
a1,ref|NC_001136|,500361,A,T,6,69,8.7%,1.3952E-2
a1,ref|NC_001136|,511055,A,T,6,85,7.06%,1.4263E-2
a1,ref|NC_001136|,516692,C,G,5,58,8.62%,2.8569E-2
a1,ref|NC_001136|,519899,G,GT,8,51,15.69%,2.653E-3
a1,ref|NC_001136|,535450,G,A,9,135,6.67%,1.7019E-3
a1,ref|NC_001136|,538733,GTA,G,6,36,16.67%,1.1736E-2
a1,ref|NC_001136|,542558,C,CA,8,56,14.29%,2.9037E-3
a1,ref|NC_001136|,548546,G,GT,19,57,33.33%,1.3525E-7
a1,ref|NC_001136|,551819,C,CA,6,44,13.64%,1.2905E-2
a1,ref|NC_001136|,557391,A,G,17,75,22.67%,2.7475E-6
a1,ref|NC_001136|,557393,C,T,6,64,9.38%,1.3824E-2
a1,ref|NC_001136|,563497,C,CA,7,76,9.21%,6.7346E-3
a1,ref|NC_001136|,587839,CT,C,11,58,18.97%,2.3962E-4
a1,ref|NC_001136|,607042,G,GA,12,66,18.18%,1.23E-4
a1,ref|NC_001136|,621879,G,GA,13,72,18.06%,4.9906E-5
a1,ref|NC_001136|,622285,G,T,5,63,7.94%,2.878E-2
a1,ref|NC_001136|,658113,CT,C,8,79,10.13%,3.1909E-3
a1,ref|NC_001136|,658582,T,C,5,61,8.2%,2.87E-2
a1,ref|NC_001136|,668949,T,TA,6,49,12.24%,1.2841E-2
a1,ref|NC_001136|,680128,C,CT,6,76,7.89%,1.4084E-2
a1,ref|NC_001136|,688062,C,CTT,33,54,61.11%,1.8121E-15
a1,ref|NC_001136|,700468,GA,G,5,66,7.58%,2.8892E-2
a1,ref|NC_001136|,733497,A,AT,10,61,16.39%,6.4957E-4
a1,ref|NC_001136|,746353,C,CA,6,51,11.76%,1.3237E-2
a1,ref|NC_001136|,748524,T,TA,9,63,14.29%,1.3788E-3
a1,ref|NC_001136|,750992,A,T,5,70,7.14%,2.9026E-2
a1,ref|NC_001136|,757421,A,T,5,88,5.68%,2.948E-2
a1,ref|NC_001136|,757631,G,C,57,57,100%,6.4572E-34
a1,ref|NC_001136|,758738,C,T,6,85,7.06%,1.4263E-2
a1,ref|NC_001136|,791925,CA,C,5,45,11.11%,2.7721E-2
a1,ref|NC_001136|,800428,T,A,6,74,8.11%,1.4064E-2
a1,ref|NC_001136|,817531,T,TA,52,68,76.47%,1.2952E-24
a1,ref|NC_001136|,835638,GA,G,8,74,10.81%,3.1516E-3
a1,ref|NC_001136|,840422,AAT,A,5,44,11.36%,2.7555E-2
a1,ref|NC_001136|,851116,T,TA,7,62,11.29%,6.4707E-3
a1,ref|NC_001136|,864210,T,C,5,82,6.1%,2.9351E-2
a1,ref|NC_001136|,864867,CAT,C,6,38,15.79%,1.2467E-2
a1,ref|NC_001136|,870706,C,CT,5,66,7.58%,2.8819E-2
a1,ref|NC_001136|,879342,A,G,5,17,29.41%,2.2239E-2
a1,ref|NC_001136|,880697,A,G,38,39,97.44%,1.4697E-21
a1,ref|NC_001136|,884286,AT,A,5,70,7.14%,2.8994E-2
a1,ref|NC_001136|,884572,CT,C,14,61,22.95%,2.2247E-5
a1,ref|NC_001136|,892532,CA,C,5,66,7.58%,2.8741E-2
a1,ref|NC_001136|,894993,CA,C,6,81,7.41%,1.4161E-2
a1,ref|NC_001136|,904369,A,T,5,60,8.33%,2.8658E-2
a1,ref|NC_001136|,909727,AT,A,9,57,15.79%,1.2935E-3
a1,ref|NC_001136|,921813,C,CA,5,36,13.89%,2.5729E-2
a1,ref|NC_001136|,929454,GA,G,5,78,6.41%,2.9228E-2
a1,ref|NC_001136|,930964,CAT,C,5,50,10%,2.8014E-2
a1,ref|NC_001136|,938783,G,T,5,74,6.76%,2.9146E-2
a1,ref|NC_001136|,955986,G,GA,13,70,18.57%,5.9784E-5
a1,ref|NC_001136|,966520,TA,T,10,42,23.81%,4.9525E-4
a1,ref|NC_001136|,973579,C,A,5,70,7.14%,2.9026E-2
a1,ref|NC_001136|,974680,AT,A,5,51,9.8%,2.8142E-2
a1,ref|NC_001136|,987244,G,A,21,24,87.5%,9.0704E-11
a1,ref|NC_001136|,987440,C,T,6,45,13.33%,1.3082E-2
a1,ref|NC_001136|,987473,T,C,6,51,11.76%,1.3375E-2
a1,ref|NC_001136|,1002291,AT,A,6,67,8.96%,1.3903E-2
a1,ref|NC_001136|,1007254,C,G,9,63,14.29%,1.4373E-3
a1,ref|NC_001136|,1015989,G,GA,8,58,13.79%,2.9216E-3
a1,ref|NC_001136|,1034727,CA,C,5,73,6.85%,2.9117E-2
a1,ref|NC_001136|,1054847,A,AT,7,62,11.29%,6.4922E-3
a1,ref|NC_001136|,1057929,A,AT,5,71,7.04%,2.9058E-2
a1,ref|NC_001136|,1079010,AT,A,9,55,16.36%,1.1955E-3
a1,ref|NC_001136|,1084521,G,GA,10,84,11.9%,7.2404E-4
a1,ref|NC_001136|,1084685,GA,G,6,70,8.57%,1.3824E-2
a1,ref|NC_001136|,1090113,G,GA,8,53,15.09%,2.7573E-3
a1,ref|NC_001136|,1101983,CT,C,10,56,17.86%,5.9987E-4
a1,ref|NC_001136|,1105909,AT,A,9,71,12.68%,1.4219E-3
a1,ref|NC_001136|,1108600,GA,G,10,79,12.66%,7.0212E-4
a1,ref|NC_001136|,1135689,GA,G,5,60,8.33%,2.8569E-2
a1,ref|NC_001136|,1150910,A,AG,62,69,89.86%,9.2541E-32
a1,ref|NC_001136|,1156096,CT,C,5,50,10%,2.7945E-2
a1,ref|NC_001136|,1156457,TA,T,8,51,15.69%,2.8658E-3
a1,ref|NC_001136|,1173811,A,G,8,50,16%,2.8851E-3
a1,ref|NC_001136|,1173812,A,G,10,53,18.87%,6.1215E-4
a1,ref|NC_001136|,1178330,C,CT,8,49,16.33%,2.7573E-3
a1,ref|NC_001136|,1215342,C,T,5,45,11.11%,2.7799E-2
a1,ref|NC_001136|,1240959,G,GA,8,61,13.11%,3.045E-3
a1,ref|NC_001136|,1242276,GA,G,6,79,7.59%,1.4021E-2
a1,ref|NC_001136|,1253397,T,C,76,76,100%,2.711E-45
a1,ref|NC_001136|,1254534,A,AT,6,67,8.96%,1.3877E-2
a1,ref|NC_001136|,1263120,CT,C,9,61,14.75%,1.4054E-3
a1,ref|NC_001136|,1269708,AT,A,5,78,6.41%,2.9254E-2
a1,ref|NC_001136|,1278545,G,GA,5,73,6.85%,2.8994E-2
a1,ref|NC_001136|,1305680,TG,T,51,54,94.44%,1.1771E-27
a1,ref|NC_001136|,1307967,T,C,14,14,100%,2.4927E-8
a1,ref|NC_001136|,1321982,CAT,C,7,36,19.44%,5.2713E-3
a1,ref|NC_001136|,1339337,T,A,7,58,12.07%,6.4484E-3
a1,ref|NC_001136|,1341641,TC,T,8,51,15.69%,2.8851E-3
a1,ref|NC_001136|,1363628,T,C,5,64,7.81%,2.8819E-2
a1,ref|NC_001136|,1385471,CAT,C,6,49,12.24%,1.3136E-2
a1,ref|NC_001136|,1387851,A,T,5,70,7.14%,2.9026E-2
a1,ref|NC_001136|,1388828,T,TA,5,77,6.49%,2.9201E-2
a1,ref|NC_001136|,1402305,C,T,56,56,100%,2.5602E-33
a1,ref|NC_001136|,1412225,G,GA,12,82,14.63%,1.4827E-4
a1,ref|NC_001136|,1431852,G,C,10,34,29.41%,4.51E-4
a1,ref|NC_001136|,1433710,A,T,58,58,100%,1.6283E-34
a1,ref|NC_001136|,1439101,T,A,5,69,7.25%,2.8994E-2
a1,ref|NC_001136|,1466418,GT,G,11,69,15.94%,2.925E-4
a1,ref|NC_001136|,1468506,C,CA,10,51,19.61%,5.9342E-4
a1,ref|NC_001136|,1474784,AT,A,13,58,22.41%,4.4424E-5
a1,ref|NC_001136|,1494413,C,CA,10,67,14.93%,6.5891E-4
a1,ref|NC_001136|,1501055,GA,G,5,65,7.69%,2.878E-2
a1,ref|NC_001136|,1515034,TA,T,33,37,89.19%,5.7997E-17
a1,ref|NC_001136|,1517680,G,GT,6,64,9.38%,1.3706E-2
a1,ref|NC_001136|,1518948,G,GT,30,43,69.77%,2.043E-13
a1,ref|NC_001136|,1524974,A,G,50,50,100%,9.9117E-30
a1,ref|NC_001136|,1525313,T,G,10,10,100%,5.4125E-6
a1,ref|NC_001137|,14724,CA,C,8,43,18.6%,2.5282E-3
a1,ref|NC_001137|,21321,TA,T,14,49,28.57%,1.407E-5
a1,ref|NC_001137|,31460,CAT,C,6,46,13.04%,1.3026E-2
a1,ref|NC_001137|,33468,G,T,5,67,7.46%,2.8927E-2
a1,ref|NC_001137|,33475,CT,C,7,66,10.61%,6.4922E-3
a1,ref|NC_001137|,48384,T,C,57,57,100%,6.4572E-34
a1,ref|NC_001137|,61686,C,CT,10,49,20.41%,5.5766E-4
a1,ref|NC_001137|,64154,CT,C,8,52,15.38%,2.8658E-3
a1,ref|NC_001137|,65293,GA,G,7,41,17.07%,5.3469E-3
a1,ref|NC_001137|,86488,C,CA,5,35,14.29%,2.5527E-2
a1,ref|NC_001137|,100573,T,TA,5,33,15.15%,2.531E-2
a1,ref|NC_001137|,115403,TG,T,5,58,8.62%,2.8569E-2
a1,ref|NC_001137|,116028,G,A,19,19,100%,2.8292E-11
a1,ref|NC_001137|,116086,G,A,34,34,100%,3.5146E-20
a1,ref|NC_001137|,116577,G,A,42,42,100%,5.9562E-25
a1,ref|NC_001137|,116644,G,T,46,46,100%,2.4343E-27
a1,ref|NC_001137|,148091,GA,G,5,43,11.63%,2.764E-2
a1,ref|NC_001137|,154531,T,A,52,52,100%,6.3169E-31
a1,ref|NC_001137|,159027,CA,C,13,50,26%,4.0777E-5
a1,ref|NC_001137|,196609,TA,T,5,41,12.2%,2.6944E-2
a1,ref|NC_001137|,212029,C,CA,8,58,13.79%,3.0172E-3
a1,ref|NC_001137|,233684,CT,C,6,56,10.71%,1.3571E-2
a1,ref|NC_001137|,243665,GA,G,12,49,24.49%,9.0046E-5
a1,ref|NC_001137|,251561,GA,G,5,46,10.87%,2.764E-2
a1,ref|NC_001137|,258177,G,GA,5,47,10.64%,2.7799E-2
a1,ref|NC_001137|,261464,C,CA,8,37,21.62%,2.1337E-3
a1,ref|NC_001137|,268335,G,GA,7,39,17.95%,5.4855E-3
a1,ref|NC_001137|,272558,GT,G,29,36,80.56%,9.1482E-15
a1,ref|NC_001137|,305701,C,CA,8,49,16.33%,2.7573E-3
a1,ref|NC_001137|,305799,C,CT,9,46,19.57%,1.2263E-3
a1,ref|NC_001137|,309004,GTCA,G,5,43,11.63%,2.7555E-2
a1,ref|NC_001137|,319639,TA,T,5,54,9.26%,2.8261E-2
a1,ref|NC_001137|,335941,A,G,13,48,27.08%,4.7798E-5
a1,ref|NC_001137|,352394,A,G,48,48,100%,1.554E-28
a1,ref|NC_001137|,382298,A,AT,4,18,22.22%,4.5113E-2
a1,ref|NC_001137|,382523,CA,C,5,33,15.15%,2.4823E-2
a1,ref|NC_001137|,404488,C,CT,7,40,17.5%,5.3469E-3
a1,ref|NC_001137|,416051,GCT,G,5,50,10%,2.8142E-2
a1,ref|NC_001137|,430559,C,CA,6,59,10.17%,1.3417E-2
a1,ref|NC_001137|,468982,CT,C,7,66,10.61%,6.5904E-3
a1,ref|NC_001137|,484821,GATATTGCGTCTC,G,6,61,9.84%,1.3737E-2
a1,ref|NC_001137|,498937,G,GA,7,65,10.77%,6.5904E-3
a1,ref|NC_001137|,512169,C,CT,6,65,9.23%,1.3767E-2
a1,ref|NC_001137|,517529,T,C,41,41,100%,2.3541E-24
a1,ref|NC_001137|,520781,G,GA,8,62,12.9%,3.0172E-3
a1,ref|NC_001137|,535248,G,GT,5,55,9.09%,2.8261E-2
a1,ref|NC_001137|,544413,G,C,6,37,16.22%,1.2549E-2
a1,ref|NC_001138|,11068,CT,C,9,50,18%,1.2682E-3
a1,ref|NC_001138|,12416,T,A,28,81,34.57%,2.1978E-10
a1,ref|NC_001138|,54494,G,GT,7,40,17.5%,5.721E-3
a1,ref|NC_001138|,59525,A,T,5,37,13.51%,2.706E-2
a1,ref|NC_001138|,75912,C,CT,5,37,13.51%,2.6693E-2
a1,ref|NC_001138|,78010,CAT,C,6,37,16.22%,1.2549E-2
a1,ref|NC_001138|,97864,C,CTT,29,35,82.86%,2.6212E-16
a1,ref|NC_001138|,97984,T,C,5,45,11.11%,2.7799E-2
a1,ref|NC_001138|,99153,C,CA,6,48,12.5%,1.3082E-2
a1,ref|NC_001138|,104577,TA,T,6,29,20.69%,1.1461E-2
a1,ref|NC_001138|,106277,C,CTT,15,23,65.22%,2.5053E-7
a1,ref|NC_001138|,155985,GT,G,8,33,24.24%,2.188E-3
a1,ref|NC_001138|,210067,A,AT,9,31,29.03%,8.4928E-4
a1,ref|NC_001138|,226131,C,CA,7,39,17.95%,5.721E-3
a1,ref|NC_001138|,234761,A,T,5,70,7.14%,2.9026E-2
a1,ref|NC_001138|,247549,A,T,5,37,13.51%,2.706E-2
a1,ref|NC_001138|,262244,C,CA,5,53,9.43%,2.8203E-2
a1,ref|NC_001139|,214,A,AC,39,40,97.5%,3.8137E-22
a1,ref|NC_001139|,8151,G,GA,63,73,86.3%,4.1364E-31
a1,ref|NC_001139|,46077,T,C,13,49,26.53%,4.8866E-5
a1,ref|NC_001139|,56225,C,CT,6,69,8.7%,1.3903E-2
a1,ref|NC_001139|,76639,T,C,10,34,29.41%,4.51E-4
a1,ref|NC_001139|,76709,GA,G,5,49,10.2%,2.7945E-2
a1,ref|NC_001139|,84763,CT,C,8,64,12.5%,3.0583E-3
a1,ref|NC_001139|,102487,TA,T,9,65,13.85%,1.388E-3
a1,ref|NC_001139|,124375,G,GA,10,53,18.87%,5.8675E-4
a1,ref|NC_001139|,151550,C,A,5,68,7.35%,2.8961E-2
a1,ref|NC_001139|,154579,TA,T,6,39,15.38%,1.2087E-2
a1,ref|NC_001139|,159373,GA,G,5,50,10%,2.8079E-2
a1,ref|NC_001139|,167250,CA,C,7,40,17.5%,5.3469E-3
a1,ref|NC_001139|,167622,C,CA,9,44,20.45%,1.1442E-3
a1,ref|NC_001139|,190778,GA,G,6,55,10.91%,1.3285E-2
a1,ref|NC_001139|,230790,C,T,6,70,8.57%,1.3976E-2
a1,ref|NC_001139|,272291,GAT,G,7,43,16.28%,5.8219E-3
a1,ref|NC_001139|,274698,CTA,C,6,38,15.79%,1.2628E-2
a1,ref|NC_001139|,278779,CT,C,6,44,13.64%,1.2628E-2
a1,ref|NC_001139|,281605,A,AT,6,40,15%,1.238E-2
a1,ref|NC_001139|,307179,CAT,C,5,34,14.71%,2.6693E-2
a1,ref|NC_001139|,311033,GA,G,5,68,7.35%,2.8961E-2
a1,ref|NC_001139|,311589,C,A,66,66,100%,2.6498E-39
a1,ref|NC_001139|,323361,A,AT,11,46,23.91%,1.8662E-4
a1,ref|NC_001139|,326269,C,CA,8,49,16.33%,2.653E-3
a1,ref|NC_001139|,366778,TA,T,16,47,34.04%,2.4696E-6
a1,ref|NC_001139|,371569,G,A,49,49,100%,3.925E-29
a1,ref|NC_001139|,386978,C,G,54,54,100%,4.0229E-32
a1,ref|NC_001139|,386979,G,C,55,55,100%,1.0149E-32
a1,ref|NC_001139|,397834,GA,G,18,50,36%,1.1154E-7
a1,ref|NC_001139|,399188,T,C,6,78,7.69%,1.4142E-2
a1,ref|NC_001139|,400550,G,GT,11,40,27.5%,1.7351E-4
a1,ref|NC_001139|,401674,C,A,63,63,100%,1.657E-37
a1,ref|NC_001139|,401698,T,A,60,60,100%,1.035E-35
a1,ref|NC_001139|,404474,A,AG,34,37,91.89%,5.6582E-18
a1,ref|NC_001139|,404522,T,TG,45,47,95.74%,7.2338E-25
a1,ref|NC_001139|,404935,C,G,55,55,100%,1.0149E-32
a1,ref|NC_001139|,404936,G,C,55,55,100%,1.0149E-32
a1,ref|NC_001139|,405085,CG,C,44,45,97.78%,4.4304E-25
a1,ref|NC_001139|,438696,C,CA,5,45,11.11%,2.7721E-2
a1,ref|NC_001139|,438823,A,AT,5,70,7.14%,2.8892E-2
a1,ref|NC_001139|,440441,CA,C,8,64,12.5%,3.045E-3
a1,ref|NC_001139|,460295,A,T,5,51,9.8%,2.8203E-2
a1,ref|NC_001139|,483131,TA,T,6,43,13.95%,1.2841E-2
a1,ref|NC_001139|,484095,CT,C,5,51,9.8%,2.7945E-2
a1,ref|NC_001139|,496729,T,TA,46,61,75.41%,5.4016E-22
a1,ref|NC_001139|,515600,T,C,6,32,18.75%,1.2087E-2
a1,ref|NC_001139|,515601,G,A,5,30,16.67%,2.6093E-2
a1,ref|NC_001139|,530034,A,C,8,13,61.54%,8.238E-4
a1,ref|NC_001139|,558992,A,G,5,46,10.87%,2.7874E-2
a1,ref|NC_001139|,582530,T,TA,11,55,20%,2.6733E-4
a1,ref|NC_001139|,609109,TA,T,5,66,7.58%,2.8741E-2
a1,ref|NC_001139|,611510,CA,C,5,55,9.09%,2.8203E-2
a1,ref|NC_001139|,611579,CTT,C,5,47,10.64%,2.7371E-2
a1,ref|NC_001139|,615925,T,A,5,54,9.26%,2.8371E-2
a1,ref|NC_001139|,616171,AT,A,6,44,13.64%,1.2773E-2
a1,ref|NC_001139|,639673,GA,G,8,43,18.6%,2.4931E-3
a1,ref|NC_001139|,640617,CT,C,5,33,15.15%,2.4248E-2
a1,ref|NC_001139|,649555,GT,G,9,69,13.04%,1.4657E-3
a1,ref|NC_001139|,678070,CT,C,8,49,16.33%,2.7808E-3
a1,ref|NC_001139|,678167,C,CA,7,50,14%,6.2092E-3
a1,ref|NC_001139|,700000,AT,A,8,29,27.59%,1.8791E-3
a1,ref|NC_001139|,733109,AT,A,7,40,17.5%,5.4182E-3
a1,ref|NC_001139|,736553,T,TA,7,40,17.5%,5.721E-3
a1,ref|NC_001139|,742157,CT,C,7,29,24.14%,4.7006E-3
a1,ref|NC_001139|,760519,CTGATAT,C,5,70,7.14%,2.9026E-2
a1,ref|NC_001139|,765774,GA,G,8,83,9.64%,3.2002E-3
a1,ref|NC_001139|,774766,C,CT,5,60,8.33%,2.8473E-2
a1,ref|NC_001139|,775075,G,A,5,86,5.81%,2.9439E-2
a1,ref|NC_001139|,807865,C,CA,9,51,17.65%,1.1256E-3
a1,ref|NC_001139|,808386,CTA,C,5,51,9.8%,2.7945E-2
a1,ref|NC_001139|,834033,A,AT,7,64,10.94%,6.5529E-3
a1,ref|NC_001139|,839389,A,G,5,90,5.56%,2.9519E-2
a1,ref|NC_001139|,840600,GA,G,13,47,27.66%,4.324E-5
a1,ref|NC_001139|,848540,GA,G,8,48,16.67%,2.7573E-3
a1,ref|NC_001139|,850800,GA,G,7,62,11.29%,6.4016E-3
a1,ref|NC_001139|,856430,CA,C,8,47,17.02%,2.7074E-3
a1,ref|NC_001139|,872555,G,A,6,41,14.63%,1.2841E-2
a1,ref|NC_001139|,899782,T,TA,8,55,14.55%,2.9037E-3
a1,ref|NC_001139|,914928,GA,G,6,67,8.96%,1.3903E-2
a1,ref|NC_001139|,919773,G,GA,5,71,7.04%,2.9026E-2
a1,ref|NC_001139|,949251,CTA,C,7,69,10.14%,6.6426E-3
a1,ref|NC_001139|,959779,AAT,A,5,51,9.8%,2.8079E-2
a1,ref|NC_001139|,968722,A,AT,8,64,12.5%,3.0837E-3
a1,ref|NC_001139|,968891,C,CT,7,61,11.48%,6.3515E-3
a1,ref|NC_001139|,974302,GA,G,5,68,7.35%,2.8892E-2
a1,ref|NC_001139|,977899,T,TA,6,49,12.24%,1.3188E-2
a1,ref|NC_001139|,979212,G,T,5,83,6.02%,2.9373E-2
a1,ref|NC_001139|,985722,AT,A,11,53,20.75%,2.0455E-4
a1,ref|NC_001139|,989675,A,AT,10,54,18.52%,5.9987E-4
a1,ref|NC_001139|,999559,T,TA,5,54,9.26%,2.8142E-2
a1,ref|NC_001139|,1002673,A,G,55,55,100%,1.0149E-32
a1,ref|NC_001139|,1006277,G,C,57,57,100%,6.4572E-34
a1,ref|NC_001139|,1006278,C,G,57,57,100%,6.4572E-34
a1,ref|NC_001139|,1006279,G,C,57,57,100%,6.4572E-34
a1,ref|NC_001139|,1011080,G,GA,6,52,11.54%,1.3237E-2
a1,ref|NC_001139|,1011803,G,GT,5,45,11.11%,2.7465E-2
a1,ref|NC_001139|,1021962,CT,C,5,72,6.94%,2.8961E-2
a1,ref|NC_001139|,1029509,A,T,5,57,8.77%,2.8522E-2
a1,ref|NC_001139|,1038760,C,CT,5,69,7.25%,2.8961E-2
a1,ref|NC_001139|,1043766,CAT,C,6,27,22.22%,1.1309E-2
a1,ref|NC_001139|,1050785,A,AT,5,74,6.76%,2.9088E-2
a1,ref|NC_001139|,1051832,C,CT,7,58,12.07%,6.377E-3
a1,ref|NC_001139|,1054988,G,A,11,60,18.33%,2.9526E-4
a1,ref|NC_001139|,1073937,C,CA,7,88,7.95%,6.8485E-3
a1,ref|NC_001139|,1081039,AT,A,8,53,15.09%,2.8457E-3
a1,ref|NC_001140|,93,TA,T,13,17,76.47%,8.7675E-7
a1,ref|NC_001140|,1846,A,G,21,37,56.76%,8.5014E-9
a1,ref|NC_001140|,2292,G,GC,11,23,47.83%,8.2399E-5
a1,ref|NC_001140|,17534,A,AT,40,51,78.43%,2.2074E-19
a1,ref|NC_001140|,38647,C,CT,5,44,11.36%,2.7555E-2
a1,ref|NC_001140|,49221,T,A,5,38,13.16%,2.7169E-2
a1,ref|NC_001140|,56206,GA,G,5,51,9.8%,2.8142E-2
a1,ref|NC_001140|,58900,CT,C,6,39,15.38%,1.2549E-2
a1,ref|NC_001140|,71906,CT,C,6,42,14.29%,1.2549E-2
a1,ref|NC_001140|,75976,A,AAT,6,33,18.18%,1.1603E-2
a1,ref|NC_001140|,78883,TA,T,5,40,12.5%,2.706E-2
a1,ref|NC_001140|,81858,CA,C,5,23,21.74%,2.2239E-2
a1,ref|NC_001140|,85508,TTA,T,39,44,88.64%,7.2647E-20
a1,ref|NC_001140|,111530,C,CTA,6,41,14.63%,1.2467E-2
a1,ref|NC_001140|,115390,AT,A,9,63,14.29%,1.4297E-3
a1,ref|NC_001140|,120062,G,GT,5,33,15.15%,2.6557E-2
a1,ref|NC_001140|,125832,GA,G,6,45,13.33%,1.2549E-2
a1,ref|NC_001140|,168456,C,G,6,42,14.29%,1.2905E-2
a1,ref|NC_001140|,170619,TA,T,5,54,9.26%,2.8142E-2
a1,ref|NC_001140|,171028,T,A,5,53,9.43%,2.8317E-2
a1,ref|NC_001140|,173119,G,GA,7,47,14.89%,6.0363E-3
a1,ref|NC_001140|,182195,T,C,5,42,11.9%,2.7555E-2
a1,ref|NC_001140|,187029,G,GA,6,58,10.34%,1.3026E-2
a1,ref|NC_001140|,187814,G,GA,9,54,16.67%,1.3391E-3
a1,ref|NC_001140|,193544,A,AT,5,45,11.11%,2.7799E-2
a1,ref|NC_001140|,214256,C,CT,57,376,15.16%,4.5673E-19
a1,ref|NC_001140|,229199,GA,G,10,37,27.03%,3.9851E-4
a1,ref|NC_001140|,234753,AT,A,7,54,12.96%,6.1774E-3
a1,ref|NC_001140|,271769,G,GT,5,55,9.09%,2.8261E-2
a1,ref|NC_001140|,290867,A,T,5,60,8.33%,2.8658E-2
a1,ref|NC_001140|,293272,TAA,T,5,28,17.86%,2.3921E-2
a1,ref|NC_001140|,314725,CAT,C,5,53,9.43%,2.8261E-2
a1,ref|NC_001140|,375509,TA,T,5,54,9.26%,2.8261E-2
a1,ref|NC_001140|,387090,AT,A,11,41,26.83%,2.1011E-4
a1,ref|NC_001140|,396945,GA,G,6,34,17.65%,1.1736E-2
a1,ref|NC_001140|,417054,G,A,31,31,100%,2.1486E-18
a1,ref|NC_001140|,459034,T,C,45,46,97.83%,1.1441E-25
a1,ref|NC_001140|,475549,CA,C,5,50,10%,2.7721E-2
a1,ref|NC_001140|,475931,TTA,T,17,32,53.12%,2.1913E-7
a1,ref|NC_001140|,508790,T,G,6,31,19.35%,1.1977E-2
a1,ref|NC_001140|,508800,CA,C,5,26,19.23%,2.3921E-2
a1,ref|NC_001140|,511255,C,T,46,46,100%,2.4343E-27
a1,ref|NC_001140|,512044,C,T,5,64,7.81%,2.8819E-2
a1,ref|NC_001140|,518745,C,CA,6,45,13.33%,1.2773E-2
a1,ref|NC_001140|,551717,TA,T,7,29,24.14%,4.7006E-3
a1,ref|NC_001140|,554072,TA,T,5,47,10.64%,2.7721E-2
a1,ref|NC_001140|,556858,G,GT,5,28,17.86%,2.5729E-2
a1,ref|NC_001140|,556888,GGT,G,5,33,15.15%,2.6557E-2
a1,ref|NC_001140|,556939,T,G,11,43,25.58%,2.3512E-4
a1,ref|NC_001140|,556967,G,GT,10,44,22.73%,5.4972E-4
a1,ref|NC_001140|,562369,A,G,17,123,13.82%,4.2161E-6
a1,ref|NC_001140|,562374,G,A,13,126,10.32%,8.8126E-5
a1,ref|NC_001140|,562385,AT,A,14,121,11.57%,3.8929E-5
a1,ref|NC_001140|,562424,A,T,7,121,5.79%,7.1459E-3
a1,ref|NC_001140|,562425,G,A,7,121,5.79%,7.1459E-3
a1,ref|NC_001140|,562440,A,G,35,119,29.41%,1.5417E-12
a1,ref|NC_001140|,562443,A,G,35,117,29.91%,1.4527E-12
a1,ref|NC_001140|,562466,GGT,G,15,129,11.63%,1.9823E-5
a1,ref|NC_001140|,562484,T,TG,20,71,28.57%,1.8526E-7
a1,ref|NC_001140|,562485,GT,G,8,52,15.69%,2.9037E-3
a1,ref|NC_001140|,562486,T,G,7,75,10.94%,6.5719E-3
a1,ref|NC_001140|,562498,GT,G,20,91,21.98%,2.9539E-7
a1,ref|NC_001140|,562503,TGG,T,6,86,7.06%,1.4247E-2
a1,ref|NC_001140|,562511,G,GT,9,80,12.16%,1.4972E-3
a1,ref|NC_001140|,562515,TG,T,11,83,14.29%,3.3091E-4
a1,ref|NC_001140|,562521,TG,T,6,105,5.71%,1.452E-2
a1,ref|NC_001140|,562523,G,GT,6,107,5.61%,1.454E-2
a1,ref|NC_001140|,562527,T,TG,8,107,7.55%,3.397E-3
a1,ref|NC_001140|,562538,TG,T,10,101,10%,7.6512E-4
a1,ref|NC_001140|,562539,GGT,G,11,85,12.94%,3.4273E-4
a1,ref|NC_001140|,562552,GGT,G,13,95,13.98%,7.7431E-5
a1,ref|NC_001140|,562553,GT,G,6,72,8.45%,1.3999E-2
a1,ref|NC_001140|,562578,TGTG,T,5,45,11.11%,2.7799E-2
a1,ref|NC_001140|,562582,GT,G,5,23,21.74%,2.4248E-2
a1,ref|NC_001140|,562589,GGT,G,6,35,17.65%,1.2087E-2
a1,ref|NC_001140|,562601,T,TG,7,43,16.28%,5.9972E-3
a1,ref|NC_001140|,562606,TG,T,5,36,14.29%,2.6557E-2
a1,ref|NC_001140|,562608,GT,G,5,19,27.78%,2.2239E-2
a1,ref|NC_001141|,22273,T,TC,11,13,84.62%,1.0096E-5
a1,ref|NC_001141|,23082,TG,T,10,11,90.91%,1.7011E-5
a1,ref|NC_001141|,25376,C,T,6,56,10.71%,1.3571E-2
a1,ref|NC_001141|,25418,T,C,21,68,30.88%,7.6659E-8
a1,ref|NC_001141|,25586,T,C,24,73,32.88%,6.1761E-9
a1,ref|NC_001141|,25593,C,T,19,64,29.69%,3.9716E-7
a1,ref|NC_001141|,25594,T,A,18,65,27.69%,9.4974E-7
a1,ref|NC_001141|,28138,CT,C,6,58,10.34%,1.3641E-2
a1,ref|NC_001141|,39373,T,TA,30,32,93.75%,3.0612E-16
a1,ref|NC_001141|,51552,C,CT,7,49,14.29%,6.1097E-3
a1,ref|NC_001141|,57277,C,CA,15,28,53.57%,5.4994E-7
a1,ref|NC_001141|,105433,A,AAAT,33,40,82.5%,5.85E-16
a1,ref|NC_001141|,137906,G,GA,6,42,14.29%,1.2773E-2
a1,ref|NC_001141|,138429,AC,A,7,18,38.89%,3.3988E-3
a1,ref|NC_001141|,144091,T,C,5,20,25%,2.3562E-2
a1,ref|NC_001141|,149970,TG,T,5,51,9.8%,2.8203E-2
a1,ref|NC_001141|,151193,G,GA,5,39,12.82%,2.6822E-2
a1,ref|NC_001141|,160843,TA,T,5,52,9.62%,2.8079E-2
a1,ref|NC_001141|,163245,AT,A,7,37,18.92%,5.3469E-3
a1,ref|NC_001141|,183251,C,CT,8,31,25.81%,2.0146E-3
a1,ref|NC_001141|,204781,TA,T,8,42,19.05%,2.5935E-3
a1,ref|NC_001141|,228211,A,G,5,42,11.9%,2.7555E-2
a1,ref|NC_001141|,233034,CT,C,5,52,9.62%,2.8203E-2
a1,ref|NC_001141|,241032,G,GA,9,40,22.5%,9.9376E-4
a1,ref|NC_001141|,245962,CT,C,13,36,36.11%,1.9812E-5
a1,ref|NC_001141|,254003,TA,T,24,34,70.59%,8.7205E-11
a1,ref|NC_001141|,257480,CA,C,8,48,16.67%,2.8249E-3
a1,ref|NC_001141|,267870,TA,T,7,46,15.22%,6.0363E-3
a1,ref|NC_001141|,290193,GAA,G,6,39,15.38%,1.1977E-2
a1,ref|NC_001141|,314034,G,A,5,45,11.11%,2.7799E-2
a1,ref|NC_001141|,316767,A,T,5,50,10%,2.8142E-2
a1,ref|NC_001141|,316875,A,T,5,61,8.2%,2.87E-2
a1,ref|NC_001141|,318694,T,A,41,41,100%,2.3541E-24
a1,ref|NC_001141|,339225,C,CT,4,18,22.22%,4.8889E-2
a1,ref|NC_001141|,370195,AT,A,10,47,21.28%,4.7404E-4
a1,ref|NC_001141|,375747,A,T,38,45,84.44%,1.2885E-18
a1,ref|NC_001141|,379890,T,TA,5,41,12.2%,2.7465E-2
a1,ref|NC_001141|,380935,G,GA,8,44,18.18%,2.7074E-3
a1,ref|NC_001141|,384315,CA,C,6,37,16.22%,1.2467E-2
a1,ref|NC_001141|,385640,AT,A,7,37,18.92%,5.3469E-3
a1,ref|NC_001141|,394507,T,A,7,38,18.42%,5.7727E-3
a1,ref|NC_001142|,28614,CA,C,5,78,6.41%,2.9254E-2
a1,ref|NC_001142|,28946,CT,C,5,50,10%,2.7874E-2
a1,ref|NC_001142|,47406,T,A,5,45,11.11%,2.7799E-2
a1,ref|NC_001142|,59054,GA,G,12,47,25.53%,8.7276E-5
a1,ref|NC_001142|,75588,CT,C,7,50,14%,6.1097E-3
a1,ref|NC_001142|,76562,GAT,G,5,47,10.64%,2.7874E-2
a1,ref|NC_001142|,97478,G,A,50,50,100%,9.9117E-30
a1,ref|NC_001142|,99519,A,AT,5,45,11.11%,2.7799E-2
a1,ref|NC_001142|,104611,TA,T,6,41,14.63%,1.2628E-2
a1,ref|NC_001142|,134112,GA,G,6,46,13.04%,1.2967E-2
a1,ref|NC_001142|,136911,GA,G,5,35,14.29%,2.6093E-2
a1,ref|NC_001142|,144832,A,AT,5,62,8.06%,2.8741E-2
a1,ref|NC_001142|,147243,C,T,46,46,100%,2.4343E-27
a1,ref|NC_001142|,159429,CA,C,6,45,13.33%,1.2702E-2
a1,ref|NC_001142|,196083,CT,C,7,37,18.92%,5.6095E-3
a1,ref|NC_001142|,199170,A,C,57,57,100%,6.4572E-34
a1,ref|NC_001142|,200219,A,G,36,36,100%,2.2598E-21
a1,ref|NC_001142|,212716,A,G,6,34,17.65%,1.2287E-2
a1,ref|NC_001142|,228549,T,A,5,59,8.47%,2.8614E-2
a1,ref|NC_001142|,247164,C,CA,7,51,13.73%,6.2398E-3
a1,ref|NC_001142|,268747,A,AT,11,61,18.03%,2.6733E-4
a1,ref|NC_001142|,278038,G,GA,5,50,10%,2.7799E-2
a1,ref|NC_001142|,280770,C,CT,7,31,22.58%,5.1909E-3
a1,ref|NC_001142|,289587,TA,T,7,30,23.33%,4.8126E-3
a1,ref|NC_001142|,293247,T,A,5,65,7.69%,2.8856E-2
a1,ref|NC_001142|,342348,AT,A,7,40,17.5%,5.3469E-3
a1,ref|NC_001142|,358212,G,GT,7,47,14.89%,5.6667E-3
a1,ref|NC_001142|,359824,GA,G,5,30,16.67%,2.531E-2
a1,ref|NC_001142|,376292,TA,T,5,48,10.42%,2.7945E-2
a1,ref|NC_001142|,388260,CA,C,8,59,13.56%,2.9037E-3
a1,ref|NC_001142|,393823,GA,G,9,37,24.32%,9.9376E-4
a1,ref|NC_001142|,396918,AT,A,5,49,10.2%,2.8079E-2
a1,ref|NC_001142|,402962,TA,T,5,51,9.8%,2.8203E-2
a1,ref|NC_001142|,418499,A,T,5,58,8.62%,2.8569E-2
a1,ref|NC_001142|,424172,GAT,G,7,36,19.44%,5.6667E-3
a1,ref|NC_001142|,457903,CA,C,9,52,17.31%,1.1256E-3
a1,ref|NC_001142|,470130,GTAA,G,25,43,58.14%,1.3631E-10
a1,ref|NC_001142|,471047,GA,G,6,51,11.76%,1.3026E-2
a1,ref|NC_001142|,472080,AT,A,6,54,11.11%,1.3331E-2
a1,ref|NC_001142|,478375,A,C,8,25,32%,2.0146E-3
a1,ref|NC_001142|,478376,T,C,8,25,32%,2.0146E-3
a1,ref|NC_001142|,497098,A,AAT,30,38,78.95%,3.7857E-14
a1,ref|NC_001142|,523904,TA,T,5,47,10.64%,2.7465E-2
a1,ref|NC_001142|,529735,GA,G,5,57,8.77%,2.8423E-2
a1,ref|NC_001142|,538633,AT,A,5,55,9.09%,2.8203E-2
a1,ref|NC_001142|,550151,CT,C,5,53,9.43%,2.8014E-2
a1,ref|NC_001142|,568755,TA,T,11,51,21.57%,2.4398E-4
a1,ref|NC_001142|,580248,CT,C,5,47,10.64%,2.7465E-2
a1,ref|NC_001142|,586417,CA,C,7,46,15.22%,5.9972E-3
a1,ref|NC_001142|,598706,A,T,5,49,10.2%,2.8079E-2
a1,ref|NC_001142|,620581,CT,C,6,54,11.11%,1.3285E-2
a1,ref|NC_001142|,636995,C,CA,5,48,10.42%,2.7874E-2
a1,ref|NC_001142|,640784,G,GA,41,47,87.23%,1.4122E-20
a1,ref|NC_001142|,641890,TA,T,5,46,10.87%,2.7799E-2
a1,ref|NC_001142|,642093,C,T,6,40,15%,1.2773E-2
a1,ref|NC_001142|,667224,GTA,G,5,64,7.81%,2.8614E-2
a1,ref|NC_001142|,702295,A,G,5,49,10.2%,2.8079E-2
a1,ref|NC_001142|,715068,G,A,5,28,17.86%,2.5729E-2
a1,ref|NC_001142|,715072,G,T,6,26,23.08%,1.1309E-2
a1,ref|NC_001142|,715081,T,G,7,24,29.17%,4.7006E-3
a1,ref|NC_001142|,715087,A,G,7,20,35%,4.158E-3
a1,ref|NC_001142|,715095,G,A,13,20,65%,6.4422E-6
a1,ref|NC_001142|,715099,G,T,13,21,61.9%,7.9741E-6
a1,ref|NC_001142|,715108,A,T,9,20,45%,6.1425E-4
a1,ref|NC_001142|,715114,G,A,5,18,27.78%,2.2727E-2
a1,ref|NC_001142|,738075,G,T,28,81,34.57%,2.1978E-10
a1,ref|NC_001142|,740238,T,C,21,21,100%,1.8578E-12
a1,ref|NC_001143|,457,C,CA,44,44,100%,3.8097E-26
a1,ref|NC_001143|,22040,CAA,C,6,29,20.69%,1.1309E-2
a1,ref|NC_001143|,36588,CAT,C,5,39,12.82%,2.5527E-2
a1,ref|NC_001143|,68454,G,GCC,48,50,96%,1.3143E-26
a1,ref|NC_001143|,68468,T,TG,53,53,100%,1.5943E-31
a1,ref|NC_001143|,72247,T,C,8,26,30.77%,2.076E-3
a1,ref|NC_001143|,112084,A,G,5,60,8.33%,2.8658E-2
a1,ref|NC_001143|,134467,AT,A,6,39,15.38%,1.238E-2
a1,ref|NC_001143|,136548,G,GA,5,56,8.93%,2.8473E-2
a1,ref|NC_001143|,149961,TCA,T,7,64,10.94%,6.5719E-3
a1,ref|NC_001143|,195054,AT,A,5,44,11.36%,2.7721E-2
a1,ref|NC_001143|,196211,GA,G,10,62,16.13%,5.9987E-4
a1,ref|NC_001143|,208022,TA,T,9,54,16.67%,1.2935E-3
a1,ref|NC_001143|,217107,G,GA,8,50,16%,2.7573E-3
a1,ref|NC_001143|,232203,C,CA,5,55,9.09%,2.8423E-2
a1,ref|NC_001143|,234032,C,CA,5,41,12.2%,2.7465E-2
a1,ref|NC_001143|,234262,A,AT,5,47,10.64%,2.7555E-2
a1,ref|NC_001143|,242787,C,CT,6,39,15.38%,1.2628E-2
a1,ref|NC_001143|,260979,G,GA,7,60,11.67%,6.4707E-3
a1,ref|NC_001143|,277040,A,AT,5,49,10.2%,2.7945E-2
a1,ref|NC_001143|,280162,G,GA,6,51,11.76%,1.2967E-2
a1,ref|NC_001143|,286448,TA,T,5,40,12.5%,2.6944E-2
a1,ref|NC_001143|,320823,GTT,G,9,38,23.68%,8.8132E-4
a1,ref|NC_001143|,323019,A,T,43,43,100%,1.5066E-25
a1,ref|NC_001143|,358106,C,G,40,40,100%,9.3017E-24
a1,ref|NC_001143|,384845,C,CAT,28,36,77.78%,4.0051E-13
a1,ref|NC_001143|,385103,C,CTT,4,22,18.18%,4.7826E-2
a1,ref|NC_001143|,405159,C,T,6,57,10.53%,1.3607E-2
a1,ref|NC_001143|,447006,C,A,5,72,6.94%,2.9088E-2
a1,ref|NC_001143|,451568,GGAACAC,G,42,45,93.33%,1.6658E-22
a1,ref|NC_001143|,463261,CT,C,5,37,13.51%,2.5527E-2
a1,ref|NC_001143|,465172,G,GTATA,15,25,60%,9.5813E-7
a1,ref|NC_001143|,514569,AT,A,7,33,21.21%,5.4855E-3
a1,ref|NC_001143|,518111,C,CT,5,30,16.67%,2.5076E-2
a1,ref|NC_001143|,524035,AT,A,5,33,15.15%,2.4823E-2
a1,ref|NC_001143|,617557,CT,C,8,34,23.53%,2.4173E-3
a1,ref|NC_001143|,618946,G,GA,5,41,12.2%,2.7169E-2
a1,ref|NC_001143|,631098,T,TA,7,33,21.21%,5.4855E-3
a1,ref|NC_001143|,632832,CA,C,5,46,10.87%,2.764E-2
a1,ref|NC_001143|,635468,CT,C,7,41,17.07%,5.7727E-3
a1,ref|NC_001143|,638422,AT,A,5,47,10.64%,2.7555E-2
a1,ref|NC_001143|,645204,C,CA,6,58,10.34%,1.3417E-2
a1,ref|NC_001143|,662326,G,T,6,66,9.09%,1.3877E-2
a1,ref|NC_001143|,666556,GT,G,32,33,96.97%,4.7095E-18
a1,ref|NC_001143|,666702,GGT,G,8,17,47.06%,1.3389E-3
a1,ref|NC_001144|,28,A,AC,5,20,25%,2.3562E-2
a1,ref|NC_001144|,5741,T,C,5,99,5.05%,2.9676E-2
a1,ref|NC_001144|,10965,T,C,9,39,23.08%,1.162E-3
a1,ref|NC_001144|,11195,TAC,T,33,146,22.6%,1.1107E-11
a1,ref|NC_001144|,11225,CA,C,92,132,69.7%,1.6087E-39
a1,ref|NC_001144|,11258,CCACA,C,11,102,10.89%,3.6522E-4
a1,ref|NC_001144|,11262,A,AC,5,91,5.56%,2.9519E-2
a1,ref|NC_001144|,11279,AC,A,6,100,6.19%,1.4392E-2
a1,ref|NC_001144|,11290,AC,A,8,97,8.25%,3.3561E-3
a1,ref|NC_001144|,19914,CT,C,17,127,13.39%,4.1719E-6
a1,ref|NC_001144|,32319,C,CA,8,153,5.23%,3.5425E-3
a1,ref|NC_001144|,41223,CAT,C,8,30,26.67%,2.1337E-3
a1,ref|NC_001144|,48855,C,CA,15,100,15%,1.3877E-5
a1,ref|NC_001144|,52019,AAT,A,18,111,16.22%,1.7493E-6
a1,ref|NC_001144|,52618,CT,C,20,149,13.42%,4.1782E-7
a1,ref|NC_001144|,63982,C,CA,21,140,15%,1.9674E-7
a1,ref|NC_001144|,65534,A,AT,9,149,6.04%,1.7155E-3
a1,ref|NC_001144|,66619,CT,C,8,136,5.88%,3.4899E-3
a1,ref|NC_001144|,84519,CT,C,9,156,5.77%,1.7202E-3
a1,ref|NC_001144|,86724,TA,T,25,123,20.33%,6.0924E-9
a1,ref|NC_001144|,105616,T,TA,9,103,8.74%,1.5981E-3
a1,ref|NC_001144|,108046,CT,C,8,127,6.3%,3.47E-3
a1,ref|NC_001144|,112176,GA,G,18,139,12.95%,1.8925E-6
a1,ref|NC_001144|,122008,GA,G,15,91,16.48%,1.3711E-5
a1,ref|NC_001144|,124986,G,GT,7,130,5.38%,7.1769E-3
a1,ref|NC_001144|,125399,TTA,T,6,99,6.06%,1.4454E-2
a1,ref|NC_001144|,129214,C,CA,10,114,8.77%,7.917E-4
a1,ref|NC_001144|,130903,CT,C,8,143,5.59%,3.5166E-3
a1,ref|NC_001144|,161651,TA,T,13,134,9.7%,8.7391E-5
a1,ref|NC_001144|,170682,CAT,C,9,116,7.76%,1.6447E-3
a1,ref|NC_001144|,172018,AAT,A,12,57,21.05%,1.2473E-4
a1,ref|NC_001144|,177602,G,A,10,101,9.9%,7.7292E-4
a1,ref|NC_001144|,179752,A,AT,11,134,8.21%,3.9025E-4
a1,ref|NC_001144|,179897,C,CT,6,102,5.88%,1.4442E-2
a1,ref|NC_001144|,180633,G,A,5,83,6.02%,2.9351E-2
a1,ref|NC_001144|,187137,AT,A,137,138,99.28%,2.3859E-80
a1,ref|NC_001144|,193400,CT,C,9,138,6.52%,1.6945E-3
a1,ref|NC_001144|,196591,A,AT,10,103,9.71%,7.5886E-4
a1,ref|NC_001144|,196750,AT,A,13,104,12.5%,7.7431E-5
a1,ref|NC_001144|,201844,TA,T,7,139,5.04%,7.2006E-3
a1,ref|NC_001144|,243827,CAT,C,14,122,11.48%,4.0537E-5
a1,ref|NC_001144|,245256,AAT,A,8,118,6.78%,3.4323E-3
a1,ref|NC_001144|,246210,G,GT,16,155,10.32%,9.7242E-6
a1,ref|NC_001144|,251194,GA,G,19,118,16.1%,7.186E-7
a1,ref|NC_001144|,253093,G,GA,8,124,6.45%,3.4519E-3
a1,ref|NC_001144|,255164,G,GA,8,132,6.06%,3.4962E-3
a1,ref|NC_001144|,259721,C,CT,9,116,7.76%,1.6576E-3
a1,ref|NC_001144|,263307,CA,C,10,134,7.46%,8.0467E-4
a1,ref|NC_001144|,264076,A,AT,12,88,13.64%,1.4598E-4
a1,ref|NC_001144|,266819,G,A,33,104,31.73%,5.6475E-12
a1,ref|NC_001144|,280996,GA,G,16,118,13.56%,8.0124E-6
a1,ref|NC_001144|,282706,G,GT,8,141,5.67%,3.5166E-3
a1,ref|NC_001144|,289357,C,CT,15,117,12.82%,1.7728E-5
a1,ref|NC_001144|,291384,A,G,133,133,100%,1.7256E-79
a1,ref|NC_001144|,291386,A,G,133,133,100%,1.7256E-79
a1,ref|NC_001144|,292024,G,GA,19,146,13.01%,9.1053E-7
a1,ref|NC_001144|,306620,TA,T,9,120,7.5%,1.6474E-3
a1,ref|NC_001144|,320335,GA,G,11,120,9.17%,3.755E-4
a1,ref|NC_001144|,322104,A,AT,13,107,12.15%,8.1207E-5
a1,ref|NC_001144|,339676,TTA,T,9,117,7.69%,1.6526E-3
a1,ref|NC_001144|,343851,GT,G,11,130,8.46%,3.8807E-4
a1,ref|NC_001144|,345042,C,G,8,79,10.13%,3.2429E-3
a1,ref|NC_001144|,348735,C,CA,10,128,7.81%,8.0056E-4
a1,ref|NC_001144|,348919,GT,G,30,142,21.13%,1.2643E-10
a1,ref|NC_001144|,370487,AT,A,9,105,8.57%,1.6118E-3
a1,ref|NC_001144|,394693,G,GA,17,129,13.18%,4.1035E-6
a1,ref|NC_001144|,402737,A,AT,8,131,6.11%,3.4835E-3
a1,ref|NC_001144|,415651,G,GT,6,100,6%,1.4392E-2
a1,ref|NC_001144|,415698,TA,T,6,83,7.23%,1.4124E-2
a1,ref|NC_001144|,423554,C,CT,8,120,6.67%,3.4281E-3
a1,ref|NC_001144|,426662,CA,C,13,119,10.92%,8.4983E-5
a1,ref|NC_001144|,432143,C,CA,10,170,5.88%,8.4936E-4
a1,ref|NC_001144|,441523,CT,C,15,127,11.81%,1.8908E-5
a1,ref|NC_001144|,449950,CT,C,7,140,5%,7.2268E-3
a1,ref|NC_001144|,451539,GA,G,6,51,11.76%,1.3026E-2
a1,ref|NC_001144|,459564,T,C,298,4785,6.23%,4.0479E-85
a1,ref|NC_001144|,459803,CT,C,1377,13051,10.56%,0E0
a1,ref|NC_001144|,460002,CA,C,1978,17505,11.3%,0E0
a1,ref|NC_001144|,460103,T,C,953,17789,5.36%,4.7778E-262
a1,ref|NC_001144|,460152,T,G,964,18405,5.24%,9.1421E-264
a1,ref|NC_001144|,460262,G,GTA,1031,18927,5.45%,4.7994E-284
a1,ref|NC_001144|,460383,TA,T,3596,17923,20.06%,0E0
a1,ref|NC_001144|,460477,AT,A,1273,18323,6.95%,0E0
a1,ref|NC_001144|,460621,T,C,1094,14043,7.79%,5.346E-312
a1,ref|NC_001144|,489468,C,CT,7,131,5.34%,7.1669E-3
a1,ref|NC_001144|,489491,G,A,5,87,5.75%,2.9459E-2
a1,ref|NC_001144|,491513,C,CT,11,157,7.01%,4.0325E-4
a1,ref|NC_001144|,513997,C,CA,10,117,8.55%,7.9014E-4
a1,ref|NC_001144|,514965,C,CT,7,122,5.74%,7.1235E-3
a1,ref|NC_001144|,517794,G,GT,7,126,5.56%,7.1405E-3
a1,ref|NC_001144|,517892,T,TA,6,115,5.22%,1.4588E-2
a1,ref|NC_001144|,522257,CA,C,15,132,11.36%,1.9071E-5
a1,ref|NC_001144|,527967,CT,C,16,138,11.59%,9.1436E-6
a1,ref|NC_001144|,528749,T,A,169,169,100%,4.1181E-101
a1,ref|NC_001144|,535172,C,CA,15,130,11.54%,1.946E-5
a1,ref|NC_001144|,539598,C,CT,10,153,6.54%,8.3367E-4
a1,ref|NC_001144|,545933,C,CT,12,127,9.45%,1.7893E-4
a1,ref|NC_001144|,550360,C,CA,13,138,9.42%,8.8832E-5
a1,ref|NC_001144|,556468,CAT,C,18,96,18.75%,1.3957E-6
a1,ref|NC_001144|,560601,G,GT,8,131,6.11%,3.4899E-3
a1,ref|NC_001144|,568017,C,CT,16,142,11.27%,9.5196E-6
a1,ref|NC_001144|,585920,GA,G,20,100,20%,2.3107E-7
a1,ref|NC_001144|,612158,G,GA,10,122,8.2%,7.9914E-4
a1,ref|NC_001144|,625064,T,TA,8,147,5.44%,3.53E-3
a1,ref|NC_001144|,626434,G,GA,11,155,7.1%,4.016E-4
a1,ref|NC_001144|,636551,GT,G,14,123,11.38%,3.784E-5
a1,ref|NC_001144|,641311,G,GA,15,144,10.42%,2.0097E-5
a1,ref|NC_001144|,645231,TA,T,10,132,7.58%,8.0467E-4
a1,ref|NC_001144|,646385,G,GA,12,153,7.84%,1.9127E-4
a1,ref|NC_001144|,657175,C,T,139,139,100%,4.3066E-83
a1,ref|NC_001144|,657926,G,GT,9,118,7.63%,1.65E-3
a1,ref|NC_001144|,658173,G,GT,9,143,6.29%,1.7089E-3
a1,ref|NC_001144|,672979,A,AT,12,158,7.59%,1.9421E-4
a1,ref|NC_001144|,687472,G,GA,20,118,16.95%,3.5115E-7
a1,ref|NC_001144|,687587,GTA,G,6,105,5.71%,1.4499E-2
a1,ref|NC_001144|,699939,GA,G,21,115,18.26%,1.1872E-7
a1,ref|NC_001144|,704138,TA,T,12,79,15.19%,1.3421E-4
a1,ref|NC_001144|,704451,A,AT,7,110,6.36%,7.0464E-3
a1,ref|NC_001144|,718114,TA,T,13,142,9.15%,9.0577E-5
a1,ref|NC_001144|,722481,GT,G,8,121,6.61%,3.4481E-3
a1,ref|NC_001144|,723168,CA,C,8,116,6.9%,3.4196E-3
a1,ref|NC_001144|,734923,AT,A,12,131,9.16%,1.8047E-4
a1,ref|NC_001144|,759341,G,GA,10,154,6.49%,8.3988E-4
a1,ref|NC_001144|,766503,TA,T,25,83,30.12%,2.2765E-9
a1,ref|NC_001144|,769162,CAT,C,15,146,10.27%,2.0545E-5
a1,ref|NC_001144|,777943,G,GT,15,143,10.49%,2.003E-5
a1,ref|NC_001144|,784382,G,GC,99,106,93.4%,1.072E-52
a1,ref|NC_001144|,793997,A,AT,8,121,6.61%,3.4481E-3
a1,ref|NC_001144|,802485,A,AT,7,130,5.38%,7.1566E-3
a1,ref|NC_001144|,807323,T,TA,9,120,7.5%,1.6672E-3
a1,ref|NC_001144|,819069,C,CT,9,141,6.38%,1.6964E-3
a1,ref|NC_001144|,828903,C,T,142,142,100%,6.8012E-85
a1,ref|NC_001144|,829405,GTA,G,8,97,8.25%,3.3208E-3
a1,ref|NC_001144|,833744,AT,A,9,105,8.57%,1.6183E-3
a1,ref|NC_001144|,837516,CAT,C,9,107,8.41%,1.6215E-3
a1,ref|NC_001144|,837956,GA,G,8,120,6.67%,3.4443E-3
a1,ref|NC_001144|,839459,A,AT,9,150,6%,1.7232E-3
a1,ref|NC_001144|,867102,C,CT,8,134,5.97%,3.4931E-3
a1,ref|NC_001144|,881947,C,CAT,56,69,81.16%,5.1917E-27
a1,ref|NC_001144|,931046,AT,A,12,134,8.96%,1.8677E-4
a1,ref|NC_001144|,944238,C,A,44,44,100%,3.8097E-26
a1,ref|NC_001144|,950305,C,CT,8,121,6.61%,3.4363E-3
a1,ref|NC_001144|,981461,A,G,8,112,7.14%,3.4323E-3
a1,ref|NC_001144|,1002214,GA,G,30,134,22.39%,1.0555E-10
a1,ref|NC_001144|,1011372,CT,C,16,93,17.2%,6.8648E-6
a1,ref|NC_001144|,1012324,C,CG,122,126,96.83%,3.1258E-68
a1,ref|NC_001144|,1012328,A,AGCC,116,124,93.55%,8.0433E-62
a1,ref|NC_001144|,1015482,AAT,A,21,134,15.67%,1.982E-7
a1,ref|NC_001144|,1019116,GA,G,17,127,13.39%,3.9586E-6
a1,ref|NC_001144|,1024980,AT,A,21,124,16.94%,1.3363E-7
a1,ref|NC_001144|,1025009,GT,G,7,100,7%,6.9675E-3
a1,ref|NC_001144|,1026686,CT,C,14,109,12.84%,3.5315E-5
a1,ref|NC_001144|,1027909,G,A,9,152,5.92%,1.7291E-3
a1,ref|NC_001144|,1031402,GAGA,G,7,132,5.3%,7.2006E-3
a1,ref|NC_001144|,1039435,T,A,128,129,99.22%,1.7335E-76
a1,ref|NC_001144|,1053293,AT,A,19,102,18.63%,6.6006E-7
a1,ref|NC_001144|,1059123,TA,T,7,124,5.65%,7.1293E-3
a1,ref|NC_001144|,1059677,T,TA,27,136,19.85%,1.4111E-9
a1,ref|NC_001145|,26591,CT,C,5,40,12.5%,2.7371E-2
a1,ref|NC_001145|,26716,AT,A,7,57,12.28%,6.2693E-3
a1,ref|NC_001145|,34473,T,G,51,51,100%,2.5024E-30
a1,ref|NC_001145|,41950,GA,G,20,66,30.3%,6.2178E-8
a1,ref|NC_001145|,49837,CT,C,5,65,7.69%,2.87E-2
a1,ref|NC_001145|,58770,A,AT,5,71,7.04%,2.8856E-2
a1,ref|NC_001145|,63143,T,A,5,70,7.14%,2.9026E-2
a1,ref|NC_001145|,86950,CTATTAT,C,8,37,21.62%,2.4931E-3
a1,ref|NC_001145|,94308,A,AT,7,52,13.46%,6.2693E-3
a1,ref|NC_001145|,99274,C,CA,7,48,14.58%,6.1442E-3
a1,ref|NC_001145|,158396,TA,T,5,39,12.82%,2.6093E-2
a1,ref|NC_001145|,164392,G,GT,8,32,25%,2.076E-3
a1,ref|NC_001145|,165422,C,CT,8,39,20.51%,2.4562E-3
a1,ref|NC_001145|,191990,AT,A,10,40,25%,4.8486E-4
a1,ref|NC_001145|,192743,GTA,G,9,58,15.52%,1.3694E-3
a1,ref|NC_001145|,236652,C,CT,6,46,13.04%,1.2702E-2
a1,ref|NC_001145|,238763,CT,C,6,36,16.67%,1.1603E-2
a1,ref|NC_001145|,241854,C,CT,6,45,13.33%,1.2905E-2
a1,ref|NC_001145|,245885,G,A,7,48,14.58%,6.1774E-3
a1,ref|NC_001145|,245886,G,A,7,49,14.29%,6.2092E-3
a1,ref|NC_001145|,286602,A,T,5,69,7.25%,2.8994E-2
a1,ref|NC_001145|,307188,CT,C,5,62,8.06%,2.8741E-2
a1,ref|NC_001145|,321328,C,CAT,6,71,8.45%,1.3851E-2
a1,ref|NC_001145|,323216,C,CA,6,41,14.63%,1.2702E-2
a1,ref|NC_001145|,325905,T,A,59,59,100%,4.1056E-35
a1,ref|NC_001145|,361550,G,A,38,38,100%,1.4508E-22
a1,ref|NC_001145|,361725,A,G,14,74,18.92%,3.0992E-5
a1,ref|NC_001145|,362452,A,G,7,72,9.72%,6.7056E-3
a1,ref|NC_001145|,370618,C,CA,5,46,10.87%,2.7555E-2
a1,ref|NC_001145|,380311,G,GA,7,61,11.48%,6.4922E-3
a1,ref|NC_001145|,387095,AT,A,7,40,17.5%,5.4182E-3
a1,ref|NC_001145|,390765,G,GT,5,51,9.8%,2.7945E-2
a1,ref|NC_001145|,400026,G,A,5,50,10%,2.8142E-2
a1,ref|NC_001145|,405653,C,CT,5,53,9.43%,2.8079E-2
a1,ref|NC_001145|,411379,CT,C,8,56,14.29%,2.9037E-3
a1,ref|NC_001145|,411461,G,GT,6,62,9.68%,1.3674E-2
a1,ref|NC_001145|,424856,A,AT,7,67,10.45%,6.6257E-3
a1,ref|NC_001145|,448333,G,A,59,59,100%,4.1056E-35
a1,ref|NC_001145|,448334,A,G,60,60,100%,1.035E-35
a1,ref|NC_001145|,466796,A,T,5,50,10%,2.8142E-2
a1,ref|NC_001145|,475726,G,GA,8,58,13.79%,2.9037E-3
a1,ref|NC_001145|,483743,GA,G,10,42,23.81%,4.9525E-4
a1,ref|NC_001145|,524215,GATGA,G,5,72,6.94%,2.9088E-2
a1,ref|NC_001145|,538559,C,CA,5,53,9.43%,2.8317E-2
a1,ref|NC_001145|,538607,GCA,G,5,50,10%,2.7945E-2
a1,ref|NC_001145|,541036,C,T,10,47,21.28%,5.7272E-4
a1,ref|NC_001145|,543032,C,A,5,44,11.36%,2.7721E-2
a1,ref|NC_001145|,547003,T,C,5,54,9.26%,2.8371E-2
a1,ref|NC_001145|,558682,C,CA,5,64,7.81%,2.87E-2
a1,ref|NC_001145|,561877,AAT,A,7,32,21.88%,5.2713E-3
a1,ref|NC_001145|,571250,CA,C,6,42,14.29%,1.238E-2
a1,ref|NC_001145|,597684,A,G,5,50,10%,2.8142E-2
a1,ref|NC_001145|,601268,GA,G,6,64,9.38%,1.3796E-2
a1,ref|NC_001145|,622168,GTA,G,7,36,19.44%,5.4855E-3
a1,ref|NC_001145|,625708,C,CT,8,49,16.33%,2.7074E-3
a1,ref|NC_001145|,630505,A,G,70,70,100%,1.0659E-41
a1,ref|NC_001145|,651263,TA,T,47,57,82.46%,1.6014E-22
a1,ref|NC_001145|,652533,CT,C,5,55,9.09%,2.8203E-2
a1,ref|NC_001145|,667202,CA,C,11,61,18.03%,2.5621E-4
a1,ref|NC_001145|,670751,C,T,5,68,7.35%,2.8961E-2
a1,ref|NC_001145|,672129,T,C,66,66,100%,2.6498E-39
a1,ref|NC_001145|,673305,C,A,5,60,8.33%,2.8658E-2
a1,ref|NC_001145|,674863,GA,G,10,46,21.74%,5.0524E-4
a1,ref|NC_001145|,680497,T,C,5,61,8.2%,2.87E-2
a1,ref|NC_001145|,680936,T,C,34,34,100%,3.5146E-20
a1,ref|NC_001145|,680940,C,T,34,34,100%,3.5146E-20
a1,ref|NC_001145|,751670,TA,T,7,57,12.28%,6.3515E-3
a1,ref|NC_001145|,752958,A,AT,5,63,7.94%,2.8658E-2
a1,ref|NC_001145|,756824,G,GT,5,38,13.16%,2.6693E-2
a1,ref|NC_001145|,770391,T,C,5,56,8.93%,2.8473E-2
a1,ref|NC_001145|,772664,CT,C,7,50,14%,5.9972E-3
a1,ref|NC_001145|,779300,C,CT,7,66,10.61%,6.5529E-3
a1,ref|NC_001145|,808194,CA,C,5,59,8.47%,2.8614E-2
a1,ref|NC_001145|,809198,A,G,50,50,100%,9.9117E-30
a1,ref|NC_001145|,822635,G,T,5,28,17.86%,2.5729E-2
a1,ref|NC_001145|,851713,GA,G,10,64,15.62%,6.0611E-4
a1,ref|NC_001145|,852310,GA,G,5,76,6.58%,2.9146E-2
a1,ref|NC_001145|,854478,CT,C,5,45,11.11%,2.7555E-2
a1,ref|NC_001145|,874559,CT,C,9,40,22.5%,9.9376E-4
a1,ref|NC_001145|,901415,G,GA,8,65,12.31%,3.1077E-3
a1,ref|NC_001145|,902416,C,T,5,70,7.14%,2.9026E-2
a1,ref|NC_001145|,908196,G,C,8,12,66.67%,6.7304E-4
a1,ref|NC_001145|,908198,G,T,7,11,63.64%,1.935E-3
a1,ref|NC_001145|,908203,G,A,9,12,75%,1.6826E-4
a1,ref|NC_001145|,908218,C,T,17,21,80.95%,2.3502E-8
a1,ref|NC_001145|,908365,A,G,5,52,9.62%,2.8261E-2
a1,ref|NC_001145|,908558,T,TCAA,18,105,17.14%,1.7211E-6
a1,ref|NC_001145|,909702,C,T,6,46,13.04%,1.3136E-2
a1,ref|NC_001145|,914827,G,GT,8,53,15.09%,2.8457E-3
a1,ref|NC_001145|,918120,C,CT,9,35,25.71%,9.4048E-4
a1,ref|NC_001145|,921418,CT,C,51,71,71.83%,8.1437E-23
a1,ref|NC_001145|,924341,G,T,16,16,100%,1.6637E-9
a1,ref|NC_001145|,924352,G,GGT,10,12,83.33%,3.3652E-5
a1,ref|NC_001146|,6650,A,C,6,24,25%,1.057E-2
a1,ref|NC_001146|,6652,C,A,6,22,27.27%,1.057E-2
a1,ref|NC_001146|,6682,C,CA,5,22,22.73%,2.4248E-2
a1,ref|NC_001146|,7478,A,AT,49,49,100%,3.925E-29
a1,ref|NC_001146|,10214,TA,T,11,50,22%,2.4819E-4
a1,ref|NC_001146|,12975,C,CTT,35,47,74.47%,9.5933E-17
a1,ref|NC_001146|,14333,G,GC,10,13,76.92%,5.3843E-5
a1,ref|NC_001146|,28420,G,GT,6,67,8.96%,1.3851E-2
a1,ref|NC_001146|,43278,AAT,A,17,52,32.69%,1.3619E-6
a1,ref|NC_001146|,69097,CA,C,6,64,9.38%,1.3824E-2
a1,ref|NC_001146|,76688,A,T,6,67,8.96%,1.3903E-2
a1,ref|NC_001146|,89323,C,CT,5,41,12.2%,2.7371E-2
a1,ref|NC_001146|,107289,A,T,5,53,9.43%,2.8317E-2
a1,ref|NC_001146|,107294,G,GA,6,53,11.32%,1.3237E-2
a1,ref|NC_001146|,118987,G,GA,15,59,25.42%,9.1412E-6
a1,ref|NC_001146|,154923,GA,G,7,41,17.07%,5.3469E-3
a1,ref|NC_001146|,175206,CA,C,6,58,10.34%,1.3571E-2
a1,ref|NC_001146|,178797,T,C,5,69,7.25%,2.8994E-2
a1,ref|NC_001146|,187639,G,GA,7,72,9.72%,6.659E-3
a1,ref|NC_001146|,193899,T,A,5,66,7.58%,2.8892E-2
a1,ref|NC_001146|,196150,CT,C,8,53,15.09%,2.5935E-3
a1,ref|NC_001146|,197533,G,T,5,61,8.2%,2.87E-2
a1,ref|NC_001146|,197675,TA,T,5,65,7.69%,2.8856E-2
a1,ref|NC_001146|,198236,AT,A,6,56,10.71%,1.3497E-2
a1,ref|NC_001146|,251874,A,AT,6,58,10.34%,1.3417E-2
a1,ref|NC_001146|,263349,AT,A,5,52,9.62%,2.8203E-2
a1,ref|NC_001146|,274651,T,C,5,72,6.94%,2.9088E-2
a1,ref|NC_001146|,282400,G,C,18,38,47.37%,2.68E-7
a1,ref|NC_001146|,300929,TA,T,5,31,16.13%,2.531E-2
a1,ref|NC_001146|,307228,CT,C,9,51,17.65%,1.2547E-3
a1,ref|NC_001146|,312328,AACG,A,47,49,95.92%,5.0044E-26
a1,ref|NC_001146|,377887,G,T,44,44,100%,3.8097E-26
a1,ref|NC_001146|,380954,GA,G,6,57,10.53%,1.3375E-2
a1,ref|NC_001146|,388157,A,T,5,60,8.33%,2.8658E-2
a1,ref|NC_001146|,409665,CGT,C,5,57,8.77%,2.8522E-2
a1,ref|NC_001146|,413448,C,CTT,7,33,21.21%,5.0143E-3
a1,ref|NC_001146|,415054,C,CT,11,30,36.67%,1.5195E-4
a1,ref|NC_001146|,415071,C,CT,6,20,30%,1.0098E-2
a1,ref|NC_001146|,439397,G,GT,51,53,96.23%,2.3675E-28
a1,ref|NC_001146|,444651,C,CT,8,51,15.69%,2.8457E-3
a1,ref|NC_001146|,471767,A,G,66,66,100%,2.6498E-39
a1,ref|NC_001146|,479459,AT,A,12,44,27.27%,9.0046E-5
a1,ref|NC_001146|,486552,T,TA,5,28,17.86%,2.5076E-2
a1,ref|NC_001146|,486640,GT,G,5,36,13.89%,2.6822E-2
a1,ref|NC_001146|,493053,TA,T,10,52,19.23%,5.3293E-4
a1,ref|NC_001146|,498360,G,GT,6,40,15%,1.219E-2
a1,ref|NC_001146|,501129,AT,A,5,46,10.87%,2.7721E-2
a1,ref|NC_001146|,503013,C,CA,5,43,11.63%,2.7371E-2
a1,ref|NC_001146|,510328,C,CT,7,51,13.73%,5.9972E-3
a1,ref|NC_001146|,512460,CAT,C,11,47,23.4%,2.3046E-4
a1,ref|NC_001146|,519051,G,A,5,61,8.2%,2.87E-2
a1,ref|NC_001146|,523434,G,A,26,79,32.91%,1.2627E-9
a1,ref|NC_001146|,523441,G,T,26,77,33.77%,1.1682E-9
a1,ref|NC_001146|,528364,A,G,5,49,10.2%,2.8079E-2
a1,ref|NC_001146|,532584,G,GA,7,58,12.07%,6.4484E-3
a1,ref|NC_001146|,547378,T,TG,5,48,10.42%,2.7945E-2
a1,ref|NC_001146|,550911,T,C,6,35,17.14%,1.238E-2
a1,ref|NC_001146|,559420,GA,G,5,61,8.2%,2.87E-2
a1,ref|NC_001146|,592981,G,GT,6,51,11.76%,1.3375E-2
a1,ref|NC_001146|,601112,T,G,44,104,42.31%,1.6875E-16
a1,ref|NC_001146|,601202,T,C,41,91,45.05%,1.275E-15
a1,ref|NC_001146|,631138,G,T,5,55,9.09%,2.8423E-2
a1,ref|NC_001146|,635717,G,GT,8,61,13.11%,3.0025E-3
a1,ref|NC_001146|,644217,CTA,C,8,39,20.51%,2.5282E-3
a1,ref|NC_001146|,651857,AT,A,6,43,13.95%,1.2549E-2
a1,ref|NC_001146|,662768,G,GA,5,41,12.2%,2.6944E-2
a1,ref|NC_001146|,667324,C,CT,7,35,20%,5.1909E-3
a1,ref|NC_001146|,667351,A,C,5,29,17.24%,2.5917E-2
a1,ref|NC_001146|,668101,CA,C,5,56,8.93%,2.8142E-2
a1,ref|NC_001146|,678603,GA,G,9,47,19.15%,1.1955E-3
a1,ref|NC_001146|,687218,CA,C,5,58,8.62%,2.8317E-2
a1,ref|NC_001146|,690071,AT,A,12,57,21.05%,1.1939E-4
a1,ref|NC_001146|,692520,C,CA,7,51,13.73%,6.1097E-3
a1,ref|NC_001146|,699619,A,G,13,49,26.53%,4.8866E-5
a1,ref|NC_001146|,713938,G,GT,5,34,14.71%,2.6257E-2
a1,ref|NC_001146|,716416,C,CT,7,51,13.73%,6.2092E-3
a1,ref|NC_001146|,721916,TA,T,7,54,12.96%,6.1442E-3
a1,ref|NC_001146|,722274,C,CA,8,36,22.22%,2.2875E-3
a1,ref|NC_001146|,724772,G,A,6,49,12.24%,1.3285E-2
a1,ref|NC_001146|,731050,T,A,5,65,7.69%,2.8856E-2
a1,ref|NC_001146|,772612,CA,C,8,44,18.18%,2.4931E-3
a1,ref|NC_001146|,773345,TC,T,5,60,8.33%,2.8658E-2
a1,ref|NC_001146|,774549,AT,A,7,65,10.77%,6.2977E-3
a1,ref|NC_001146|,777553,AAT,A,11,43,25.58%,1.8662E-4
a1,ref|NC_001146|,784090,TGTG,T,5,79,6.41%,2.9228E-2
a1,ref|NC_001146|,784100,GGGTGT,G,7,78,9.09%,6.7755E-3
a1,ref|NC_001146|,784106,GGT,G,5,77,6.58%,2.9146E-2
a1,ref|NC_001146|,784107,GT,G,5,64,7.94%,2.878E-2
a1,ref|NC_001146|,784116,TGTG,T,5,77,6.58%,2.9201E-2
a1,ref|NC_001146|,784136,TGG,T,5,64,7.81%,2.8741E-2
a1,ref|NC_001146|,784138,GGTGT,G,7,70,10.29%,6.4707E-3
a1,ref|NC_001146|,784142,T,TG,13,54,25%,4.5578E-5
a1,ref|NC_001146|,784163,T,TG,13,62,20.97%,6.0557E-5
a1,ref|NC_001146|,784170,GT,G,6,53,12%,1.3285E-2
a1,ref|NC_001146|,784181,TG,T,9,75,12%,1.5142E-3
a1,ref|NC_001146|,784194,GGT,G,15,85,17.65%,1.5383E-5
a1,ref|NC_001146|,784208,T,TG,10,80,12.5%,7.0212E-4
a1,ref|NC_001146|,784239,GT,G,11,54,20.75%,2.7419E-4
a1,ref|NC_001146|,784245,T,TG,6,36,17.65%,1.2287E-2
a1,ref|NC_001146|,784247,T,G,6,40,16.67%,1.2467E-2
a1,ref|NC_001146|,784257,TG,T,7,47,14.89%,6.0363E-3
a1,ref|NC_001146|,784259,G,GT,5,33,15.15%,2.6557E-2
a1,ref|NC_001147|,21727,GA,G,9,66,13.64%,1.388E-3
a1,ref|NC_001147|,27928,T,A,20,81,24.69%,2.5034E-7
a1,ref|NC_001147|,29144,A,G,28,108,25.93%,4.9792E-10
a1,ref|NC_001147|,33840,AT,A,5,66,7.58%,2.8892E-2
a1,ref|NC_001147|,50002,C,T,79,79,100%,4.3185E-47
a1,ref|NC_001147|,50010,A,T,78,78,100%,1.7165E-46
a1,ref|NC_001147|,50012,C,T,78,78,100%,1.7165E-46
a1,ref|NC_001147|,60061,GT,G,5,58,8.62%,2.8261E-2
a1,ref|NC_001147|,60213,CT,C,6,39,15.38%,1.1461E-2
a1,ref|NC_001147|,60240,C,T,25,25,100%,7.9107E-15
a1,ref|NC_001147|,64639,A,T,5,76,6.58%,2.9201E-2
a1,ref|NC_001147|,79297,C,G,55,55,100%,1.0149E-32
a1,ref|NC_001147|,79304,A,T,53,53,100%,1.5943E-31
a1,ref|NC_001147|,79305,T,A,52,52,100%,6.3169E-31
a1,ref|NC_001147|,85382,CT,C,8,68,11.76%,3.0583E-3
a1,ref|NC_001147|,93845,T,TA,7,66,10.61%,6.4922E-3
a1,ref|NC_001147|,94613,GA,G,8,47,17.02%,2.7329E-3
a1,ref|NC_001147|,94815,AC,A,6,19,31.58%,7.971E-3
a1,ref|NC_001147|,106467,TA,T,5,69,7.25%,2.8994E-2
a1,ref|NC_001147|,107174,T,C,5,49,10.2%,2.8079E-2
a1,ref|NC_001147|,118032,A,C,30,118,25.42%,7.608E-11
a1,ref|NC_001147|,140911,T,A,5,71,7.04%,2.9058E-2
a1,ref|NC_001147|,141471,GA,G,5,54,9.26%,2.8079E-2
a1,ref|NC_001147|,145176,CT,C,6,70,8.57%,1.3851E-2
a1,ref|NC_001147|,154857,G,A,5,50,10%,2.8142E-2
a1,ref|NC_001147|,161403,A,T,34,99,34.34%,1.8771E-12
a1,ref|NC_001147|,161617,T,C,43,101,42.57%,3.6902E-16
a1,ref|NC_001147|,161762,T,C,32,99,32.32%,1.1627E-11
a1,ref|NC_001147|,191615,AT,A,5,50,10%,2.8079E-2
a1,ref|NC_001147|,193675,C,CT,7,48,14.58%,6.1097E-3
a1,ref|NC_001147|,194895,C,CA,7,58,12.07%,6.4016E-3
a1,ref|NC_001147|,199658,C,A,5,57,8.77%,2.8522E-2
a1,ref|NC_001147|,200339,C,CT,5,33,15.15%,2.5076E-2
a1,ref|NC_001147|,204570,CT,C,6,51,11.76%,1.2628E-2
a1,ref|NC_001147|,216898,AT,A,5,37,13.51%,2.6093E-2
a1,ref|NC_001147|,230020,CT,C,5,44,11.36%,2.706E-2
a1,ref|NC_001147|,315630,C,CT,10,53,18.87%,5.4148E-4
a1,ref|NC_001147|,324488,TA,T,5,57,8.77%,2.8473E-2
a1,ref|NC_001147|,326195,CAT,C,6,45,13.33%,1.2628E-2
a1,ref|NC_001147|,348588,CT,C,5,67,7.46%,2.8927E-2
a1,ref|NC_001147|,349580,GA,G,5,58,8.62%,2.8261E-2
a1,ref|NC_001147|,356223,T,A,5,72,6.94%,2.9088E-2
a1,ref|NC_001147|,389237,T,G,33,33,100%,1.3852E-19
a1,ref|NC_001147|,397478,GA,G,5,63,7.94%,2.8569E-2
a1,ref|NC_001147|,412675,A,AT,7,47,14.89%,6.0738E-3
a1,ref|NC_001147|,415732,G,GT,6,80,7.5%,1.4179E-2
a1,ref|NC_001147|,423979,GA,G,7,71,9.86%,6.6426E-3
a1,ref|NC_001147|,426603,G,GA,7,64,10.94%,6.5131E-3
a1,ref|NC_001147|,430159,GA,G,7,32,21.88%,5.1054E-3
a1,ref|NC_001147|,437763,T,A,49,49,100%,3.925E-29
a1,ref|NC_001147|,444498,AT,A,13,54,24.07%,3.9497E-5
a1,ref|NC_001147|,453009,T,C,16,47,34.04%,3.2755E-6
a1,ref|NC_001147|,491013,C,CA,10,61,16.39%,6.1215E-4
a1,ref|NC_001147|,519639,A,T,55,55,100%,1.0149E-32
a1,ref|NC_001147|,522811,G,GA,11,34,32.35%,1.362E-4
a1,ref|NC_001147|,530449,GC,G,5,53,9.43%,2.8317E-2
a1,ref|NC_001147|,537056,T,TTA,5,36,13.89%,2.6693E-2
a1,ref|NC_001147|,550563,AT,A,6,60,10%,1.3571E-2
a1,ref|NC_001147|,554687,C,CT,5,86,5.81%,2.9351E-2
a1,ref|NC_001147|,560809,GA,G,6,47,12.77%,1.3082E-2
a1,ref|NC_001147|,581669,CA,C,11,63,17.46%,2.925E-4
a1,ref|NC_001147|,662016,AT,A,6,58,10.34%,1.3535E-2
a1,ref|NC_001147|,670767,GA,G,7,38,18.42%,5.4182E-3
a1,ref|NC_001147|,672547,TA,T,5,58,8.62%,2.8522E-2
a1,ref|NC_001147|,675324,CT,C,6,49,12.24%,1.2702E-2
a1,ref|NC_001147|,678393,GA,G,7,58,12.07%,6.4254E-3
a1,ref|NC_001147|,681098,C,CA,10,82,12.2%,7.0876E-4
a1,ref|NC_001147|,708819,G,C,22,74,29.73%,3.8057E-8
a1,ref|NC_001147|,708878,T,C,13,55,23.64%,5.473E-5
a1,ref|NC_001147|,709007,A,G,9,36,25%,1.1061E-3
a1,ref|NC_001147|,720202,GA,G,7,63,11.11%,6.4484E-3
a1,ref|NC_001147|,725310,A,G,5,53,9.43%,2.8317E-2
a1,ref|NC_001147|,745306,CA,C,7,58,12.07%,6.2977E-3
a1,ref|NC_001147|,746559,CA,C,8,52,15.38%,2.7808E-3
a1,ref|NC_001147|,752140,C,G,6,50,12%,1.3331E-2
a1,ref|NC_001147|,761366,G,GA,6,62,9.68%,1.3767E-2
a1,ref|NC_001147|,770624,GT,G,11,52,21.15%,2.5227E-4
a1,ref|NC_001147|,804922,AT,A,10,72,13.89%,6.8782E-4
a1,ref|NC_001147|,822924,GTGT,G,6,45,13.33%,1.3026E-2
a1,ref|NC_001147|,823677,A,T,5,55,9.09%,2.8423E-2
a1,ref|NC_001147|,823686,G,T,5,56,8.93%,2.8473E-2
a1,ref|NC_001147|,875965,G,GA,5,47,10.64%,2.7721E-2
a1,ref|NC_001147|,877096,TA,T,8,56,14.29%,2.9718E-3
a1,ref|NC_001147|,878213,T,C,5,61,8.2%,2.87E-2
a1,ref|NC_001147|,882623,CT,C,11,37,29.73%,1.362E-4
a1,ref|NC_001147|,888848,G,GT,5,45,11.11%,2.706E-2
a1,ref|NC_001147|,889748,T,TA,10,50,20%,5.3293E-4
a1,ref|NC_001147|,894338,A,AT,5,54,9.26%,2.8203E-2
a1,ref|NC_001147|,894981,TG,T,5,65,7.69%,2.8856E-2
a1,ref|NC_001147|,895762,A,AT,5,48,10.42%,2.7799E-2
a1,ref|NC_001147|,904809,C,CA,6,75,8%,1.4084E-2
a1,ref|NC_001147|,909076,G,GT,10,45,22.22%,4.6276E-4
a1,ref|NC_001147|,914825,G,T,6,62,9.68%,1.3767E-2
a1,ref|NC_001147|,925072,CA,C,6,63,9.52%,1.3607E-2
a1,ref|NC_001147|,944473,C,CT,7,47,14.89%,5.9136E-3
a1,ref|NC_001147|,954141,CT,C,6,42,14.29%,1.238E-2
a1,ref|NC_001147|,960775,TA,T,7,57,12.28%,6.3251E-3
a1,ref|NC_001147|,967942,AT,A,9,68,13.24%,1.4657E-3
a1,ref|NC_001147|,980936,C,G,63,63,100%,1.657E-37
a1,ref|NC_001147|,984788,T,TA,5,61,8.2%,2.8423E-2
a1,ref|NC_001147|,989706,G,GA,6,44,13.64%,1.3026E-2
a1,ref|NC_001147|,994943,C,CT,5,65,7.69%,2.878E-2
a1,ref|NC_001147|,1000974,AT,A,13,42,30.95%,3.8184E-5
a1,ref|NC_001147|,1004258,GT,G,9,63,14.29%,1.3968E-3
a1,ref|NC_001147|,1013025,CTA,C,6,40,15%,1.2628E-2
a1,ref|NC_001147|,1019588,CT,C,6,75,8%,1.3952E-2
a1,ref|NC_001147|,1031381,CT,C,11,39,28.21%,1.6659E-4
a1,ref|NC_001147|,1036136,CTGT,C,5,64,7.81%,2.8819E-2
a1,ref|NC_001147|,1053609,AT,A,5,78,6.41%,2.9228E-2
a1,ref|NC_001147|,1053619,T,TA,5,71,7.04%,2.8961E-2
a1,ref|NC_001147|,1074077,TA,T,7,64,10.94%,6.5529E-3
a1,ref|NC_001147|,1074149,TA,T,6,75,8%,1.3999E-2
a1,ref|NC_001147|,1077950,CT,C,11,68,16.18%,3.0799E-4
a1,ref|NC_001147|,1081606,CT,C,5,22,22.73%,2.4248E-2
a1,ref|NC_001147|,1091267,G,A,7,39,17.95%,5.8219E-3
a1,ref|NC_001148|,9510,T,G,5,33,15.15%,2.6557E-2
a1,ref|NC_001148|,9518,C,CA,8,35,22.86%,2.2392E-3
a1,ref|NC_001148|,13174,TA,T,5,69,7.25%,2.8819E-2
a1,ref|NC_001148|,16995,CT,C,7,48,14.58%,5.8688E-3
a1,ref|NC_001148|,44495,TA,T,5,69,7.25%,2.8856E-2
a1,ref|NC_001148|,74183,T,TA,6,55,10.91%,1.3375E-2
a1,ref|NC_001148|,85402,CA,C,7,44,15.91%,5.6667E-3
a1,ref|NC_001148|,90345,T,C,5,56,8.93%,2.8473E-2
a1,ref|NC_001148|,104922,AT,A,6,54,11.11%,1.3417E-2
a1,ref|NC_001148|,113314,GC,G,6,78,7.69%,1.4142E-2
a1,ref|NC_001148|,132456,TA,T,8,58,13.79%,2.8851E-3
a1,ref|NC_001148|,143761,T,C,5,68,7.35%,2.8961E-2
a1,ref|NC_001148|,144689,AGGAAACGTC,A,37,57,64.91%,9.5081E-16
a1,ref|NC_001148|,153278,G,GA,5,48,10.42%,2.7799E-2
a1,ref|NC_001148|,162374,GTA,G,7,35,20%,5.6095E-3
a1,ref|NC_001148|,191944,C,T,41,41,100%,2.3541E-24
a1,ref|NC_001148|,192966,C,CA,11,61,18.03%,2.6004E-4
a1,ref|NC_001148|,208932,C,T,5,69,7.25%,2.8994E-2
a1,ref|NC_001148|,209962,AT,A,5,43,11.63%,2.764E-2
a1,ref|NC_001148|,212823,GAT,G,7,39,17.95%,5.8219E-3
a1,ref|NC_001148|,212901,TA,T,17,47,36.17%,9.9678E-7
a1,ref|NC_001148|,215689,GA,G,9,47,19.15%,1.2408E-3
a1,ref|NC_001148|,239118,GTA,G,8,41,19.51%,2.653E-3
a1,ref|NC_001148|,244248,TTA,T,6,36,16.67%,1.238E-2
a1,ref|NC_001148|,246835,GA,G,6,39,15.38%,1.2628E-2
a1,ref|NC_001148|,265073,TGG,T,5,66,7.58%,2.8892E-2
a1,ref|NC_001148|,296837,C,CT,6,50,12%,1.3188E-2
a1,ref|NC_001148|,302892,C,CT,7,63,11.11%,6.5131E-3
a1,ref|NC_001148|,302994,GA,G,7,57,12.28%,6.3251E-3
a1,ref|NC_001148|,386559,AT,A,5,54,9.26%,2.8371E-2
a1,ref|NC_001148|,404759,GT,G,6,31,19.35%,1.057E-2
a1,ref|NC_001148|,425229,G,GA,8,62,12.9%,2.9557E-3
a1,ref|NC_001148|,427833,CA,C,5,85,5.88%,2.9396E-2
a1,ref|NC_001148|,462244,GA,G,10,47,21.28%,5.1483E-4
a1,ref|NC_001148|,467038,CT,C,7,64,10.94%,6.5529E-3
a1,ref|NC_001148|,481304,AT,A,30,43,69.77%,6.162E-14
a1,ref|NC_001148|,491804,CT,C,9,67,13.43%,1.4219E-3
a1,ref|NC_001148|,502679,CA,C,7,55,12.73%,5.9563E-3
a1,ref|NC_001148|,503238,T,C,6,26,23.08%,1.1309E-2
a1,ref|NC_001148|,503385,GA,G,8,47,17.02%,2.653E-3
a1,ref|NC_001148|,528959,CT,C,10,47,21.28%,5.4148E-4
a1,ref|NC_001148|,558033,AT,A,5,59,8.47%,2.8371E-2
a1,ref|NC_001148|,575156,CAT,C,9,66,13.64%,1.4447E-3
a1,ref|NC_001148|,588390,C,T,62,63,98.41%,1.0605E-35
a1,ref|NC_001148|,589896,C,CT,6,55,10.91%,1.3285E-2
a1,ref|NC_001148|,591398,T,A,6,83,7.23%,1.4231E-2
a1,ref|NC_001148|,591720,CAT,C,10,52,19.23%,5.9342E-4
a1,ref|NC_001148|,607467,GA,G,5,45,11.11%,2.7721E-2
a1,ref|NC_001148|,607820,CT,C,5,51,9.8%,2.8014E-2
a1,ref|NC_001148|,607997,CT,C,5,65,7.69%,2.8856E-2
a1,ref|NC_001148|,610817,A,T,5,64,7.81%,2.8819E-2
a1,ref|NC_001148|,615257,TA,T,6,44,13.64%,1.238E-2
a1,ref|NC_001148|,623381,GA,G,5,56,8.93%,2.8423E-2
a1,ref|NC_001148|,643732,G,GA,6,66,9.09%,1.3824E-2
a1,ref|NC_001148|,648520,GA,G,8,69,11.59%,3.0583E-3
a1,ref|NC_001148|,650390,G,GA,7,48,14.58%,6.0738E-3
a1,ref|NC_001148|,655079,GA,G,12,52,23.08%,9.5339E-5
a1,ref|NC_001148|,667520,T,G,44,44,100%,3.8097E-26
a1,ref|NC_001148|,675808,GA,G,7,61,11.48%,6.4016E-3
a1,ref|NC_001148|,677102,A,G,53,53,100%,1.5943E-31
a1,ref|NC_001148|,695616,T,TA,6,53,11.32%,1.3285E-2
a1,ref|NC_001148|,698526,G,GA,9,67,13.43%,1.3596E-3
a1,ref|NC_001148|,736057,T,A,5,50,10%,2.8142E-2
a1,ref|NC_001148|,759400,T,G,58,58,100%,1.6283E-34
a1,ref|NC_001148|,760250,A,G,5,62,8.06%,2.8741E-2
a1,ref|NC_001148|,802209,G,GA,7,69,10.14%,6.5719E-3
a1,ref|NC_001148|,814358,C,CA,5,46,10.87%,2.764E-2
a1,ref|NC_001148|,837643,A,AT,5,51,9.8%,2.8203E-2
a1,ref|NC_001148|,840627,ATT,A,5,36,13.89%,2.6093E-2
a1,ref|NC_001148|,843128,C,CT,6,69,8.7%,1.3851E-2
a1,ref|NC_001148|,847034,A,C,5,33,15.15%,2.6557E-2
a1,ref|NC_001148|,852560,G,T,5,29,17.24%,2.5917E-2
a1,ref|NC_001148|,852570,T,C,5,30,16.67%,2.6093E-2
a1,ref|NC_001148|,857189,G,GT,6,45,13.33%,1.2841E-2
a1,ref|NC_001148|,868371,AT,A,7,47,14.89%,6.0363E-3
a1,ref|NC_001148|,876243,CTA,C,8,56,14.29%,2.9718E-3
a1,ref|NC_001148|,878701,C,CA,5,53,9.43%,2.8317E-2
a1,ref|NC_001148|,881183,TTC,T,5,64,7.81%,2.8819E-2
a1,ref|NC_001148|,886454,G,GT,10,58,17.24%,5.9987E-4
a1,ref|NC_001148|,887933,AT,A,7,59,11.86%,6.2693E-3
a1,ref|NC_001148|,890346,T,A,73,73,100%,1.7006E-43
a1,ref|NC_001148|,897094,CAAT,C,5,47,10.64%,2.7874E-2
a1,ref|NC_001148|,909717,T,TA,5,59,8.47%,2.8473E-2
a1,ref|NC_001148|,921772,G,GT,6,66,9.09%,1.3851E-2
a1,ref|NC_001224|,16114,AT,A,401,2920,13.73%,1.7699E-123
a1,ref|NC_001224|,20345,GA,G,2300,2389,96.27%,0E0
a1,ref|NC_001224|,20934,T,G,2658,2659,99.96%,0E0
a1,ref|NC_001224|,33467,T,C,1365,1366,99.93%,0E0
a1,ref|NC_001224|,33618,T,TTC,499,612,81.54%,8.321E-234
a1,ref|NC_001224|,33779,AC,A,724,815,88.83%,0E0
a1,ref|NC_001224|,39517,G,T,2346,2346,100%,0E0
a1,ref|NC_001224|,43084,A,AT,1786,1997,89.43%,0E0
a1,ref|NC_001224|,44795,A,AT,1734,1971,87.98%,0E0
a1,ref|NC_001224|,49500,A,T,1199,1199,100%,0E0
a1,ref|NC_001224|,55436,GC,G,951,1220,77.95%,0E0
a1,ref|NC_001224|,63656,CG,C,101,1515,6.67%,3.4617E-30
a1,ref|NC_001224|,65917,C,CG,65,1215,5.35%,3.7782E-19
a1,ref|NC_001224|,67400,T,TC,350,750,46.67%,2.7148E-130
a1,ref|NC_001224|,73114,AG,A,987,1070,92.24%,0E0
a1,ref|NC_001224|,73136,TC,T,992,1052,94.3%,0E0
a1,ref|NC_001224|,73518,AT,A,172,1622,10.6%,8.9819E-53
a1,ref|NC_001224|,82253,T,TA,1367,1605,85.17%,0E0
a1,ref|NC_001224|,82507,T,A,954,954,100%,0E0
a20,ref|NC_001133|,3347,AT,A,5,92,5.43%,2.9538E-2
a20,ref|NC_001133|,5068,A,AT,11,114,9.65%,3.7643E-4
a20,ref|NC_001133|,6736,C,CAA,26,68,38.24%,4.7626E-11
a20,ref|NC_001133|,12529,A,G,14,85,16.47%,3.4099E-5
a20,ref|NC_001133|,12566,C,T,14,125,11.2%,4.1532E-5
a20,ref|NC_001133|,12570,C,T,16,129,12.4%,9.2996E-6
a20,ref|NC_001133|,12594,A,T,20,137,14.6%,4.4903E-7
a20,ref|NC_001133|,12620,T,C,47,152,30.92%,1.0432E-16
a20,ref|NC_001133|,12662,T,C,9,176,5.11%,1.7588E-3
a20,ref|NC_001133|,12666,T,C,11,176,6.25%,4.1564E-4
a20,ref|NC_001133|,12668,T,C,64,171,37.43%,3.4606E-23
a20,ref|NC_001133|,12690,A,T,78,145,53.79%,1.4993E-30
a20,ref|NC_001133|,12716,C,T,29,143,20.28%,3.8369E-10
a20,ref|NC_001133|,23239,C,CT,7,65,10.77%,6.4707E-3
a20,ref|NC_001133|,23712,C,CA,21,50,42%,1.8298E-8
a20,ref|NC_001133|,25340,C,A,67,67,100%,6.6743E-40
a20,ref|NC_001133|,25488,G,A,10,10,100%,5.4125E-6
a20,ref|NC_001133|,25872,G,C,24,24,100%,3.101E-14
a20,ref|NC_001133|,26193,T,C,5,25,20%,2.5076E-2
a20,ref|NC_001133|,26331,G,A,27,136,19.85%,1.7785E-9
a20,ref|NC_001133|,26373,C,T,16,79,20.25%,6.5626E-6
a20,ref|NC_001133|,26412,G,C,33,33,100%,1.3852E-19
a20,ref|NC_001133|,26508,C,T,11,17,64.71%,4.3258E-5
a20,ref|NC_001133|,26526,A,G,6,12,50%,6.865E-3
a20,ref|NC_001133|,27126,T,C,17,17,100%,4.2852E-10
a20,ref|NC_001133|,27129,C,G,17,17,100%,4.2852E-10
a20,ref|NC_001133|,31122,CAT,C,12,67,17.91%,1.3705E-4
a20,ref|NC_001133|,42085,GA,G,7,82,8.54%,6.7755E-3
a20,ref|NC_001133|,45634,CT,C,19,72,26.39%,4.0861E-7
a20,ref|NC_001133|,55359,T,A,5,95,5.26%,2.961E-2
a20,ref|NC_001133|,65614,A,AT,9,78,11.54%,1.4851E-3
a20,ref|NC_001133|,67975,G,GA,8,104,7.69%,3.3722E-3
a20,ref|NC_001133|,69828,CT,C,7,64,10.94%,6.4254E-3
a20,ref|NC_001133|,70906,GA,G,7,49,14.29%,5.5492E-3
a20,ref|NC_001133|,71116,GA,G,6,58,10.34%,1.3535E-2
a20,ref|NC_001133|,71530,TA,T,9,83,10.84%,1.5248E-3
a20,ref|NC_001133|,74999,A,AT,5,58,8.62%,2.8371E-2
a20,ref|NC_001133|,75597,C,CT,5,83,6.02%,2.9373E-2
a20,ref|NC_001133|,78333,A,T,5,94,5.32%,2.9592E-2
a20,ref|NC_001133|,87924,T,C,5,76,6.58%,2.9201E-2
a20,ref|NC_001133|,92602,CT,C,11,97,11.34%,3.6057E-4
a20,ref|NC_001133|,100007,A,AT,10,86,11.63%,7.324E-4
a20,ref|NC_001133|,101281,C,CA,16,58,27.59%,3.4048E-6
a20,ref|NC_001133|,101450,TA,T,5,74,6.76%,2.8994E-2
a20,ref|NC_001133|,126880,C,CTT,25,55,45.45%,4.1182E-10
a20,ref|NC_001133|,128103,A,AT,8,72,11.11%,3.1618E-3
a20,ref|NC_001133|,141135,A,T,42,43,97.67%,5.9562E-25
a20,ref|NC_001133|,142298,C,CT,5,77,6.49%,2.9117E-2
a20,ref|NC_001133|,152105,CT,C,19,90,21.11%,4.534E-7
a20,ref|NC_001133|,154817,G,GT,5,71,7.04%,2.8994E-2
a20,ref|NC_001133|,161128,C,T,5,34,14.71%,2.6693E-2
a20,ref|NC_001133|,161362,G,A,8,77,10.39%,3.2264E-3
a20,ref|NC_001133|,171866,TA,T,5,70,7.14%,2.8927E-2
a20,ref|NC_001133|,172008,G,GA,5,71,7.04%,2.9026E-2
a20,ref|NC_001133|,176580,CT,C,8,68,11.76%,3.0837E-3
a20,ref|NC_001133|,182509,T,TA,5,93,5.38%,2.9519E-2
a20,ref|NC_001133|,183387,AC,A,69,73,94.52%,2.3014E-37
a20,ref|NC_001133|,188881,G,C,20,97,20.62%,3.2029E-7
a20,ref|NC_001133|,188939,A,G,26,87,29.89%,1.6521E-9
a20,ref|NC_001133|,192551,CA,C,7,59,11.86%,6.4016E-3
a20,ref|NC_001133|,193631,A,T,69,69,100%,4.233E-41
a20,ref|NC_001133|,193984,GATA,G,5,100,5%,2.9676E-2
a20,ref|NC_001133|,198906,G,GA,7,74,9.46%,6.7056E-3
a20,ref|NC_001133|,199811,T,G,77,77,100%,6.8219E-46
a20,ref|NC_001133|,199908,C,CT,16,77,20.78%,5.0299E-6
a20,ref|NC_001133|,206126,T,C,18,18,100%,1.1019E-10
a20,ref|NC_001133|,206129,A,C,18,18,100%,1.1019E-10
a20,ref|NC_001133|,206132,G,T,18,18,100%,1.1019E-10
a20,ref|NC_001133|,206144,C,T,15,15,100%,6.4467E-9
a20,ref|NC_001133|,206177,G,C,15,15,100%,6.4467E-9
a20,ref|NC_001133|,206178,C,A,16,16,100%,1.6637E-9
a20,ref|NC_001133|,206179,A,C,16,16,100%,1.6637E-9
a20,ref|NC_001133|,208753,C,CA,6,89,6.74%,1.4294E-2
a20,ref|NC_001133|,210818,A,T,103,103,100%,1.7512E-61
a20,ref|NC_001133|,211019,T,C,93,93,100%,1.7451E-55
a20,ref|NC_001133|,225080,TA,T,16,72,22.22%,5.2337E-6
a20,ref|NC_001133|,225098,A,G,5,56,8.93%,2.8473E-2
a20,ref|NC_001133|,226914,AT,A,11,69,15.94%,2.9794E-4
a20,ref|NC_001134|,1187,C,T,44,139,31.65%,9.8289E-16
a20,ref|NC_001134|,1254,T,C,25,115,21.74%,6.8982E-9
a20,ref|NC_001134|,1528,G,A,20,106,18.87%,3.5482E-7
a20,ref|NC_001134|,1531,A,T,20,107,18.69%,3.5846E-7
a20,ref|NC_001134|,1532,G,T,20,107,18.69%,3.5846E-7
a20,ref|NC_001134|,5983,C,G,74,74,100%,4.2804E-44
a20,ref|NC_001134|,6440,G,C,75,75,100%,1.0773E-44
a20,ref|NC_001134|,7510,G,A,104,104,100%,4.3992E-62
a20,ref|NC_001134|,7511,G,A,103,103,100%,1.7512E-61
a20,ref|NC_001134|,7912,GA,G,98,100,98%,5.6887E-56
a20,ref|NC_001134|,9022,G,GA,40,99,40.4%,2.0985E-15
a20,ref|NC_001134|,15101,T,G,85,85,100%,1.0935E-50
a20,ref|NC_001134|,15510,G,T,103,103,100%,1.7512E-61
a20,ref|NC_001134|,15518,A,G,105,105,100%,1.1051E-62
a20,ref|NC_001134|,16380,C,T,88,88,100%,1.7384E-52
a20,ref|NC_001134|,16392,A,G,85,85,100%,1.0935E-50
a20,ref|NC_001134|,30012,C,T,81,81,100%,2.7329E-48
a20,ref|NC_001134|,30050,A,G,79,79,100%,4.3185E-47
a20,ref|NC_001134|,30210,T,C,25,25,100%,7.9107E-15
a20,ref|NC_001134|,30658,G,T,27,27,100%,5.1363E-16
a20,ref|NC_001134|,30660,T,C,27,27,100%,5.1363E-16
a20,ref|NC_001134|,30723,G,A,14,14,100%,2.4927E-8
a20,ref|NC_001134|,30754,G,A,15,15,100%,6.4467E-9
a20,ref|NC_001134|,30848,C,G,22,22,100%,4.7526E-13
a20,ref|NC_001134|,34298,G,A,59,59,100%,4.1056E-35
a20,ref|NC_001134|,35485,C,T,85,85,100%,1.0935E-50
a20,ref|NC_001134|,43104,CT,C,6,65,9.23%,1.3641E-2
a20,ref|NC_001134|,45076,CT,C,6,92,6.52%,1.4338E-2
a20,ref|NC_001134|,45219,C,CT,10,98,10.2%,7.5448E-4
a20,ref|NC_001134|,45956,AT,A,9,78,11.54%,1.4851E-3
a20,ref|NC_001134|,51505,C,T,45,95,47.37%,2.8237E-17
a20,ref|NC_001134|,59755,T,C,86,86,100%,2.7498E-51
a20,ref|NC_001134|,62776,G,GA,7,94,7.45%,6.9217E-3
a20,ref|NC_001134|,68282,GTTA,G,8,75,10.67%,3.1815E-3
a20,ref|NC_001134|,75103,T,TA,5,80,6.25%,2.9174E-2
a20,ref|NC_001134|,80432,A,T,5,82,6.1%,2.9351E-2
a20,ref|NC_001134|,80465,C,T,5,98,5.1%,2.966E-2
a20,ref|NC_001134|,84398,CA,C,10,73,13.7%,6.8011E-4
a20,ref|NC_001134|,88125,CT,C,9,79,11.39%,1.5086E-3
a20,ref|NC_001134|,88484,GGAGAA,G,61,68,89.71%,3.3363E-31
a20,ref|NC_001134|,114784,A,G,5,82,6.1%,2.9351E-2
a20,ref|NC_001134|,115437,GA,G,15,77,19.48%,1.1245E-5
a20,ref|NC_001134|,122587,AT,A,7,73,9.59%,6.6426E-3
a20,ref|NC_001134|,126565,C,CT,5,81,6.17%,2.9327E-2
a20,ref|NC_001134|,127636,C,CT,9,68,13.24%,1.4519E-3
a20,ref|NC_001134|,133870,CAT,C,5,43,11.63%,2.7371E-2
a20,ref|NC_001134|,137522,A,AT,6,69,8.7%,1.3903E-2
a20,ref|NC_001134|,137659,T,TA,5,40,12.5%,2.6944E-2
a20,ref|NC_001134|,138274,AT,A,7,53,13.21%,6.2693E-3
a20,ref|NC_001134|,143864,GA,G,9,72,12.5%,1.4519E-3
a20,ref|NC_001134|,145899,GA,G,8,70,11.43%,3.0583E-3
a20,ref|NC_001134|,151274,GT,G,9,96,9.38%,1.5945E-3
a20,ref|NC_001134|,153000,A,G,5,78,6.41%,2.9254E-2
a20,ref|NC_001134|,165902,C,CT,21,64,32.81%,2.8521E-8
a20,ref|NC_001134|,167978,C,CA,44,74,59.46%,1.6365E-19
a20,ref|NC_001134|,174714,AT,A,16,70,22.86%,5.333E-6
a20,ref|NC_001134|,207021,GT,G,5,76,6.58%,2.9026E-2
a20,ref|NC_001134|,221288,AGT,A,45,51,88.24%,9.0809E-23
a20,ref|NC_001134|,224654,C,T,5,71,7.04%,2.9058E-2
a20,ref|NC_001134|,242639,A,AT,5,70,7.14%,2.8892E-2
a20,ref|NC_001134|,251593,CT,C,6,51,11.76%,1.3188E-2
a20,ref|NC_001134|,259764,C,T,40,40,100%,9.3017E-24
a20,ref|NC_001134|,263144,GC,G,13,17,76.47%,2.5647E-6
a20,ref|NC_001134|,263153,C,T,18,18,100%,1.1019E-10
a20,ref|NC_001134|,263158,CG,C,23,23,100%,1.2146E-13
a20,ref|NC_001134|,263168,CG,C,23,23,100%,1.2146E-13
a20,ref|NC_001134|,265382,G,T,51,51,100%,2.5024E-30
a20,ref|NC_001134|,270660,GA,G,11,79,13.92%,3.2327E-4
a20,ref|NC_001134|,274224,C,CT,12,69,17.39%,1.3421E-4
a20,ref|NC_001134|,292118,G,GA,5,67,7.46%,2.8892E-2
a20,ref|NC_001134|,296125,AT,A,7,45,15.56%,5.6095E-3
a20,ref|NC_001134|,300033,GA,G,7,54,12.96%,5.8688E-3
a20,ref|NC_001134|,316949,CA,C,9,63,14.29%,1.3596E-3
a20,ref|NC_001134|,320222,G,C,7,61,11.48%,6.5131E-3
a20,ref|NC_001134|,326237,A,AT,6,94,6.38%,1.4392E-2
a20,ref|NC_001134|,326267,A,T,5,77,6.49%,2.9228E-2
a20,ref|NC_001134|,342440,G,GA,5,68,7.35%,2.8892E-2
a20,ref|NC_001134|,353485,C,CA,5,60,8.33%,2.8423E-2
a20,ref|NC_001134|,383176,C,CG,72,72,100%,6.7558E-43
a20,ref|NC_001134|,386207,CA,C,17,70,24.29%,1.9326E-6
a20,ref|NC_001134|,389421,GCT,G,58,65,89.23%,1.5495E-29
a20,ref|NC_001134|,395042,G,GA,11,68,16.18%,3.0799E-4
a20,ref|NC_001134|,399107,G,C,5,94,5.32%,2.9592E-2
a20,ref|NC_001134|,406430,GA,G,9,66,13.64%,1.4219E-3
a20,ref|NC_001134|,415764,CT,C,9,64,14.06%,1.3495E-3
a20,ref|NC_001134|,425941,CA,C,5,72,6.94%,2.8994E-2
a20,ref|NC_001134|,429267,A,AT,5,60,8.33%,2.8658E-2
a20,ref|NC_001134|,434300,C,CA,8,83,9.64%,3.2091E-3
a20,ref|NC_001134|,452435,C,CT,5,52,9.62%,2.7945E-2
a20,ref|NC_001134|,462749,CT,C,5,66,7.58%,2.8892E-2
a20,ref|NC_001134|,477508,AT,A,8,85,9.41%,3.2661E-3
a20,ref|NC_001134|,479272,C,CA,5,78,6.41%,2.9088E-2
a20,ref|NC_001134|,479796,CA,C,7,91,7.69%,6.8813E-3
a20,ref|NC_001134|,485927,GT,G,6,49,12.24%,1.3082E-2
a20,ref|NC_001134|,491090,C,CT,5,89,5.62%,2.9396E-2
a20,ref|NC_001134|,492950,GA,G,10,50,20%,5.3293E-4
a20,ref|NC_001134|,499536,C,CA,9,61,14.75%,1.3495E-3
a20,ref|NC_001134|,504355,CCA,C,5,77,6.49%,2.9228E-2
a20,ref|NC_001134|,505412,C,CA,5,53,9.43%,2.8014E-2
a20,ref|NC_001134|,539122,A,T,5,91,5.49%,2.9538E-2
a20,ref|NC_001134|,539226,GA,G,8,83,9.64%,3.2429E-3
a20,ref|NC_001134|,553512,G,GA,5,93,5.38%,2.9557E-2
a20,ref|NC_001134|,559930,C,CA,6,73,8.22%,1.3999E-2
a20,ref|NC_001134|,561222,GAA,G,7,37,18.92%,4.9169E-3
a20,ref|NC_001134|,563031,G,GT,14,73,19.18%,2.7899E-5
a20,ref|NC_001134|,569557,T,A,5,77,6.49%,2.9228E-2
a20,ref|NC_001134|,571328,CA,C,14,59,23.73%,2.3698E-5
a20,ref|NC_001134|,576030,T,TA,12,73,16.44%,1.4598E-4
a20,ref|NC_001134|,581558,AT,A,10,87,11.49%,7.324E-4
a20,ref|NC_001134|,589544,AT,A,6,72,8.33%,1.3928E-2
a20,ref|NC_001134|,604913,C,CT,6,71,8.45%,1.3903E-2
a20,ref|NC_001134|,609953,A,T,6,91,6.59%,1.4352E-2
a20,ref|NC_001134|,622214,G,A,5,84,5.95%,2.9396E-2
a20,ref|NC_001134|,628316,TA,T,5,68,7.35%,2.8856E-2
a20,ref|NC_001134|,628558,G,GT,5,60,8.33%,2.8569E-2
a20,ref|NC_001134|,629378,A,G,5,78,6.41%,2.9254E-2
a20,ref|NC_001134|,635033,A,T,5,86,5.81%,2.9439E-2
a20,ref|NC_001134|,647590,AT,A,6,64,9.38%,1.3796E-2
a20,ref|NC_001134|,654648,TGG,T,6,78,7.69%,1.4142E-2
a20,ref|NC_001134|,683571,T,C,5,57,8.77%,2.8522E-2
a20,ref|NC_001134|,684840,AT,A,7,90,7.78%,6.9119E-3
a20,ref|NC_001134|,692368,G,A,5,100,5%,2.9692E-2
a20,ref|NC_001134|,694611,TA,T,9,79,11.39%,1.503E-3
a20,ref|NC_001134|,698075,G,GA,13,69,18.84%,5.7349E-5
a20,ref|NC_001134|,700169,AT,A,11,92,11.96%,3.4273E-4
a20,ref|NC_001134|,704438,TA,T,7,67,10.45%,6.4922E-3
a20,ref|NC_001134|,714609,TA,T,5,86,5.81%,2.9327E-2
a20,ref|NC_001134|,721265,GA,G,7,70,10%,6.6083E-3
a20,ref|NC_001134|,723663,C,CA,36,55,65.45%,8.6678E-17
a20,ref|NC_001134|,738469,C,CA,6,86,6.98%,1.4247E-2
a20,ref|NC_001134|,744718,GT,G,6,92,6.52%,1.4352E-2
a20,ref|NC_001134|,746362,CATCTGCA,C,63,72,88.73%,7.001E-32
a20,ref|NC_001134|,751216,CA,C,8,80,10%,3.1411E-3
a20,ref|NC_001134|,767793,G,GA,9,85,10.59%,1.5446E-3
a20,ref|NC_001134|,773801,A,AT,6,81,7.41%,1.4197E-2
a20,ref|NC_001134|,774074,G,A,7,107,6.54%,7.0604E-3
a20,ref|NC_001134|,774669,C,CA,11,62,17.74%,2.6004E-4
a20,ref|NC_001134|,777906,AT,A,18,95,18.95%,1.414E-6
a20,ref|NC_001134|,784713,CT,C,5,65,7.69%,2.8569E-2
a20,ref|NC_001134|,784824,GA,G,7,75,9.33%,6.6905E-3
a20,ref|NC_001134|,785854,AT,A,6,81,7.41%,1.4104E-2
a20,ref|NC_001134|,796545,C,CT,7,87,8.05%,6.8133E-3
a20,ref|NC_001134|,809468,G,GA,10,76,13.16%,6.9153E-4
a20,ref|NC_001134|,809794,AT,A,37,74,50%,1.213E-15
a20,ref|NC_001135|,89,AC,A,4,12,36.36%,4.5113E-2
a20,ref|NC_001135|,139,ACC,A,5,26,19.23%,2.531E-2
a20,ref|NC_001135|,175,A,AC,8,31,25.81%,2.3332E-3
a20,ref|NC_001135|,195,A,AC,6,48,12.77%,1.3188E-2
a20,ref|NC_001135|,231,AC,A,5,31,16.13%,2.5527E-2
a20,ref|NC_001135|,233,C,A,10,24,41.67%,2.9985E-4
a20,ref|NC_001135|,272,A,AC,5,23,21.74%,2.3166E-2
a20,ref|NC_001135|,8353,CT,C,8,59,13.56%,2.9037E-3
a20,ref|NC_001135|,8575,C,CA,16,71,22.54%,4.3766E-6
a20,ref|NC_001135|,14303,C,CA,6,76,7.89%,1.4042E-2
a20,ref|NC_001135|,27658,T,TA,9,58,15.52%,1.2682E-3
a20,ref|NC_001135|,30172,A,T,6,80,7.5%,1.4179E-2
a20,ref|NC_001135|,30781,CT,C,6,88,6.82%,1.4231E-2
a20,ref|NC_001135|,42005,CA,C,6,70,8.57%,1.3535E-2
a20,ref|NC_001135|,44541,GA,G,24,73,32.88%,2.1774E-9
a20,ref|NC_001135|,50320,AAT,A,8,58,13.79%,3.0172E-3
a20,ref|NC_001135|,54924,CA,C,7,87,8.05%,6.8253E-3
a20,ref|NC_001135|,57071,CA,C,5,64,7.81%,2.8522E-2
a20,ref|NC_001135|,57221,C,CA,5,38,13.16%,2.6557E-2
a20,ref|NC_001135|,76009,CT,C,6,87,6.9%,1.4247E-2
a20,ref|NC_001135|,84421,G,A,60,60,100%,1.035E-35
a20,ref|NC_001135|,99797,G,A,20,70,28.57%,1.9571E-7
a20,ref|NC_001135|,101876,CT,C,8,48,16.67%,2.624E-3
a20,ref|NC_001135|,107899,G,GA,7,87,8.05%,6.8485E-3
a20,ref|NC_001135|,118860,C,CA,5,84,5.95%,2.9303E-2
a20,ref|NC_001135|,128995,A,G,5,91,5.49%,2.9538E-2
a20,ref|NC_001135|,129167,C,A,5,73,6.85%,2.9117E-2
a20,ref|NC_001135|,141506,C,A,6,101,5.94%,1.4477E-2
a20,ref|NC_001135|,142665,G,GA,8,91,8.79%,3.2878E-3
a20,ref|NC_001135|,143131,T,C,78,78,100%,1.7165E-46
a20,ref|NC_001135|,155207,G,GA,7,79,8.86%,6.7622E-3
a20,ref|NC_001135|,162361,T,C,64,64,100%,4.1752E-38
a20,ref|NC_001135|,162396,G,C,67,67,100%,6.6743E-40
a20,ref|NC_001135|,162640,T,G,59,59,100%,4.1056E-35
a20,ref|NC_001135|,162694,G,A,57,57,100%,6.4572E-34
a20,ref|NC_001135|,162712,TA,T,51,58,87.93%,1.1336E-25
a20,ref|NC_001135|,163059,T,C,70,70,100%,1.0659E-41
a20,ref|NC_001135|,163163,G,GA,47,63,74.6%,8.9293E-22
a20,ref|NC_001135|,163192,A,AT,59,65,90.77%,1.5065E-30
a20,ref|NC_001135|,163395,GA,G,6,82,7.32%,1.4197E-2
a20,ref|NC_001135|,173551,CT,C,9,61,14.75%,1.4054E-3
a20,ref|NC_001135|,179498,CA,C,5,78,6.41%,2.9228E-2
a20,ref|NC_001135|,186145,AAC,A,5,84,5.95%,2.9396E-2
a20,ref|NC_001135|,199081,G,A,42,42,100%,5.9562E-25
a20,ref|NC_001135|,199213,G,T,6,62,9.68%,1.3767E-2
a20,ref|NC_001135|,209788,C,CA,8,60,13.33%,2.9718E-3
a20,ref|NC_001135|,211722,G,GA,6,70,8.57%,1.3737E-2
a20,ref|NC_001135|,220216,A,AT,5,89,5.62%,2.9459E-2
a20,ref|NC_001135|,223344,CT,C,6,62,9.68%,1.3571E-2
a20,ref|NC_001135|,224773,TTA,T,7,55,12.73%,6.3515E-3
a20,ref|NC_001135|,228727,GCA,G,7,94,7.45%,6.9587E-3
a20,ref|NC_001135|,228964,GT,G,12,66,18.18%,1.3421E-4
a20,ref|NC_001135|,229272,C,CA,8,62,12.9%,2.9874E-3
a20,ref|NC_001135|,231005,CT,C,10,60,16.67%,5.7985E-4
a20,ref|NC_001135|,236778,GT,G,5,80,6.25%,2.9254E-2
a20,ref|NC_001135|,236804,C,CT,8,84,9.52%,3.2735E-3
a20,ref|NC_001135|,242447,AT,A,9,87,10.34%,1.535E-3
a20,ref|NC_001135|,247980,G,GTA,6,76,7.89%,1.3999E-2
a20,ref|NC_001135|,259986,G,GT,6,67,8.96%,1.3824E-2
a20,ref|NC_001135|,260025,GTA,G,10,78,12.82%,7.1196E-4
a20,ref|NC_001135|,273025,GA,G,9,68,13.24%,1.3694E-3
a20,ref|NC_001135|,292572,AAT,A,5,55,9.09%,2.8203E-2
a20,ref|NC_001135|,296134,A,T,5,73,6.85%,2.9117E-2
a20,ref|NC_001135|,302429,A,T,5,68,7.35%,2.8961E-2
a20,ref|NC_001135|,304284,TA,T,7,69,10.14%,6.5131E-3
a20,ref|NC_001135|,315517,CTA,C,8,51,15.69%,2.8851E-3
a20,ref|NC_001136|,61,AC,A,6,10,60%,5.418E-3
a20,ref|NC_001136|,4721,C,CT,6,92,6.52%,1.4352E-2
a20,ref|NC_001136|,7721,C,CA,36,47,76.6%,1.4006E-16
a20,ref|NC_001136|,13937,G,A,46,97,47.42%,1.1927E-17
a20,ref|NC_001136|,20525,CTA,C,6,27,22.22%,1.0344E-2
a20,ref|NC_001136|,26389,T,TA,10,87,11.49%,7.2404E-4
a20,ref|NC_001136|,27734,C,T,13,82,15.85%,7.2906E-5
a20,ref|NC_001136|,27738,A,G,7,79,8.86%,6.801E-3
a20,ref|NC_001136|,43856,CT,C,16,78,20.51%,5.8055E-6
a20,ref|NC_001136|,43887,GA,G,10,96,10.42%,7.4993E-4
a20,ref|NC_001136|,56985,CAT,C,6,85,7.06%,1.4263E-2
a20,ref|NC_001136|,57073,GA,G,8,101,7.92%,3.3561E-3
a20,ref|NC_001136|,66048,G,GA,6,85,7.06%,1.4247E-2
a20,ref|NC_001136|,78276,T,A,6,109,5.5%,1.456E-2
a20,ref|NC_001136|,82419,A,AT,7,88,7.95%,6.8485E-3
a20,ref|NC_001136|,92682,GA,G,15,64,23.44%,8.3573E-6
a20,ref|NC_001136|,99407,G,GA,8,103,7.77%,3.3669E-3
a20,ref|NC_001136|,105479,C,T,5,73,6.85%,2.9117E-2
a20,ref|NC_001136|,106907,AT,A,8,90,8.89%,3.2947E-3
a20,ref|NC_001136|,116123,C,CA,6,118,5.08%,1.4606E-2
a20,ref|NC_001136|,123792,TA,T,13,81,16.05%,7.0291E-5
a20,ref|NC_001136|,126537,C,CT,8,48,16.67%,2.5617E-3
a20,ref|NC_001136|,134139,A,T,5,100,5%,2.9692E-2
a20,ref|NC_001136|,135456,CT,C,21,89,23.6%,9.3573E-8
a20,ref|NC_001136|,137979,AT,A,9,82,10.98%,1.5446E-3
a20,ref|NC_001136|,157978,C,CT,7,107,6.54%,7.0392E-3
a20,ref|NC_001136|,164943,CT,C,5,91,5.49%,2.9439E-2
a20,ref|NC_001136|,169891,T,TA,5,48,10.42%,2.7555E-2
a20,ref|NC_001136|,189575,T,C,6,109,5.5%,1.456E-2
a20,ref|NC_001136|,210686,A,AT,5,88,5.68%,2.9459E-2
a20,ref|NC_001136|,212440,G,GT,12,76,15.79%,1.4234E-4
a20,ref|NC_001136|,229266,A,C,5,92,5.43%,2.9557E-2
a20,ref|NC_001136|,240138,CAT,C,10,75,13.33%,6.9515E-4
a20,ref|NC_001136|,265357,G,T,5,92,5.43%,2.9557E-2
a20,ref|NC_001136|,270194,C,CA,10,97,10.31%,7.4023E-4
a20,ref|NC_001136|,273629,GTT,G,20,77,25.97%,1.0949E-7
a20,ref|NC_001136|,283285,G,GA,11,93,11.83%,3.4273E-4
a20,ref|NC_001136|,286882,CT,C,5,84,5.95%,2.9303E-2
a20,ref|NC_001136|,300038,G,GA,9,93,9.68%,1.5493E-3
a20,ref|NC_001136|,302323,GA,G,6,84,7.14%,1.4142E-2
a20,ref|NC_001136|,305593,C,A,5,83,6.02%,2.9373E-2
a20,ref|NC_001136|,312518,C,CT,5,85,5.88%,2.9327E-2
a20,ref|NC_001136|,314304,T,TA,8,83,9.64%,3.2585E-3
a20,ref|NC_001136|,315072,CT,C,5,79,6.33%,2.9201E-2
a20,ref|NC_001136|,321870,C,CT,6,74,8.11%,1.4042E-2
a20,ref|NC_001136|,323677,GAT,G,15,72,20.83%,1.2459E-5
a20,ref|NC_001136|,329641,TTA,T,7,53,13.21%,6.2398E-3
a20,ref|NC_001136|,336148,C,CT,5,88,5.68%,2.9459E-2
a20,ref|NC_001136|,336206,CT,C,23,104,22.12%,1.5706E-8
a20,ref|NC_001136|,344004,G,GTA,33,51,64.71%,9.8525E-15
a20,ref|NC_001136|,344227,CT,C,6,79,7.59%,1.4142E-2
a20,ref|NC_001136|,355508,C,CT,8,115,6.96%,3.4153E-3
a20,ref|NC_001136|,358277,A,AT,7,87,8.05%,6.8813E-3
a20,ref|NC_001136|,362378,T,TA,6,94,6.38%,1.4338E-2
a20,ref|NC_001136|,364962,TA,T,6,95,6.32%,1.4324E-2
a20,ref|NC_001136|,369259,CA,C,15,59,25.42%,9.8829E-6
a20,ref|NC_001136|,376575,A,AT,5,83,6.02%,2.9279E-2
a20,ref|NC_001136|,392110,G,GT,7,65,10.77%,6.5333E-3
a20,ref|NC_001136|,394573,T,C,34,88,38.64%,1.0943E-12
a20,ref|NC_001136|,394574,G,A,8,64,12.5%,3.0712E-3
a20,ref|NC_001136|,395950,G,A,6,80,7.5%,1.4179E-2
a20,ref|NC_001136|,403511,G,GT,88,108,81.48%,1.3657E-42
a20,ref|NC_001136|,408171,C,CA,7,86,8.14%,6.8485E-3
a20,ref|NC_001136|,410887,AT,A,6,60,10%,1.3571E-2
a20,ref|NC_001136|,426590,C,A,6,108,5.56%,1.455E-2
a20,ref|NC_001136|,427105,C,CT,6,93,6.45%,1.4352E-2
a20,ref|NC_001136|,428805,AT,A,9,80,11.25%,1.5299E-3
a20,ref|NC_001136|,436198,C,CT,15,82,18.29%,1.3711E-5
a20,ref|NC_001136|,450188,GTA,G,14,76,18.42%,3.0024E-5
a20,ref|NC_001136|,461946,G,A,43,114,37.72%,8.3699E-16
a20,ref|NC_001136|,462158,A,G,161,234,68.8%,2.579E-68
a20,ref|NC_001136|,465667,C,CA,9,70,12.86%,1.4589E-3
a20,ref|NC_001136|,471707,A,AT,7,97,7.22%,6.9498E-3
a20,ref|NC_001136|,482472,G,GA,11,82,13.41%,3.2525E-4
a20,ref|NC_001136|,486783,CA,C,5,100,5%,2.9644E-2
a20,ref|NC_001136|,489441,AAT,A,7,61,11.48%,6.4016E-3
a20,ref|NC_001136|,503381,G,GT,8,81,9.88%,3.2091E-3
a20,ref|NC_001136|,505233,CAT,C,6,78,7.69%,1.4104E-2
a20,ref|NC_001136|,505604,A,G,5,71,7.04%,2.9058E-2
a20,ref|NC_001136|,506937,T,TA,7,87,8.05%,6.8253E-3
a20,ref|NC_001136|,519899,GT,G,7,71,9.86%,6.377E-3
a20,ref|NC_001136|,523310,C,A,5,90,5.56%,2.9519E-2
a20,ref|NC_001136|,525256,C,CT,5,75,6.67%,2.9117E-2
a20,ref|NC_001136|,525613,C,CA,5,89,5.62%,2.948E-2
a20,ref|NC_001136|,535450,G,A,21,165,12.73%,2.4181E-7
a20,ref|NC_001136|,538733,GTA,G,12,54,22.22%,1.1153E-4
a20,ref|NC_001136|,542558,C,CA,5,91,5.49%,2.9279E-2
a20,ref|NC_001136|,548546,G,GT,21,66,31.82%,3.2974E-8
a20,ref|NC_001136|,551819,CA,C,10,81,12.35%,6.9868E-4
a20,ref|NC_001136|,558164,CT,C,7,102,6.86%,6.9846E-3
a20,ref|NC_001136|,560869,C,CA,5,100,5%,2.9676E-2
a20,ref|NC_001136|,563497,CA,C,7,75,9.33%,6.659E-3
a20,ref|NC_001136|,578295,G,GA,6,118,5.08%,1.4606E-2
a20,ref|NC_001136|,587839,CT,C,14,64,21.88%,1.9039E-5
a20,ref|NC_001136|,592981,G,GT,7,82,8.54%,6.7056E-3
a20,ref|NC_001136|,607042,G,GA,10,102,9.8%,7.5886E-4
a20,ref|NC_001136|,607659,GGT,G,5,100,5%,2.9692E-2
a20,ref|NC_001136|,621879,G,GA,13,89,14.61%,6.4168E-5
a20,ref|NC_001136|,628654,AT,A,9,116,7.76%,1.6551E-3
a20,ref|NC_001136|,630672,C,CA,9,122,7.38%,1.6601E-3
a20,ref|NC_001136|,630833,GT,G,10,74,13.51%,6.345E-4
a20,ref|NC_001136|,637094,A,AT,9,110,8.18%,1.642E-3
a20,ref|NC_001136|,645102,GA,G,14,128,10.94%,4.1532E-5
a20,ref|NC_001136|,646833,C,T,8,77,10.39%,3.2264E-3
a20,ref|NC_001136|,657082,A,T,5,95,5.26%,2.961E-2
a20,ref|NC_001136|,658113,CT,C,5,82,6.1%,2.9174E-2
a20,ref|NC_001136|,668949,TA,T,13,106,12.26%,7.9021E-5
a20,ref|NC_001136|,673254,C,T,6,99,6.06%,1.4454E-2
a20,ref|NC_001136|,674861,GT,G,9,113,7.96%,1.6474E-3
a20,ref|NC_001136|,680128,CT,C,7,89,7.87%,6.8813E-3
a20,ref|NC_001136|,688005,GA,G,5,77,6.49%,2.9201E-2
a20,ref|NC_001136|,688062,C,CTT,48,76,63.16%,2.5199E-21
a20,ref|NC_001136|,708918,A,G,5,83,6.02%,2.9373E-2
a20,ref|NC_001136|,746353,CA,C,9,104,8.65%,1.6016E-3
a20,ref|NC_001136|,748524,T,TA,13,88,14.77%,7.5275E-5
a20,ref|NC_001136|,757631,G,C,75,75,100%,1.0773E-44
a20,ref|NC_001136|,758310,T,C,43,43,100%,1.5066E-25
a20,ref|NC_001136|,791925,C,CA,6,105,5.71%,1.4465E-2
a20,ref|NC_001136|,794341,A,T,5,95,5.26%,2.961E-2
a20,ref|NC_001136|,817531,T,TA,68,83,81.93%,8.2321E-33
a20,ref|NC_001136|,835638,G,GA,6,83,7.23%,1.4142E-2
a20,ref|NC_001136|,840422,AAT,A,10,74,13.51%,6.9515E-4
a20,ref|NC_001136|,851116,T,TA,8,106,7.55%,3.4017E-3
a20,ref|NC_001136|,855468,T,A,5,91,5.49%,2.9538E-2
a20,ref|NC_001136|,864867,CAT,C,8,61,13.11%,2.9037E-3
a20,ref|NC_001136|,864990,CT,C,7,83,8.43%,6.8253E-3
a20,ref|NC_001136|,870706,C,CT,7,121,5.79%,7.1177E-3
a20,ref|NC_001136|,872837,T,C,7,18,38.89%,3.8123E-3
a20,ref|NC_001136|,877732,A,T,5,91,5.49%,2.9538E-2
a20,ref|NC_001136|,877735,C,CA,5,92,5.43%,2.9557E-2
a20,ref|NC_001136|,879100,A,G,5,97,5.15%,2.9644E-2
a20,ref|NC_001136|,880697,A,G,47,47,100%,6.1512E-28
a20,ref|NC_001136|,884572,CT,C,14,61,22.95%,2.0156E-5
a20,ref|NC_001136|,887096,G,GA,6,67,8.96%,1.3851E-2
a20,ref|NC_001136|,892532,CA,C,14,87,16.09%,3.3315E-5
a20,ref|NC_001136|,892698,G,GTT,6,68,8.82%,1.3824E-2
a20,ref|NC_001136|,894993,CA,C,13,139,9.35%,8.8832E-5
a20,ref|NC_001136|,900853,AT,A,5,82,6.1%,2.9303E-2
a20,ref|NC_001136|,909727,AT,A,17,86,19.77%,2.4359E-6
a20,ref|NC_001136|,915920,G,A,5,95,5.26%,2.961E-2
a20,ref|NC_001136|,921560,G,A,6,105,5.71%,1.452E-2
a20,ref|NC_001136|,921813,CA,C,15,62,24.19%,8.6234E-6
a20,ref|NC_001136|,929184,AT,A,5,90,5.56%,2.95E-2
a20,ref|NC_001136|,930964,CAT,C,13,80,16.25%,6.7394E-5
a20,ref|NC_001136|,955986,G,GA,10,79,12.66%,6.9153E-4
a20,ref|NC_001136|,957628,C,CT,7,85,8.24%,6.8253E-3
a20,ref|NC_001136|,963385,AACT,A,5,100,5%,2.9692E-2
a20,ref|NC_001136|,966519,A,AG,5,94,5.32%,2.9592E-2
a20,ref|NC_001136|,966520,T,TA,11,67,16.42%,2.8674E-4
a20,ref|NC_001136|,987244,G,A,46,47,97.87%,2.9526E-26
a20,ref|NC_001136|,987283,C,T,6,74,8.11%,1.4064E-2
a20,ref|NC_001136|,987310,G,A,7,80,8.75%,6.8133E-3
a20,ref|NC_001136|,1002291,A,AT,13,99,13.13%,7.9774E-5
a20,ref|NC_001136|,1007254,C,G,14,73,19.18%,3.0353E-5
a20,ref|NC_001136|,1012097,A,AT,6,75,8%,1.4064E-2
a20,ref|NC_001136|,1012110,A,AT,5,87,5.75%,2.9373E-2
a20,ref|NC_001136|,1015989,G,GA,13,106,12.26%,7.5722E-5
a20,ref|NC_001136|,1021141,G,A,6,108,5.56%,1.455E-2
a20,ref|NC_001136|,1043420,TG,T,5,95,5.26%,2.961E-2
a20,ref|NC_001136|,1054751,TA,T,6,93,6.45%,1.4338E-2
a20,ref|NC_001136|,1078151,T,C,5,100,5%,2.9692E-2
a20,ref|NC_001136|,1079010,AT,A,24,74,32.43%,4.3702E-9
a20,ref|NC_001136|,1084521,GA,G,9,92,9.78%,1.5793E-3
a20,ref|NC_001136|,1084685,GA,G,6,110,5.45%,1.4488E-2
a20,ref|NC_001136|,1085136,C,A,5,88,5.68%,2.948E-2
a20,ref|NC_001136|,1090113,G,GA,14,90,15.56%,3.1607E-5
a20,ref|NC_001136|,1101983,CT,C,13,85,15.29%,7.1891E-5
a20,ref|NC_001136|,1108600,G,GA,8,75,10.67%,3.1411E-3
a20,ref|NC_001136|,1127513,A,T,6,90,6.67%,1.4338E-2
a20,ref|NC_001136|,1130880,A,AT,5,76,6.58%,2.9117E-2
a20,ref|NC_001136|,1135689,GA,G,7,95,7.37%,6.9019E-3
a20,ref|NC_001136|,1147231,C,CT,6,82,7.32%,1.4161E-2
a20,ref|NC_001136|,1150910,A,AG,86,90,95.56%,3.3506E-47
a20,ref|NC_001136|,1156457,TA,T,5,62,8.06%,2.8569E-2
a20,ref|NC_001136|,1172170,CA,C,5,94,5.32%,2.9592E-2
a20,ref|NC_001136|,1178330,C,CT,17,94,18.09%,2.9116E-6
a20,ref|NC_001136|,1185238,T,A,6,83,7.23%,1.4231E-2
a20,ref|NC_001136|,1191893,T,TA,5,80,6.25%,2.9254E-2
a20,ref|NC_001136|,1202177,CA,C,5,74,6.76%,2.9088E-2
a20,ref|NC_001136|,1224217,T,A,5,98,5.1%,2.966E-2
a20,ref|NC_001136|,1225635,T,A,5,82,6.1%,2.9351E-2
a20,ref|NC_001136|,1237589,C,CT,6,114,5.26%,1.452E-2
a20,ref|NC_001136|,1239031,AAT,A,9,59,15.25%,1.3171E-3
a20,ref|NC_001136|,1240959,G,GA,6,97,6.19%,1.4392E-2
a20,ref|NC_001136|,1242276,G,GA,5,86,5.81%,2.9417E-2
a20,ref|NC_001136|,1243919,TA,T,5,36,13.89%,2.6944E-2
a20,ref|NC_001136|,1253397,T,C,94,94,100%,4.3861E-56
a20,ref|NC_001136|,1254534,A,AT,6,100,6%,1.4417E-2
a20,ref|NC_001136|,1260146,T,G,5,81,6.17%,2.9327E-2
a20,ref|NC_001136|,1266255,C,CT,7,95,7.37%,6.9019E-3
a20,ref|NC_001136|,1272102,CT,C,5,86,5.81%,2.9417E-2
a20,ref|NC_001136|,1278545,GA,G,10,75,13.33%,6.9153E-4
a20,ref|NC_001136|,1305680,TG,T,110,111,99.1%,3.1066E-64
a20,ref|NC_001136|,1310265,GA,G,7,127,5.51%,7.1459E-3
a20,ref|NC_001136|,1315228,C,CA,6,104,5.77%,1.4465E-2
a20,ref|NC_001136|,1341641,TC,T,11,99,11.11%,3.5685E-4
a20,ref|NC_001136|,1342431,G,A,5,81,6.17%,2.9327E-2
a20,ref|NC_001136|,1357370,CA,C,10,94,10.64%,7.5448E-4
a20,ref|NC_001136|,1357474,A,AT,5,61,8.2%,2.8203E-2
a20,ref|NC_001136|,1366917,A,AT,9,115,7.83%,1.65E-3
a20,ref|NC_001136|,1385471,C,CAT,8,75,10.67%,3.1516E-3
a20,ref|NC_001136|,1386697,GA,G,5,92,5.43%,2.948E-2
a20,ref|NC_001136|,1402305,C,T,84,84,100%,4.3483E-50
a20,ref|NC_001136|,1412225,G,GA,10,85,11.76%,7.1196E-4
a20,ref|NC_001136|,1418469,CAT,C,7,82,8.54%,6.7884E-3
a20,ref|NC_001136|,1431852,G,C,9,83,10.84%,1.5539E-3
a20,ref|NC_001136|,1431853,T,C,9,88,10.23%,1.5753E-3
a20,ref|NC_001136|,1433710,A,T,106,106,100%,2.7758E-63
a20,ref|NC_001136|,1436997,TA,T,5,93,5.38%,2.9575E-2
a20,ref|NC_001136|,1443538,GA,G,9,112,8.04%,1.6245E-3
a20,ref|NC_001136|,1451259,G,GT,6,58,10.34%,1.3497E-2
a20,ref|NC_001136|,1466418,GT,G,14,98,14.29%,3.4351E-5
a20,ref|NC_001136|,1468506,C,CA,14,98,14.29%,3.4842E-5
a20,ref|NC_001136|,1470478,T,TA,8,97,8.25%,3.3331E-3
a20,ref|NC_001136|,1474784,AT,A,12,75,16%,1.4106E-4
a20,ref|NC_001136|,1491452,TA,T,6,119,5.04%,1.4649E-2
a20,ref|NC_001136|,1494413,C,CA,8,113,7.08%,3.4108E-3
a20,ref|NC_001136|,1498015,A,AT,6,100,6%,1.4379E-2
a20,ref|NC_001136|,1501055,G,GA,9,93,9.68%,1.587E-3
a20,ref|NC_001136|,1513956,C,CT,7,121,5.79%,7.0996E-3
a20,ref|NC_001136|,1515034,TA,T,78,98,79.59%,1.1098E-36
a20,ref|NC_001136|,1517680,G,GT,9,130,6.92%,1.6846E-3
a20,ref|NC_001136|,1518948,G,GT,66,88,75%,4.7014E-32
a20,ref|NC_001136|,1521818,C,CA,6,118,5.08%,1.4624E-2
a20,ref|NC_001136|,1524974,A,G,73,73,100%,1.7006E-43
a20,ref|NC_001136|,1525313,T,G,15,15,100%,6.4467E-9
a20,ref|NC_001137|,14724,C,CA,11,78,14.1%,3.1486E-4
a20,ref|NC_001137|,16072,AT,A,7,81,8.64%,6.7486E-3
a20,ref|NC_001137|,21321,TA,T,11,61,18.03%,2.6004E-4
a20,ref|NC_001137|,23230,AT,A,12,77,15.58%,1.4937E-4
a20,ref|NC_001137|,31460,CAT,C,20,94,21.28%,2.8234E-7
a20,ref|NC_001137|,33475,C,CT,13,77,16.88%,6.4168E-5
a20,ref|NC_001137|,36289,G,GT,10,66,15.15%,6.1215E-4
a20,ref|NC_001137|,39894,T,TA,7,85,8.24%,6.8133E-3
a20,ref|NC_001137|,48384,T,C,83,83,100%,1.729E-49
a20,ref|NC_001137|,59359,G,GT,5,91,5.49%,2.9417E-2
a20,ref|NC_001137|,59372,C,CT,9,99,9.09%,1.5753E-3
a20,ref|NC_001137|,61686,C,CT,14,79,17.72%,3.1303E-5
a20,ref|NC_001137|,65293,GA,G,11,84,13.1%,2.925E-4
a20,ref|NC_001137|,73474,C,CT,6,85,7.06%,1.4214E-2
a20,ref|NC_001137|,86488,CA,C,9,50,18%,1.1442E-3
a20,ref|NC_001137|,89292,A,T,5,72,6.94%,2.9088E-2
a20,ref|NC_001137|,100573,TA,T,5,57,8.77%,2.8079E-2
a20,ref|NC_001137|,115989,C,T,13,13,100%,9.6148E-8
a20,ref|NC_001137|,115997,T,C,18,18,100%,1.1019E-10
a20,ref|NC_001137|,116028,G,A,27,27,100%,5.1363E-16
a20,ref|NC_001137|,116086,G,A,51,51,100%,2.5024E-30
a20,ref|NC_001137|,116577,G,A,64,64,100%,4.1752E-38
a20,ref|NC_001137|,116644,G,T,64,64,100%,4.1752E-38
a20,ref|NC_001137|,118577,CAT,C,6,48,12.5%,1.2967E-2
a20,ref|NC_001137|,122728,GA,G,7,70,10%,6.5333E-3
a20,ref|NC_001137|,126489,G,GT,5,72,6.94%,2.8994E-2
a20,ref|NC_001137|,131558,T,TA,7,84,8.33%,6.8253E-3
a20,ref|NC_001137|,132565,CAT,C,7,62,11.29%,6.4254E-3
a20,ref|NC_001137|,141474,G,GT,6,77,7.79%,1.4124E-2
a20,ref|NC_001137|,142941,C,CAAT,5,60,8.33%,2.8473E-2
a20,ref|NC_001137|,148091,GA,G,7,52,13.46%,6.0738E-3
a20,ref|NC_001137|,154531,T,A,81,81,100%,2.7329E-48
a20,ref|NC_001137|,159027,CA,C,15,71,21.13%,1.0354E-5
a20,ref|NC_001137|,172598,GAT,G,6,55,10.91%,1.3458E-2
a20,ref|NC_001137|,194693,GA,G,6,66,9.09%,1.3767E-2
a20,ref|NC_001137|,196609,T,TA,8,75,10.67%,3.1618E-3
a20,ref|NC_001137|,198592,GTA,G,9,57,15.79%,1.388E-3
a20,ref|NC_001137|,217691,TA,T,6,74,8.11%,1.3796E-2
a20,ref|NC_001137|,221394,TA,T,6,68,8.82%,1.3824E-2
a20,ref|NC_001137|,223127,A,AT,5,80,6.25%,2.9254E-2
a20,ref|NC_001137|,241578,G,GA,5,63,7.94%,2.8614E-2
a20,ref|NC_001137|,243665,GA,G,10,49,20.41%,5.4972E-4
a20,ref|NC_001137|,251561,G,GA,5,80,6.25%,2.9228E-2
a20,ref|NC_001137|,256303,GTA,G,9,60,15%,1.3694E-3
a20,ref|NC_001137|,258177,GA,G,9,68,13.24%,1.3968E-3
a20,ref|NC_001137|,261464,C,CA,8,45,17.78%,2.5282E-3
a20,ref|NC_001137|,268335,GA,G,10,67,14.93%,6.4469E-4
a20,ref|NC_001137|,269159,G,GA,5,79,6.33%,2.9228E-2
a20,ref|NC_001137|,272558,GT,G,48,64,75%,1.5902E-22
a20,ref|NC_001137|,284384,AAT,A,5,31,16.13%,2.5729E-2
a20,ref|NC_001137|,289244,A,AT,9,70,12.86%,1.4297E-3
a20,ref|NC_001137|,291632,CT,C,6,59,10.17%,1.3641E-2
a20,ref|NC_001137|,295243,A,AT,5,70,7.14%,2.8927E-2
a20,ref|NC_001137|,297054,A,T,5,63,7.94%,2.878E-2
a20,ref|NC_001137|,305701,C,CA,6,70,8.57%,1.3877E-2
a20,ref|NC_001137|,305799,CT,C,5,64,7.81%,2.8371E-2
a20,ref|NC_001137|,352394,A,G,75,75,100%,1.0773E-44
a20,ref|NC_001137|,354194,G,A,5,54,9.26%,2.8371E-2
a20,ref|NC_001137|,374816,C,CA,6,70,8.57%,1.3976E-2
a20,ref|NC_001137|,378704,T,C,12,56,21.43%,1.2642E-4
a20,ref|NC_001137|,382298,A,AT,8,43,18.6%,2.3332E-3
a20,ref|NC_001137|,382523,C,CA,8,61,13.11%,2.9557E-3
a20,ref|NC_001137|,386143,G,GA,6,85,7.06%,1.4197E-2
a20,ref|NC_001137|,390254,C,CA,6,68,8.82%,1.3796E-2
a20,ref|NC_001137|,395202,CA,C,9,65,13.85%,1.4054E-3
a20,ref|NC_001137|,400988,C,CT,5,63,7.94%,2.87E-2
a20,ref|NC_001137|,402835,G,GA,6,95,6.32%,1.4379E-2
a20,ref|NC_001137|,413363,T,TA,7,73,9.59%,6.6083E-3
a20,ref|NC_001137|,422990,C,CA,5,59,8.47%,2.8423E-2
a20,ref|NC_001137|,433180,A,AT,5,74,6.76%,2.9088E-2
a20,ref|NC_001137|,441153,C,CT,11,77,14.29%,3.3091E-4
a20,ref|NC_001137|,462951,CT,C,5,60,8.33%,2.8473E-2
a20,ref|NC_001137|,465615,C,T,5,73,6.85%,2.9117E-2
a20,ref|NC_001137|,492181,C,CA,10,89,11.24%,7.1814E-4
a20,ref|NC_001137|,503930,CA,C,15,80,18.75%,1.3877E-5
a20,ref|NC_001137|,513297,G,A,5,58,8.62%,2.8569E-2
a20,ref|NC_001137|,516594,G,GT,6,72,8.33%,1.3999E-2
a20,ref|NC_001137|,517529,T,C,78,78,100%,1.7165E-46
a20,ref|NC_001137|,520781,G,GA,10,80,12.5%,6.9868E-4
a20,ref|NC_001137|,522970,AT,A,5,52,9.62%,2.7874E-2
a20,ref|NC_001137|,545186,AG,A,8,26,30.77%,1.8791E-3
a20,ref|NC_001137|,555344,CA,C,7,76,9.21%,6.675E-3
a20,ref|NC_001138|,8304,TA,T,10,82,12.2%,6.9515E-4
a20,ref|NC_001138|,11006,A,G,8,74,10.81%,3.2002E-3
a20,ref|NC_001138|,11068,CT,C,12,83,14.46%,1.5045E-4
a20,ref|NC_001138|,12416,T,A,38,110,34.55%,7.5158E-14
a20,ref|NC_001138|,14286,C,CA,6,67,8.96%,1.3767E-2
a20,ref|NC_001138|,30997,CT,C,6,66,9.09%,1.3796E-2
a20,ref|NC_001138|,57967,TA,T,6,69,8.7%,1.3824E-2
a20,ref|NC_001138|,58005,GAT,G,13,70,18.57%,5.8991E-5
a20,ref|NC_001138|,68948,CAT,C,5,85,5.88%,2.9373E-2
a20,ref|NC_001138|,74485,G,GA,6,83,7.23%,1.4179E-2
a20,ref|NC_001138|,75912,CT,C,5,67,7.46%,2.8741E-2
a20,ref|NC_001138|,92709,T,C,5,80,6.25%,2.9303E-2
a20,ref|NC_001138|,97617,T,TA,10,70,14.29%,6.5891E-4
a20,ref|NC_001138|,97864,C,CTT,49,67,73.13%,3.2592E-24
a20,ref|NC_001138|,99153,CA,C,9,65,13.85%,1.388E-3
a20,ref|NC_001138|,104558,C,CA,6,61,9.84%,1.3497E-2
a20,ref|NC_001138|,104577,TA,T,12,55,21.82%,1.1153E-4
a20,ref|NC_001138|,106277,C,CTT,24,41,58.54%,8.7205E-11
a20,ref|NC_001138|,107684,TA,T,6,77,7.79%,1.4084E-2
a20,ref|NC_001138|,111477,A,AT,5,66,7.58%,2.8658E-2
a20,ref|NC_001138|,114205,C,CA,5,89,5.62%,2.948E-2
a20,ref|NC_001138|,119284,GA,G,8,91,8.79%,3.3014E-3
a20,ref|NC_001138|,137976,TACG,T,6,63,9.52%,1.3796E-2
a20,ref|NC_001138|,148941,CT,C,6,84,7.14%,1.4197E-2
a20,ref|NC_001138|,155985,G,GT,15,74,20.27%,1.3194E-5
a20,ref|NC_001138|,167855,AT,A,6,68,8.82%,1.3796E-2
a20,ref|NC_001138|,174046,C,CT,11,91,12.09%,3.3788E-4
a20,ref|NC_001138|,186224,GATA,G,16,83,19.28%,6.7911E-6
a20,ref|NC_001138|,194606,A,AT,7,83,8.43%,6.8485E-3
a20,ref|NC_001138|,199470,CA,C,6,96,6.25%,1.4379E-2
a20,ref|NC_001138|,204792,C,T,5,88,5.68%,2.948E-2
a20,ref|NC_001138|,210067,AT,A,11,52,21.15%,2.4819E-4
a20,ref|NC_001138|,214699,T,A,5,96,5.21%,2.9627E-2
a20,ref|NC_001138|,220461,C,CT,7,72,9.72%,6.7056E-3
a20,ref|NC_001138|,223995,T,TA,6,70,8.57%,1.3928E-2
a20,ref|NC_001138|,226131,CA,C,6,72,8.33%,1.3796E-2
a20,ref|NC_001138|,227478,CT,C,10,46,21.74%,4.8486E-4
a20,ref|NC_001138|,230291,C,A,5,86,5.81%,2.9439E-2
a20,ref|NC_001138|,245165,A,AT,7,53,13.21%,6.3251E-3
a20,ref|NC_001138|,245961,A,AT,5,70,7.14%,2.8892E-2
a20,ref|NC_001138|,262244,C,CA,6,89,6.74%,1.4247E-2
a20,ref|NC_001138|,268676,G,GA,9,108,8.33%,1.6392E-3
a20,ref|NC_001139|,214,A,AC,50,54,92.59%,1.7068E-26
a20,ref|NC_001139|,1327,A,T,5,84,5.95%,2.9396E-2
a20,ref|NC_001139|,7303,TA,T,5,90,5.56%,2.9459E-2
a20,ref|NC_001139|,8151,G,GA,77,82,93.9%,2.54E-41
a20,ref|NC_001139|,9807,TA,T,10,92,10.87%,7.4758E-4
a20,ref|NC_001139|,43266,CA,C,5,76,6.58%,2.9117E-2
a20,ref|NC_001139|,46077,T,C,14,83,16.87%,3.3581E-5
a20,ref|NC_001139|,49415,CT,C,9,123,7.32%,1.6601E-3
a20,ref|NC_001139|,56225,CT,C,6,88,6.82%,1.4231E-2
a20,ref|NC_001139|,64148,T,C,5,84,5.95%,2.9396E-2
a20,ref|NC_001139|,76641,G,A,5,63,7.94%,2.878E-2
a20,ref|NC_001139|,76709,G,GA,10,91,10.99%,7.4273E-4
a20,ref|NC_001139|,77930,AT,A,9,117,7.69%,1.6392E-3
a20,ref|NC_001139|,80602,TA,T,7,63,11.11%,6.4016E-3
a20,ref|NC_001139|,84763,CT,C,10,94,10.64%,7.4518E-4
a20,ref|NC_001139|,86432,C,A,5,93,5.38%,2.9575E-2
a20,ref|NC_001139|,89733,CA,C,7,116,6.03%,7.0805E-3
a20,ref|NC_001139|,98776,C,CT,5,88,5.68%,2.9396E-2
a20,ref|NC_001139|,102487,T,TA,9,70,12.86%,1.4519E-3
a20,ref|NC_001139|,124375,G,GA,6,79,7.59%,1.4142E-2
a20,ref|NC_001139|,140293,TA,T,9,59,15.25%,1.3694E-3
a20,ref|NC_001139|,140312,AT,A,6,72,8.33%,1.3928E-2
a20,ref|NC_001139|,140313,TA,T,6,39,15.38%,1.2287E-2
a20,ref|NC_001139|,149631,C,CA,5,83,6.02%,2.9303E-2
a20,ref|NC_001139|,154579,T,TA,7,86,8.14%,6.7486E-3
a20,ref|NC_001139|,159681,A,T,6,101,5.94%,1.4477E-2
a20,ref|NC_001139|,167250,CA,C,9,71,12.68%,1.4138E-3
a20,ref|NC_001139|,167622,C,CA,6,47,12.77%,1.3136E-2
a20,ref|NC_001139|,179637,G,T,5,90,5.56%,2.9519E-2
a20,ref|NC_001139|,190778,G,GA,10,88,11.36%,7.2112E-4
a20,ref|NC_001139|,206341,G,GT,6,81,7.41%,1.4064E-2
a20,ref|NC_001139|,206499,G,GA,5,72,6.94%,2.9088E-2
a20,ref|NC_001139|,213859,G,GT,8,102,7.84%,3.3824E-3
a20,ref|NC_001139|,232930,CA,C,5,94,5.32%,2.9592E-2
a20,ref|NC_001139|,272291,GAT,G,6,55,10.91%,1.3285E-2
a20,ref|NC_001139|,274400,AT,A,7,74,9.46%,6.6905E-3
a20,ref|NC_001139|,278779,C,CT,9,65,13.85%,1.3596E-3
a20,ref|NC_001139|,305359,T,C,5,83,6.02%,2.9373E-2
a20,ref|NC_001139|,307179,CAT,C,5,38,13.16%,2.6693E-2
a20,ref|NC_001139|,307425,T,C,6,68,8.82%,1.3928E-2
a20,ref|NC_001139|,311589,C,A,72,72,100%,6.7558E-43
a20,ref|NC_001139|,323361,A,AT,9,52,17.31%,1.1791E-3
a20,ref|NC_001139|,326269,CA,C,16,86,18.6%,6.2401E-6
a20,ref|NC_001139|,326735,A,AT,5,72,6.94%,2.9026E-2
a20,ref|NC_001139|,349503,C,CA,11,80,13.75%,3.2718E-4
a20,ref|NC_001139|,364146,AT,A,8,84,9.52%,3.2661E-3
a20,ref|NC_001139|,365888,A,T,6,72,8.33%,1.4021E-2
a20,ref|NC_001139|,366198,AAT,A,9,94,9.57%,1.587E-3
a20,ref|NC_001139|,366778,TA,T,6,61,9.84%,1.3497E-2
a20,ref|NC_001139|,371569,G,A,80,80,100%,1.0864E-47
a20,ref|NC_001139|,386978,C,G,86,86,100%,2.7498E-51
a20,ref|NC_001139|,386979,G,C,87,87,100%,6.9142E-52
a20,ref|NC_001139|,397833,G,A,6,62,9.68%,1.3767E-2
a20,ref|NC_001139|,397834,GA,G,25,62,40.32%,3.158E-10
a20,ref|NC_001139|,397835,A,G,6,19,31.58%,9.828E-3
a20,ref|NC_001139|,400243,A,AT,8,83,9.64%,3.2585E-3
a20,ref|NC_001139|,400550,G,GT,28,90,31.11%,1.0284E-10
a20,ref|NC_001139|,401674,C,A,71,71,100%,2.6835E-42
a20,ref|NC_001139|,401698,T,A,75,75,100%,1.0773E-44
a20,ref|NC_001139|,404474,A,AG,42,45,93.33%,1.6658E-22
a20,ref|NC_001139|,404522,T,TG,51,52,98.08%,3.3479E-29
a20,ref|NC_001139|,404935,C,G,61,61,100%,2.609E-36
a20,ref|NC_001139|,404936,G,C,61,61,100%,2.609E-36
a20,ref|NC_001139|,405085,CG,C,81,87,93.1%,5.2703E-43
a20,ref|NC_001139|,413966,GA,G,7,83,8.43%,6.8253E-3
a20,ref|NC_001139|,422403,AT,A,5,68,7.35%,2.8961E-2
a20,ref|NC_001139|,428255,CT,C,7,81,8.64%,6.801E-3
a20,ref|NC_001139|,438696,C,CA,6,68,8.82%,1.3796E-2
a20,ref|NC_001139|,438823,AT,A,6,83,7.23%,1.4124E-2
a20,ref|NC_001139|,440441,CA,C,8,72,11.11%,3.1077E-3
a20,ref|NC_001139|,460220,A,G,6,78,7.69%,1.4142E-2
a20,ref|NC_001139|,465811,G,GT,6,100,6%,1.4417E-2
a20,ref|NC_001139|,469037,GA,G,5,71,7.04%,2.9026E-2
a20,ref|NC_001139|,476237,GT,G,5,99,5.05%,2.9676E-2
a20,ref|NC_001139|,483131,TA,T,6,68,8.82%,1.3737E-2
a20,ref|NC_001139|,484095,C,CT,7,82,8.54%,6.7346E-3
a20,ref|NC_001139|,485884,T,TA,8,92,8.7%,3.2947E-3
a20,ref|NC_001139|,496729,T,TA,56,87,64.37%,2.5198E-24
a20,ref|NC_001139|,502764,CT,C,7,92,7.61%,6.8917E-3
a20,ref|NC_001139|,509867,C,A,5,78,6.41%,2.9254E-2
a20,ref|NC_001139|,515600,T,C,5,50,10%,2.8142E-2
a20,ref|NC_001139|,526818,T,TA,5,60,8.33%,2.8614E-2
a20,ref|NC_001139|,527468,A,AT,6,82,7.32%,1.4197E-2
a20,ref|NC_001139|,548070,CT,C,6,81,7.41%,1.4064E-2
a20,ref|NC_001139|,555212,CT,C,5,78,6.41%,2.9254E-2
a20,ref|NC_001139|,558362,G,A,6,115,5.22%,1.4615E-2
a20,ref|NC_001139|,576672,G,GT,7,85,8.24%,6.8133E-3
a20,ref|NC_001139|,582530,TA,T,15,80,18.75%,1.3877E-5
a20,ref|NC_001139|,591175,A,T,5,88,5.68%,2.948E-2
a20,ref|NC_001139|,598999,GA,G,5,90,5.56%,2.9396E-2
a20,ref|NC_001139|,608628,G,A,5,76,6.58%,2.9201E-2
a20,ref|NC_001139|,609109,TA,T,11,80,13.75%,3.1263E-4
a20,ref|NC_001139|,611579,C,CT,5,63,7.94%,2.8658E-2
a20,ref|NC_001139|,616171,A,AT,13,64,20.31%,4.7798E-5
a20,ref|NC_001139|,617452,T,TA,12,94,12.77%,1.574E-4
a20,ref|NC_001139|,635264,A,T,6,91,6.59%,1.4352E-2
a20,ref|NC_001139|,639673,GA,G,10,67,14.93%,6.1215E-4
a20,ref|NC_001139|,639876,T,A,5,86,5.81%,2.9439E-2
a20,ref|NC_001139|,639883,C,T,5,89,5.62%,2.95E-2
a20,ref|NC_001139|,640617,CT,C,14,64,21.88%,2.1741E-5
a20,ref|NC_001139|,640642,A,C,5,51,10.2%,2.8079E-2
a20,ref|NC_001139|,640724,G,A,5,42,11.9%,2.7555E-2
a20,ref|NC_001139|,648680,A,G,5,80,6.25%,2.9303E-2
a20,ref|NC_001139|,649555,GT,G,7,93,7.53%,6.8706E-3
a20,ref|NC_001139|,650957,GA,G,7,76,9.21%,6.6426E-3
a20,ref|NC_001139|,653228,C,CT,17,83,20.48%,2.9901E-6
a20,ref|NC_001139|,656600,GA,G,5,94,5.32%,2.9575E-2
a20,ref|NC_001139|,662342,A,G,7,66,10.61%,6.6083E-3
a20,ref|NC_001139|,662344,C,T,6,60,10%,1.3706E-2
a20,ref|NC_001139|,675526,AAT,A,5,72,6.94%,2.8961E-2
a20,ref|NC_001139|,676341,AT,A,14,81,17.28%,3.1905E-5
a20,ref|NC_001139|,678070,C,CT,7,51,13.73%,5.9972E-3
a20,ref|NC_001139|,691380,A,T,6,92,6.52%,1.4365E-2
a20,ref|NC_001139|,702711,A,AT,6,85,7.06%,1.4179E-2
a20,ref|NC_001139|,715716,GA,G,7,70,10%,6.5904E-3
a20,ref|NC_001139|,726535,CT,C,5,91,5.49%,2.9373E-2
a20,ref|NC_001139|,733109,AT,A,18,75,24%,6.6943E-7
a20,ref|NC_001139|,736553,TA,T,7,62,11.29%,6.3515E-3
a20,ref|NC_001139|,742157,CT,C,11,67,16.42%,2.7081E-4
a20,ref|NC_001139|,746575,CTT,C,5,60,8.33%,2.8079E-2
a20,ref|NC_001139|,748521,G,A,5,97,5.15%,2.9644E-2
a20,ref|NC_001139|,774940,C,T,5,90,5.56%,2.9519E-2
a20,ref|NC_001139|,784113,GT,G,7,83,8.43%,6.837E-3
a20,ref|NC_001139|,802370,G,GA,5,98,5.1%,2.961E-2
a20,ref|NC_001139|,805050,G,GT,10,73,13.7%,6.8782E-4
a20,ref|NC_001139|,806964,A,T,5,91,5.49%,2.9538E-2
a20,ref|NC_001139|,807865,CA,C,11,69,15.94%,2.8374E-4
a20,ref|NC_001139|,834033,AT,A,6,86,6.98%,1.4263E-2
a20,ref|NC_001139|,836852,G,GA,5,89,5.62%,2.9396E-2
a20,ref|NC_001139|,837655,A,T,5,74,6.76%,2.9146E-2
a20,ref|NC_001139|,840600,G,GA,13,99,13.13%,7.824E-5
a20,ref|NC_001139|,848452,A,AT,7,76,9.21%,6.7486E-3
a20,ref|NC_001139|,848511,GAT,G,8,73,10.96%,3.1516E-3
a20,ref|NC_001139|,848540,GA,G,12,85,14.12%,1.5151E-4
a20,ref|NC_001139|,850800,G,GA,8,78,10.26%,3.1191E-3
a20,ref|NC_001139|,853509,AT,A,5,95,5.26%,2.9538E-2
a20,ref|NC_001139|,856430,C,CA,7,76,9.21%,6.6905E-3
a20,ref|NC_001139|,865709,A,T,5,91,5.49%,2.9538E-2
a20,ref|NC_001139|,871561,G,GA,9,108,8.33%,1.6335E-3
a20,ref|NC_001139|,878684,G,GA,7,99,7.07%,6.9761E-3
a20,ref|NC_001139|,882543,TA,T,5,80,6.25%,2.9201E-2
a20,ref|NC_001139|,896437,C,T,5,90,5.56%,2.9519E-2
a20,ref|NC_001139|,899782,T,TA,6,66,9.09%,1.3824E-2
a20,ref|NC_001139|,910112,C,CT,8,46,17.39%,2.6808E-3
a20,ref|NC_001139|,920914,G,GA,9,100,9%,1.5981E-3
a20,ref|NC_001139|,938047,C,T,5,82,6.1%,2.9351E-2
a20,ref|NC_001139|,938048,A,G,5,85,5.88%,2.9417E-2
a20,ref|NC_001139|,959779,AAT,A,7,55,12.73%,6.3251E-3
a20,ref|NC_001139|,968722,A,AT,6,66,9.09%,1.3824E-2
a20,ref|NC_001139|,968891,C,CT,10,78,12.82%,7.1196E-4
a20,ref|NC_001139|,977899,T,TA,8,82,9.76%,3.2347E-3
a20,ref|NC_001139|,982259,G,GA,8,88,9.09%,3.2878E-3
a20,ref|NC_001139|,985722,AT,A,16,67,23.88%,4.4899E-6
a20,ref|NC_001139|,987105,G,GT,7,76,9.21%,6.7203E-3
a20,ref|NC_001139|,989675,A,AT,8,72,11.11%,3.045E-3
a20,ref|NC_001139|,994378,G,GT,6,78,7.69%,1.4104E-2
a20,ref|NC_001139|,1002673,A,G,86,86,100%,2.7498E-51
a20,ref|NC_001139|,1004507,AAT,A,13,76,17.11%,6.4842E-5
a20,ref|NC_001139|,1006277,G,C,89,89,100%,4.3706E-53
a20,ref|NC_001139|,1006278,C,G,89,89,100%,4.3706E-53
a20,ref|NC_001139|,1006279,G,C,89,89,100%,4.3706E-53
a20,ref|NC_001139|,1010989,G,GA,7,104,6.73%,7.0392E-3
a20,ref|NC_001139|,1011080,GA,G,15,118,12.71%,1.8301E-5
a20,ref|NC_001139|,1011803,G,GT,8,81,10%,3.1815E-3
a20,ref|NC_001139|,1012220,A,AT,6,106,5.66%,1.4499E-2
a20,ref|NC_001139|,1013619,A,T,5,98,5.1%,2.966E-2
a20,ref|NC_001139|,1021962,C,CT,6,104,5.77%,1.4454E-2
a20,ref|NC_001139|,1024876,G,GA,6,109,5.5%,1.4509E-2
a20,ref|NC_001139|,1039112,G,A,5,97,5.15%,2.9644E-2
a20,ref|NC_001139|,1043766,CAT,C,7,42,16.67%,5.8219E-3
a20,ref|NC_001139|,1048534,CA,C,6,98,6.12%,1.4379E-2
a20,ref|NC_001139|,1048639,G,GA,14,92,15.22%,3.3043E-5
a20,ref|NC_001139|,1050785,A,AT,7,95,7.37%,6.9406E-3
a20,ref|NC_001139|,1051832,C,CT,14,107,13.08%,3.7453E-5
a20,ref|NC_001139|,1059663,GT,G,6,93,6.45%,1.4352E-2
a20,ref|NC_001139|,1073937,C,CA,8,87,9.2%,3.2807E-3
a20,ref|NC_001139|,1080327,G,A,6,89,6.74%,1.4324E-2
a20,ref|NC_001139|,1080730,CT,C,6,91,6.59%,1.4309E-2
a20,ref|NC_001139|,1081039,AT,A,8,85,9.41%,3.1909E-3
a20,ref|NC_001140|,1846,A,G,16,36,44.44%,1.7753E-6
a20,ref|NC_001140|,2292,G,GC,12,22,54.55%,1.1285E-5
a20,ref|NC_001140|,10909,G,GA,6,83,7.23%,1.4231E-2
a20,ref|NC_001140|,11865,CT,C,7,81,8.64%,6.7884E-3
a20,ref|NC_001140|,17534,A,AT,75,97,77.32%,2.2658E-35
a20,ref|NC_001140|,38647,C,CT,5,52,9.62%,2.8079E-2
a20,ref|NC_001140|,48099,GA,G,7,82,8.54%,6.8133E-3
a20,ref|NC_001140|,58900,C,CT,6,76,7.89%,1.3999E-2
a20,ref|NC_001140|,63926,C,CT,8,77,10.39%,3.1909E-3
a20,ref|NC_001140|,67613,G,GA,8,73,10.96%,3.1516E-3
a20,ref|NC_001140|,71906,CT,C,13,75,17.33%,6.1313E-5
a20,ref|NC_001140|,75976,AAT,A,5,52,9.62%,2.8142E-2
a20,ref|NC_001140|,78674,CA,C,8,68,11.76%,3.1302E-3
a20,ref|NC_001140|,78883,TA,T,8,66,12.12%,3.1077E-3
a20,ref|NC_001140|,81858,CA,C,10,60,16.67%,5.7985E-4
a20,ref|NC_001140|,85508,TTA,T,53,68,77.94%,2.045E-24
a20,ref|NC_001140|,111530,CTA,C,10,41,24.39%,4.8486E-4
a20,ref|NC_001140|,115390,AT,A,7,67,10.45%,6.5529E-3
a20,ref|NC_001140|,120062,GT,G,5,59,8.47%,2.8371E-2
a20,ref|NC_001140|,121879,G,GA,5,72,6.94%,2.8994E-2
a20,ref|NC_001140|,123958,G,GA,5,50,10%,2.7945E-2
a20,ref|NC_001140|,125832,GA,G,9,57,15.79%,1.3055E-3
a20,ref|NC_001140|,126150,GT,G,7,51,13.73%,6.0363E-3
a20,ref|NC_001140|,141525,CT,C,5,61,8.2%,2.8614E-2
a20,ref|NC_001140|,164550,T,C,7,86,8.14%,6.8813E-3
a20,ref|NC_001140|,167627,CAT,C,6,59,10.17%,1.3674E-2
a20,ref|NC_001140|,168456,C,G,14,51,27.45%,2.1741E-5
a20,ref|NC_001140|,168576,GT,G,5,79,6.33%,2.9254E-2
a20,ref|NC_001140|,176845,TA,T,6,54,11.11%,1.3285E-2
a20,ref|NC_001140|,187029,G,GA,12,61,19.67%,1.1358E-4
a20,ref|NC_001140|,192694,C,CA,7,79,8.86%,6.7346E-3
a20,ref|NC_001140|,198474,G,GT,8,70,11.43%,3.1077E-3
a20,ref|NC_001140|,214256,CT,C,85,595,14.29%,5.4765E-28
a20,ref|NC_001140|,222734,G,GT,5,63,7.94%,2.8741E-2
a20,ref|NC_001140|,229199,GA,G,17,73,23.29%,1.8236E-6
a20,ref|NC_001140|,232116,A,G,6,78,7.69%,1.4142E-2
a20,ref|NC_001140|,233314,G,GA,5,74,6.76%,2.8994E-2
a20,ref|NC_001140|,234753,AT,A,8,61,13.11%,3.045E-3
a20,ref|NC_001140|,236957,T,TAA,5,68,7.35%,2.8569E-2
a20,ref|NC_001140|,236993,T,C,9,62,14.52%,1.4297E-3
a20,ref|NC_001140|,237735,CT,C,7,52,13.46%,5.7727E-3
a20,ref|NC_001140|,238967,C,CA,9,73,12.33%,1.4589E-3
a20,ref|NC_001140|,253648,C,T,6,79,7.59%,1.4161E-2
a20,ref|NC_001140|,255909,GA,G,5,86,5.81%,2.9351E-2
a20,ref|NC_001140|,282569,CT,C,5,57,8.77%,2.8423E-2
a20,ref|NC_001140|,290389,AT,A,5,72,6.94%,2.9058E-2
a20,ref|NC_001140|,293272,TA,T,8,44,18.18%,2.4562E-3
a20,ref|NC_001140|,313899,T,A,5,76,6.58%,2.9201E-2
a20,ref|NC_001140|,332400,G,C,7,63,11.11%,6.5529E-3
a20,ref|NC_001140|,340058,T,TTA,7,45,15.56%,5.8219E-3
a20,ref|NC_001140|,361910,AT,A,6,79,7.59%,1.3999E-2
a20,ref|NC_001140|,368026,CT,C,6,67,8.96%,1.3737E-2
a20,ref|NC_001140|,370543,AAT,A,6,68,8.82%,1.3851E-2
a20,ref|NC_001140|,375509,T,TA,6,63,9.52%,1.3607E-2
a20,ref|NC_001140|,384944,G,GA,7,81,8.64%,6.801E-3
a20,ref|NC_001140|,387090,AT,A,8,58,13.79%,2.9389E-3
a20,ref|NC_001140|,391061,TC,T,8,82,9.76%,3.2661E-3
a20,ref|NC_001140|,392614,T,C,7,85,8.24%,6.8706E-3
a20,ref|NC_001140|,396744,G,A,8,41,19.51%,2.6808E-3
a20,ref|NC_001140|,396945,GA,G,16,66,24.24%,3.6584E-6
a20,ref|NC_001140|,417054,G,A,59,59,100%,4.1056E-35
a20,ref|NC_001140|,451138,TA,T,5,86,5.81%,2.9351E-2
a20,ref|NC_001140|,459034,T,C,77,77,100%,6.8219E-46
a20,ref|NC_001140|,463829,A,G,5,86,5.81%,2.9439E-2
a20,ref|NC_001140|,475549,CA,C,7,65,10.77%,6.4922E-3
a20,ref|NC_001140|,475931,TTA,T,34,43,79.07%,8.7127E-17
a20,ref|NC_001140|,477550,TAATG,T,5,95,5.26%,2.961E-2
a20,ref|NC_001140|,508800,CA,C,9,51,17.65%,1.1442E-3
a20,ref|NC_001140|,511255,C,T,75,75,100%,1.0773E-44
a20,ref|NC_001140|,512211,GA,G,13,83,15.85%,6.7998E-5
a20,ref|NC_001140|,514829,CTA,C,8,52,15.38%,2.7573E-3
a20,ref|NC_001140|,519048,CA,C,8,86,9.3%,3.2429E-3
a20,ref|NC_001140|,529350,CA,C,12,81,14.81%,1.5045E-4
a20,ref|NC_001140|,532813,A,G,14,103,13.59%,3.8029E-5
a20,ref|NC_001140|,545305,T,C,5,78,6.41%,2.9254E-2
a20,ref|NC_001140|,549762,C,CT,6,24,25%,1.0777E-2
a20,ref|NC_001140|,549805,A,C,8,50,16%,2.8851E-3
a20,ref|NC_001140|,551717,TA,T,9,54,16.67%,1.3055E-3
a20,ref|NC_001140|,554072,TA,T,8,78,10.26%,3.1618E-3
a20,ref|NC_001140|,556858,G,GT,7,48,14.58%,6.1774E-3
a20,ref|NC_001140|,556888,GGT,G,14,53,26.42%,2.2741E-5
a20,ref|NC_001140|,556939,T,G,14,49,28.57%,2.0696E-5
a20,ref|NC_001140|,556949,T,TG,6,39,15.38%,1.2702E-2
a20,ref|NC_001140|,556967,G,GT,11,48,22.92%,2.5227E-4
a20,ref|NC_001140|,562225,T,C,10,71,14.08%,6.9515E-4
a20,ref|NC_001140|,562354,C,T,12,111,10.81%,1.784E-4
a20,ref|NC_001140|,562369,A,G,13,113,11.5%,8.4695E-5
a20,ref|NC_001140|,562374,G,A,15,117,12.82%,1.8908E-5
a20,ref|NC_001140|,562385,AT,A,20,118,16.95%,3.5115E-7
a20,ref|NC_001140|,562424,A,T,6,110,5.45%,1.457E-2
a20,ref|NC_001140|,562425,G,A,7,111,6.31%,7.087E-3
a20,ref|NC_001140|,562440,A,G,37,105,35.24%,1.5216E-13
a20,ref|NC_001140|,562443,A,G,37,104,35.58%,1.4535E-13
a20,ref|NC_001140|,562473,GGGTGTGGGTGTGTGTGTGGGTGT,G,5,80,6.25%,2.9303E-2
a20,ref|NC_001140|,562474,G,GGT,5,89,5.62%,2.9396E-2
a20,ref|NC_001140|,562484,T,TG,17,61,28.81%,1.8784E-6
a20,ref|NC_001140|,562485,GT,G,7,47,15.56%,6.0738E-3
a20,ref|NC_001140|,562486,T,G,8,66,13.79%,3.0172E-3
a20,ref|NC_001140|,562498,GT,G,19,76,25.33%,5.0699E-7
a20,ref|NC_001140|,562503,TGG,T,7,76,9.33%,6.7346E-3
a20,ref|NC_001140|,562506,G,A,5,74,6.76%,2.9146E-2
a20,ref|NC_001140|,562509,TG,T,5,78,6.41%,2.9174E-2
a20,ref|NC_001140|,562515,TG,T,9,64,14.06%,1.4219E-3
a20,ref|NC_001140|,562521,TG,T,5,88,5.68%,2.948E-2
a20,ref|NC_001140|,562527,T,TG,7,89,7.87%,6.8813E-3
a20,ref|NC_001140|,562538,TG,T,9,85,10.59%,1.5493E-3
a20,ref|NC_001140|,562539,GGT,G,6,76,8%,1.4064E-2
a20,ref|NC_001140|,562545,T,TG,5,75,6.76%,2.9117E-2
a20,ref|NC_001140|,562552,GGT,G,8,70,11.43%,3.1411E-3
a20,ref|NC_001140|,562553,GT,G,5,55,9.26%,2.8371E-2
a20,ref|NC_001140|,562559,GGGTGT,G,11,50,22%,2.6374E-4
a20,ref|NC_001140|,562575,T,TG,5,29,18.52%,2.5076E-2
a20,ref|NC_001140|,562578,TGTG,T,5,30,17.24%,2.5917E-2
a20,ref|NC_001140|,562589,GGT,G,10,30,33.33%,3.8387E-4
a20,ref|NC_001140|,562606,TG,T,5,32,15.62%,2.6093E-2
a20,ref|NC_001140|,562608,GT,G,5,20,26.32%,2.3166E-2
a20,ref|NC_001141|,22273,T,TC,15,17,88.24%,7.3277E-8
a20,ref|NC_001141|,23082,TG,T,18,18,100%,1.1019E-10
a20,ref|NC_001141|,25376,C,T,8,78,10.26%,3.2347E-3
a20,ref|NC_001141|,25418,T,C,32,99,32.32%,1.1627E-11
a20,ref|NC_001141|,25586,T,C,52,109,47.71%,6.767E-20
a20,ref|NC_001141|,25593,C,T,49,109,44.95%,1.5627E-18
a20,ref|NC_001141|,25594,T,A,48,103,46.6%,2.5813E-18
a20,ref|NC_001141|,37201,C,CT,9,82,10.98%,1.535E-3
a20,ref|NC_001141|,39373,T,TA,63,88,71.59%,6.8719E-29
a20,ref|NC_001141|,45874,T,C,5,38,13.16%,2.7169E-2
a20,ref|NC_001141|,45875,G,A,5,37,13.51%,2.706E-2
a20,ref|NC_001141|,50133,A,T,5,77,6.49%,2.9228E-2
a20,ref|NC_001141|,51318,AT,A,7,77,9.09%,6.7486E-3
a20,ref|NC_001141|,57277,C,CA,33,55,60%,1.3848E-14
a20,ref|NC_001141|,66107,G,GT,5,81,6.17%,2.9279E-2
a20,ref|NC_001141|,76013,CT,C,5,68,7.35%,2.878E-2
a20,ref|NC_001141|,92291,A,G,5,63,7.94%,2.878E-2
a20,ref|NC_001141|,97282,GA,G,5,78,6.41%,2.9201E-2
a20,ref|NC_001141|,102536,CT,C,9,75,12%,1.4519E-3
a20,ref|NC_001141|,105433,A,AAAT,59,65,90.77%,1.5065E-30
a20,ref|NC_001141|,105767,GATA,G,9,53,16.98%,1.3171E-3
a20,ref|NC_001141|,117728,T,A,5,81,6.17%,2.9327E-2
a20,ref|NC_001141|,122089,G,GT,6,46,13.04%,1.3082E-2
a20,ref|NC_001141|,127338,GT,G,5,76,6.58%,2.9117E-2
a20,ref|NC_001141|,128210,AC,A,5,93,5.38%,2.9575E-2
a20,ref|NC_001141|,129603,C,CT,5,91,5.49%,2.948E-2
a20,ref|NC_001141|,131543,T,A,5,75,6.67%,2.9174E-2
a20,ref|NC_001141|,137906,G,GA,10,84,11.9%,7.1814E-4
a20,ref|NC_001141|,144117,TTA,T,8,59,13.56%,2.9718E-3
a20,ref|NC_001141|,149075,G,GA,6,77,7.79%,1.4042E-2
a20,ref|NC_001141|,151193,GA,G,6,66,9.09%,1.3706E-2
a20,ref|NC_001141|,160362,GA,G,5,87,5.75%,2.9396E-2
a20,ref|NC_001141|,160843,T,TA,5,60,8.33%,2.8522E-2
a20,ref|NC_001141|,163245,AT,A,8,52,15.38%,2.7808E-3
a20,ref|NC_001141|,164666,T,A,6,61,9.84%,1.3737E-2
a20,ref|NC_001141|,168640,C,G,5,36,13.89%,2.6944E-2
a20,ref|NC_001141|,177466,CAT,C,6,44,13.64%,1.2905E-2
a20,ref|NC_001141|,183251,CT,C,11,56,19.64%,2.4819E-4
a20,ref|NC_001141|,187820,GT,G,6,61,9.84%,1.3737E-2
a20,ref|NC_001141|,187821,T,G,6,40,15.38%,1.2702E-2
a20,ref|NC_001141|,187822,GA,G,9,54,16.67%,1.2682E-3
a20,ref|NC_001141|,205066,G,GA,6,79,7.59%,1.4104E-2
a20,ref|NC_001141|,223464,T,C,5,91,5.49%,2.9538E-2
a20,ref|NC_001141|,241003,C,T,5,62,8.06%,2.8741E-2
a20,ref|NC_001141|,241032,G,GA,19,67,28.36%,2.6625E-7
a20,ref|NC_001141|,241204,C,CT,5,69,7.25%,2.8994E-2
a20,ref|NC_001141|,245962,CT,C,24,58,41.38%,5.5097E-10
a20,ref|NC_001141|,249625,C,CT,7,61,11.48%,6.377E-3
a20,ref|NC_001141|,254003,TA,T,44,56,78.57%,1.0901E-20
a20,ref|NC_001141|,257480,C,CA,5,64,7.81%,2.8658E-2
a20,ref|NC_001141|,267870,TA,T,8,47,17.02%,2.6808E-3
a20,ref|NC_001141|,287755,A,AT,5,60,8.33%,2.8569E-2
a20,ref|NC_001141|,290193,GA,G,14,66,21.21%,2.5912E-5
a20,ref|NC_001141|,292280,CT,C,6,69,8.7%,1.3877E-2
a20,ref|NC_001141|,310500,GT,G,7,73,9.59%,6.6426E-3
a20,ref|NC_001141|,318694,T,A,73,73,100%,1.7006E-43
a20,ref|NC_001141|,339225,C,CT,11,39,28.21%,1.7351E-4
a20,ref|NC_001141|,340930,GT,G,5,83,6.02%,2.9373E-2
a20,ref|NC_001141|,342354,CT,C,5,69,7.25%,2.8994E-2
a20,ref|NC_001141|,353868,G,GA,6,91,6.59%,1.4352E-2
a20,ref|NC_001141|,355926,TA,T,5,86,5.81%,2.9373E-2
a20,ref|NC_001141|,370195,AT,A,7,60,11.67%,6.2693E-3
a20,ref|NC_001141|,375747,A,T,64,65,98.46%,4.1752E-38
a20,ref|NC_001141|,379890,TA,T,5,70,7.14%,2.8856E-2
a20,ref|NC_001141|,380935,G,GA,7,76,9.21%,6.6905E-3
a20,ref|NC_001141|,385640,A,AT,13,66,19.7%,5.473E-5
a20,ref|NC_001141|,387143,CA,C,6,38,15.79%,1.238E-2
a20,ref|NC_001141|,389257,GA,G,7,84,8.33%,6.801E-3
a20,ref|NC_001141|,398436,G,C,5,81,6.17%,2.9327E-2
a20,ref|NC_001141|,408397,A,T,6,90,6.67%,1.4338E-2
a20,ref|NC_001141|,425388,GA,G,5,76,6.58%,2.9174E-2
a20,ref|NC_001141|,433264,A,AT,6,89,6.74%,1.4279E-2
a20,ref|NC_001142|,28946,CT,C,5,72,6.94%,2.8892E-2
a20,ref|NC_001142|,37825,GT,G,6,82,7.32%,1.4142E-2
a20,ref|NC_001142|,47026,CT,C,6,85,7.06%,1.4179E-2
a20,ref|NC_001142|,49094,GA,G,5,85,5.88%,2.9417E-2
a20,ref|NC_001142|,50370,G,GA,6,74,8.11%,1.3976E-2
a20,ref|NC_001142|,59054,GA,G,13,64,20.31%,5.5625E-5
a20,ref|NC_001142|,60682,GT,G,7,70,10%,6.5333E-3
a20,ref|NC_001142|,72473,T,C,5,78,6.41%,2.9254E-2
a20,ref|NC_001142|,74615,CT,C,6,79,7.59%,1.4124E-2
a20,ref|NC_001142|,75588,CT,C,10,96,10.42%,7.4518E-4
a20,ref|NC_001142|,76478,A,G,5,87,5.75%,2.9459E-2
a20,ref|NC_001142|,76562,GAT,G,7,70,10%,6.659E-3
a20,ref|NC_001142|,85527,C,CT,6,81,7.41%,1.4197E-2
a20,ref|NC_001142|,89353,A,G,5,84,5.95%,2.9396E-2
a20,ref|NC_001142|,97478,G,A,82,82,100%,6.8742E-49
a20,ref|NC_001142|,99519,AT,A,8,83,9.64%,3.2091E-3
a20,ref|NC_001142|,101045,G,GA,6,75,8%,1.4021E-2
a20,ref|NC_001142|,104611,TA,T,6,50,12%,1.3188E-2
a20,ref|NC_001142|,109915,G,GA,5,70,7.14%,2.8961E-2
a20,ref|NC_001142|,113474,AT,A,6,70,8.57%,1.3796E-2
a20,ref|NC_001142|,120856,T,A,5,63,7.94%,2.878E-2
a20,ref|NC_001142|,123779,GA,G,8,96,8.33%,3.308E-3
a20,ref|NC_001142|,134112,GA,G,15,84,17.86%,1.4512E-5
a20,ref|NC_001142|,136911,GA,G,15,79,18.99%,1.2069E-5
a20,ref|NC_001142|,144126,C,CT,6,89,6.74%,1.4279E-2
a20,ref|NC_001142|,147243,C,T,75,75,100%,1.0773E-44
a20,ref|NC_001142|,161835,TA,T,9,84,10.71%,1.5493E-3
a20,ref|NC_001142|,173179,GT,G,5,70,7.14%,2.878E-2
a20,ref|NC_001142|,173404,AT,A,6,71,8.45%,1.3999E-2
a20,ref|NC_001142|,173515,T,TA,7,71,9.86%,6.659E-3
a20,ref|NC_001142|,177924,AAT,A,5,73,6.85%,2.9058E-2
a20,ref|NC_001142|,190623,C,G,5,64,7.81%,2.8819E-2
a20,ref|NC_001142|,196083,CT,C,7,75,9.33%,6.7056E-3
a20,ref|NC_001142|,199170,A,C,69,69,100%,4.233E-41
a20,ref|NC_001142|,200219,A,G,67,67,100%,6.6743E-40
a20,ref|NC_001142|,217454,G,GA,6,90,6.67%,1.4263E-2
a20,ref|NC_001142|,222721,C,T,5,75,6.67%,2.9174E-2
a20,ref|NC_001142|,247164,C,CA,7,72,9.72%,6.6083E-3
a20,ref|NC_001142|,247249,C,A,5,76,6.58%,2.9201E-2
a20,ref|NC_001142|,268747,A,AT,9,73,12.33%,1.4589E-3
a20,ref|NC_001142|,272294,AT,A,5,68,7.35%,2.8961E-2
a20,ref|NC_001142|,280770,C,CT,9,54,16.67%,1.3055E-3
a20,ref|NC_001142|,286919,C,T,5,78,6.41%,2.9254E-2
a20,ref|NC_001142|,289587,TA,T,6,41,14.63%,1.2287E-2
a20,ref|NC_001142|,315657,GA,G,6,64,9.38%,1.3796E-2
a20,ref|NC_001142|,317080,G,C,6,83,7.23%,1.4179E-2
a20,ref|NC_001142|,319847,GA,G,8,91,8.79%,3.327E-3
a20,ref|NC_001142|,342348,AT,A,13,62,20.97%,4.6702E-5
a20,ref|NC_001142|,358212,G,GT,9,44,20.45%,1.1061E-3
a20,ref|NC_001142|,359824,G,GA,9,86,10.47%,1.5493E-3
a20,ref|NC_001142|,360924,A,C,5,44,11.36%,2.7721E-2
a20,ref|NC_001142|,372281,C,T,5,80,6.25%,2.9303E-2
a20,ref|NC_001142|,374689,TA,T,5,59,8.47%,2.8614E-2
a20,ref|NC_001142|,385995,A,T,5,65,7.69%,2.8856E-2
a20,ref|NC_001142|,388260,C,CA,5,58,8.62%,2.8371E-2
a20,ref|NC_001142|,393823,GA,G,7,48,14.58%,5.6667E-3
a20,ref|NC_001142|,413270,A,T,5,81,6.17%,2.9327E-2
a20,ref|NC_001142|,424172,GAT,G,12,60,20%,1.2966E-4
a20,ref|NC_001142|,424906,C,CT,10,60,16.67%,5.4972E-4
a20,ref|NC_001142|,457903,CA,C,13,61,21.31%,4.6702E-5
a20,ref|NC_001142|,470130,GTAA,G,41,71,57.75%,6.4299E-17
a20,ref|NC_001142|,490992,T,C,7,61,11.48%,6.5131E-3
a20,ref|NC_001142|,497098,A,AAT,36,56,64.29%,2.7907E-15
a20,ref|NC_001142|,497303,AAT,A,13,80,16.25%,6.9736E-5
a20,ref|NC_001142|,519255,CGT,C,8,49,16.33%,2.8249E-3
a20,ref|NC_001142|,523904,TA,T,13,62,20.97%,5.6497E-5
a20,ref|NC_001142|,525702,GA,G,9,68,13.24%,1.4297E-3
a20,ref|NC_001142|,525782,T,TA,5,26,19.23%,2.3921E-2
a20,ref|NC_001142|,526730,T,C,46,117,39.32%,5.5506E-17
a20,ref|NC_001142|,526799,TTA,T,8,81,9.88%,3.2585E-3
a20,ref|NC_001142|,526863,A,G,109,187,58.29%,1.8707E-43
a20,ref|NC_001142|,533111,A,C,5,86,5.81%,2.9439E-2
a20,ref|NC_001142|,538633,A,AT,9,73,12.33%,1.4851E-3
a20,ref|NC_001142|,540917,A,T,5,84,5.95%,2.9396E-2
a20,ref|NC_001142|,555085,G,GA,5,72,6.94%,2.8994E-2
a20,ref|NC_001142|,568755,T,TA,8,73,10.96%,3.1191E-3
a20,ref|NC_001142|,570008,A,G,5,69,7.25%,2.8994E-2
a20,ref|NC_001142|,580248,C,CT,7,58,12.07%,6.2398E-3
a20,ref|NC_001142|,587808,G,GA,6,89,6.74%,1.4309E-2
a20,ref|NC_001142|,601543,A,T,5,83,6.02%,2.9373E-2
a20,ref|NC_001142|,608565,AT,A,5,85,5.88%,2.9373E-2
a20,ref|NC_001142|,618031,AT,A,5,90,5.56%,2.9439E-2
a20,ref|NC_001142|,639198,C,CT,7,50,14%,5.9563E-3
a20,ref|NC_001142|,640784,G,GA,67,76,88.16%,4.727E-35
a20,ref|NC_001142|,663948,C,CT,6,98,6.12%,1.443E-2
a20,ref|NC_001142|,667224,GTA,G,10,74,13.51%,6.9515E-4
a20,ref|NC_001142|,678854,A,G,6,103,5.83%,1.4499E-2
a20,ref|NC_001142|,679087,A,G,6,96,6.25%,1.4417E-2
a20,ref|NC_001142|,696898,A,T,5,97,5.15%,2.9644E-2
a20,ref|NC_001142|,697010,CT,C,7,93,7.53%,6.9498E-3
a20,ref|NC_001142|,714201,T,A,6,83,7.23%,1.4231E-2
a20,ref|NC_001142|,715072,G,T,5,21,23.81%,2.3921E-2
a20,ref|NC_001142|,715081,T,G,8,21,38.1%,1.7241E-3
a20,ref|NC_001142|,715087,A,G,7,18,38.89%,3.8123E-3
a20,ref|NC_001142|,715095,G,A,7,16,43.75%,3.3988E-3
a20,ref|NC_001142|,715099,G,T,7,16,43.75%,3.3988E-3
a20,ref|NC_001142|,717235,T,TA,5,75,6.67%,2.9088E-2
a20,ref|NC_001142|,738075,G,T,56,132,42.42%,7.8634E-21
a20,ref|NC_001142|,740238,T,C,30,30,100%,8.4556E-18
a20,ref|NC_001142|,743850,C,G,15,15,100%,6.4467E-9
a20,ref|NC_001142|,743851,G,C,15,15,100%,6.4467E-9
a20,ref|NC_001142|,745710,GT,G,8,11,72.73%,5.16E-4
a20,ref|NC_001143|,457,C,CA,61,61,100%,2.609E-36
a20,ref|NC_001143|,8331,TA,T,9,81,11.11%,1.535E-3
a20,ref|NC_001143|,11576,A,T,5,94,5.32%,2.9592E-2
a20,ref|NC_001143|,22040,CA,C,8,57,14.04%,2.8249E-3
a20,ref|NC_001143|,26591,CAT,C,5,44,11.36%,2.706E-2
a20,ref|NC_001143|,36588,CAT,C,8,53,15.09%,2.8249E-3
a20,ref|NC_001143|,59093,C,T,5,46,10.87%,2.7874E-2
a20,ref|NC_001143|,67773,C,CT,7,53,13.21%,5.9972E-3
a20,ref|NC_001143|,68454,G,GCC,60,62,96.77%,1.3256E-33
a20,ref|NC_001143|,68468,T,TG,62,63,98.41%,1.0605E-35
a20,ref|NC_001143|,70352,G,GA,12,81,14.81%,1.5647E-4
a20,ref|NC_001143|,72247,T,C,10,52,19.23%,6.0611E-4
a20,ref|NC_001143|,78799,TTA,T,10,70,14.29%,6.8782E-4
a20,ref|NC_001143|,78838,T,TA,5,77,6.49%,2.9201E-2
a20,ref|NC_001143|,80905,C,CT,6,69,8.7%,1.3824E-2
a20,ref|NC_001143|,93419,CT,C,9,78,11.54%,1.5299E-3
a20,ref|NC_001143|,95975,C,T,5,74,6.76%,2.9146E-2
a20,ref|NC_001143|,114774,CAT,C,8,75,10.67%,3.1718E-3
a20,ref|NC_001143|,115466,G,T,5,98,5.1%,2.966E-2
a20,ref|NC_001143|,119218,A,G,5,68,7.35%,2.8961E-2
a20,ref|NC_001143|,134467,A,AT,10,74,13.51%,6.9153E-4
a20,ref|NC_001143|,136103,CAT,C,8,56,14.29%,2.9718E-3
a20,ref|NC_001143|,147751,G,T,5,61,8.2%,2.87E-2
a20,ref|NC_001143|,164844,CTA,C,6,29,20.69%,1.1603E-2
a20,ref|NC_001143|,177111,G,GA,8,55,14.55%,2.9718E-3
a20,ref|NC_001143|,196211,G,GA,8,52,15.38%,2.7808E-3
a20,ref|NC_001143|,202059,A,T,5,73,6.85%,2.9117E-2
a20,ref|NC_001143|,208022,TA,T,5,51,9.8%,2.8014E-2
a20,ref|NC_001143|,217107,GA,G,7,44,15.91%,5.6667E-3
a20,ref|NC_001143|,232203,C,CA,5,60,8.33%,2.8569E-2
a20,ref|NC_001143|,234262,AT,A,9,67,13.43%,1.3968E-3
a20,ref|NC_001143|,246028,A,AT,5,65,7.69%,2.87E-2
a20,ref|NC_001143|,260553,G,GA,8,71,11.27%,3.1718E-3
a20,ref|NC_001143|,266089,T,TA,6,56,10.71%,1.3497E-2
a20,ref|NC_001143|,274411,CA,C,5,63,7.94%,2.8614E-2
a20,ref|NC_001143|,286448,T,TA,14,68,20.59%,2.5055E-5
a20,ref|NC_001143|,309693,G,GT,5,70,7.14%,2.8927E-2
a20,ref|NC_001143|,320823,GTT,G,6,36,16.67%,1.1736E-2
a20,ref|NC_001143|,323019,A,T,74,74,100%,4.2804E-44
a20,ref|NC_001143|,335103,GA,G,6,52,11.54%,1.3136E-2
a20,ref|NC_001143|,351197,CT,C,8,69,11.59%,3.1516E-3
a20,ref|NC_001143|,355182,GA,G,8,65,12.31%,3.0313E-3
a20,ref|NC_001143|,358106,C,G,81,81,100%,2.7329E-48
a20,ref|NC_001143|,384845,C,CAT,28,37,75.68%,6.3095E-13
a20,ref|NC_001143|,385103,C,CT,6,30,20%,1.0344E-2
a20,ref|NC_001143|,385587,G,GT,7,68,10.29%,6.5529E-3
a20,ref|NC_001143|,428955,G,GA,6,81,7.41%,1.4161E-2
a20,ref|NC_001143|,451568,GGAACAC,G,44,58,75.86%,4.8659E-20
a20,ref|NC_001143|,461693,A,AT,6,68,8.82%,1.3824E-2
a20,ref|NC_001143|,462171,GT,G,5,64,7.81%,2.8819E-2
a20,ref|NC_001143|,463261,CT,C,7,39,17.95%,5.6667E-3
a20,ref|NC_001143|,465172,G,GTATA,14,23,60.87%,1.6702E-6
a20,ref|NC_001143|,467965,CT,C,5,71,7.04%,2.9058E-2
a20,ref|NC_001143|,467990,C,A,5,78,6.41%,2.9254E-2
a20,ref|NC_001143|,518072,CT,C,5,36,13.89%,2.6412E-2
a20,ref|NC_001143|,518111,CT,C,6,38,15.79%,1.1309E-2
a20,ref|NC_001143|,519351,C,T,5,73,6.85%,2.9117E-2
a20,ref|NC_001143|,524035,AT,A,12,60,20%,1.027E-4
a20,ref|NC_001143|,541239,T,A,5,81,6.17%,2.9327E-2
a20,ref|NC_001143|,554207,T,C,5,77,6.49%,2.9228E-2
a20,ref|NC_001143|,573844,A,G,5,76,6.58%,2.9201E-2
a20,ref|NC_001143|,579730,CAT,C,6,72,8.33%,1.3999E-2
a20,ref|NC_001143|,581078,GA,G,11,70,15.71%,3.0557E-4
a20,ref|NC_001143|,615683,A,AT,6,83,7.23%,1.4214E-2
a20,ref|NC_001143|,617557,CT,C,11,58,18.97%,2.6374E-4
a20,ref|NC_001143|,618946,G,GA,11,84,13.1%,3.2907E-4
a20,ref|NC_001143|,631098,T,TA,6,84,7.14%,1.4161E-2
a20,ref|NC_001143|,632832,CA,C,7,68,10.29%,6.5904E-3
a20,ref|NC_001143|,635468,CT,C,13,83,15.66%,5.9784E-5
a20,ref|NC_001143|,635779,T,A,5,88,5.68%,2.948E-2
a20,ref|NC_001143|,635816,CT,C,7,77,9.09%,6.7755E-3
a20,ref|NC_001143|,638422,AT,A,14,87,16.09%,3.2485E-5
a20,ref|NC_001143|,643803,TGCG,T,6,92,6.52%,1.4365E-2
a20,ref|NC_001143|,645204,CA,C,9,66,13.64%,1.4138E-3
a20,ref|NC_001143|,658251,C,T,5,86,5.81%,2.9439E-2
a20,ref|NC_001143|,660577,CA,C,10,84,11.9%,7.2112E-4
a20,ref|NC_001143|,661401,GA,G,17,95,17.89%,3.2121E-6
a20,ref|NC_001143|,666556,GT,G,41,41,100%,2.3541E-24
a20,ref|NC_001143|,666702,GGT,G,10,16,62.5%,1.2413E-4
a20,ref|NC_001144|,134,TAA,T,19,163,11.66%,1.0813E-6
a20,ref|NC_001144|,161,T,C,20,158,12.66%,5.0223E-7
a20,ref|NC_001144|,10965,T,C,17,38,44.74%,7.5297E-7
a20,ref|NC_001144|,11195,TAC,T,34,120,28.33%,3.3038E-12
a20,ref|NC_001144|,11225,CA,C,76,117,64.96%,9.7015E-32
a20,ref|NC_001144|,11238,C,CCA,5,90,5.56%,2.9519E-2
a20,ref|NC_001144|,11278,CA,C,6,103,5.83%,1.4499E-2
a20,ref|NC_001144|,11290,AC,A,5,99,5.05%,2.9676E-2
a20,ref|NC_001144|,14561,A,AT,11,210,5.24%,4.2366E-4
a20,ref|NC_001144|,19914,CT,C,24,198,12.12%,2.6483E-8
a20,ref|NC_001144|,29739,G,GA,12,236,5.08%,2.11E-4
a20,ref|NC_001144|,36595,CT,C,15,239,6.28%,2.4258E-5
a20,ref|NC_001144|,41223,CAT,C,9,48,18.75%,1.1791E-3
a20,ref|NC_001144|,46573,CA,C,17,213,7.98%,5.3106E-6
a20,ref|NC_001144|,46703,AT,A,14,225,6.22%,4.9207E-5
a20,ref|NC_001144|,48855,CA,C,24,144,16.67%,1.4791E-8
a20,ref|NC_001144|,52019,AAT,A,20,196,10.2%,5.6285E-7
a20,ref|NC_001144|,52618,C,CT,25,209,11.96%,1.2623E-8
a20,ref|NC_001144|,63982,C,CA,25,240,10.42%,1.4058E-8
a20,ref|NC_001144|,66619,CT,C,10,200,5%,8.6654E-4
a20,ref|NC_001144|,84519,C,CT,12,208,5.77%,2.0617E-4
a20,ref|NC_001144|,86724,TA,T,25,179,13.97%,1.086E-8
a20,ref|NC_001144|,105616,T,TA,15,165,9.09%,2.1388E-5
a20,ref|NC_001144|,112176,GA,G,10,185,5.43%,8.5431E-4
a20,ref|NC_001144|,122008,GA,G,19,144,13.19%,8.4889E-7
a20,ref|NC_001144|,130903,C,CT,16,202,7.92%,1.0937E-5
a20,ref|NC_001144|,161651,TA,T,27,182,14.84%,2.2862E-9
a20,ref|NC_001144|,170682,CAT,C,9,154,5.84%,1.7217E-3
a20,ref|NC_001144|,172018,AAT,A,16,106,15.09%,7.6032E-6
a20,ref|NC_001144|,179752,A,AT,16,190,8.42%,1.0747E-5
a20,ref|NC_001144|,179897,CT,C,16,179,8.94%,1.0516E-5
a20,ref|NC_001144|,187137,AT,A,173,182,95.05%,4.9026E-94
a20,ref|NC_001144|,193400,CT,C,19,213,8.92%,1.2403E-6
a20,ref|NC_001144|,196591,AT,A,26,179,14.53%,4.861E-9
a20,ref|NC_001144|,196750,AT,A,17,141,12.06%,4.2804E-6
a20,ref|NC_001144|,201844,TA,T,9,161,5.59%,1.7373E-3
a20,ref|NC_001144|,229572,G,A,9,144,6.29%,1.7155E-3
a20,ref|NC_001144|,243827,CAT,C,25,193,12.95%,1.2623E-8
a20,ref|NC_001144|,245256,AAT,A,20,166,12.05%,5.0866E-7
a20,ref|NC_001144|,251194,GA,G,34,172,19.77%,7.2773E-12
a20,ref|NC_001144|,253093,GA,G,10,166,6.02%,8.3903E-4
a20,ref|NC_001144|,259721,C,CT,17,201,8.46%,5.3003E-6
a20,ref|NC_001144|,263307,CA,C,9,177,5.08%,1.7486E-3
a20,ref|NC_001144|,264076,AT,A,24,107,22.43%,9.4531E-9
a20,ref|NC_001144|,266814,T,C,10,143,6.99%,8.2986E-4
a20,ref|NC_001144|,266819,G,A,34,136,25%,5.4961E-12
a20,ref|NC_001144|,280996,GA,G,21,153,13.73%,1.9377E-7
a20,ref|NC_001144|,289357,C,CT,17,198,8.59%,5.1577E-6
a20,ref|NC_001144|,291384,A,G,159,159,100%,4.1887E-95
a20,ref|NC_001144|,291386,A,G,159,159,100%,4.1887E-95
a20,ref|NC_001144|,292024,G,GA,30,186,16.13%,2.2059E-10
a20,ref|NC_001144|,292153,GA,G,9,172,5.23%,1.751E-3
a20,ref|NC_001144|,306620,TA,T,17,182,9.34%,5.0229E-6
a20,ref|NC_001144|,320335,GA,G,16,173,9.25%,1.0417E-5
a20,ref|NC_001144|,322104,A,AT,18,164,10.98%,2.2683E-6
a20,ref|NC_001144|,339676,TTA,T,12,146,8.22%,1.8985E-4
a20,ref|NC_001144|,343851,G,GT,11,188,5.85%,4.1603E-4
a20,ref|NC_001144|,345042,C,G,16,123,13.01%,9.0626E-6
a20,ref|NC_001144|,348735,C,CA,15,173,8.67%,2.149E-5
a20,ref|NC_001144|,348919,GT,G,23,153,15.03%,3.9896E-8
a20,ref|NC_001144|,370487,AT,A,9,135,6.67%,1.6846E-3
a20,ref|NC_001144|,373034,C,CA,10,162,6.17%,8.44E-4
a20,ref|NC_001144|,393993,T,TA,11,196,5.61%,4.2074E-4
a20,ref|NC_001144|,394693,G,GA,15,191,7.85%,2.2356E-5
a20,ref|NC_001144|,402737,A,AT,12,184,6.52%,2.0134E-4
a20,ref|NC_001144|,415698,T,TA,7,120,5.83%,7.1118E-3
a20,ref|NC_001144|,421496,AG,A,10,72,13.89%,6.8401E-4
a20,ref|NC_001144|,423554,CT,C,19,139,13.67%,8.8057E-7
a20,ref|NC_001144|,426662,CA,C,19,148,12.84%,9.9623E-7
a20,ref|NC_001144|,432143,C,CA,11,176,6.25%,4.1362E-4
a20,ref|NC_001144|,441523,CT,C,13,180,7.22%,9.5768E-5
a20,ref|NC_001144|,447844,CA,C,13,181,7.18%,9.6608E-5
a20,ref|NC_001144|,449594,CT,C,15,156,9.62%,2.0785E-5
a20,ref|NC_001144|,459249,C,A,10,132,7.58%,8.1826E-4
a20,ref|NC_001144|,459564,T,C,381,7222,5.28%,2.8094E-105
a20,ref|NC_001144|,459803,CT,C,1718,15260,11.27%,0E0
a20,ref|NC_001144|,460002,CA,C,2366,19541,12.11%,0E0
a20,ref|NC_001144|,460383,TA,T,4156,20329,20.44%,0E0
a20,ref|NC_001144|,460477,AT,A,1364,21966,6.21%,0E0
a20,ref|NC_001144|,460621,T,C,1193,17347,6.88%,0E0
a20,ref|NC_001144|,489468,CT,C,15,158,9.49%,2.0785E-5
a20,ref|NC_001144|,491513,C,CT,13,147,8.84%,9.0577E-5
a20,ref|NC_001144|,495309,CT,C,13,192,6.77%,9.7648E-5
a20,ref|NC_001144|,513997,CA,C,12,143,8.39%,1.8911E-4
a20,ref|NC_001144|,517794,GT,G,8,142,5.63%,3.5194E-3
a20,ref|NC_001144|,522257,C,CA,12,191,6.28%,2.0287E-4
a20,ref|NC_001144|,527967,CT,C,18,192,9.38%,2.427E-6
a20,ref|NC_001144|,528749,T,A,166,167,99.4%,1.1004E-97
a20,ref|NC_001144|,535172,C,CA,24,219,10.96%,2.9386E-8
a20,ref|NC_001144|,539598,C,CT,14,213,6.57%,4.8516E-5
a20,ref|NC_001144|,545933,C,CT,22,188,11.7%,1.1324E-7
a20,ref|NC_001144|,550360,C,CA,15,166,9.04%,2.1439E-5
a20,ref|NC_001144|,556468,CAT,C,19,161,11.8%,9.8629E-7
a20,ref|NC_001144|,568017,CT,C,19,184,10.33%,1.1312E-6
a20,ref|NC_001144|,585920,GA,G,27,142,19.01%,1.276E-9
a20,ref|NC_001144|,612158,GA,G,24,176,13.64%,2.4342E-8
a20,ref|NC_001144|,626434,G,GA,16,182,8.79%,1.0442E-5
a20,ref|NC_001144|,636551,G,GT,17,115,14.78%,3.802E-6
a20,ref|NC_001144|,641311,GA,G,16,161,9.94%,9.7893E-6
a20,ref|NC_001144|,645231,T,TA,11,124,8.87%,3.7826E-4
a20,ref|NC_001144|,646385,GA,G,24,200,12%,2.6859E-8
a20,ref|NC_001144|,657175,C,T,165,165,100%,1.0417E-98
a20,ref|NC_001144|,657926,GT,G,12,189,6.35%,2.0179E-4
a20,ref|NC_001144|,667194,C,CA,10,162,6.17%,8.44E-4
a20,ref|NC_001144|,672979,A,AT,8,143,5.59%,3.5138E-3
a20,ref|NC_001144|,687472,G,GA,14,182,7.69%,4.6106E-5
a20,ref|NC_001144|,687587,GTA,G,20,173,11.56%,5.1901E-7
a20,ref|NC_001144|,699939,G,GA,22,144,15.28%,7.9419E-8
a20,ref|NC_001144|,704138,TA,T,30,134,22.39%,9.1782E-11
a20,ref|NC_001144|,712186,G,GT,9,141,6.38%,1.6964E-3
a20,ref|NC_001144|,718114,TA,T,9,180,5%,1.7486E-3
a20,ref|NC_001144|,722481,G,GT,18,137,13.14%,1.9742E-6
a20,ref|NC_001144|,723168,CA,C,19,145,13.1%,9.4439E-7
a20,ref|NC_001144|,723209,G,GT,8,117,6.84%,3.4239E-3
a20,ref|NC_001144|,734923,AT,A,15,179,8.38%,2.1639E-5
a20,ref|NC_001144|,743995,GA,G,10,180,5.56%,8.5631E-4
a20,ref|NC_001144|,757586,G,GT,11,153,7.19%,4.0483E-4
a20,ref|NC_001144|,766503,TA,T,17,103,16.5%,2.8715E-6
a20,ref|NC_001144|,769162,CAT,C,15,154,9.74%,2.1284E-5
a20,ref|NC_001144|,784382,G,GC,137,139,98.56%,4.2506E-79
a20,ref|NC_001144|,784895,G,GA,10,171,5.85%,8.4936E-4
a20,ref|NC_001144|,793997,A,AT,9,173,5.2%,1.7437E-3
a20,ref|NC_001144|,802485,AT,A,11,186,5.91%,4.1603E-4
a20,ref|NC_001144|,819069,C,CT,22,166,13.25%,1.0874E-7
a20,ref|NC_001144|,823442,GGA,G,7,81,8.64%,6.7346E-3
a20,ref|NC_001144|,828903,C,T,209,209,100%,3.7876E-125
a20,ref|NC_001144|,829405,GTA,G,16,157,10.19%,1.0035E-5
a20,ref|NC_001144|,833744,A,AT,14,182,7.69%,4.6418E-5
a20,ref|NC_001144|,837516,CAT,C,21,138,15.22%,2.0532E-7
a20,ref|NC_001144|,837956,GA,G,15,186,8.06%,2.2518E-5
a20,ref|NC_001144|,881947,C,CAT,88,144,61.11%,1.0334E-36
a20,ref|NC_001144|,931046,A,AT,15,169,8.88%,2.1829E-5
a20,ref|NC_001144|,937372,TA,T,11,202,5.45%,4.2175E-4
a20,ref|NC_001144|,941045,T,TA,16,190,8.42%,1.0588E-5
a20,ref|NC_001144|,944238,C,A,85,85,100%,1.0935E-50
a20,ref|NC_001144|,946113,T,C,12,115,10.43%,1.8047E-4
a20,ref|NC_001144|,950305,C,CT,9,174,5.17%,1.7486E-3
a20,ref|NC_001144|,1002214,GA,G,46,208,22.12%,3.7761E-16
a20,ref|NC_001144|,1011372,CT,C,17,155,10.97%,4.4974E-6
a20,ref|NC_001144|,1012324,C,CG,162,170,95.29%,2.2002E-88
a20,ref|NC_001144|,1012328,A,AGCC,157,174,90.23%,3.3012E-80
a20,ref|NC_001144|,1015482,AAT,A,10,174,5.75%,8.4319E-4
a20,ref|NC_001144|,1019116,GA,G,16,200,8%,1.0834E-5
a20,ref|NC_001144|,1025009,G,GT,9,144,6.25%,1.6964E-3
a20,ref|NC_001144|,1026686,CT,C,23,170,13.53%,4.4912E-8
a20,ref|NC_001144|,1038158,GAGA,G,10,171,5.85%,8.5293E-4
a20,ref|NC_001144|,1039435,T,A,209,209,100%,3.7876E-125
a20,ref|NC_001144|,1053293,A,AT,24,176,13.64%,2.2099E-8
a20,ref|NC_001144|,1059677,T,TA,23,194,11.86%,5.26E-8
a20,ref|NC_001145|,9528,A,AT,5,91,5.49%,2.948E-2
a20,ref|NC_001145|,21958,GTA,G,10,81,12.35%,7.1196E-4
a20,ref|NC_001145|,26551,AT,A,6,86,6.98%,1.4214E-2
a20,ref|NC_001145|,26716,AT,A,11,70,15.71%,3.031E-4
a20,ref|NC_001145|,34473,T,G,112,112,100%,6.9655E-67
a20,ref|NC_001145|,38676,G,A,5,78,6.41%,2.9254E-2
a20,ref|NC_001145|,41950,GA,G,20,111,18.02%,2.8673E-7
a20,ref|NC_001145|,43908,AT,A,5,65,7.69%,2.8658E-2
a20,ref|NC_001145|,49837,CT,C,9,111,8.11%,1.6306E-3
a20,ref|NC_001145|,58770,AT,A,8,120,6.67%,3.4403E-3
a20,ref|NC_001145|,59721,A,T,5,95,5.26%,2.961E-2
a20,ref|NC_001145|,86950,CTATTAT,C,5,44,11.36%,2.764E-2
a20,ref|NC_001145|,94094,T,C,5,91,5.49%,2.9538E-2
a20,ref|NC_001145|,94308,A,AT,11,101,10.89%,3.6522E-4
a20,ref|NC_001145|,95727,CTA,C,7,68,10.29%,6.6083E-3
a20,ref|NC_001145|,99274,C,CA,15,90,16.67%,1.5519E-5
a20,ref|NC_001145|,133998,G,A,5,98,5.1%,2.966E-2
a20,ref|NC_001145|,150101,T,C,5,87,5.75%,2.9459E-2
a20,ref|NC_001145|,158396,T,TA,8,54,14.81%,2.8658E-3
a20,ref|NC_001145|,159852,CAT,C,8,62,12.9%,3.0172E-3
a20,ref|NC_001145|,164392,GT,G,12,70,17.14%,1.2122E-4
a20,ref|NC_001145|,165422,CT,C,8,66,12.12%,3.0172E-3
a20,ref|NC_001145|,169058,CT,C,6,99,6.06%,1.4392E-2
a20,ref|NC_001145|,181621,C,A,6,111,5.41%,1.4579E-2
a20,ref|NC_001145|,191990,AT,A,15,60,25%,8.6234E-6
a20,ref|NC_001145|,192469,C,CT,9,82,10.98%,1.5399E-3
a20,ref|NC_001145|,192743,GTA,G,5,91,5.49%,2.9459E-2
a20,ref|NC_001145|,209069,C,CT,8,77,10.39%,3.2091E-3
a20,ref|NC_001145|,234752,AT,A,9,89,10.11%,1.5627E-3
a20,ref|NC_001145|,236652,C,CT,11,106,10.38%,3.6057E-4
a20,ref|NC_001145|,238763,CT,C,13,64,20.31%,4.5578E-5
a20,ref|NC_001145|,239353,CAT,C,13,44,29.55%,3.8184E-5
a20,ref|NC_001145|,241854,C,CT,7,102,6.86%,7.0009E-3
a20,ref|NC_001145|,245885,G,A,11,47,23.4%,2.5227E-4
a20,ref|NC_001145|,245886,G,A,6,44,13.64%,1.3026E-2
a20,ref|NC_001145|,265893,A,G,6,71,8.45%,1.3999E-2
a20,ref|NC_001145|,266854,C,CAT,6,86,6.98%,1.4231E-2
a20,ref|NC_001145|,278080,A,T,5,66,7.58%,2.8892E-2
a20,ref|NC_001145|,309395,TA,T,7,68,10.29%,6.6257E-3
a20,ref|NC_001145|,313374,G,A,6,80,7.5%,1.4179E-2
a20,ref|NC_001145|,317512,G,A,7,60,11.67%,6.4922E-3
a20,ref|NC_001145|,321328,C,CAT,9,72,12.5%,1.4373E-3
a20,ref|NC_001145|,325905,T,A,83,83,100%,1.729E-49
a20,ref|NC_001145|,337473,C,CA,5,83,6.02%,2.9373E-2
a20,ref|NC_001145|,337655,A,G,6,75,8%,1.4084E-2
a20,ref|NC_001145|,346059,C,T,5,85,5.88%,2.9417E-2
a20,ref|NC_001145|,348566,C,CT,8,75,10.67%,3.1516E-3
a20,ref|NC_001145|,353678,A,AT,6,70,8.57%,1.3824E-2
a20,ref|NC_001145|,361550,G,A,57,57,100%,6.4572E-34
a20,ref|NC_001145|,361725,A,G,25,81,30.86%,3.3238E-9
a20,ref|NC_001145|,370618,CA,C,5,61,8.2%,2.8658E-2
a20,ref|NC_001145|,371006,C,CT,8,74,10.81%,3.1815E-3
a20,ref|NC_001145|,387095,AT,A,18,75,24%,1.0668E-6
a20,ref|NC_001145|,390765,GT,G,8,90,8.89%,3.2878E-3
a20,ref|NC_001145|,406257,TA,T,7,96,7.29%,6.9498E-3
a20,ref|NC_001145|,411461,G,GT,6,89,6.74%,1.4247E-2
a20,ref|NC_001145|,426224,A,AT,6,79,7.69%,1.4124E-2
a20,ref|NC_001145|,431502,TA,T,5,66,7.58%,2.8892E-2
a20,ref|NC_001145|,431536,GT,G,11,65,16.92%,2.9526E-4
a20,ref|NC_001145|,448333,G,A,82,82,100%,6.8742E-49
a20,ref|NC_001145|,448334,A,G,82,82,100%,6.8742E-49
a20,ref|NC_001145|,456572,G,A,5,60,8.33%,2.8658E-2
a20,ref|NC_001145|,461031,C,T,6,84,7.14%,1.4247E-2
a20,ref|NC_001145|,472637,GA,G,6,96,6.25%,1.4338E-2
a20,ref|NC_001145|,475726,G,GA,14,93,15.05%,3.4099E-5
a20,ref|NC_001145|,478241,A,AT,7,67,10.45%,6.6083E-3
a20,ref|NC_001145|,481248,A,T,5,85,5.88%,2.9417E-2
a20,ref|NC_001145|,483743,GAA,G,8,58,13.79%,2.7074E-3
a20,ref|NC_001145|,504163,TA,T,5,86,5.81%,2.9439E-2
a20,ref|NC_001145|,505429,GC,G,5,77,6.49%,2.9228E-2
a20,ref|NC_001145|,541626,A,G,7,58,12.07%,6.4484E-3
a20,ref|NC_001145|,558682,C,CA,9,64,14.06%,1.3968E-3
a20,ref|NC_001145|,559048,TA,T,7,86,8.14%,6.837E-3
a20,ref|NC_001145|,559980,C,CT,5,69,7.25%,2.8994E-2
a20,ref|NC_001145|,571250,CA,C,11,54,20.37%,2.6004E-4
a20,ref|NC_001145|,575771,C,CA,5,81,6.17%,2.9327E-2
a20,ref|NC_001145|,581112,T,C,6,102,5.88%,1.4488E-2
a20,ref|NC_001145|,589923,C,CT,5,97,5.15%,2.9644E-2
a20,ref|NC_001145|,609111,C,T,5,71,7.04%,2.9058E-2
a20,ref|NC_001145|,622168,GTA,G,12,52,23.08%,1.1557E-4
a20,ref|NC_001145|,625708,CT,C,5,69,7.25%,2.8522E-2
a20,ref|NC_001145|,630505,A,G,85,85,100%,1.0935E-50
a20,ref|NC_001145|,637092,G,A,6,81,7.41%,1.4197E-2
a20,ref|NC_001145|,646855,CAT,C,7,58,12.07%,6.377E-3
a20,ref|NC_001145|,651263,TA,T,83,88,94.32%,9.0348E-45
a20,ref|NC_001145|,652533,C,CT,7,75,9.33%,6.7056E-3
a20,ref|NC_001145|,654916,AAT,A,6,84,7.14%,1.4247E-2
a20,ref|NC_001145|,656780,TG,T,6,67,8.96%,1.3903E-2
a20,ref|NC_001145|,667202,C,CA,6,42,14.29%,1.2549E-2
a20,ref|NC_001145|,672129,T,C,74,74,100%,4.2804E-44
a20,ref|NC_001145|,674863,GA,G,11,89,12.36%,3.3091E-4
a20,ref|NC_001145|,680555,C,CA,7,88,7.95%,6.8917E-3
a20,ref|NC_001145|,680936,T,C,66,66,100%,2.6498E-39
a20,ref|NC_001145|,680940,C,T,66,66,100%,2.6498E-39
a20,ref|NC_001145|,685765,GC,G,5,64,7.81%,2.8819E-2
a20,ref|NC_001145|,687366,GT,G,7,58,12.07%,6.377E-3
a20,ref|NC_001145|,693418,G,A,6,76,7.89%,1.4104E-2
a20,ref|NC_001145|,693427,T,A,6,74,8.11%,1.4064E-2
a20,ref|NC_001145|,698679,T,TA,8,57,14.04%,2.8249E-3
a20,ref|NC_001145|,701821,T,G,5,77,6.49%,2.9228E-2
a20,ref|NC_001145|,704037,T,A,5,76,6.58%,2.9201E-2
a20,ref|NC_001145|,718367,AT,A,5,66,7.58%,2.8819E-2
a20,ref|NC_001145|,751670,TA,T,12,91,13.19%,1.6573E-4
a20,ref|NC_001145|,756824,GT,G,5,43,11.63%,2.6822E-2
a20,ref|NC_001145|,770561,A,AT,8,88,9.09%,3.2735E-3
a20,ref|NC_001145|,772664,CT,C,10,68,14.71%,6.2367E-4
a20,ref|NC_001145|,774724,C,CA,8,82,9.76%,3.2508E-3
a20,ref|NC_001145|,775114,GA,G,7,84,8.33%,6.837E-3
a20,ref|NC_001145|,779300,CT,C,13,100,13%,7.7016E-5
a20,ref|NC_001145|,808194,C,CA,9,104,8.65%,1.6151E-3
a20,ref|NC_001145|,809198,A,G,104,104,100%,4.3992E-62
a20,ref|NC_001145|,815480,C,CA,14,107,13.08%,3.7453E-5
a20,ref|NC_001145|,822589,CT,C,6,50,12%,1.3026E-2
a20,ref|NC_001145|,822630,A,C,9,53,17.31%,1.3171E-3
a20,ref|NC_001145|,851713,GA,G,17,65,26.15%,1.3619E-6
a20,ref|NC_001145|,853770,A,T,6,95,6.32%,1.4405E-2
a20,ref|NC_001145|,854478,CT,C,11,92,11.96%,3.3271E-4
a20,ref|NC_001145|,856903,C,CA,8,112,7.14%,3.4196E-3
a20,ref|NC_001145|,860894,CT,C,5,93,5.38%,2.95E-2
a20,ref|NC_001145|,864948,C,T,5,86,5.81%,2.9439E-2
a20,ref|NC_001145|,867234,G,GA,9,94,9.57%,1.5832E-3
a20,ref|NC_001145|,874559,CT,C,12,79,15.19%,1.3565E-4
a20,ref|NC_001145|,882534,CT,C,5,98,5.1%,2.966E-2
a20,ref|NC_001145|,892823,GA,G,8,104,7.69%,3.3722E-3
a20,ref|NC_001145|,894766,CAGG,C,5,99,5.05%,2.9676E-2
a20,ref|NC_001145|,895607,G,GA,5,91,5.49%,2.9538E-2
a20,ref|NC_001145|,897702,G,T,6,100,6%,1.4465E-2
a20,ref|NC_001145|,901415,G,GA,7,98,7.14%,6.9675E-3
a20,ref|NC_001145|,908196,G,C,4,10,40%,4.3344E-2
a20,ref|NC_001145|,908203,G,A,7,13,53.85%,2.6087E-3
a20,ref|NC_001145|,908218,C,T,11,17,64.71%,4.3258E-5
a20,ref|NC_001145|,908359,A,G,10,102,9.8%,7.7479E-4
a20,ref|NC_001145|,908362,T,C,8,109,7.34%,3.4196E-3
a20,ref|NC_001145|,908365,A,G,11,110,10%,3.755E-4
a20,ref|NC_001145|,908558,T,TCAA,19,101,18.81%,7.4995E-7
a20,ref|NC_001145|,914827,GT,G,8,62,12.9%,3.0025E-3
a20,ref|NC_001145|,918033,CA,C,6,100,6%,1.4405E-2
a20,ref|NC_001145|,918120,C,CT,14,76,18.42%,2.8994E-5
a20,ref|NC_001145|,921418,CT,C,80,105,76.19%,5.1753E-38
a20,ref|NC_001146|,7478,A,AT,82,83,98.8%,1.4523E-47
a20,ref|NC_001146|,10214,TA,T,19,94,20.21%,5.8701E-7
a20,ref|NC_001146|,12975,C,CTT,66,79,83.54%,2.1834E-32
a20,ref|NC_001146|,14333,G,GC,15,19,78.95%,2.5053E-7
a20,ref|NC_001146|,23902,GT,G,7,92,7.61%,6.9119E-3
a20,ref|NC_001146|,28420,G,GT,12,72,16.67%,1.4358E-4
a20,ref|NC_001146|,34234,AT,A,5,80,6.25%,2.9303E-2
a20,ref|NC_001146|,43278,AAT,A,7,71,9.86%,6.659E-3
a20,ref|NC_001146|,84037,AT,A,5,93,5.38%,2.9519E-2
a20,ref|NC_001146|,86089,C,CT,5,86,5.81%,2.9396E-2
a20,ref|NC_001146|,89323,C,CT,7,94,7.45%,6.9498E-3
a20,ref|NC_001146|,107294,G,GA,7,89,7.87%,6.8253E-3
a20,ref|NC_001146|,116771,G,GA,7,83,8.43%,6.8485E-3
a20,ref|NC_001146|,118987,G,GA,11,78,14.1%,3.1704E-4
a20,ref|NC_001146|,133992,AT,A,6,87,6.9%,1.4279E-2
a20,ref|NC_001146|,145389,G,GT,5,63,7.94%,2.878E-2
a20,ref|NC_001146|,151057,C,T,5,86,5.81%,2.9439E-2
a20,ref|NC_001146|,154923,GA,G,16,61,26.23%,3.0122E-6
a20,ref|NC_001146|,172354,C,CT,7,67,10.45%,6.4707E-3
a20,ref|NC_001146|,172492,C,CA,7,77,9.09%,6.7203E-3
a20,ref|NC_001146|,187639,G,GA,5,85,5.88%,2.9279E-2
a20,ref|NC_001146|,191300,CT,C,5,73,6.85%,2.8994E-2
a20,ref|NC_001146|,196150,CT,C,11,44,25%,2.1011E-4
a20,ref|NC_001146|,235956,CT,C,11,98,11.22%,3.5556E-4
a20,ref|NC_001146|,263349,A,AT,8,79,10.13%,3.2091E-3
a20,ref|NC_001146|,281884,G,GA,6,78,7.69%,1.4021E-2
a20,ref|NC_001146|,282400,G,C,13,45,28.89%,4.4424E-5
a20,ref|NC_001146|,300929,TA,T,8,43,18.6%,2.5282E-3
a20,ref|NC_001146|,301186,G,GT,6,85,7.06%,1.4247E-2
a20,ref|NC_001146|,304117,A,T,5,73,6.85%,2.9117E-2
a20,ref|NC_001146|,307228,CT,C,7,68,10.29%,6.4922E-3
a20,ref|NC_001146|,312328,AACG,A,65,72,90.28%,1.9583E-33
a20,ref|NC_001146|,321979,AT,A,10,97,10.31%,7.4758E-4
a20,ref|NC_001146|,352764,AT,A,5,82,6.1%,2.9327E-2
a20,ref|NC_001146|,370764,G,A,5,87,5.75%,2.9459E-2
a20,ref|NC_001146|,377887,G,T,72,72,100%,6.7558E-43
a20,ref|NC_001146|,380954,G,GA,6,68,8.82%,1.3767E-2
a20,ref|NC_001146|,382231,T,TA,8,74,10.81%,3.1411E-3
a20,ref|NC_001146|,392467,GT,G,6,69,8.7%,1.3796E-2
a20,ref|NC_001146|,398513,G,GAT,5,64,7.81%,2.8819E-2
a20,ref|NC_001146|,413448,C,CT,11,34,32.35%,1.2791E-4
a20,ref|NC_001146|,415054,C,CT,13,47,27.66%,4.4424E-5
a20,ref|NC_001146|,416686,C,CT,6,77,7.79%,1.4021E-2
a20,ref|NC_001146|,426814,C,CT,5,75,6.67%,2.9174E-2
a20,ref|NC_001146|,436413,CA,C,6,84,7.14%,1.4247E-2
a20,ref|NC_001146|,439397,G,GT,55,59,93.22%,2.4456E-29
a20,ref|NC_001146|,444651,C,CT,9,82,10.98%,1.5196E-3
a20,ref|NC_001146|,471767,A,G,85,85,100%,1.0935E-50
a20,ref|NC_001146|,479459,AT,A,12,58,20.69%,1.05E-4
a20,ref|NC_001146|,486552,TA,T,6,58,10.34%,1.3285E-2
a20,ref|NC_001146|,486640,G,GT,6,43,13.95%,1.2905E-2
a20,ref|NC_001146|,493053,T,TA,7,53,13.21%,5.9563E-3
a20,ref|NC_001146|,498360,G,GT,12,67,17.91%,1.2473E-4
a20,ref|NC_001146|,499475,A,AT,7,80,8.75%,6.8133E-3
a20,ref|NC_001146|,499556,GA,G,5,94,5.32%,2.9538E-2
a20,ref|NC_001146|,501129,AT,A,6,76,7.89%,1.4084E-2
a20,ref|NC_001146|,503013,CA,C,6,61,9.84%,1.3607E-2
a20,ref|NC_001146|,504802,C,T,5,57,8.77%,2.8473E-2
a20,ref|NC_001146|,510328,C,CT,7,80,8.75%,6.7622E-3
a20,ref|NC_001146|,512460,CAT,C,8,55,14.55%,2.8658E-3
a20,ref|NC_001146|,519754,A,G,5,83,6.02%,2.9373E-2
a20,ref|NC_001146|,523434,G,A,15,98,15.31%,1.7102E-5
a20,ref|NC_001146|,523441,G,T,13,96,13.54%,7.9021E-5
a20,ref|NC_001146|,534867,T,A,5,100,5%,2.9692E-2
a20,ref|NC_001146|,547071,TACA,T,6,93,6.45%,1.4379E-2
a20,ref|NC_001146|,554919,C,CA,5,67,7.46%,2.8892E-2
a20,ref|NC_001146|,563070,A,G,6,12,50%,6.865E-3
a20,ref|NC_001146|,576631,AT,A,5,80,6.25%,2.9254E-2
a20,ref|NC_001146|,592981,G,GT,5,71,7.04%,2.8961E-2
a20,ref|NC_001146|,599550,T,C,5,92,5.43%,2.9557E-2
a20,ref|NC_001146|,601112,T,G,39,109,35.78%,2.838E-14
a20,ref|NC_001146|,601202,T,C,51,123,41.46%,6.0641E-19
a20,ref|NC_001146|,616158,CA,C,5,99,5.05%,2.966E-2
a20,ref|NC_001146|,616826,A,G,14,61,22.95%,2.6327E-5
a20,ref|NC_001146|,617512,C,T,5,76,6.58%,2.9201E-2
a20,ref|NC_001146|,635432,TGC,T,5,91,5.49%,2.9538E-2
a20,ref|NC_001146|,639021,CA,C,5,86,5.81%,2.9417E-2
a20,ref|NC_001146|,640444,G,A,5,82,6.1%,2.9351E-2
a20,ref|NC_001146|,644217,CTA,C,5,63,7.94%,2.8741E-2
a20,ref|NC_001146|,647314,A,AT,7,64,10.94%,6.5131E-3
a20,ref|NC_001146|,651857,AT,A,14,98,14.29%,3.4099E-5
a20,ref|NC_001146|,654648,A,AT,6,101,5.94%,1.4465E-2
a20,ref|NC_001146|,662768,G,GA,12,74,16.22%,1.4234E-4
a20,ref|NC_001146|,662853,GA,G,5,77,6.49%,2.9117E-2
a20,ref|NC_001146|,667324,CT,C,6,52,11.76%,1.3026E-2
a20,ref|NC_001146|,668101,C,CA,6,87,6.9%,1.4197E-2
a20,ref|NC_001146|,672588,G,A,6,87,6.9%,1.4294E-2
a20,ref|NC_001146|,678603,GA,G,9,92,9.78%,1.5583E-3
a20,ref|NC_001146|,687218,C,CA,10,65,15.38%,6.543E-4
a20,ref|NC_001146|,690071,AT,A,14,95,14.74%,3.4351E-5
a20,ref|NC_001146|,692520,C,CA,10,93,10.75%,7.324E-4
a20,ref|NC_001146|,694240,CAT,C,5,40,12.5%,2.6822E-2
a20,ref|NC_001146|,697531,AT,A,5,96,5.21%,2.9592E-2
a20,ref|NC_001146|,711232,A,AT,13,94,13.83%,7.6592E-5
a20,ref|NC_001146|,713938,G,GT,7,105,6.67%,6.9761E-3
a20,ref|NC_001146|,716416,C,CT,5,80,6.25%,2.9201E-2
a20,ref|NC_001146|,716710,AT,A,5,83,6.02%,2.9327E-2
a20,ref|NC_001146|,718411,G,GA,5,91,5.49%,2.9538E-2
a20,ref|NC_001146|,721791,G,GA,5,93,5.38%,2.9557E-2
a20,ref|NC_001146|,721916,TA,T,9,107,8.41%,1.6118E-3
a20,ref|NC_001146|,722274,CA,C,12,67,17.91%,1.2122E-4
a20,ref|NC_001146|,764741,GAT,G,6,65,9.23%,1.3851E-2
a20,ref|NC_001146|,772612,C,CA,13,75,17.33%,5.473E-5
a20,ref|NC_001146|,774549,A,AT,15,81,18.52%,1.3194E-5
a20,ref|NC_001146|,776301,AT,A,6,99,6.06%,1.4379E-2
a20,ref|NC_001146|,777553,AAT,A,12,100,12%,1.6177E-4
a20,ref|NC_001146|,777809,TA,T,6,86,6.98%,1.4279E-2
a20,ref|NC_001146|,779308,C,CAAAAAAA,4,18,22.22%,4.8889E-2
a20,ref|NC_001146|,784107,GT,G,5,32,15.62%,2.6412E-2
a20,ref|NC_001146|,784142,T,TG,8,39,20.51%,2.624E-3
a20,ref|NC_001146|,784181,TG,T,5,38,13.16%,2.7169E-2
a20,ref|NC_001146|,784208,T,TG,5,34,14.71%,2.6557E-2
a20,ref|NC_001146|,784239,GT,G,8,24,33.33%,1.949E-3
a20,ref|NC_001147|,13997,C,CA,8,93,8.6%,3.327E-3
a20,ref|NC_001147|,14017,G,GA,5,87,5.75%,2.9417E-2
a20,ref|NC_001147|,21713,T,G,5,82,6.1%,2.9351E-2
a20,ref|NC_001147|,21727,GA,G,10,92,10.87%,7.2112E-4
a20,ref|NC_001147|,21808,C,CT,6,90,6.67%,1.4263E-2
a20,ref|NC_001147|,28352,T,C,7,111,6.31%,7.087E-3
a20,ref|NC_001147|,33840,AT,A,7,134,5.22%,7.196E-3
a20,ref|NC_001147|,50002,C,T,105,105,100%,1.1051E-62
a20,ref|NC_001147|,50010,A,T,104,104,100%,4.3992E-62
a20,ref|NC_001147|,50012,C,T,104,104,100%,4.3992E-62
a20,ref|NC_001147|,60061,GT,G,10,84,11.9%,7.0876E-4
a20,ref|NC_001147|,60213,CTTT,C,7,75,9.33%,6.2693E-3
a20,ref|NC_001147|,60240,C,T,48,48,100%,1.554E-28
a20,ref|NC_001147|,66786,T,A,5,91,5.49%,2.9538E-2
a20,ref|NC_001147|,79297,C,G,105,105,100%,1.1051E-62
a20,ref|NC_001147|,79304,A,T,103,103,100%,1.7512E-61
a20,ref|NC_001147|,79305,T,A,103,103,100%,1.7512E-61
a20,ref|NC_001147|,85382,C,CT,10,101,9.9%,7.4993E-4
a20,ref|NC_001147|,87526,A,G,6,119,5.04%,1.4649E-2
a20,ref|NC_001147|,93845,TA,T,8,89,8.99%,3.2807E-3
a20,ref|NC_001147|,94613,G,GA,8,105,7.62%,3.3722E-3
a20,ref|NC_001147|,94815,A,AC,7,40,17.5%,5.4855E-3
a20,ref|NC_001147|,102256,TA,T,6,103,5.83%,1.4499E-2
a20,ref|NC_001147|,118032,A,C,58,166,34.94%,4.9544E-21
a20,ref|NC_001147|,129212,C,CT,9,91,9.89%,1.5832E-3
a20,ref|NC_001147|,139430,T,C,5,80,6.25%,2.9303E-2
a20,ref|NC_001147|,141471,G,GA,15,118,12.71%,1.7827E-5
a20,ref|NC_001147|,145176,CT,C,9,103,8.74%,1.6085E-3
a20,ref|NC_001147|,161403,A,T,55,138,39.86%,3.1741E-20
a20,ref|NC_001147|,161617,T,C,55,156,35.26%,8.3128E-20
a20,ref|NC_001147|,161762,T,C,52,120,43.33%,1.7875E-19
a20,ref|NC_001147|,189467,AT,A,7,88,7.95%,6.9019E-3
a20,ref|NC_001147|,194895,C,CA,5,85,5.88%,2.9396E-2
a20,ref|NC_001147|,200327,C,T,5,55,9.09%,2.8423E-2
a20,ref|NC_001147|,200336,C,T,5,50,10%,2.8142E-2
a20,ref|NC_001147|,200339,CT,C,10,53,18.87%,5.0524E-4
a20,ref|NC_001147|,204570,C,CT,12,69,17.39%,1.2642E-4
a20,ref|NC_001147|,208438,T,C,5,91,5.49%,2.9538E-2
a20,ref|NC_001147|,213870,C,CA,14,107,13.08%,3.7648E-5
a20,ref|NC_001147|,216898,AT,A,9,74,12.16%,1.3788E-3
a20,ref|NC_001147|,226199,T,A,5,92,5.43%,2.9557E-2
a20,ref|NC_001147|,230020,CT,C,9,77,11.69%,1.4219E-3
a20,ref|NC_001147|,238354,AAT,A,10,73,13.7%,7.0212E-4
a20,ref|NC_001147|,243129,T,TA,7,94,7.45%,6.9313E-3
a20,ref|NC_001147|,259218,C,CT,9,81,11.11%,1.5248E-3
a20,ref|NC_001147|,271805,T,TA,5,73,6.85%,2.9058E-2
a20,ref|NC_001147|,271953,C,CT,5,81,6.17%,2.9228E-2
a20,ref|NC_001147|,290573,CT,C,5,87,5.75%,2.9396E-2
a20,ref|NC_001147|,292246,C,CA,7,73,9.59%,6.7203E-3
a20,ref|NC_001147|,298065,AC,A,5,100,5%,2.9692E-2
a20,ref|NC_001147|,301304,ATG,A,5,75,6.67%,2.9174E-2
a20,ref|NC_001147|,314150,A,G,5,80,6.25%,2.9303E-2
a20,ref|NC_001147|,315630,CT,C,17,101,16.83%,3.282E-6
a20,ref|NC_001147|,326195,CAT,C,12,61,19.67%,1.2642E-4
a20,ref|NC_001147|,333432,G,GA,10,94,10.64%,7.4023E-4
a20,ref|NC_001147|,349580,GA,G,5,96,5.21%,2.9519E-2
a20,ref|NC_001147|,372140,GA,G,5,71,7.04%,2.8961E-2
a20,ref|NC_001147|,384807,AT,A,11,82,13.41%,3.3788E-4
a20,ref|NC_001147|,389237,T,G,94,94,100%,4.3861E-56
a20,ref|NC_001147|,397478,G,GA,6,77,7.79%,1.3999E-2
a20,ref|NC_001147|,412675,A,AT,6,72,8.33%,1.3903E-2
a20,ref|NC_001147|,421919,T,C,5,96,5.21%,2.9627E-2
a20,ref|NC_001147|,422075,T,A,5,94,5.32%,2.9592E-2
a20,ref|NC_001147|,423979,GA,G,5,91,5.49%,2.9459E-2
a20,ref|NC_001147|,426603,GA,G,8,62,12.9%,2.9718E-3
a20,ref|NC_001147|,430159,GA,G,8,76,10.53%,2.9718E-3
a20,ref|NC_001147|,433136,TA,T,6,83,7.23%,1.4231E-2
a20,ref|NC_001147|,437763,T,A,83,83,100%,1.729E-49
a20,ref|NC_001147|,444498,AT,A,12,66,18.18%,1.23E-4
a20,ref|NC_001147|,448670,TA,T,6,47,12.77%,1.2773E-2
a20,ref|NC_001147|,453009,T,C,21,65,32.31%,6.9273E-8
a20,ref|NC_001147|,453010,G,A,5,51,9.8%,2.8203E-2
a20,ref|NC_001147|,475132,C,CA,6,83,7.23%,1.4197E-2
a20,ref|NC_001147|,497839,A,T,5,86,5.81%,2.9439E-2
a20,ref|NC_001147|,506857,C,CA,6,90,6.67%,1.4324E-2
a20,ref|NC_001147|,514910,GA,G,7,92,7.61%,6.9313E-3
a20,ref|NC_001147|,519639,A,T,75,75,100%,1.0773E-44
a20,ref|NC_001147|,520059,TA,T,5,56,8.93%,2.8473E-2
a20,ref|NC_001147|,522811,G,GA,15,50,30%,7.2456E-6
a20,ref|NC_001147|,536839,C,CT,6,70,8.57%,1.3928E-2
a20,ref|NC_001147|,537259,A,AT,8,82,9.76%,3.2091E-3
a20,ref|NC_001147|,549899,G,A,5,71,7.04%,2.9058E-2
a20,ref|NC_001147|,550563,A,AT,7,78,8.97%,6.7346E-3
a20,ref|NC_001147|,560809,GA,G,6,78,7.69%,1.4021E-2
a20,ref|NC_001147|,572170,G,GT,8,94,8.51%,3.327E-3
a20,ref|NC_001147|,581669,C,CA,5,76,6.58%,2.9088E-2
a20,ref|NC_001147|,612078,C,T,5,77,6.49%,2.9228E-2
a20,ref|NC_001147|,648657,GA,G,6,96,6.25%,1.4417E-2
a20,ref|NC_001147|,662016,A,AT,5,67,7.46%,2.8892E-2
a20,ref|NC_001147|,667564,GAT,G,13,57,22.81%,5.473E-5
a20,ref|NC_001147|,667734,TA,T,5,69,7.25%,2.8856E-2
a20,ref|NC_001147|,670723,GA,G,7,79,8.86%,6.7884E-3
a20,ref|NC_001147|,670767,GA,G,9,70,12.86%,1.3968E-3
a20,ref|NC_001147|,674983,G,T,6,99,6.06%,1.4454E-2
a20,ref|NC_001147|,675324,CT,C,17,78,21.79%,1.9861E-6
a20,ref|NC_001147|,681098,C,CA,5,93,5.38%,2.95E-2
a20,ref|NC_001147|,698289,AT,A,5,76,6.58%,2.9058E-2
a20,ref|NC_001147|,708819,G,C,61,131,46.56%,4.2804E-23
a20,ref|NC_001147|,708878,T,C,25,74,33.78%,2.5839E-9
a20,ref|NC_001147|,720202,GA,G,6,100,6%,1.443E-2
a20,ref|NC_001147|,721800,AT,A,6,94,6.38%,1.4365E-2
a20,ref|NC_001147|,745306,C,CA,9,69,13.04%,1.4447E-3
a20,ref|NC_001147|,746559,C,CA,9,87,10.34%,1.5399E-3
a20,ref|NC_001147|,754331,G,A,5,84,5.95%,2.9396E-2
a20,ref|NC_001147|,757349,T,A,5,76,6.58%,2.9201E-2
a20,ref|NC_001147|,760705,A,AT,6,88,6.82%,1.4309E-2
a20,ref|NC_001147|,768266,G,GA,5,69,7.25%,2.8856E-2
a20,ref|NC_001147|,768281,TA,T,5,58,8.62%,2.8473E-2
a20,ref|NC_001147|,770624,GT,G,9,64,14.29%,1.3596E-3
a20,ref|NC_001147|,774164,T,C,5,78,6.41%,2.9254E-2
a20,ref|NC_001147|,782209,A,G,5,92,5.43%,2.9557E-2
a20,ref|NC_001147|,785386,A,G,5,92,5.43%,2.9557E-2
a20,ref|NC_001147|,804922,A,AT,10,71,14.08%,6.5891E-4
a20,ref|NC_001147|,830600,G,GT,6,80,7.5%,1.4161E-2
a20,ref|NC_001147|,830833,CT,C,5,72,6.94%,2.8994E-2
a20,ref|NC_001147|,830852,A,AT,7,64,10.94%,6.4922E-3
a20,ref|NC_001147|,850190,TA,T,6,79,7.59%,1.4124E-2
a20,ref|NC_001147|,854995,AAT,A,6,72,8.33%,1.3999E-2
a20,ref|NC_001147|,877096,TA,T,8,74,10.81%,3.1618E-3
a20,ref|NC_001147|,880422,T,A,5,77,6.49%,2.9228E-2
a20,ref|NC_001147|,882623,CT,C,22,78,28.21%,3.133E-8
a20,ref|NC_001147|,888848,GT,G,5,61,8.2%,2.8014E-2
a20,ref|NC_001147|,889748,T,TA,12,70,17.14%,1.3121E-4
a20,ref|NC_001147|,894338,AT,A,15,98,15.31%,1.5786E-5
a20,ref|NC_001147|,895762,AT,A,7,84,8.33%,6.8253E-3
a20,ref|NC_001147|,904809,C,CA,7,96,7.29%,6.9587E-3
a20,ref|NC_001147|,909076,GT,G,8,69,11.59%,2.9557E-3
a20,ref|NC_001147|,923126,GAT,G,9,77,11.69%,1.5142E-3
a20,ref|NC_001147|,925072,C,CA,10,81,12.35%,7.0548E-4
a20,ref|NC_001147|,944473,CTT,C,5,67,7.46%,2.8522E-2
a20,ref|NC_001147|,954141,CT,C,10,72,13.89%,6.1215E-4
a20,ref|NC_001147|,960775,TA,T,9,83,10.84%,1.5299E-3
a20,ref|NC_001147|,967942,A,AT,8,97,8.25%,3.339E-3
a20,ref|NC_001147|,977029,CT,C,5,87,5.75%,2.9373E-2
a20,ref|NC_001147|,978149,C,CA,13,93,13.98%,7.6592E-5
a20,ref|NC_001147|,980936,C,G,90,90,100%,1.0988E-53
a20,ref|NC_001147|,984788,TA,T,13,94,13.83%,7.6161E-5
a20,ref|NC_001147|,989706,G,GA,5,63,7.94%,2.8658E-2
a20,ref|NC_001147|,1000974,AT,A,18,70,25.71%,8.5119E-7
a20,ref|NC_001147|,1004258,GT,G,9,89,10.11%,1.5539E-3
a20,ref|NC_001147|,1004485,AT,A,6,109,5.5%,1.453E-2
a20,ref|NC_001147|,1006918,A,AT,7,78,8.97%,6.7203E-3
a20,ref|NC_001147|,1009247,C,A,5,93,5.38%,2.9557E-2
a20,ref|NC_001147|,1012791,G,A,5,92,5.43%,2.9557E-2
a20,ref|NC_001147|,1013025,CTA,C,7,80,8.75%,6.801E-3
a20,ref|NC_001147|,1019588,C,CT,13,107,12.15%,7.8634E-5
a20,ref|NC_001147|,1031381,CT,C,12,73,16.44%,1.2473E-4
a20,ref|NC_001147|,1031415,G,A,6,83,7.23%,1.4231E-2
a20,ref|NC_001147|,1036615,GT,G,9,76,11.84%,1.4788E-3
a20,ref|NC_001147|,1057968,TA,T,6,114,5.26%,1.456E-2
a20,ref|NC_001147|,1058879,AT,A,5,92,5.43%,2.95E-2
a20,ref|NC_001147|,1077950,CT,C,23,117,19.66%,2.6678E-8
a20,ref|NC_001147|,1078302,C,CT,6,78,7.69%,1.4042E-2
a20,ref|NC_001147|,1091201,AT,A,8,42,19.05%,2.653E-3
a20,ref|NC_001148|,9510,T,G,7,64,10.94%,6.5719E-3
a20,ref|NC_001148|,9518,C,CA,14,62,22.58%,2.3698E-5
a20,ref|NC_001148|,12828,TA,T,5,81,6.17%,2.9303E-2
a20,ref|NC_001148|,13174,T,TA,6,112,5.36%,1.453E-2
a20,ref|NC_001148|,16931,A,AT,8,83,9.64%,3.2264E-3
a20,ref|NC_001148|,16995,CT,C,17,81,20.99%,2.6179E-6
a20,ref|NC_001148|,19930,C,CT,5,75,6.67%,2.9174E-2
a20,ref|NC_001148|,44495,TA,T,9,104,8.65%,1.6276E-3
a20,ref|NC_001148|,46581,A,AT,6,83,7.23%,1.4231E-2
a20,ref|NC_001148|,46594,AT,A,9,82,10.98%,1.503E-3
a20,ref|NC_001148|,50736,T,A,5,91,5.49%,2.9538E-2
a20,ref|NC_001148|,53168,CT,C,6,76,7.89%,1.4084E-2
a20,ref|NC_001148|,74183,T,TA,8,74,10.81%,3.1618E-3
a20,ref|NC_001148|,85402,CA,C,9,79,11.39%,1.4788E-3
a20,ref|NC_001148|,105500,AT,A,5,68,7.35%,2.8819E-2
a20,ref|NC_001148|,120253,T,A,5,100,5%,2.9692E-2
a20,ref|NC_001148|,128747,C,T,5,86,5.81%,2.9439E-2
a20,ref|NC_001148|,132456,TA,T,5,44,11.36%,2.7273E-2
a20,ref|NC_001148|,138809,A,AT,5,86,5.81%,2.9396E-2
a20,ref|NC_001148|,138922,TG,T,5,93,5.38%,2.9575E-2
a20,ref|NC_001148|,143324,C,CA,9,92,9.78%,1.587E-3
a20,ref|NC_001148|,144689,AGGAAACGTC,A,55,69,79.71%,1.1195E-25
a20,ref|NC_001148|,149119,TA,T,5,82,6.1%,2.9351E-2
a20,ref|NC_001148|,162374,GTA,G,14,63,22.22%,2.5488E-5
a20,ref|NC_001148|,164219,CA,C,9,96,9.38%,1.5832E-3
a20,ref|NC_001148|,181192,G,GT,10,60,16.67%,6.4469E-4
a20,ref|NC_001148|,185395,CTGT,C,5,94,5.32%,2.9575E-2
a20,ref|NC_001148|,191944,C,T,93,93,100%,1.7451E-55
a20,ref|NC_001148|,192966,CA,C,10,70,14.29%,6.5891E-4
a20,ref|NC_001148|,197824,G,GA,5,77,6.49%,2.9174E-2
a20,ref|NC_001148|,209198,A,G,5,85,5.88%,2.9417E-2
a20,ref|NC_001148|,212823,GAT,G,7,54,12.96%,6.2977E-3
a20,ref|NC_001148|,212901,TA,T,14,77,18.18%,2.8272E-5
a20,ref|NC_001148|,244248,TTA,T,15,87,17.24%,1.5383E-5
a20,ref|NC_001148|,245063,G,C,5,77,6.49%,2.9228E-2
a20,ref|NC_001148|,246835,GA,G,5,75,6.67%,2.9026E-2
a20,ref|NC_001148|,260986,C,CT,10,94,10.64%,7.4993E-4
a20,ref|NC_001148|,273894,AT,A,6,100,6%,1.4465E-2
a20,ref|NC_001148|,292806,T,C,5,64,7.81%,2.8819E-2
a20,ref|NC_001148|,296837,C,CT,11,103,10.68%,3.5685E-4
a20,ref|NC_001148|,312942,GTA,G,12,82,14.63%,1.5356E-4
a20,ref|NC_001148|,321077,A,AT,9,92,9.78%,1.5793E-3
a20,ref|NC_001148|,352496,GA,G,8,93,8.6%,3.308E-3
a20,ref|NC_001148|,359487,G,GT,7,58,12.07%,6.377E-3
a20,ref|NC_001148|,373417,AT,A,7,85,8.24%,6.801E-3
a20,ref|NC_001148|,381848,GTA,G,12,50,24%,1.1153E-4
a20,ref|NC_001148|,383323,G,GA,6,95,6.32%,1.4392E-2
a20,ref|NC_001148|,388872,A,G,5,78,6.41%,2.9254E-2
a20,ref|NC_001148|,402513,T,C,6,59,10.17%,1.3674E-2
a20,ref|NC_001148|,402531,G,T,5,56,8.93%,2.8473E-2
a20,ref|NC_001148|,404759,G,GT,7,49,14.89%,5.6667E-3
a20,ref|NC_001148|,425229,G,GA,14,66,21.21%,2.6327E-5
a20,ref|NC_001148|,427833,C,CA,6,101,5.94%,1.4454E-2
a20,ref|NC_001148|,429750,G,GA,6,89,6.74%,1.4309E-2
a20,ref|NC_001148|,462244,G,GA,14,69,20.29%,2.2247E-5
a20,ref|NC_001148|,481304,AT,A,67,86,77.91%,3.4769E-31
a20,ref|NC_001148|,491804,CT,C,10,91,10.99%,7.2112E-4
a20,ref|NC_001148|,502679,CA,C,20,84,23.81%,2.0088E-7
a20,ref|NC_001148|,503385,GA,G,11,64,17.19%,2.8065E-4
a20,ref|NC_001148|,509167,TG,T,7,91,7.69%,6.9313E-3
a20,ref|NC_001148|,521031,GAAT,G,5,62,8.06%,2.8741E-2
a20,ref|NC_001148|,528959,C,CT,11,70,15.71%,3.1263E-4
a20,ref|NC_001148|,535492,G,A,5,55,9.09%,2.8423E-2
a20,ref|NC_001148|,538294,C,CT,7,78,8.97%,6.7486E-3
a20,ref|NC_001148|,539427,A,G,5,71,7.04%,2.9058E-2
a20,ref|NC_001148|,543871,A,G,6,82,7.32%,1.4214E-2
a20,ref|NC_001148|,552338,A,C,5,60,8.33%,2.8658E-2
a20,ref|NC_001148|,558033,A,AT,6,63,9.52%,1.3674E-2
a20,ref|NC_001148|,569840,A,T,5,82,6.1%,2.9351E-2
a20,ref|NC_001148|,581338,GA,G,5,29,17.24%,2.3166E-2
a20,ref|NC_001148|,586599,G,GA,7,69,10.14%,6.6426E-3
a20,ref|NC_001148|,588390,C,T,77,77,100%,6.8219E-46
a20,ref|NC_001148|,589896,C,CT,9,82,10.98%,1.4972E-3
a20,ref|NC_001148|,591720,CAT,C,8,56,14.29%,2.9874E-3
a20,ref|NC_001148|,592129,G,GA,6,77,7.79%,1.4021E-2
a20,ref|NC_001148|,600560,G,GA,5,53,9.43%,2.8014E-2
a20,ref|NC_001148|,607467,G,GA,8,76,10.53%,3.1718E-3
a20,ref|NC_001148|,607820,CT,C,6,79,7.59%,1.4064E-2
a20,ref|NC_001148|,607997,CT,C,6,77,7.79%,1.4021E-2
a20,ref|NC_001148|,615257,TA,T,10,66,15.15%,6.18E-4
a20,ref|NC_001148|,620255,CA,C,9,66,13.64%,1.4373E-3
a20,ref|NC_001148|,621903,CA,C,10,85,11.76%,7.0876E-4
a20,ref|NC_001148|,626978,A,G,5,84,5.95%,2.9396E-2
a20,ref|NC_001148|,639361,GA,G,6,64,9.38%,1.3674E-2
a20,ref|NC_001148|,643570,CT,C,6,86,6.98%,1.4231E-2
a20,ref|NC_001148|,643732,GA,G,5,64,7.81%,2.8423E-2
a20,ref|NC_001148|,646234,C,CT,18,88,20.45%,1.2397E-6
a20,ref|NC_001148|,648520,GA,G,5,69,7.25%,2.8892E-2
a20,ref|NC_001148|,653959,A,AT,6,75,8%,1.4064E-2
a20,ref|NC_001148|,655079,GA,G,9,70,12.86%,1.4054E-3
a20,ref|NC_001148|,659091,T,TA,5,88,5.68%,2.9459E-2
a20,ref|NC_001148|,667520,T,G,97,97,100%,6.9615E-58
a20,ref|NC_001148|,675808,G,GA,6,94,6.38%,1.4338E-2
a20,ref|NC_001148|,677053,C,CT,10,72,13.89%,6.9868E-4
a20,ref|NC_001148|,677102,A,G,75,75,100%,1.0773E-44
a20,ref|NC_001148|,679448,GT,G,6,102,5.88%,1.4417E-2
a20,ref|NC_001148|,695616,TA,T,6,54,11.32%,1.3285E-2
a20,ref|NC_001148|,698526,GA,G,8,66,12.12%,2.9874E-3
a20,ref|NC_001148|,700420,AT,A,310,416,74.52%,3.766E-138
a20,ref|NC_001148|,719088,G,A,5,91,5.49%,2.9538E-2
a20,ref|NC_001148|,759400,T,G,72,72,100%,6.7558E-43
a20,ref|NC_001148|,760793,C,T,5,72,6.94%,2.9088E-2
a20,ref|NC_001148|,769066,A,AT,5,98,5.1%,2.9592E-2
a20,ref|NC_001148|,802209,G,GA,11,99,11.11%,3.5936E-4
a20,ref|NC_001148|,802410,A,T,5,98,5.1%,2.966E-2
a20,ref|NC_001148|,814358,C,CA,10,95,10.53%,7.5886E-4
a20,ref|NC_001148|,830692,ATAT,A,11,79,13.92%,3.362E-4
a20,ref|NC_001148|,837643,AT,A,7,68,10.29%,6.5131E-3
a20,ref|NC_001148|,840627,AT,A,13,61,21.31%,4.4424E-5
a20,ref|NC_001148|,843128,CT,C,6,99,6.06%,1.4392E-2
a20,ref|NC_001148|,852115,T,A,9,36,25%,1.1061E-3
a20,ref|NC_001148|,857189,G,GT,5,78,6.41%,2.9088E-2
a20,ref|NC_001148|,860017,GT,G,5,87,5.75%,2.9396E-2
a20,ref|NC_001148|,861010,T,C,6,107,5.61%,1.454E-2
a20,ref|NC_001148|,868371,A,AT,9,76,11.84%,1.4657E-3
a20,ref|NC_001148|,876243,CTA,C,12,66,18.18%,1.3705E-4
a20,ref|NC_001148|,881632,A,T,5,85,5.88%,2.9417E-2
a20,ref|NC_001148|,886454,G,GT,9,64,14.06%,1.4054E-3
a20,ref|NC_001148|,887933,AT,A,7,88,7.95%,6.801E-3
a20,ref|NC_001148|,890346,T,A,95,95,100%,1.1023E-56
a20,ref|NC_001148|,897094,CAAT,C,5,85,5.88%,2.9417E-2
a20,ref|NC_001148|,909717,TA,T,8,118,6.78%,3.4281E-3
a20,ref|NC_001148|,911146,A,AT,7,93,7.53%,6.8813E-3
a20,ref|NC_001148|,922863,AT,A,6,87,6.9%,1.4197E-2
a20,ref|NC_001148|,939183,GA,G,15,104,14.42%,1.6043E-5
a20,ref|NC_001224|,20288,T,TG,290,4241,6.84%,6.2806E-83
a20,ref|NC_001224|,20345,GA,G,4223,4372,96.59%,0E0
a20,ref|NC_001224|,20934,T,G,5297,5297,100%,0E0
a20,ref|NC_001224|,33467,T,C,2781,2781,100%,0E0
a20,ref|NC_001224|,33618,T,TTC,1345,1588,84.7%,0E0
a20,ref|NC_001224|,33779,AC,A,1660,1882,88.2%,0E0
a20,ref|NC_001224|,39517,G,T,5345,5347,99.98%,0E0
a20,ref|NC_001224|,43084,A,AT,4078,4525,90.12%,0E0
a20,ref|NC_001224|,44795,A,AT,4003,4422,90.52%,0E0
a20,ref|NC_001224|,49500,A,T,2775,2775,100%,0E0
a20,ref|NC_001224|,55436,GC,G,2323,2434,95.44%,0E0
a20,ref|NC_001224|,62646,AAT,A,84,1434,5.86%,6.404E-25
a20,ref|NC_001224|,63656,CG,C,271,3295,8.22%,2.7357E-79
a20,ref|NC_001224|,65917,C,CG,140,2375,5.89%,2.2048E-40
a20,ref|NC_001224|,73114,AG,A,1877,2035,92.24%,0E0
a20,ref|NC_001224|,73136,TC,T,1928,2020,95.49%,0E0
a20,ref|NC_001224|,73518,AT,A,304,3664,8.3%,1.9546E-89
a20,ref|NC_001224|,82253,T,TA,3255,3816,85.3%,0E0
a20,ref|NC_001224|,82507,T,A,2303,2304,99.96%,0E0
b1,ref|NC_001133|,4869,G,T,5,82,6.1%,2.9351E-2
b1,ref|NC_001133|,6736,C,CAA,16,54,29.63%,9.7202E-7
b1,ref|NC_001133|,11997,T,C,5,73,6.85%,2.9117E-2
b1,ref|NC_001133|,12529,A,G,13,91,14.29%,7.7016E-5
b1,ref|NC_001133|,12566,C,T,14,120,11.67%,4.0831E-5
b1,ref|NC_001133|,12570,C,T,15,126,11.9%,1.9608E-5
b1,ref|NC_001133|,12594,A,T,23,163,14.11%,5.1754E-8
b1,ref|NC_001133|,12620,T,C,57,189,30.16%,4.722E-20
b1,ref|NC_001133|,12642,T,A,12,207,5.8%,2.0721E-4
b1,ref|NC_001133|,12662,T,C,18,225,8%,2.6778E-6
b1,ref|NC_001133|,12666,T,C,19,219,8.68%,1.2687E-6
b1,ref|NC_001133|,12668,T,C,78,213,36.62%,5.5707E-28
b1,ref|NC_001133|,12690,A,T,99,191,51.83%,3.575E-38
b1,ref|NC_001133|,12716,C,T,37,188,19.68%,1.0193E-12
b1,ref|NC_001133|,12758,T,C,11,141,7.8%,3.9872E-4
b1,ref|NC_001133|,12764,T,C,7,132,5.3%,7.2006E-3
b1,ref|NC_001133|,16863,GT,G,7,60,11.67%,6.4484E-3
b1,ref|NC_001133|,23239,CT,C,14,92,15.22%,3.4351E-5
b1,ref|NC_001133|,23712,C,CA,22,55,40%,6.9407E-9
b1,ref|NC_001133|,25340,C,A,77,77,100%,6.8219E-46
b1,ref|NC_001133|,25872,G,C,27,27,100%,5.1363E-16
b1,ref|NC_001133|,26193,T,C,7,18,38.89%,3.8123E-3
b1,ref|NC_001133|,26331,G,A,21,107,19.63%,1.6075E-7
b1,ref|NC_001133|,26373,C,T,7,64,10.94%,6.5719E-3
b1,ref|NC_001133|,26391,A,G,6,45,13.33%,1.3026E-2
b1,ref|NC_001133|,26412,G,C,28,28,100%,1.3074E-16
b1,ref|NC_001133|,27126,T,C,19,19,100%,2.8292E-11
b1,ref|NC_001133|,27129,C,G,19,19,100%,2.8292E-11
b1,ref|NC_001133|,31122,CAT,C,9,58,15.52%,1.3694E-3
b1,ref|NC_001133|,35113,G,GA,13,78,16.67%,6.6777E-5
b1,ref|NC_001133|,42838,GA,G,7,98,7.14%,6.9313E-3
b1,ref|NC_001133|,45634,CT,C,8,52,15.38%,2.8658E-3
b1,ref|NC_001133|,65614,AT,A,9,98,9.18%,1.587E-3
b1,ref|NC_001133|,65761,AT,A,6,94,6.38%,1.4352E-2
b1,ref|NC_001133|,69828,CT,C,9,84,10.71%,1.535E-3
b1,ref|NC_001133|,70906,GA,G,12,63,19.05%,9.7866E-5
b1,ref|NC_001133|,71116,GA,G,7,70,10%,6.5719E-3
b1,ref|NC_001133|,92602,CT,C,8,72,11.11%,3.1302E-3
b1,ref|NC_001133|,100007,A,AT,6,66,9.09%,1.3796E-2
b1,ref|NC_001133|,101281,C,CA,7,27,25.93%,4.7006E-3
b1,ref|NC_001133|,101450,T,TA,9,73,12.33%,1.4724E-3
b1,ref|NC_001133|,119890,C,T,5,97,5.15%,2.9644E-2
b1,ref|NC_001133|,120689,G,T,5,78,6.41%,2.9254E-2
b1,ref|NC_001133|,126880,C,CTT,28,57,49.12%,1.7754E-11
b1,ref|NC_001133|,128103,AT,A,13,66,19.7%,5.9784E-5
b1,ref|NC_001133|,128193,G,GA,5,80,6.25%,2.9303E-2
b1,ref|NC_001133|,139346,AT,A,5,71,7.04%,2.9058E-2
b1,ref|NC_001133|,141135,A,T,72,72,100%,6.7558E-43
b1,ref|NC_001133|,142298,CT,C,5,90,5.56%,2.9417E-2
b1,ref|NC_001133|,152105,CT,C,16,71,22.54%,4.4899E-6
b1,ref|NC_001133|,161401,G,A,9,67,13.43%,1.4657E-3
b1,ref|NC_001133|,176580,C,CT,8,69,11.59%,3.1302E-3
b1,ref|NC_001133|,179225,C,CA,6,72,8.33%,1.3976E-2
b1,ref|NC_001133|,183387,AC,A,77,82,93.9%,2.54E-41
b1,ref|NC_001133|,188708,A,G,7,108,6.48%,7.0672E-3
b1,ref|NC_001133|,188881,G,C,24,102,23.53%,1.2862E-8
b1,ref|NC_001133|,188939,A,G,32,109,29.36%,1.6087E-11
b1,ref|NC_001133|,189031,A,G,5,92,5.43%,2.9557E-2
b1,ref|NC_001133|,189245,A,G,12,99,12.12%,1.7134E-4
b1,ref|NC_001133|,192551,CA,C,9,70,12.86%,1.4589E-3
b1,ref|NC_001133|,193631,A,T,60,60,100%,1.035E-35
b1,ref|NC_001133|,198906,GA,G,5,83,6.02%,2.9327E-2
b1,ref|NC_001133|,199811,T,G,71,71,100%,2.6835E-42
b1,ref|NC_001133|,199908,C,CT,13,84,15.48%,6.4168E-5
b1,ref|NC_001133|,206126,T,C,27,27,100%,5.1363E-16
b1,ref|NC_001133|,206129,A,C,27,27,100%,5.1363E-16
b1,ref|NC_001133|,206132,G,T,26,26,100%,2.0165E-15
b1,ref|NC_001133|,206144,C,T,28,28,100%,1.3074E-16
b1,ref|NC_001133|,206177,G,C,21,21,100%,1.8578E-12
b1,ref|NC_001133|,206178,C,A,21,21,100%,1.8578E-12
b1,ref|NC_001133|,206179,A,C,21,21,100%,1.8578E-12
b1,ref|NC_001133|,210818,A,T,71,71,100%,2.6835E-42
b1,ref|NC_001133|,211019,T,C,60,60,100%,1.035E-35
b1,ref|NC_001133|,225080,TA,T,13,64,20.31%,5.6497E-5
b1,ref|NC_001133|,226914,AT,A,20,69,28.99%,8.793E-8
b1,ref|NC_001133|,230183,G,GGT,6,12,50%,6.865E-3
b1,ref|NC_001134|,1187,C,T,27,101,26.73%,1.0006E-9
b1,ref|NC_001134|,1254,T,C,9,98,9.18%,1.6118E-3
b1,ref|NC_001134|,1372,G,C,7,115,6.09%,7.1118E-3
b1,ref|NC_001134|,5983,C,G,84,84,100%,4.3483E-50
b1,ref|NC_001134|,6440,G,C,92,92,100%,6.9429E-55
b1,ref|NC_001134|,7510,G,A,85,85,100%,1.0935E-50
b1,ref|NC_001134|,7511,G,A,84,84,100%,4.3483E-50
b1,ref|NC_001134|,7912,GA,G,74,75,98.67%,8.1874E-43
b1,ref|NC_001134|,9022,G,GA,33,85,38.82%,3.6448E-13
b1,ref|NC_001134|,15101,T,G,101,101,100%,2.7747E-60
b1,ref|NC_001134|,15510,G,T,121,121,100%,2.7616E-72
b1,ref|NC_001134|,15518,A,G,124,124,100%,4.368E-74
b1,ref|NC_001134|,16380,C,T,86,86,100%,2.7498E-51
b1,ref|NC_001134|,16392,A,G,83,83,100%,1.729E-49
b1,ref|NC_001134|,24053,G,GT,6,58,10.34%,1.3458E-2
b1,ref|NC_001134|,30012,C,T,67,67,100%,6.6743E-40
b1,ref|NC_001134|,30050,A,G,57,57,100%,6.4572E-34
b1,ref|NC_001134|,30210,T,C,26,26,100%,2.0165E-15
b1,ref|NC_001134|,30658,G,T,16,16,100%,1.6637E-9
b1,ref|NC_001134|,30660,T,C,16,16,100%,1.6637E-9
b1,ref|NC_001134|,30723,G,A,16,16,100%,1.6637E-9
b1,ref|NC_001134|,30848,C,G,17,17,100%,4.2852E-10
b1,ref|NC_001134|,34298,G,A,43,43,100%,1.5066E-25
b1,ref|NC_001134|,34559,G,A,5,57,8.77%,2.8522E-2
b1,ref|NC_001134|,35485,C,T,71,71,100%,2.6835E-42
b1,ref|NC_001134|,38757,T,TA,7,81,8.64%,6.7203E-3
b1,ref|NC_001134|,45956,A,AT,8,77,10.39%,3.1618E-3
b1,ref|NC_001134|,51505,C,T,35,87,40.23%,3.9107E-13
b1,ref|NC_001134|,59755,T,C,108,108,100%,1.7511E-64
b1,ref|NC_001134|,62776,G,GA,5,100,5%,2.9575E-2
b1,ref|NC_001134|,68282,GTTA,G,5,71,7.04%,2.9026E-2
b1,ref|NC_001134|,69628,C,CA,9,80,11.25%,1.5142E-3
b1,ref|NC_001134|,71825,C,CT,6,74,8.11%,1.3976E-2
b1,ref|NC_001134|,75103,TA,T,5,77,6.49%,2.9088E-2
b1,ref|NC_001134|,84398,CA,C,7,82,8.54%,6.8253E-3
b1,ref|NC_001134|,88484,GGAGAA,G,72,74,97.3%,1.2199E-40
b1,ref|NC_001134|,96034,GA,G,8,112,7.14%,3.4017E-3
b1,ref|NC_001134|,96287,G,GA,10,109,9.17%,7.8361E-4
b1,ref|NC_001134|,105333,C,CT,5,86,5.81%,2.9417E-2
b1,ref|NC_001134|,115437,GA,G,21,75,28%,4.7115E-8
b1,ref|NC_001134|,122429,G,GA,7,93,7.53%,6.9217E-3
b1,ref|NC_001134|,122587,A,AT,7,70,10%,6.6257E-3
b1,ref|NC_001134|,133870,CAT,C,12,61,19.67%,1.2806E-4
b1,ref|NC_001134|,137659,T,TA,6,51,11.76%,1.2905E-2
b1,ref|NC_001134|,138274,A,AT,13,68,19.12%,5.9784E-5
b1,ref|NC_001134|,143864,GA,G,8,82,9.76%,3.2002E-3
b1,ref|NC_001134|,145899,GA,G,5,52,9.62%,2.7945E-2
b1,ref|NC_001134|,151274,GT,G,7,94,7.45%,6.9119E-3
b1,ref|NC_001134|,153609,AT,A,8,81,9.88%,3.1815E-3
b1,ref|NC_001134|,154575,A,T,5,79,6.33%,2.9279E-2
b1,ref|NC_001134|,162819,A,AT,8,81,9.88%,3.2347E-3
b1,ref|NC_001134|,165010,CT,C,11,103,10.68%,3.5556E-4
b1,ref|NC_001134|,165670,G,GA,5,90,5.56%,2.9519E-2
b1,ref|NC_001134|,165902,C,CT,14,62,22.58%,1.727E-5
b1,ref|NC_001134|,167978,C,CA,53,96,55.21%,7.1385E-23
b1,ref|NC_001134|,174714,AT,A,10,79,12.66%,6.8782E-4
b1,ref|NC_001134|,192232,C,CT,10,90,11.11%,7.1814E-4
b1,ref|NC_001134|,202359,G,A,5,89,5.62%,2.95E-2
b1,ref|NC_001134|,207021,GT,G,6,70,8.57%,1.3767E-2
b1,ref|NC_001134|,221288,AGT,A,65,68,95.59%,9.6073E-36
b1,ref|NC_001134|,242542,A,T,6,98,6.12%,1.4442E-2
b1,ref|NC_001134|,242639,A,AT,10,102,9.8%,7.6712E-4
b1,ref|NC_001134|,251593,CTT,C,9,83,10.84%,1.4657E-3
b1,ref|NC_001134|,259764,C,T,46,46,100%,2.4343E-27
b1,ref|NC_001134|,263144,GC,G,28,28,100%,1.3074E-16
b1,ref|NC_001134|,263153,C,T,31,31,100%,2.1486E-18
b1,ref|NC_001134|,263158,CG,C,32,32,100%,5.4567E-19
b1,ref|NC_001134|,263168,CG,C,42,42,100%,5.9562E-25
b1,ref|NC_001134|,268026,T,C,5,85,5.88%,2.9417E-2
b1,ref|NC_001134|,270660,GA,G,7,83,8.43%,6.8253E-3
b1,ref|NC_001134|,270857,C,CT,11,86,12.79%,3.3091E-4
b1,ref|NC_001134|,274224,C,CT,11,90,12.22%,3.3447E-4
b1,ref|NC_001134|,281139,GA,G,9,97,9.28%,1.5908E-3
b1,ref|NC_001134|,290352,C,CA,7,89,7.87%,6.8706E-3
b1,ref|NC_001134|,295023,T,A,5,81,6.17%,2.9327E-2
b1,ref|NC_001134|,296125,AT,A,15,76,19.74%,1.1665E-5
b1,ref|NC_001134|,296313,G,GA,7,82,8.54%,6.7884E-3
b1,ref|NC_001134|,300033,GA,G,12,86,13.95%,1.4598E-4
b1,ref|NC_001134|,307654,AT,A,6,76,7.89%,1.3999E-2
b1,ref|NC_001134|,316949,CA,C,20,68,29.41%,1.0949E-7
b1,ref|NC_001134|,320222,G,C,8,75,10.67%,3.2091E-3
b1,ref|NC_001134|,320223,T,C,11,83,13.25%,3.4273E-4
b1,ref|NC_001134|,323906,TCA,T,7,93,7.53%,6.9498E-3
b1,ref|NC_001134|,369788,CT,C,5,79,6.33%,2.9174E-2
b1,ref|NC_001134|,370720,T,C,5,87,5.75%,2.9459E-2
b1,ref|NC_001134|,383176,C,CG,73,80,91.25%,6.3484E-38
b1,ref|NC_001134|,386207,CA,C,11,67,16.42%,2.6374E-4
b1,ref|NC_001134|,389421,GCT,G,56,65,86.15%,1.1626E-27
b1,ref|NC_001134|,395042,G,GA,7,79,8.86%,6.7755E-3
b1,ref|NC_001134|,395801,C,T,6,98,6.12%,1.4442E-2
b1,ref|NC_001134|,406430,G,GA,7,79,8.86%,6.7622E-3
b1,ref|NC_001134|,415764,C,CT,16,90,17.98%,5.8055E-6
b1,ref|NC_001134|,425941,CA,C,6,75,8%,1.3999E-2
b1,ref|NC_001134|,426983,TA,T,7,103,6.8%,6.9587E-3
b1,ref|NC_001134|,434300,C,CA,8,57,14.04%,2.9718E-3
b1,ref|NC_001134|,452435,CT,C,11,62,17.74%,2.925E-4
b1,ref|NC_001134|,464019,CTGT,C,6,74,8.11%,1.4042E-2
b1,ref|NC_001134|,467073,C,CT,6,115,5.22%,1.4588E-2
b1,ref|NC_001134|,477089,GTA,G,13,80,16.25%,6.9169E-5
b1,ref|NC_001134|,479272,CA,C,6,91,6.59%,1.4214E-2
b1,ref|NC_001134|,479796,C,CA,5,100,5%,2.9592E-2
b1,ref|NC_001134|,484775,C,T,6,50,12%,1.3331E-2
b1,ref|NC_001134|,485927,GT,G,8,58,13.79%,2.9557E-3
b1,ref|NC_001134|,487048,TA,T,7,100,7%,6.9761E-3
b1,ref|NC_001134|,491090,C,CT,12,75,16%,1.4713E-4
b1,ref|NC_001134|,492950,GA,G,18,76,23.68%,9.255E-7
b1,ref|NC_001134|,499536,CA,C,15,63,23.81%,1.0354E-5
b1,ref|NC_001134|,505412,C,CA,11,83,13.25%,3.3271E-4
b1,ref|NC_001134|,526831,G,GA,9,82,10.98%,1.5446E-3
b1,ref|NC_001134|,553512,GA,G,9,73,12.33%,1.4912E-3
b1,ref|NC_001134|,556210,GAT,G,5,83,6.02%,2.9373E-2
b1,ref|NC_001134|,559762,CAT,C,7,61,11.48%,6.4484E-3
b1,ref|NC_001134|,559930,CA,C,7,81,8.64%,6.7884E-3
b1,ref|NC_001134|,561222,GA,G,10,48,20.83%,4.6276E-4
b1,ref|NC_001134|,563031,G,GT,11,72,15.28%,2.8674E-4
b1,ref|NC_001134|,566162,A,G,5,94,5.32%,2.9592E-2
b1,ref|NC_001134|,566763,G,GT,5,100,5%,2.966E-2
b1,ref|NC_001134|,571328,CA,C,12,79,15.19%,1.3565E-4
b1,ref|NC_001134|,576030,TA,T,12,74,16.22%,1.3842E-4
b1,ref|NC_001134|,586331,TA,T,6,91,6.59%,1.4247E-2
b1,ref|NC_001134|,589912,C,T,5,96,5.21%,2.9627E-2
b1,ref|NC_001134|,594808,A,T,5,99,5.05%,2.9676E-2
b1,ref|NC_001134|,604913,CT,C,10,78,12.82%,7.0548E-4
b1,ref|NC_001134|,628558,G,GT,9,68,13.24%,1.4447E-3
b1,ref|NC_001134|,642993,C,CA,8,71,11.27%,3.1718E-3
b1,ref|NC_001134|,646111,CAT,C,5,45,11.11%,2.7465E-2
b1,ref|NC_001134|,647590,A,AT,8,99,8.08%,3.3331E-3
b1,ref|NC_001134|,681991,CA,C,10,62,16.13%,6.4957E-4
b1,ref|NC_001134|,683572,G,A,11,63,17.46%,3.031E-4
b1,ref|NC_001134|,684840,A,AT,8,92,8.7%,3.2947E-3
b1,ref|NC_001134|,692421,T,C,5,82,6.1%,2.9351E-2
b1,ref|NC_001134|,694611,TA,T,6,76,7.89%,1.4042E-2
b1,ref|NC_001134|,698075,G,GA,17,90,18.89%,2.9901E-6
b1,ref|NC_001134|,700169,A,AT,7,104,6.73%,6.9313E-3
b1,ref|NC_001134|,704438,T,TA,16,91,17.58%,6.8648E-6
b1,ref|NC_001134|,711386,A,AT,8,103,7.77%,3.3874E-3
b1,ref|NC_001134|,714609,TA,T,7,106,6.6%,7.0243E-3
b1,ref|NC_001134|,720641,CT,C,5,84,5.95%,2.9279E-2
b1,ref|NC_001134|,721265,GA,G,7,99,7.07%,6.9313E-3
b1,ref|NC_001134|,723663,C,CA,50,81,61.73%,5.4338E-22
b1,ref|NC_001134|,746362,CATCTGCA,C,95,101,94.06%,5.0145E-51
b1,ref|NC_001134|,751216,CA,C,8,105,7.62%,3.3722E-3
b1,ref|NC_001134|,757162,AAT,A,7,69,10.14%,6.659E-3
b1,ref|NC_001134|,767793,G,GA,6,79,7.59%,1.4084E-2
b1,ref|NC_001134|,774669,CA,C,11,74,14.86%,3.0799E-4
b1,ref|NC_001134|,777906,AT,A,7,69,10.14%,6.6257E-3
b1,ref|NC_001134|,784713,CT,C,5,69,7.25%,2.8892E-2
b1,ref|NC_001134|,784824,G,GA,5,86,5.81%,2.9351E-2
b1,ref|NC_001134|,796545,C,CT,5,81,6.17%,2.9228E-2
b1,ref|NC_001134|,809468,GA,G,6,91,6.59%,1.4247E-2
b1,ref|NC_001134|,809484,C,CT,5,88,5.68%,2.9417E-2
b1,ref|NC_001134|,809793,TA,T,5,64,7.81%,2.8819E-2
b1,ref|NC_001134|,809794,AT,A,25,53,47.17%,8.8326E-11
b1,ref|NC_001135|,60,AC,A,7,23,31.82%,3.9926E-3
b1,ref|NC_001135|,65,A,AC,5,34,14.71%,2.6693E-2
b1,ref|NC_001135|,89,AC,A,14,52,27.45%,2.0696E-5
b1,ref|NC_001135|,90,C,CA,8,38,21.62%,2.4931E-3
b1,ref|NC_001135|,97,CCA,C,9,59,15.25%,1.3596E-3
b1,ref|NC_001135|,110,CCA,C,8,72,11.11%,3.1411E-3
b1,ref|NC_001135|,129,A,AC,12,48,27.27%,1.0032E-4
b1,ref|NC_001135|,133,AC,A,13,53,24.53%,5.092E-5
b1,ref|NC_001135|,154,CCA,C,6,89,6.74%,1.4263E-2
b1,ref|NC_001135|,159,CA,C,6,71,8.45%,1.3999E-2
b1,ref|NC_001135|,160,A,C,7,76,10%,6.5904E-3
b1,ref|NC_001135|,175,A,AC,7,74,9.46%,6.7346E-3
b1,ref|NC_001135|,184,A,AC,7,88,8.24%,6.8485E-3
b1,ref|NC_001135|,191,C,CCA,6,100,6.06%,1.4392E-2
b1,ref|NC_001135|,195,A,AC,7,93,7.53%,6.9313E-3
b1,ref|NC_001135|,213,CA,C,7,100,7%,7.0089E-3
b1,ref|NC_001135|,225,AC,A,6,99,6.06%,1.4392E-2
b1,ref|NC_001135|,226,C,CA,5,91,5.68%,2.9417E-2
b1,ref|NC_001135|,231,ACC,A,13,81,16.46%,6.3478E-5
b1,ref|NC_001135|,233,C,A,11,48,24.44%,2.4398E-4
b1,ref|NC_001135|,240,CCA,C,10,88,11.36%,7.3507E-4
b1,ref|NC_001135|,253,CCA,C,7,86,8.14%,6.837E-3
b1,ref|NC_001135|,272,A,AC,9,38,24.32%,1.0644E-3
b1,ref|NC_001135|,282,A,AC,5,44,11.36%,2.764E-2
b1,ref|NC_001135|,289,CCA,C,5,81,6.17%,2.9279E-2
b1,ref|NC_001135|,302,CCA,C,9,99,9.09%,1.6151E-3
b1,ref|NC_001135|,308,AC,A,6,75,8%,1.4064E-2
b1,ref|NC_001135|,335,A,AC,6,97,6.25%,1.4417E-2
b1,ref|NC_001135|,8353,CT,C,11,97,11.34%,3.5291E-4
b1,ref|NC_001135|,8575,CA,C,8,103,7.77%,3.2947E-3
b1,ref|NC_001135|,9181,A,AT,13,101,12.87%,7.824E-5
b1,ref|NC_001135|,13723,G,T,5,35,14.29%,2.6822E-2
b1,ref|NC_001135|,27658,T,TA,22,79,27.85%,2.3517E-8
b1,ref|NC_001135|,42005,CA,C,17,89,19.1%,2.6179E-6
b1,ref|NC_001135|,44541,GA,G,18,126,14.29%,1.5689E-6
b1,ref|NC_001135|,54924,CA,C,13,129,10.08%,8.636E-5
b1,ref|NC_001135|,57071,C,CA,12,96,12.5%,1.6177E-4
b1,ref|NC_001135|,57221,C,CA,10,67,14.93%,6.4469E-4
b1,ref|NC_001135|,69985,T,C,8,140,5.71%,3.5248E-3
b1,ref|NC_001135|,78799,AT,A,8,124,6.45%,3.4735E-3
b1,ref|NC_001135|,84421,G,A,70,71,98.59%,1.9322E-40
b1,ref|NC_001135|,92744,TA,T,7,123,5.69%,7.1057E-3
b1,ref|NC_001135|,99797,G,A,23,99,23.23%,2.8087E-8
b1,ref|NC_001135|,101876,C,CT,15,118,12.71%,1.6879E-5
b1,ref|NC_001135|,107899,G,GA,7,111,6.31%,7.0392E-3
b1,ref|NC_001135|,127804,C,CT,13,113,11.5%,8.3496E-5
b1,ref|NC_001135|,128128,AT,A,6,110,5.45%,1.4509E-2
b1,ref|NC_001135|,142665,G,GA,10,111,9.01%,7.8191E-4
b1,ref|NC_001135|,143131,T,C,138,138,100%,1.7164E-82
b1,ref|NC_001135|,153456,A,T,7,121,5.79%,7.1459E-3
b1,ref|NC_001135|,155207,GA,G,8,130,6.15%,3.4735E-3
b1,ref|NC_001135|,162361,T,C,105,105,100%,1.1051E-62
b1,ref|NC_001135|,162396,G,C,96,96,100%,2.7702E-57
b1,ref|NC_001135|,162640,T,G,112,112,100%,6.9655E-67
b1,ref|NC_001135|,162694,G,A,96,96,100%,2.7702E-57
b1,ref|NC_001135|,162712,TA,T,88,98,89.8%,7.1355E-46
b1,ref|NC_001135|,163059,T,C,110,110,100%,1.1045E-65
b1,ref|NC_001135|,163163,G,GA,98,112,87.5%,5.1046E-50
b1,ref|NC_001135|,163192,A,AT,107,113,94.69%,6.0696E-58
b1,ref|NC_001135|,163395,G,GA,9,118,7.63%,1.6601E-3
b1,ref|NC_001135|,199081,G,A,46,46,100%,2.4343E-27
b1,ref|NC_001135|,199495,AAT,A,8,112,7.14%,3.4323E-3
b1,ref|NC_001135|,209788,C,CA,10,98,10.2%,7.4273E-4
b1,ref|NC_001135|,211722,GA,G,23,122,18.85%,3.3875E-8
b1,ref|NC_001135|,215935,G,T,5,99,5.05%,2.9676E-2
b1,ref|NC_001135|,220216,A,AT,9,138,6.52%,1.6887E-3
b1,ref|NC_001135|,223344,C,CT,14,117,11.97%,3.9101E-5
b1,ref|NC_001135|,224773,TTA,T,6,84,7.14%,1.4161E-2
b1,ref|NC_001135|,228964,GT,G,8,96,8.33%,3.3145E-3
b1,ref|NC_001135|,229272,C,CA,10,87,11.49%,7.2967E-4
b1,ref|NC_001135|,231005,CT,C,24,109,22.02%,9.4531E-9
b1,ref|NC_001135|,236778,G,GT,8,119,6.72%,3.4323E-3
b1,ref|NC_001135|,242447,AT,A,15,99,15.15%,1.5519E-5
b1,ref|NC_001135|,247980,GTA,G,7,89,7.87%,6.8485E-3
b1,ref|NC_001135|,260025,GTA,G,5,93,5.38%,2.948E-2
b1,ref|NC_001135|,273025,GA,G,25,100,25%,3.7543E-9
b1,ref|NC_001135|,292572,AAT,A,5,82,6.1%,2.9279E-2
b1,ref|NC_001135|,293126,AAT,A,14,86,16.28%,3.4351E-5
b1,ref|NC_001135|,304284,T,TA,7,134,5.22%,7.1866E-3
b1,ref|NC_001135|,308240,C,CT,11,107,10.28%,3.6633E-4
b1,ref|NC_001135|,313479,T,TA,11,132,8.33%,3.8578E-4
b1,ref|NC_001135|,315517,CTA,C,8,76,10.53%,3.1191E-3
b1,ref|NC_001136|,4721,CT,C,6,75,8%,1.4042E-2
b1,ref|NC_001136|,7721,C,CA,45,47,95.74%,7.2338E-25
b1,ref|NC_001136|,13937,G,A,51,103,49.51%,1.05E-19
b1,ref|NC_001136|,27734,C,T,9,69,13.04%,1.4788E-3
b1,ref|NC_001136|,27742,A,G,10,74,13.51%,7.0548E-4
b1,ref|NC_001136|,27747,A,G,9,70,12.86%,1.4851E-3
b1,ref|NC_001136|,31808,C,A,6,98,6.12%,1.4442E-2
b1,ref|NC_001136|,43856,C,CT,7,62,11.29%,6.4922E-3
b1,ref|NC_001136|,50590,A,AT,5,89,5.62%,2.9373E-2
b1,ref|NC_001136|,57073,G,GA,5,81,6.17%,2.9254E-2
b1,ref|NC_001136|,63804,G,A,5,92,5.43%,2.9557E-2
b1,ref|NC_001136|,66048,GA,G,8,97,8.25%,3.339E-3
b1,ref|NC_001136|,76735,A,AT,8,105,7.62%,3.397E-3
b1,ref|NC_001136|,81924,G,A,5,86,5.81%,2.9439E-2
b1,ref|NC_001136|,82419,AT,A,9,101,8.91%,1.5981E-3
b1,ref|NC_001136|,92682,GA,G,10,59,16.95%,5.4972E-4
b1,ref|NC_001136|,95791,G,GT,16,86,18.6%,6.7911E-6
b1,ref|NC_001136|,99407,G,GA,6,103,5.83%,1.4417E-2
b1,ref|NC_001136|,105479,C,T,9,68,13.24%,1.4724E-3
b1,ref|NC_001136|,106907,A,AT,9,95,9.47%,1.5793E-3
b1,ref|NC_001136|,116123,CA,C,6,107,5.61%,1.4477E-2
b1,ref|NC_001136|,123792,TA,T,6,83,7.23%,1.4104E-2
b1,ref|NC_001136|,126537,C,CT,12,49,24.49%,7.8434E-5
b1,ref|NC_001136|,135456,CT,C,15,63,23.81%,9.3931E-6
b1,ref|NC_001136|,152339,G,A,6,66,9.09%,1.3877E-2
b1,ref|NC_001136|,169891,TA,T,7,32,21.88%,4.7006E-3
b1,ref|NC_001136|,194466,G,GT,5,86,5.81%,2.9327E-2
b1,ref|NC_001136|,211214,G,GA,6,85,7.06%,1.4179E-2
b1,ref|NC_001136|,211315,CAT,C,16,86,18.6%,7.079E-6
b1,ref|NC_001136|,212281,G,GT,5,90,5.56%,2.9519E-2
b1,ref|NC_001136|,212440,GT,G,8,63,12.7%,2.9389E-3
b1,ref|NC_001136|,240138,CAT,C,8,64,12.5%,3.0583E-3
b1,ref|NC_001136|,252765,TC,T,5,92,5.43%,2.9557E-2
b1,ref|NC_001136|,270194,C,CA,11,74,14.86%,3.1704E-4
b1,ref|NC_001136|,273629,GTT,G,26,98,26.53%,4.2407E-10
b1,ref|NC_001136|,279727,G,A,5,84,5.95%,2.9396E-2
b1,ref|NC_001136|,283285,G,GA,5,87,5.75%,2.9396E-2
b1,ref|NC_001136|,285096,C,T,7,130,5.38%,7.1913E-3
b1,ref|NC_001136|,286882,CT,C,14,108,12.96%,3.7453E-5
b1,ref|NC_001136|,300038,G,GA,11,104,10.58%,3.6057E-4
b1,ref|NC_001136|,302323,G,GA,9,95,9.47%,1.5981E-3
b1,ref|NC_001136|,310293,G,GA,11,115,9.57%,3.7915E-4
b1,ref|NC_001136|,312518,C,CT,6,106,5.66%,1.4488E-2
b1,ref|NC_001136|,314304,T,TA,15,103,14.56%,1.721E-5
b1,ref|NC_001136|,315072,C,CT,8,89,8.99%,3.2807E-3
b1,ref|NC_001136|,329641,TTA,T,7,68,10.29%,6.6083E-3
b1,ref|NC_001136|,336206,CT,C,12,61,19.67%,1.3273E-4
b1,ref|NC_001136|,344004,G,GTA,31,57,54.39%,4.5844E-13
b1,ref|NC_001136|,355508,CT,C,5,90,5.56%,2.9439E-2
b1,ref|NC_001136|,357278,G,GT,6,95,6.32%,1.4405E-2
b1,ref|NC_001136|,361636,A,G,5,80,6.25%,2.9303E-2
b1,ref|NC_001136|,364962,T,TA,7,79,8.86%,6.7056E-3
b1,ref|NC_001136|,369259,CA,C,10,69,14.49%,6.0611E-4
b1,ref|NC_001136|,370968,TTA,T,5,66,7.58%,2.878E-2
b1,ref|NC_001136|,371843,A,T,6,95,6.32%,1.4405E-2
b1,ref|NC_001136|,371904,A,T,6,73,8.22%,1.4042E-2
b1,ref|NC_001136|,392110,GT,G,5,57,8.77%,2.8371E-2
b1,ref|NC_001136|,394573,T,C,30,86,34.88%,4.3027E-11
b1,ref|NC_001136|,394574,G,A,6,62,9.68%,1.3767E-2
b1,ref|NC_001136|,403511,G,GT,91,113,80.53%,3.2999E-44
b1,ref|NC_001136|,408171,CA,C,8,107,7.48%,3.3874E-3
b1,ref|NC_001136|,410887,AT,A,6,66,9.09%,1.3767E-2
b1,ref|NC_001136|,411785,AC,A,5,87,5.75%,2.9439E-2
b1,ref|NC_001136|,427105,C,CT,9,103,8.74%,1.6085E-3
b1,ref|NC_001136|,428805,A,AT,13,97,13.4%,7.7839E-5
b1,ref|NC_001136|,436198,CT,C,15,82,18.29%,1.3711E-5
b1,ref|NC_001136|,448539,G,A,5,85,5.88%,2.9417E-2
b1,ref|NC_001136|,450188,GTA,G,10,72,13.89%,6.9515E-4
b1,ref|NC_001136|,465667,C,CA,8,68,11.76%,3.1191E-3
b1,ref|NC_001136|,482472,GA,G,12,95,12.63%,1.574E-4
b1,ref|NC_001136|,489441,AAT,A,14,77,18.18%,3.1303E-5
b1,ref|NC_001136|,503381,G,GT,6,89,6.74%,1.4247E-2
b1,ref|NC_001136|,519899,GT,G,10,56,17.86%,5.9342E-4
b1,ref|NC_001136|,525613,CA,C,5,95,5.26%,2.9519E-2
b1,ref|NC_001136|,535450,G,A,20,174,11.49%,5.3464E-7
b1,ref|NC_001136|,538733,GTA,G,16,57,28.07%,3.905E-6
b1,ref|NC_001136|,542558,CA,C,11,84,13.1%,3.3271E-4
b1,ref|NC_001136|,548546,G,GT,22,71,30.99%,9.3895E-9
b1,ref|NC_001136|,551819,CA,C,7,78,8.97%,6.7346E-3
b1,ref|NC_001136|,553071,A,AT,9,94,9.57%,1.5832E-3
b1,ref|NC_001136|,558164,CT,C,9,106,8.49%,1.6183E-3
b1,ref|NC_001136|,578295,G,GA,6,101,5.94%,1.4477E-2
b1,ref|NC_001136|,578807,G,A,5,100,5%,2.9692E-2
b1,ref|NC_001136|,587839,CT,C,13,59,22.03%,5.092E-5
b1,ref|NC_001136|,591697,T,TA,5,95,5.26%,2.9538E-2
b1,ref|NC_001136|,592981,G,GT,6,80,7.5%,1.4104E-2
b1,ref|NC_001136|,607042,GA,G,16,81,19.75%,5.9837E-6
b1,ref|NC_001136|,621879,G,GA,13,73,17.81%,5.7349E-5
b1,ref|NC_001136|,628654,AT,A,7,87,8.05%,6.8597E-3
b1,ref|NC_001136|,630672,C,CA,9,120,7.5%,1.6576E-3
b1,ref|NC_001136|,630833,GT,G,6,53,11.32%,1.3026E-2
b1,ref|NC_001136|,636900,A,AT,6,86,6.98%,1.4279E-2
b1,ref|NC_001136|,637094,AT,A,6,98,6.12%,1.443E-2
b1,ref|NC_001136|,658113,CT,C,5,84,5.95%,2.9279E-2
b1,ref|NC_001136|,668949,TA,T,7,98,7.14%,6.9217E-3
b1,ref|NC_001136|,681409,A,G,5,82,6.1%,2.9351E-2
b1,ref|NC_001136|,688005,G,GA,5,81,6.17%,2.9228E-2
b1,ref|NC_001136|,688062,C,CTT,48,72,66.67%,2.014E-24
b1,ref|NC_001136|,718377,T,A,5,92,5.43%,2.9557E-2
b1,ref|NC_001136|,733497,AT,A,5,99,5.05%,2.9592E-2
b1,ref|NC_001136|,746353,C,CA,5,83,6.02%,2.9279E-2
b1,ref|NC_001136|,748524,T,TA,12,94,12.77%,1.6573E-4
b1,ref|NC_001136|,754247,C,T,6,114,5.26%,1.4606E-2
b1,ref|NC_001136|,757631,G,C,62,62,100%,6.5755E-37
b1,ref|NC_001136|,758310,T,C,48,48,100%,1.554E-28
b1,ref|NC_001136|,759995,T,A,6,105,5.71%,1.452E-2
b1,ref|NC_001136|,781986,CT,C,6,84,7.14%,1.4231E-2
b1,ref|NC_001136|,797187,TG,T,6,106,5.66%,1.453E-2
b1,ref|NC_001136|,801680,CTCT,C,5,85,5.88%,2.9396E-2
b1,ref|NC_001136|,816631,TA,T,6,95,6.32%,1.4338E-2
b1,ref|NC_001136|,817531,T,TA,69,85,81.18%,4.8352E-33
b1,ref|NC_001136|,828035,TG,T,5,76,6.58%,2.9201E-2
b1,ref|NC_001136|,832717,CA,C,7,87,8.05%,6.837E-3
b1,ref|NC_001136|,835638,GA,G,9,85,10.59%,1.5493E-3
b1,ref|NC_001136|,840422,AAT,A,9,66,13.64%,1.4519E-3
b1,ref|NC_001136|,845414,TA,T,6,88,6.82%,1.4279E-2
b1,ref|NC_001136|,851116,T,TA,5,97,5.15%,2.9627E-2
b1,ref|NC_001136|,858391,C,T,7,54,12.96%,6.3515E-3
b1,ref|NC_001136|,864867,CAT,C,5,70,7.14%,2.8927E-2
b1,ref|NC_001136|,864990,C,CT,6,78,7.69%,1.4084E-2
b1,ref|NC_001136|,872837,T,C,9,28,32.14%,9.1169E-4
b1,ref|NC_001136|,877407,T,A,5,29,17.24%,2.5917E-2
b1,ref|NC_001136|,880697,A,G,45,45,100%,9.6314E-27
b1,ref|NC_001136|,884572,CT,C,13,71,18.31%,5.1909E-5
b1,ref|NC_001136|,887046,A,AT,6,96,6.25%,1.4379E-2
b1,ref|NC_001136|,887096,GA,G,7,103,6.8%,6.9406E-3
b1,ref|NC_001136|,891662,T,A,5,90,5.56%,2.9519E-2
b1,ref|NC_001136|,892532,CA,C,5,61,8.2%,2.8614E-2
b1,ref|NC_001136|,894993,CA,C,6,95,6.32%,1.4338E-2
b1,ref|NC_001136|,900853,A,AT,6,93,6.45%,1.4352E-2
b1,ref|NC_001136|,909727,A,AT,11,79,13.92%,2.9526E-4
b1,ref|NC_001136|,921813,CA,C,13,74,17.57%,5.8991E-5
b1,ref|NC_001136|,929184,A,AT,6,99,6.06%,1.4365E-2
b1,ref|NC_001136|,929454,G,GA,6,106,5.66%,1.4477E-2
b1,ref|NC_001136|,930964,CAT,C,10,64,15.62%,6.2917E-4
b1,ref|NC_001136|,940960,G,GA,6,79,7.59%,1.4124E-2
b1,ref|NC_001136|,943889,T,A,5,98,5.1%,2.966E-2
b1,ref|NC_001136|,955986,GA,G,9,76,11.84%,1.503E-3
b1,ref|NC_001136|,959984,T,A,5,91,5.49%,2.9538E-2
b1,ref|NC_001136|,966520,TA,T,11,56,19.64%,2.4819E-4
b1,ref|NC_001136|,974680,A,AT,6,97,6.19%,1.4405E-2
b1,ref|NC_001136|,977331,AT,A,8,81,9.88%,3.2585E-3
b1,ref|NC_001136|,987244,G,A,63,64,98.44%,2.7139E-36
b1,ref|NC_001136|,1002291,A,AT,11,95,11.58%,3.5425E-4
b1,ref|NC_001136|,1007254,C,G,15,59,25.42%,1.0808E-5
b1,ref|NC_001136|,1013977,T,TC,5,76,6.58%,2.9146E-2
b1,ref|NC_001136|,1015989,GA,G,14,92,15.22%,3.3842E-5
b1,ref|NC_001136|,1016710,T,TC,6,88,6.82%,1.4294E-2
b1,ref|NC_001136|,1030677,G,T,5,98,5.1%,2.966E-2
b1,ref|NC_001136|,1046392,A,G,21,80,26.25%,1.0525E-7
b1,ref|NC_001136|,1054847,A,AT,11,91,12.09%,3.4727E-4
b1,ref|NC_001136|,1079010,AT,A,17,74,22.97%,2.1424E-6
b1,ref|NC_001136|,1084521,G,GA,9,74,12.16%,1.4724E-3
b1,ref|NC_001136|,1084685,GA,G,12,106,11.32%,1.6933E-4
b1,ref|NC_001136|,1090113,G,GA,14,81,17.28%,2.7899E-5
b1,ref|NC_001136|,1101983,C,CT,8,85,9.41%,3.2508E-3
b1,ref|NC_001136|,1105909,A,AT,16,91,17.58%,6.64E-6
b1,ref|NC_001136|,1108600,G,GA,7,81,8.64%,6.675E-3
b1,ref|NC_001136|,1130880,AT,A,5,71,7.04%,2.8994E-2
b1,ref|NC_001136|,1147231,C,CT,7,73,9.59%,6.659E-3
b1,ref|NC_001136|,1150910,A,AG,96,103,93.2%,5.5727E-51
b1,ref|NC_001136|,1156096,CT,C,6,94,6.38%,1.4379E-2
b1,ref|NC_001136|,1173812,A,G,19,80,23.75%,5.6767E-7
b1,ref|NC_001136|,1173814,C,T,5,62,8.06%,2.8741E-2
b1,ref|NC_001136|,1174453,TA,T,6,80,7.5%,1.4142E-2
b1,ref|NC_001136|,1178330,CT,C,8,78,10.26%,3.1618E-3
b1,ref|NC_001136|,1191893,TA,T,5,94,5.32%,2.9557E-2
b1,ref|NC_001136|,1202177,CA,C,7,91,7.69%,6.8813E-3
b1,ref|NC_001136|,1236280,A,AT,5,90,5.56%,2.9519E-2
b1,ref|NC_001136|,1237589,C,CT,6,93,6.45%,1.4294E-2
b1,ref|NC_001136|,1239031,AAT,A,9,50,18%,1.2112E-3
b1,ref|NC_001136|,1240959,G,GA,13,85,15.29%,7.2404E-5
b1,ref|NC_001136|,1241111,G,GA,6,63,9.52%,1.3674E-2
b1,ref|NC_001136|,1242276,GA,G,6,67,8.96%,1.3767E-2
b1,ref|NC_001136|,1253397,T,C,97,97,100%,6.9615E-58
b1,ref|NC_001136|,1254534,A,AT,6,77,7.79%,1.4104E-2
b1,ref|NC_001136|,1266255,CT,C,5,98,5.1%,2.9575E-2
b1,ref|NC_001136|,1278545,G,GA,6,87,6.9%,1.4247E-2
b1,ref|NC_001136|,1305680,TG,T,89,94,94.68%,3.1371E-48
b1,ref|NC_001136|,1307967,T,C,12,13,92.31%,1.3461E-6
b1,ref|NC_001136|,1310265,G,GA,5,77,6.49%,2.9174E-2
b1,ref|NC_001136|,1321982,CAT,C,6,50,12%,1.3285E-2
b1,ref|NC_001136|,1341641,TC,T,6,69,8.7%,1.3903E-2
b1,ref|NC_001136|,1357474,A,AT,8,56,14.29%,2.8658E-3
b1,ref|NC_001136|,1388815,A,AT,6,110,5.45%,1.455E-2
b1,ref|NC_001136|,1402305,C,T,96,96,100%,2.7702E-57
b1,ref|NC_001136|,1412225,G,GA,8,74,10.81%,3.1618E-3
b1,ref|NC_001136|,1418469,CAT,C,5,75,6.67%,2.9058E-2
b1,ref|NC_001136|,1431852,G,C,9,50,18%,1.3171E-3
b1,ref|NC_001136|,1433710,A,T,74,74,100%,4.2804E-44
b1,ref|NC_001136|,1443538,GA,G,6,82,7.32%,1.4142E-2
b1,ref|NC_001136|,1466418,GT,G,27,104,25.96%,6.8092E-10
b1,ref|NC_001136|,1469091,G,GA,5,81,6.17%,2.9254E-2
b1,ref|NC_001136|,1474784,AT,A,13,87,14.94%,6.7394E-5
b1,ref|NC_001136|,1487384,C,CA,6,98,6.12%,1.4442E-2
b1,ref|NC_001136|,1494413,CA,C,14,112,12.5%,3.7648E-5
b1,ref|NC_001136|,1496116,CT,C,7,99,7.07%,6.9928E-3
b1,ref|NC_001136|,1498015,AT,A,10,106,9.43%,7.6512E-4
b1,ref|NC_001136|,1501055,G,GA,9,114,7.89%,1.6526E-3
b1,ref|NC_001136|,1515034,TA,T,82,100,82%,2.2559E-39
b1,ref|NC_001136|,1518948,G,GT,49,70,70%,1.3961E-23
b1,ref|NC_001136|,1524974,A,G,77,77,100%,6.8219E-46
b1,ref|NC_001136|,1525313,T,G,12,12,100%,3.698E-7
b1,ref|NC_001136|,1525335,C,G,10,10,100%,5.4125E-6
b1,ref|NC_001136|,1525458,TGTG,T,5,34,14.71%,2.6693E-2
b1,ref|NC_001137|,14724,CA,C,17,109,15.6%,3.0663E-6
b1,ref|NC_001137|,15070,G,A,6,108,5.56%,1.455E-2
b1,ref|NC_001137|,19574,CA,C,10,101,9.9%,7.5223E-4
b1,ref|NC_001137|,21321,TA,T,9,75,12%,1.4519E-3
b1,ref|NC_001137|,23230,A,AT,9,114,7.89%,1.6447E-3
b1,ref|NC_001137|,31460,CAT,C,8,61,13.11%,3.0172E-3
b1,ref|NC_001137|,33475,C,CT,8,97,8.25%,3.3014E-3
b1,ref|NC_001137|,36289,GT,G,10,75,13.33%,6.7197E-4
b1,ref|NC_001137|,48384,T,C,79,79,100%,4.3185E-47
b1,ref|NC_001137|,52435,CA,C,13,94,13.83%,7.4819E-5
b1,ref|NC_001137|,59359,GT,G,8,107,7.48%,3.3669E-3
b1,ref|NC_001137|,59372,CT,C,11,109,10.09%,3.6294E-4
b1,ref|NC_001137|,61686,C,CT,7,96,7.29%,6.9313E-3
b1,ref|NC_001137|,65293,GA,G,12,62,19.35%,1.1939E-4
b1,ref|NC_001137|,69580,T,A,7,80,8.75%,6.8133E-3
b1,ref|NC_001137|,86488,C,CA,9,50,18%,1.162E-3
b1,ref|NC_001137|,100573,T,TA,13,72,18.06%,5.6497E-5
b1,ref|NC_001137|,115989,C,T,12,12,100%,3.698E-7
b1,ref|NC_001137|,116028,G,A,46,46,100%,2.4343E-27
b1,ref|NC_001137|,116086,G,A,94,94,100%,4.3861E-56
b1,ref|NC_001137|,116577,G,A,102,102,100%,6.9709E-61
b1,ref|NC_001137|,116644,G,T,109,109,100%,4.3979E-65
b1,ref|NC_001137|,118577,CAT,C,15,59,25.42%,8.6234E-6
b1,ref|NC_001137|,122728,G,GA,10,74,13.51%,6.8011E-4
b1,ref|NC_001137|,130736,A,AT,8,99,8.08%,3.3669E-3
b1,ref|NC_001137|,131558,TA,T,5,71,7.04%,2.8961E-2
b1,ref|NC_001137|,148091,GA,G,9,72,12.5%,1.4297E-3
b1,ref|NC_001137|,148263,T,C,5,97,5.15%,2.9644E-2
b1,ref|NC_001137|,153026,G,GA,5,90,5.56%,2.948E-2
b1,ref|NC_001137|,154531,T,A,102,102,100%,6.9709E-61
b1,ref|NC_001137|,159027,CA,C,19,67,28.36%,3.0264E-7
b1,ref|NC_001137|,160117,A,T,5,79,6.33%,2.9279E-2
b1,ref|NC_001137|,172598,G,GAT,6,98,6.12%,1.4392E-2
b1,ref|NC_001137|,196609,T,TA,12,75,16%,1.3421E-4
b1,ref|NC_001137|,198592,GTA,G,15,73,20.55%,1.337E-5
b1,ref|NC_001137|,217691,T,TA,8,72,11.11%,3.0837E-3
b1,ref|NC_001137|,221394,TA,T,7,93,7.53%,6.9119E-3
b1,ref|NC_001137|,221815,CA,C,8,79,10.13%,3.2091E-3
b1,ref|NC_001137|,222905,T,TA,5,94,5.32%,2.9592E-2
b1,ref|NC_001137|,223127,A,AT,5,91,5.49%,2.95E-2
b1,ref|NC_001137|,243665,GA,G,9,60,15%,1.3283E-3
b1,ref|NC_001137|,251561,G,GA,8,76,10.53%,3.1516E-3
b1,ref|NC_001137|,256303,GTA,G,13,77,16.88%,6.7998E-5
b1,ref|NC_001137|,261464,C,CA,25,60,41.67%,4.1182E-10
b1,ref|NC_001137|,268335,G,GA,10,94,10.64%,7.324E-4
b1,ref|NC_001137|,268848,C,CT,5,86,5.81%,2.9351E-2
b1,ref|NC_001137|,269159,GA,G,7,93,7.53%,6.8917E-3
b1,ref|NC_001137|,272558,GT,G,60,72,83.33%,3.7577E-29
b1,ref|NC_001137|,274156,GA,G,6,90,6.67%,1.4309E-2
b1,ref|NC_001137|,274360,C,CT,5,86,5.81%,2.9351E-2
b1,ref|NC_001137|,289244,AT,A,18,101,17.82%,1.5526E-6
b1,ref|NC_001137|,291632,CT,C,5,71,7.04%,2.8819E-2
b1,ref|NC_001137|,292851,AT,A,7,88,7.95%,6.8917E-3
b1,ref|NC_001137|,305701,C,CA,8,80,10%,3.2264E-3
b1,ref|NC_001137|,305799,C,CT,8,63,12.7%,3.0313E-3
b1,ref|NC_001137|,319639,TA,T,6,97,6.19%,1.4405E-2
b1,ref|NC_001137|,337452,GA,G,6,83,7.32%,1.4161E-2
b1,ref|NC_001137|,352394,A,G,83,83,100%,1.729E-49
b1,ref|NC_001137|,374816,C,CA,5,90,5.56%,2.948E-2
b1,ref|NC_001137|,375572,C,A,9,119,7.56%,1.6695E-3
b1,ref|NC_001137|,378702,T,C,6,64,9.38%,1.3824E-2
b1,ref|NC_001137|,378704,T,C,6,64,9.38%,1.3824E-2
b1,ref|NC_001137|,382147,T,A,5,57,8.77%,2.8522E-2
b1,ref|NC_001137|,382298,A,AT,5,38,13.16%,2.5527E-2
b1,ref|NC_001137|,382523,CA,C,14,66,21.21%,2.2247E-5
b1,ref|NC_001137|,386143,GA,G,6,94,6.38%,1.4294E-2
b1,ref|NC_001137|,390254,C,CA,6,85,7.06%,1.4161E-2
b1,ref|NC_001137|,395202,CA,C,7,100,7%,6.9587E-3
b1,ref|NC_001137|,400988,CT,C,6,99,6.06%,1.4405E-2
b1,ref|NC_001137|,402835,G,GA,8,93,8.6%,3.3208E-3
b1,ref|NC_001137|,404488,CT,C,9,82,10.98%,1.4972E-3
b1,ref|NC_001137|,407127,GA,G,8,78,10.26%,3.1718E-3
b1,ref|NC_001137|,413363,T,TA,5,71,7.04%,2.8819E-2
b1,ref|NC_001137|,415753,CT,C,5,81,6.17%,2.9303E-2
b1,ref|NC_001137|,422990,C,CA,9,64,14.06%,1.4054E-3
b1,ref|NC_001137|,430559,C,CA,9,103,8.74%,1.5908E-3
b1,ref|NC_001137|,433180,AT,A,6,104,5.77%,1.4454E-2
b1,ref|NC_001137|,441153,C,CT,6,107,5.61%,1.452E-2
b1,ref|NC_001137|,455098,A,AT,6,96,6.25%,1.4405E-2
b1,ref|NC_001137|,462590,T,C,7,43,16.28%,5.9972E-3
b1,ref|NC_001137|,462951,CT,C,5,70,7.14%,2.8819E-2
b1,ref|NC_001137|,468982,C,CT,8,94,8.51%,3.339E-3
b1,ref|NC_001137|,492181,C,CA,11,87,12.64%,3.362E-4
b1,ref|NC_001137|,498937,G,GA,7,107,6.54%,7.0392E-3
b1,ref|NC_001137|,500478,T,A,6,106,5.66%,1.453E-2
b1,ref|NC_001137|,503930,CA,C,9,82,10.98%,1.503E-3
b1,ref|NC_001137|,510020,CT,C,7,87,8.05%,6.8253E-3
b1,ref|NC_001137|,510328,CA,C,6,85,7.06%,1.4214E-2
b1,ref|NC_001137|,512169,C,CT,6,117,5.13%,1.4579E-2
b1,ref|NC_001137|,516594,G,GT,6,102,5.88%,1.4477E-2
b1,ref|NC_001137|,517529,T,C,82,82,100%,6.8742E-49
b1,ref|NC_001137|,520781,G,GA,15,98,15.31%,1.5786E-5
b1,ref|NC_001137|,522931,C,T,5,51,9.8%,2.8203E-2
b1,ref|NC_001137|,522935,C,G,7,57,12.28%,6.4254E-3
b1,ref|NC_001137|,522970,A,AT,11,62,17.74%,2.8374E-4
b1,ref|NC_001137|,527494,A,AT,6,108,5.56%,1.455E-2
b1,ref|NC_001137|,541505,AT,A,5,85,5.88%,2.9351E-2
b1,ref|NC_001137|,544413,G,C,67,88,76.14%,2.6487E-30
b1,ref|NC_001137|,545186,AG,A,5,35,14.29%,2.6257E-2
b1,ref|NC_001137|,555344,CA,C,7,105,6.67%,6.9761E-3
b1,ref|NC_001138|,8304,TA,T,10,70,14.29%,6.3967E-4
b1,ref|NC_001138|,8640,GT,G,7,92,7.61%,6.8706E-3
b1,ref|NC_001138|,11006,A,G,6,82,7.32%,1.4214E-2
b1,ref|NC_001138|,11068,CT,C,18,88,20.45%,1.3957E-6
b1,ref|NC_001138|,12416,T,A,69,171,40.35%,2.909E-25
b1,ref|NC_001138|,14286,CA,C,11,96,11.46%,3.4727E-4
b1,ref|NC_001138|,16574,GT,G,5,92,5.43%,2.95E-2
b1,ref|NC_001138|,31532,A,AT,6,90,6.67%,1.4309E-2
b1,ref|NC_001138|,54494,G,GT,14,89,15.73%,3.4598E-5
b1,ref|NC_001138|,57967,TA,T,5,58,8.62%,2.8522E-2
b1,ref|NC_001138|,68948,CAT,C,5,73,6.85%,2.9058E-2
b1,ref|NC_001138|,70195,C,T,5,77,6.49%,2.9228E-2
b1,ref|NC_001138|,70267,AC,A,5,81,6.17%,2.9327E-2
b1,ref|NC_001138|,75912,CT,C,11,92,11.96%,3.4115E-4
b1,ref|NC_001138|,97505,CA,C,5,53,9.43%,2.8203E-2
b1,ref|NC_001138|,97617,T,TA,6,60,10%,1.3571E-2
b1,ref|NC_001138|,97864,C,CTT,50,67,74.63%,1.5739E-25
b1,ref|NC_001138|,99153,C,CA,17,91,18.68%,2.9116E-6
b1,ref|NC_001138|,104558,C,CA,5,62,8.06%,2.8658E-2
b1,ref|NC_001138|,104577,T,TA,7,53,13.21%,6.0738E-3
b1,ref|NC_001138|,106277,C,CTT,33,72,45.83%,1.8979E-14
b1,ref|NC_001138|,107684,TA,T,6,79,7.59%,1.4084E-2
b1,ref|NC_001138|,107817,ATG,A,5,96,5.21%,2.961E-2
b1,ref|NC_001138|,107881,C,T,5,75,6.67%,2.9146E-2
b1,ref|NC_001138|,111477,AT,A,7,81,8.64%,6.7755E-3
b1,ref|NC_001138|,119284,GA,G,5,71,7.04%,2.8927E-2
b1,ref|NC_001138|,125983,G,A,5,75,6.67%,2.9174E-2
b1,ref|NC_001138|,155985,G,GT,8,61,13.11%,2.9557E-3
b1,ref|NC_001138|,167855,A,AT,10,93,10.75%,7.4518E-4
b1,ref|NC_001138|,174046,C,CT,6,76,7.89%,1.3976E-2
b1,ref|NC_001138|,194606,A,AT,5,85,5.88%,2.9351E-2
b1,ref|NC_001138|,210067,A,AT,11,71,15.49%,2.9526E-4
b1,ref|NC_001138|,223119,G,GA,5,65,7.69%,2.8819E-2
b1,ref|NC_001138|,223995,TA,T,5,81,6.17%,2.9174E-2
b1,ref|NC_001138|,226131,CA,C,10,61,16.39%,5.9987E-4
b1,ref|NC_001138|,227478,CT,C,9,57,15.79%,1.2811E-3
b1,ref|NC_001138|,245165,AT,A,7,69,10.14%,6.5904E-3
b1,ref|NC_001138|,245961,AT,A,8,83,9.64%,3.2508E-3
b1,ref|NC_001138|,262244,C,CA,6,75,8%,1.3952E-2
b1,ref|NC_001139|,214,A,AC,36,36,100%,2.2598E-21
b1,ref|NC_001139|,8151,G,GA,89,90,98.89%,9.9987E-52
b1,ref|NC_001139|,9807,T,TA,5,82,6.1%,2.9303E-2
b1,ref|NC_001139|,14846,G,GA,6,68,8.82%,1.3767E-2
b1,ref|NC_001139|,43266,CA,C,10,85,11.76%,7.1814E-4
b1,ref|NC_001139|,45353,G,GA,7,94,7.45%,6.9119E-3
b1,ref|NC_001139|,46078,G,A,6,60,10%,1.3706E-2
b1,ref|NC_001139|,49415,C,CT,10,104,9.62%,7.7292E-4
b1,ref|NC_001139|,56225,CT,C,5,74,6.76%,2.8927E-2
b1,ref|NC_001139|,70213,C,T,5,82,6.1%,2.9351E-2
b1,ref|NC_001139|,76709,GA,G,6,87,6.9%,1.4214E-2
b1,ref|NC_001139|,77930,A,AT,7,70,10%,6.675E-3
b1,ref|NC_001139|,80634,T,C,7,57,12.5%,6.4016E-3
b1,ref|NC_001139|,89490,GA,G,7,93,7.53%,6.9313E-3
b1,ref|NC_001139|,89733,C,CA,5,84,5.95%,2.9373E-2
b1,ref|NC_001139|,92431,T,TA,5,85,5.88%,2.9373E-2
b1,ref|NC_001139|,94684,AT,A,5,84,5.95%,2.9396E-2
b1,ref|NC_001139|,108096,A,T,5,86,5.81%,2.9439E-2
b1,ref|NC_001139|,140313,TA,T,6,60,10%,1.3497E-2
b1,ref|NC_001139|,154579,T,TA,11,71,15.49%,3.031E-4
b1,ref|NC_001139|,167250,CA,C,10,53,18.87%,5.7272E-4
b1,ref|NC_001139|,167622,C,CA,13,70,18.57%,6.2051E-5
b1,ref|NC_001139|,171417,A,C,5,49,10.2%,2.8079E-2
b1,ref|NC_001139|,190778,G,GA,10,105,9.52%,7.6512E-4
b1,ref|NC_001139|,196620,A,AT,7,101,6.93%,6.9846E-3
b1,ref|NC_001139|,206341,GT,G,5,74,6.76%,2.9058E-2
b1,ref|NC_001139|,215260,G,GA,5,87,5.75%,2.9417E-2
b1,ref|NC_001139|,238286,A,G,6,77,7.79%,1.4124E-2
b1,ref|NC_001139|,272291,GAT,G,11,65,16.92%,2.925E-4
b1,ref|NC_001139|,274400,A,AT,5,77,6.49%,2.9117E-2
b1,ref|NC_001139|,274698,CTA,C,15,92,16.3%,1.6292E-5
b1,ref|NC_001139|,278779,C,CT,16,77,20.78%,5.5268E-6
b1,ref|NC_001139|,279917,T,C,7,98,7.14%,6.9928E-3
b1,ref|NC_001139|,281605,A,AT,10,85,11.76%,7.0212E-4
b1,ref|NC_001139|,286060,C,CA,5,76,6.58%,2.9174E-2
b1,ref|NC_001139|,307179,CAT,C,8,42,19.05%,2.5617E-3
b1,ref|NC_001139|,307425,T,C,7,62,11.29%,6.5333E-3
b1,ref|NC_001139|,311589,C,A,87,87,100%,6.9142E-52
b1,ref|NC_001139|,323361,AT,A,8,59,13.56%,2.8249E-3
b1,ref|NC_001139|,326269,CA,C,12,84,14.29%,1.4479E-4
b1,ref|NC_001139|,349503,C,CA,6,62,9.68%,1.3535E-2
b1,ref|NC_001139|,364146,A,AT,5,76,6.58%,2.9117E-2
b1,ref|NC_001139|,366778,TA,T,16,97,16.49%,6.8648E-6
b1,ref|NC_001139|,371569,G,A,67,67,100%,6.6743E-40
b1,ref|NC_001139|,386978,C,G,92,92,100%,6.9429E-55
b1,ref|NC_001139|,386979,G,C,93,93,100%,1.7451E-55
b1,ref|NC_001139|,397834,GA,G,28,74,37.84%,3.9143E-11
b1,ref|NC_001139|,400550,G,GT,20,53,37.74%,3.8991E-8
b1,ref|NC_001139|,401674,C,A,84,84,100%,4.3483E-50
b1,ref|NC_001139|,401698,T,A,86,86,100%,2.7498E-51
b1,ref|NC_001139|,404474,A,AG,55,59,93.22%,2.4456E-29
b1,ref|NC_001139|,404522,T,TG,62,64,96.88%,8.9557E-35
b1,ref|NC_001139|,404935,C,G,60,60,100%,1.035E-35
b1,ref|NC_001139|,404936,G,C,60,60,100%,1.035E-35
b1,ref|NC_001139|,405085,CG,C,72,75,96%,8.1955E-40
b1,ref|NC_001139|,412208,CA,C,6,89,6.74%,1.4294E-2
b1,ref|NC_001139|,416203,C,CT,5,87,5.75%,2.9459E-2
b1,ref|NC_001139|,431421,C,CTAT,6,74,8.11%,1.4042E-2
b1,ref|NC_001139|,438823,A,AT,9,94,9.57%,1.5712E-3
b1,ref|NC_001139|,440441,C,CA,14,73,19.18%,2.8637E-5
b1,ref|NC_001139|,465811,G,GT,7,92,7.61%,6.9217E-3
b1,ref|NC_001139|,483131,TA,T,8,73,10.96%,3.1411E-3
b1,ref|NC_001139|,484095,CT,C,12,95,12.63%,1.5831E-4
b1,ref|NC_001139|,496729,T,TA,63,89,70.79%,1.1205E-28
b1,ref|NC_001139|,497170,G,A,5,90,5.56%,2.9519E-2
b1,ref|NC_001139|,502764,C,CT,11,101,10.89%,3.6177E-4
b1,ref|NC_001139|,522627,T,C,5,92,5.43%,2.9557E-2
b1,ref|NC_001139|,523519,G,GT,8,76,10.53%,3.1909E-3
b1,ref|NC_001139|,526818,T,TA,5,80,6.25%,2.9228E-2
b1,ref|NC_001139|,527468,A,AT,8,85,9.41%,3.2735E-3
b1,ref|NC_001139|,530016,A,C,5,31,16.13%,2.6257E-2
b1,ref|NC_001139|,530034,A,C,10,29,34.48%,3.8387E-4
b1,ref|NC_001139|,531844,CAT,C,7,49,14.29%,6.0363E-3
b1,ref|NC_001139|,533996,CT,C,6,94,6.38%,1.4365E-2
b1,ref|NC_001139|,548070,C,CT,8,95,8.42%,3.339E-3
b1,ref|NC_001139|,582530,T,TA,18,94,19.15%,1.3771E-6
b1,ref|NC_001139|,598999,G,GA,6,77,7.79%,1.4021E-2
b1,ref|NC_001139|,609109,T,TA,7,81,8.64%,6.7486E-3
b1,ref|NC_001139|,611510,C,CA,7,89,7.87%,6.8485E-3
b1,ref|NC_001139|,611579,CT,C,8,94,8.51%,3.308E-3
b1,ref|NC_001139|,611744,CAT,C,8,79,10.13%,3.1909E-3
b1,ref|NC_001139|,616171,AT,A,20,99,20.2%,2.779E-7
b1,ref|NC_001139|,617452,T,TA,7,106,6.6%,7.0392E-3
b1,ref|NC_001139|,627186,CT,C,6,45,13.33%,1.2628E-2
b1,ref|NC_001139|,637679,AT,A,10,102,9.8%,7.5886E-4
b1,ref|NC_001139|,639673,GA,G,11,87,12.64%,3.1486E-4
b1,ref|NC_001139|,640617,CT,C,14,60,23.73%,2.0156E-5
b1,ref|NC_001139|,643752,C,T,5,81,6.17%,2.9327E-2
b1,ref|NC_001139|,649555,G,GT,5,66,7.58%,2.8741E-2
b1,ref|NC_001139|,650957,G,GA,6,93,6.45%,1.4309E-2
b1,ref|NC_001139|,653228,C,CTT,7,76,9.21%,6.5333E-3
b1,ref|NC_001139|,662342,A,G,13,75,17.33%,6.9169E-5
b1,ref|NC_001139|,668524,A,T,5,94,5.32%,2.9592E-2
b1,ref|NC_001139|,675526,A,AAT,6,72,8.33%,1.3952E-2
b1,ref|NC_001139|,676341,A,AT,8,107,7.48%,3.3824E-3
b1,ref|NC_001139|,692330,G,A,6,51,11.76%,1.3375E-2
b1,ref|NC_001139|,698418,C,CT,5,84,5.95%,2.9373E-2
b1,ref|NC_001139|,700000,A,AT,9,49,18.37%,1.1061E-3
b1,ref|NC_001139|,706852,C,CA,5,79,6.33%,2.9228E-2
b1,ref|NC_001139|,707041,C,CA,7,68,10.29%,6.6083E-3
b1,ref|NC_001139|,715716,GA,G,12,82,14.63%,1.5255E-4
b1,ref|NC_001139|,723561,G,C,5,98,5.1%,2.966E-2
b1,ref|NC_001139|,723562,A,T,5,99,5.05%,2.9676E-2
b1,ref|NC_001139|,733109,AT,A,16,70,22.86%,3.4048E-6
b1,ref|NC_001139|,736553,T,TA,7,75,9.33%,6.675E-3
b1,ref|NC_001139|,742157,CT,C,12,68,17.65%,1.3121E-4
b1,ref|NC_001139|,743289,C,T,5,90,5.56%,2.9519E-2
b1,ref|NC_001139|,746575,CTT,C,6,55,10.91%,1.2967E-2
b1,ref|NC_001139|,777265,T,A,5,88,5.68%,2.948E-2
b1,ref|NC_001139|,777514,A,AT,8,93,8.6%,3.3331E-3
b1,ref|NC_001139|,784113,GT,G,8,99,8.08%,3.3561E-3
b1,ref|NC_001139|,807865,CA,C,14,68,20.59%,2.1224E-5
b1,ref|NC_001139|,808386,CTA,C,5,63,7.94%,2.8522E-2
b1,ref|NC_001139|,825892,T,C,5,76,6.58%,2.9201E-2
b1,ref|NC_001139|,840600,GA,G,11,113,9.73%,3.7058E-4
b1,ref|NC_001139|,848540,G,GA,10,87,11.49%,7.2404E-4
b1,ref|NC_001139|,850800,G,GA,7,81,8.64%,6.7346E-3
b1,ref|NC_001139|,853509,AT,A,7,83,8.43%,6.7884E-3
b1,ref|NC_001139|,856430,C,CA,12,103,11.65%,1.7068E-4
b1,ref|NC_001139|,871561,GA,G,7,95,7.37%,6.9217E-3
b1,ref|NC_001139|,894236,C,CA,6,95,6.32%,1.4405E-2
b1,ref|NC_001139|,899782,T,TA,8,80,10%,3.2002E-3
b1,ref|NC_001139|,910112,C,CT,8,41,19.51%,2.5935E-3
b1,ref|NC_001139|,914928,GA,G,5,91,5.49%,2.9459E-2
b1,ref|NC_001139|,920914,G,GA,8,99,8.08%,3.3505E-3
b1,ref|NC_001139|,931176,A,T,5,80,6.25%,2.9303E-2
b1,ref|NC_001139|,949251,CTA,C,11,71,15.49%,3.1917E-4
b1,ref|NC_001139|,959779,AAT,A,11,87,12.64%,3.3953E-4
b1,ref|NC_001139|,968722,AT,A,7,82,8.54%,6.7755E-3
b1,ref|NC_001139|,968891,CT,C,6,72,8.33%,1.3851E-2
b1,ref|NC_001139|,974302,GA,G,11,90,12.22%,3.4579E-4
b1,ref|NC_001139|,977899,T,TA,7,107,6.54%,7.0318E-3
b1,ref|NC_001139|,982259,G,GA,13,129,10.08%,8.6883E-5
b1,ref|NC_001139|,985722,AT,A,12,58,20.69%,1.1153E-4
b1,ref|NC_001139|,987105,G,GT,9,99,9.09%,1.6051E-3
b1,ref|NC_001139|,989675,A,AT,8,80,10%,3.1618E-3
b1,ref|NC_001139|,990314,G,GA,5,78,6.41%,2.9228E-2
b1,ref|NC_001139|,999559,T,TA,11,121,9.09%,3.7455E-4
b1,ref|NC_001139|,1002673,A,G,89,89,100%,4.3706E-53
b1,ref|NC_001139|,1004507,AAT,A,7,72,9.72%,6.5904E-3
b1,ref|NC_001139|,1006277,G,C,70,70,100%,1.0659E-41
b1,ref|NC_001139|,1006278,C,G,69,69,100%,4.233E-41
b1,ref|NC_001139|,1006279,G,C,70,70,100%,1.0659E-41
b1,ref|NC_001139|,1010897,C,CT,5,68,7.35%,2.8856E-2
b1,ref|NC_001139|,1010989,G,GA,8,69,11.59%,3.1411E-3
b1,ref|NC_001139|,1011080,G,GA,8,77,10.39%,3.2002E-3
b1,ref|NC_001139|,1011803,G,GT,8,75,10.67%,3.1411E-3
b1,ref|NC_001139|,1021962,C,CT,7,98,7.14%,6.9498E-3
b1,ref|NC_001139|,1024876,G,GA,7,85,8.24%,6.8597E-3
b1,ref|NC_001139|,1027739,G,A,12,65,18.46%,1.3976E-4
b1,ref|NC_001139|,1038225,CT,C,11,93,11.83%,3.5154E-4
b1,ref|NC_001139|,1043766,CAT,C,6,25,24%,1.0344E-2
b1,ref|NC_001139|,1048534,CA,C,6,94,6.38%,1.4379E-2
b1,ref|NC_001139|,1048639,GA,G,11,77,14.29%,3.1486E-4
b1,ref|NC_001139|,1050199,GA,G,5,88,5.68%,2.9373E-2
b1,ref|NC_001139|,1050785,A,AT,6,108,5.56%,1.4509E-2
b1,ref|NC_001139|,1051832,CT,C,7,85,8.24%,6.7884E-3
b1,ref|NC_001139|,1054988,G,A,81,105,77.14%,8.1931E-37
b1,ref|NC_001139|,1073937,CA,C,7,88,7.95%,6.8597E-3
b1,ref|NC_001139|,1078127,A,T,5,90,5.56%,2.9519E-2
b1,ref|NC_001139|,1080730,C,CT,8,113,7.08%,3.4281E-3
b1,ref|NC_001139|,1081039,AT,A,7,72,9.72%,6.5333E-3
b1,ref|NC_001140|,93,TA,T,27,36,75%,7.9014E-13
b1,ref|NC_001140|,138,A,G,6,41,14.63%,1.2841E-2
b1,ref|NC_001140|,1846,A,G,18,42,42.86%,3.7193E-7
b1,ref|NC_001140|,11865,C,CT,7,91,7.69%,6.8597E-3
b1,ref|NC_001140|,17534,A,AT,69,92,75%,2.5519E-31
b1,ref|NC_001140|,32871,A,AT,5,72,6.94%,2.9026E-2
b1,ref|NC_001140|,36227,G,GA,7,89,7.87%,6.8813E-3
b1,ref|NC_001140|,38647,C,CT,6,95,6.32%,1.4365E-2
b1,ref|NC_001140|,48099,G,GA,8,93,8.6%,3.308E-3
b1,ref|NC_001140|,56206,GA,G,7,76,9.21%,6.6905E-3
b1,ref|NC_001140|,58900,CT,C,9,100,9%,1.5793E-3
b1,ref|NC_001140|,59082,AT,A,5,79,6.33%,2.9201E-2
b1,ref|NC_001140|,60317,T,A,5,92,5.43%,2.9557E-2
b1,ref|NC_001140|,63926,C,CT,5,75,6.67%,2.8994E-2
b1,ref|NC_001140|,67613,G,GA,7,83,8.43%,6.7884E-3
b1,ref|NC_001140|,68968,A,G,5,96,5.21%,2.9627E-2
b1,ref|NC_001140|,71906,CT,C,13,96,13.54%,7.1891E-5
b1,ref|NC_001140|,75976,AAT,A,7,56,12.5%,6.2398E-3
b1,ref|NC_001140|,78883,TA,T,6,80,7.5%,1.4161E-2
b1,ref|NC_001140|,81858,CA,C,7,57,12.28%,6.0738E-3
b1,ref|NC_001140|,85273,G,GA,9,102,8.82%,1.6215E-3
b1,ref|NC_001140|,85288,C,CA,5,99,5.05%,2.9676E-2
b1,ref|NC_001140|,85508,TTA,T,70,76,92.11%,9.493E-37
b1,ref|NC_001140|,92879,T,C,5,72,6.94%,2.9088E-2
b1,ref|NC_001140|,100505,AT,A,6,74,8.11%,1.3903E-2
b1,ref|NC_001140|,111530,CTA,C,10,63,15.87%,6.2367E-4
b1,ref|NC_001140|,111886,T,C,6,84,7.14%,1.4247E-2
b1,ref|NC_001140|,120062,GT,G,8,79,10.13%,3.1815E-3
b1,ref|NC_001140|,122057,G,GA,5,86,5.81%,2.9396E-2
b1,ref|NC_001140|,125832,GA,G,13,62,20.97%,4.7798E-5
b1,ref|NC_001140|,126150,GT,G,9,72,12.5%,1.4724E-3
b1,ref|NC_001140|,141525,C,CT,7,73,9.59%,6.6426E-3
b1,ref|NC_001140|,141650,G,GA,5,73,6.85%,2.8961E-2
b1,ref|NC_001140|,150670,C,CA,9,111,8.11%,1.6306E-3
b1,ref|NC_001140|,150915,G,A,13,52,25%,5.1909E-5
b1,ref|NC_001140|,167627,CAT,C,6,63,9.52%,1.3796E-2
b1,ref|NC_001140|,168456,C,G,10,55,18.18%,6.2367E-4
b1,ref|NC_001140|,173119,GA,G,8,87,9.2%,3.2429E-3
b1,ref|NC_001140|,173136,TA,T,9,73,12.33%,1.4912E-3
b1,ref|NC_001140|,176845,TA,T,9,60,15%,1.3596E-3
b1,ref|NC_001140|,182853,A,T,6,100,6%,1.4465E-2
b1,ref|NC_001140|,187029,GA,G,13,69,18.84%,5.092E-5
b1,ref|NC_001140|,187814,GA,G,5,75,6.67%,2.9088E-2
b1,ref|NC_001140|,189097,GA,G,7,84,8.33%,6.7884E-3
b1,ref|NC_001140|,198474,GT,G,5,56,8.93%,2.8261E-2
b1,ref|NC_001140|,214256,CT,C,94,729,12.89%,1.1181E-30
b1,ref|NC_001140|,216123,C,T,58,58,100%,1.6283E-34
b1,ref|NC_001140|,229199,GA,G,16,97,16.49%,6.0706E-6
b1,ref|NC_001140|,234753,AT,A,8,90,8.89%,3.2347E-3
b1,ref|NC_001140|,236957,TA,T,8,58,13.79%,2.9037E-3
b1,ref|NC_001140|,237735,C,CT,6,73,8.22%,1.3851E-2
b1,ref|NC_001140|,238967,C,CA,9,78,11.54%,1.5142E-3
b1,ref|NC_001140|,271769,G,GT,7,73,9.59%,6.6905E-3
b1,ref|NC_001140|,276435,C,CA,5,77,6.49%,2.9117E-2
b1,ref|NC_001140|,282569,C,CT,5,94,5.32%,2.95E-2
b1,ref|NC_001140|,298814,CT,C,7,87,8.05%,6.8485E-3
b1,ref|NC_001140|,340058,TTA,T,11,56,19.64%,2.7081E-4
b1,ref|NC_001140|,360784,GA,G,7,79,8.86%,6.7755E-3
b1,ref|NC_001140|,361910,AT,A,14,111,12.61%,3.8214E-5
b1,ref|NC_001140|,368026,C,CT,6,80,7.5%,1.4142E-2
b1,ref|NC_001140|,368277,T,A,5,96,5.21%,2.9627E-2
b1,ref|NC_001140|,370543,A,AAT,8,79,10.13%,3.1909E-3
b1,ref|NC_001140|,375509,TA,T,5,73,6.85%,2.8994E-2
b1,ref|NC_001140|,387090,AT,A,10,77,12.99%,6.3967E-4
b1,ref|NC_001140|,396945,GA,G,13,64,20.31%,5.2873E-5
b1,ref|NC_001140|,398209,TG,T,5,95,5.26%,2.961E-2
b1,ref|NC_001140|,402060,A,AT,5,91,5.49%,2.948E-2
b1,ref|NC_001140|,409099,A,T,5,89,5.62%,2.95E-2
b1,ref|NC_001140|,413914,T,C,7,102,6.86%,7.0243E-3
b1,ref|NC_001140|,417054,G,A,89,89,100%,4.3706E-53
b1,ref|NC_001140|,438196,A,T,5,96,5.21%,2.9627E-2
b1,ref|NC_001140|,451138,TA,T,6,87,6.9%,1.4263E-2
b1,ref|NC_001140|,459034,T,C,16,91,17.58%,7.4142E-6
b1,ref|NC_001140|,475549,C,CA,14,74,18.92%,2.713E-5
b1,ref|NC_001140|,475931,TTA,T,59,72,81.94%,4.3174E-30
b1,ref|NC_001140|,508800,C,CA,7,71,9.86%,6.4016E-3
b1,ref|NC_001140|,511255,C,T,99,99,100%,4.3954E-59
b1,ref|NC_001140|,512211,GA,G,13,68,19.12%,6.2051E-5
b1,ref|NC_001140|,517407,G,GA,5,73,6.85%,2.9058E-2
b1,ref|NC_001140|,518745,CA,C,7,82,8.54%,6.7346E-3
b1,ref|NC_001140|,519048,CA,C,5,72,6.94%,2.8927E-2
b1,ref|NC_001140|,522934,C,CT,14,96,14.58%,3.508E-5
b1,ref|NC_001140|,528882,ATT,A,5,92,5.43%,2.9417E-2
b1,ref|NC_001140|,529350,CA,C,5,89,5.62%,2.9396E-2
b1,ref|NC_001140|,532813,A,G,30,118,25.42%,1.1249E-10
b1,ref|NC_001140|,549801,A,C,6,39,15.79%,1.2628E-2
b1,ref|NC_001140|,549805,A,C,12,44,27.27%,1.027E-4
b1,ref|NC_001140|,551717,TA,T,7,47,14.89%,5.8688E-3
b1,ref|NC_001140|,554072,TA,T,9,88,10.23%,1.5493E-3
b1,ref|NC_001140|,556858,G,GT,5,48,10.42%,2.8014E-2
b1,ref|NC_001140|,556888,GGT,G,7,51,13.73%,6.2693E-3
b1,ref|NC_001140|,556939,T,G,10,65,15.62%,6.6774E-4
b1,ref|NC_001140|,562225,T,C,8,116,6.9%,3.4481E-3
b1,ref|NC_001140|,562354,C,T,16,184,8.7%,1.0855E-5
b1,ref|NC_001140|,562374,G,A,26,197,13.2%,6.1643E-9
b1,ref|NC_001140|,562385,AT,A,34,189,17.99%,1.0079E-11
b1,ref|NC_001140|,562440,A,G,36,210,17.14%,2.8205E-12
b1,ref|NC_001140|,562443,A,G,36,208,17.31%,2.7721E-12
b1,ref|NC_001140|,562468,TGTGTG,T,13,215,6.1%,1.0108E-4
b1,ref|NC_001140|,562484,T,TG,47,161,29.75%,1.1863E-16
b1,ref|NC_001140|,562485,GT,G,18,121,15.25%,1.8802E-6
b1,ref|NC_001140|,562486,T,G,10,160,7.35%,8.216E-4
b1,ref|NC_001140|,562498,GT,G,44,164,26.83%,2.018E-15
b1,ref|NC_001140|,562509,TG,T,11,161,6.92%,4.0782E-4
b1,ref|NC_001140|,562511,G,GT,13,125,10.57%,8.7139E-5
b1,ref|NC_001140|,562515,TG,T,15,131,11.54%,1.9823E-5
b1,ref|NC_001140|,562517,G,GT,8,125,6.4%,3.4769E-3
b1,ref|NC_001140|,562527,T,TG,13,160,8.12%,9.391E-5
b1,ref|NC_001140|,562552,GGT,G,23,137,17.16%,4.1019E-8
b1,ref|NC_001140|,562559,GGGTGT,G,20,104,19.23%,3.4368E-7
b1,ref|NC_001140|,562564,T,TG,12,92,13.04%,1.6497E-4
b1,ref|NC_001140|,562565,G,GGT,10,74,13.51%,6.9515E-4
b1,ref|NC_001140|,562575,T,TG,19,78,24.36%,5.2766E-7
b1,ref|NC_001140|,562578,TGTG,T,8,85,9.41%,3.2878E-3
b1,ref|NC_001140|,562582,GT,G,11,52,21.57%,2.6374E-4
b1,ref|NC_001140|,562600,G,GT,5,61,8.2%,2.87E-2
b1,ref|NC_001140|,562606,TG,T,8,48,16.67%,2.8249E-3
b1,ref|NC_001140|,562608,GT,G,10,26,38.46%,3.3576E-4
b1,ref|NC_001141|,22273,T,TC,19,19,100%,2.8292E-11
b1,ref|NC_001141|,23082,TG,T,14,22,63.64%,2.7817E-6
b1,ref|NC_001141|,25376,C,T,8,110,7.27%,3.4239E-3
b1,ref|NC_001141|,25418,T,C,36,138,26.09%,1.0498E-12
b1,ref|NC_001141|,25586,T,C,32,113,28.32%,1.7974E-11
b1,ref|NC_001141|,25593,C,T,29,113,25.66%,2.3672E-10
b1,ref|NC_001141|,25594,T,A,31,112,27.68%,4.1693E-11
b1,ref|NC_001141|,37201,CT,C,9,93,9.68%,1.5793E-3
b1,ref|NC_001141|,39373,T,TA,58,79,73.42%,3.8306E-26
b1,ref|NC_001141|,45872,G,A,6,60,10%,1.3706E-2
b1,ref|NC_001141|,45874,T,C,14,71,19.72%,3.0024E-5
b1,ref|NC_001141|,45875,G,A,7,60,11.67%,6.4922E-3
b1,ref|NC_001141|,51552,C,CT,7,77,9.09%,6.7622E-3
b1,ref|NC_001141|,57277,C,CA,33,71,46.48%,5.2318E-13
b1,ref|NC_001141|,76013,C,CT,6,79,7.59%,1.4124E-2
b1,ref|NC_001141|,102536,C,CT,11,90,12.22%,3.4273E-4
b1,ref|NC_001141|,105433,A,AAAT,78,84,92.86%,2.7073E-41
b1,ref|NC_001141|,105767,GATA,G,9,75,12%,1.4851E-3
b1,ref|NC_001141|,122089,G,GT,5,63,7.94%,2.87E-2
b1,ref|NC_001141|,127338,GT,G,6,104,5.77%,1.4465E-2
b1,ref|NC_001141|,128099,G,GA,6,78,7.69%,1.4084E-2
b1,ref|NC_001141|,133980,AT,A,5,81,6.17%,2.9228E-2
b1,ref|NC_001141|,137906,GA,G,10,61,16.39%,6.3967E-4
b1,ref|NC_001141|,142373,AT,A,5,89,5.62%,2.9396E-2
b1,ref|NC_001141|,149075,G,GA,7,75,9.33%,6.7056E-3
b1,ref|NC_001141|,160362,G,GA,7,72,9.72%,6.6257E-3
b1,ref|NC_001141|,160843,TA,T,6,69,8.7%,1.3737E-2
b1,ref|NC_001141|,163245,AT,A,9,54,16.67%,1.3283E-3
b1,ref|NC_001141|,168640,C,G,9,48,18.75%,1.2935E-3
b1,ref|NC_001141|,183251,C,CT,15,71,21.13%,1.1457E-5
b1,ref|NC_001141|,187821,T,G,12,63,19.35%,1.3565E-4
b1,ref|NC_001141|,187822,GA,G,9,75,12%,1.4054E-3
b1,ref|NC_001141|,195445,G,GT,10,93,10.75%,7.4993E-4
b1,ref|NC_001141|,204781,TA,T,11,86,12.79%,3.2327E-4
b1,ref|NC_001141|,232073,CT,C,9,108,8.33%,1.6392E-3
b1,ref|NC_001141|,241032,G,GA,22,60,36.67%,1.2104E-8
b1,ref|NC_001141|,245962,CT,C,35,97,36.08%,1.7063E-13
b1,ref|NC_001141|,254003,TA,T,66,92,71.74%,8.505E-30
b1,ref|NC_001141|,256931,T,A,5,100,5%,2.9692E-2
b1,ref|NC_001141|,267870,TA,T,6,74,8.11%,1.3928E-2
b1,ref|NC_001141|,271022,A,T,5,86,5.81%,2.9439E-2
b1,ref|NC_001141|,287755,AT,A,11,77,14.29%,3.2327E-4
b1,ref|NC_001141|,290193,G,GA,11,76,14.47%,2.9794E-4
b1,ref|NC_001141|,314034,G,A,7,64,10.94%,6.5719E-3
b1,ref|NC_001141|,318694,T,A,84,84,100%,4.3483E-50
b1,ref|NC_001141|,339225,C,CT,19,70,27.14%,2.7841E-7
b1,ref|NC_001141|,363043,CTA,C,9,99,9.09%,1.6016E-3
b1,ref|NC_001141|,363071,C,CT,7,98,7.14%,6.9498E-3
b1,ref|NC_001141|,370195,AT,A,14,73,19.18%,2.713E-5
b1,ref|NC_001141|,375747,A,T,13,67,19.4%,6.3478E-5
b1,ref|NC_001141|,375958,G,T,5,82,6.1%,2.9351E-2
b1,ref|NC_001141|,379890,T,TA,5,60,8.33%,2.8522E-2
b1,ref|NC_001141|,380935,G,GA,8,88,9.09%,3.2264E-3
b1,ref|NC_001141|,384315,C,CA,9,95,9.47%,1.587E-3
b1,ref|NC_001141|,385640,A,AT,11,70,15.71%,2.9794E-4
b1,ref|NC_001141|,389257,G,GA,8,110,7.27%,3.3616E-3
b1,ref|NC_001141|,427307,C,CT,10,72,13.89%,6.9868E-4
b1,ref|NC_001141|,432527,A,T,6,86,6.98%,1.4279E-2
b1,ref|NC_001141|,436125,C,CA,5,84,5.95%,2.9373E-2
b1,ref|NC_001142|,28946,CT,C,9,92,9.78%,1.5583E-3
b1,ref|NC_001142|,37825,GT,G,5,95,5.26%,2.9575E-2
b1,ref|NC_001142|,41329,A,AT,5,93,5.38%,2.9575E-2
b1,ref|NC_001142|,50370,GA,G,11,80,13.75%,3.3447E-4
b1,ref|NC_001142|,59054,GA,G,16,79,20.25%,4.8192E-6
b1,ref|NC_001142|,60682,GT,G,6,66,9.09%,1.3706E-2
b1,ref|NC_001142|,75588,C,CT,8,105,7.62%,3.3824E-3
b1,ref|NC_001142|,76562,GAT,G,12,85,14.12%,1.574E-4
b1,ref|NC_001142|,90279,GT,G,5,87,5.75%,2.9439E-2
b1,ref|NC_001142|,93871,C,A,6,101,5.94%,1.4477E-2
b1,ref|NC_001142|,97478,G,A,68,68,100%,1.6809E-40
b1,ref|NC_001142|,99519,A,AT,6,61,9.84%,1.3641E-2
b1,ref|NC_001142|,104611,TA,T,14,70,20%,2.8637E-5
b1,ref|NC_001142|,113474,A,AT,9,91,9.89%,1.5583E-3
b1,ref|NC_001142|,123779,GA,G,12,92,13.04%,1.6093E-4
b1,ref|NC_001142|,124204,C,T,5,91,5.49%,2.9538E-2
b1,ref|NC_001142|,129078,CT,C,6,72,8.33%,1.3928E-2
b1,ref|NC_001142|,134031,C,CT,5,83,6.02%,2.9351E-2
b1,ref|NC_001142|,134112,GA,G,11,79,13.92%,3.1704E-4
b1,ref|NC_001142|,136911,GA,G,8,70,11.43%,3.0172E-3
b1,ref|NC_001142|,145019,G,GA,5,86,5.81%,2.9373E-2
b1,ref|NC_001142|,147243,C,T,90,91,98.9%,1.0988E-53
b1,ref|NC_001142|,159429,C,CA,8,82,9.76%,3.2179E-3
b1,ref|NC_001142|,161835,TA,T,5,94,5.32%,2.9575E-2
b1,ref|NC_001142|,173179,GT,G,5,55,9.09%,2.8203E-2
b1,ref|NC_001142|,173515,T,TA,6,72,8.33%,1.3999E-2
b1,ref|NC_001142|,178042,C,CT,5,81,6.17%,2.9303E-2
b1,ref|NC_001142|,191578,G,GA,7,93,7.53%,6.9019E-3
b1,ref|NC_001142|,196083,C,CT,6,72,8.33%,1.3877E-2
b1,ref|NC_001142|,199170,A,C,87,87,100%,6.9142E-52
b1,ref|NC_001142|,200219,A,G,100,100,100%,1.1044E-59
b1,ref|NC_001142|,207747,G,GA,10,115,8.7%,7.7841E-4
b1,ref|NC_001142|,217454,G,GA,13,95,13.68%,7.7016E-5
b1,ref|NC_001142|,231984,AG,A,5,72,6.94%,2.9088E-2
b1,ref|NC_001142|,242509,GT,G,5,100,5%,2.9692E-2
b1,ref|NC_001142|,247164,CA,C,5,100,5%,2.961E-2
b1,ref|NC_001142|,248601,G,A,5,98,5.1%,2.966E-2
b1,ref|NC_001142|,265708,CA,C,6,75,8%,1.4064E-2
b1,ref|NC_001142|,265872,G,GT,6,49,12.24%,1.2967E-2
b1,ref|NC_001142|,268747,AT,A,8,73,10.96%,3.0712E-3
b1,ref|NC_001142|,276015,TC,T,6,84,7.14%,1.4247E-2
b1,ref|NC_001142|,276220,A,T,5,95,5.26%,2.961E-2
b1,ref|NC_001142|,280770,CT,C,6,72,8.33%,1.3903E-2
b1,ref|NC_001142|,283419,AT,A,7,90,7.78%,6.8133E-3
b1,ref|NC_001142|,289587,TA,T,7,54,12.96%,6.0738E-3
b1,ref|NC_001142|,337388,TA,T,5,95,5.26%,2.9575E-2
b1,ref|NC_001142|,342348,ATT,A,10,70,14.29%,5.9342E-4
b1,ref|NC_001142|,358212,GT,G,15,69,21.74%,9.1412E-6
b1,ref|NC_001142|,359824,G,GA,9,93,9.68%,1.567E-3
b1,ref|NC_001142|,376292,TA,T,6,82,7.32%,1.4179E-2
b1,ref|NC_001142|,385321,G,C,5,41,12.2%,2.7465E-2
b1,ref|NC_001142|,388260,C,CA,14,99,14.14%,3.4842E-5
b1,ref|NC_001142|,393823,G,GA,8,69,11.59%,3.0959E-3
b1,ref|NC_001142|,396952,CT,C,8,75,10.67%,3.2002E-3
b1,ref|NC_001142|,400125,T,A,5,69,7.25%,2.8994E-2
b1,ref|NC_001142|,403766,G,T,5,91,5.49%,2.9538E-2
b1,ref|NC_001142|,408326,T,C,5,76,6.58%,2.9201E-2
b1,ref|NC_001142|,419705,G,GA,7,113,6.19%,7.0805E-3
b1,ref|NC_001142|,424172,GAT,G,7,67,10.45%,6.5529E-3
b1,ref|NC_001142|,424906,C,CT,21,87,24.14%,8.1546E-8
b1,ref|NC_001142|,436624,GT,G,5,81,6.17%,2.9254E-2
b1,ref|NC_001142|,457903,C,CA,14,83,16.87%,2.8994E-5
b1,ref|NC_001142|,460814,CT,C,5,99,5.05%,2.966E-2
b1,ref|NC_001142|,461704,G,GA,5,88,5.68%,2.9439E-2
b1,ref|NC_001142|,469691,G,GA,6,104,5.77%,1.4509E-2
b1,ref|NC_001142|,470130,GTAA,G,37,72,51.39%,4.8389E-15
b1,ref|NC_001142|,471047,GA,G,9,69,13.04%,1.4138E-3
b1,ref|NC_001142|,472080,A,AT,8,101,7.92%,3.3669E-3
b1,ref|NC_001142|,497098,A,AAT,53,78,67.95%,3.7162E-23
b1,ref|NC_001142|,519255,CGT,C,6,65,9.23%,1.3706E-2
b1,ref|NC_001142|,523904,T,TA,7,75,9.33%,6.6083E-3
b1,ref|NC_001142|,525702,GA,G,8,63,12.7%,2.9718E-3
b1,ref|NC_001142|,525750,GA,G,6,57,10.53%,1.3535E-2
b1,ref|NC_001142|,525781,A,AG,5,60,8.33%,2.8569E-2
b1,ref|NC_001142|,525782,TA,T,6,32,18.75%,1.0344E-2
b1,ref|NC_001142|,529735,GA,G,6,91,6.59%,1.4338E-2
b1,ref|NC_001142|,538633,A,AT,9,106,8.49%,1.6215E-3
b1,ref|NC_001142|,550151,C,CT,10,74,13.51%,6.9868E-4
b1,ref|NC_001142|,555085,GA,G,10,81,12.35%,7.2404E-4
b1,ref|NC_001142|,577025,A,AAT,5,72,6.94%,2.8994E-2
b1,ref|NC_001142|,580248,CT,C,8,84,9.52%,3.2264E-3
b1,ref|NC_001142|,584277,AT,A,5,80,6.25%,2.9303E-2
b1,ref|NC_001142|,585633,C,CA,7,79,8.86%,6.801E-3
b1,ref|NC_001142|,586417,CA,C,9,83,10.84%,1.5196E-3
b1,ref|NC_001142|,620581,C,CT,5,100,5%,2.9627E-2
b1,ref|NC_001142|,639198,CT,C,10,58,17.24%,5.4972E-4
b1,ref|NC_001142|,639990,AAC,A,7,45,15.56%,6.0363E-3
b1,ref|NC_001142|,640784,G,GA,51,65,78.46%,7.6717E-24
b1,ref|NC_001142|,641018,C,T,8,97,8.25%,3.3616E-3
b1,ref|NC_001142|,641328,T,A,5,99,5.05%,2.9676E-2
b1,ref|NC_001142|,649224,AT,A,5,62,8.06%,2.8614E-2
b1,ref|NC_001142|,661764,CTGT,C,5,95,5.26%,2.961E-2
b1,ref|NC_001142|,663646,GA,G,8,94,8.51%,3.3145E-3
b1,ref|NC_001142|,667224,GTA,G,11,89,12.36%,3.4427E-4
b1,ref|NC_001142|,672798,CT,C,8,95,8.42%,3.339E-3
b1,ref|NC_001142|,694652,C,T,5,80,6.25%,2.9303E-2
b1,ref|NC_001142|,695029,G,T,5,84,5.95%,2.9396E-2
b1,ref|NC_001142|,697010,CT,C,7,91,7.69%,6.9313E-3
b1,ref|NC_001142|,701746,TCA,T,5,59,8.47%,2.8317E-2
b1,ref|NC_001142|,715068,G,A,9,35,25.71%,1.0857E-3
b1,ref|NC_001142|,715072,G,T,8,30,26.67%,2.2875E-3
b1,ref|NC_001142|,715081,T,G,13,33,39.39%,2.8029E-5
b1,ref|NC_001142|,715087,A,G,12,30,40%,6.1809E-5
b1,ref|NC_001142|,715095,G,A,11,26,42.31%,1.2791E-4
b1,ref|NC_001142|,715099,G,T,9,25,36%,8.1542E-4
b1,ref|NC_001142|,715108,A,T,8,23,34.78%,1.8791E-3
b1,ref|NC_001142|,715114,G,A,6,25,24%,1.1145E-2
b1,ref|NC_001142|,738075,G,T,49,143,34.27%,1.2131E-17
b1,ref|NC_001142|,740238,T,C,34,34,100%,3.5146E-20
b1,ref|NC_001142|,743850,C,G,16,16,100%,1.6637E-9
b1,ref|NC_001142|,743851,G,C,16,16,100%,1.6637E-9
b1,ref|NC_001142|,745710,GT,G,9,10,90%,5.9538E-5
b1,ref|NC_001143|,457,C,CA,94,96,97.92%,1.3167E-53
b1,ref|NC_001143|,21664,CA,C,5,71,7.04%,2.9026E-2
b1,ref|NC_001143|,22040,CA,C,5,43,11.63%,2.706E-2
b1,ref|NC_001143|,26591,CAT,C,10,63,15.87%,6.2917E-4
b1,ref|NC_001143|,28717,G,A,5,96,5.21%,2.9627E-2
b1,ref|NC_001143|,36588,CAT,C,15,68,22.06%,1.1869E-5
b1,ref|NC_001143|,45217,G,T,5,94,5.32%,2.9592E-2
b1,ref|NC_001143|,55442,CT,C,5,79,6.33%,2.9279E-2
b1,ref|NC_001143|,59090,C,T,5,49,10.2%,2.8079E-2
b1,ref|NC_001143|,61346,G,T,5,88,5.68%,2.948E-2
b1,ref|NC_001143|,67773,C,CT,14,53,26.42%,1.407E-5
b1,ref|NC_001143|,68454,G,GCC,92,97,94.85%,5.7983E-50
b1,ref|NC_001143|,68468,T,TG,95,95,100%,1.1023E-56
b1,ref|NC_001143|,72247,T,C,15,59,25.42%,1.1029E-5
b1,ref|NC_001143|,78799,TTA,T,11,84,13.1%,3.362E-4
b1,ref|NC_001143|,80905,CT,C,6,72,8.33%,1.3976E-2
b1,ref|NC_001143|,93419,C,CT,5,94,5.32%,2.9519E-2
b1,ref|NC_001143|,112145,G,T,6,79,7.59%,1.4161E-2
b1,ref|NC_001143|,134467,AT,A,9,91,9.89%,1.5493E-3
b1,ref|NC_001143|,196211,GA,G,6,69,8.7%,1.3824E-2
b1,ref|NC_001143|,207410,T,A,6,89,6.74%,1.4324E-2
b1,ref|NC_001143|,208022,TA,T,6,93,6.45%,1.4324E-2
b1,ref|NC_001143|,217107,G,GA,17,76,22.37%,2.3408E-6
b1,ref|NC_001143|,223175,TA,T,8,85,9.41%,3.2585E-3
b1,ref|NC_001143|,232203,C,CA,8,106,7.55%,3.4063E-3
b1,ref|NC_001143|,234032,C,CA,7,96,7.29%,6.9587E-3
b1,ref|NC_001143|,234262,AT,A,10,83,12.05%,7.1196E-4
b1,ref|NC_001143|,242787,CT,C,5,70,7.14%,2.8994E-2
b1,ref|NC_001143|,259074,T,TA,6,117,5.13%,1.4588E-2
b1,ref|NC_001143|,260979,G,GA,7,107,6.54%,7.0318E-3
b1,ref|NC_001143|,266089,T,TA,5,73,6.85%,2.8994E-2
b1,ref|NC_001143|,274411,C,CA,5,65,7.69%,2.8819E-2
b1,ref|NC_001143|,277040,A,AT,13,84,15.48%,7.2404E-5
b1,ref|NC_001143|,280162,GA,G,7,92,7.61%,6.8133E-3
b1,ref|NC_001143|,285019,G,GA,6,81,7.41%,1.4142E-2
b1,ref|NC_001143|,286448,TA,T,7,85,8.24%,6.7884E-3
b1,ref|NC_001143|,287733,G,GA,5,89,5.62%,2.95E-2
b1,ref|NC_001143|,307266,C,CA,5,78,6.41%,2.9254E-2
b1,ref|NC_001143|,309693,G,GT,8,70,11.43%,3.0837E-3
b1,ref|NC_001143|,320823,GT,G,11,79,13.92%,2.8966E-4
b1,ref|NC_001143|,323019,A,T,85,85,100%,1.0935E-50
b1,ref|NC_001143|,335103,G,GA,11,68,16.18%,2.8374E-4
b1,ref|NC_001143|,342593,CT,C,8,94,8.51%,3.327E-3
b1,ref|NC_001143|,351197,CT,C,10,71,14.08%,6.9153E-4
b1,ref|NC_001143|,355182,G,GA,8,73,10.96%,3.1618E-3
b1,ref|NC_001143|,356511,C,CT,7,88,7.95%,6.8917E-3
b1,ref|NC_001143|,357984,T,TA,6,76,7.89%,1.4064E-2
b1,ref|NC_001143|,358106,C,G,73,73,100%,1.7006E-43
b1,ref|NC_001143|,358455,CT,C,6,88,6.82%,1.4279E-2
b1,ref|NC_001143|,364491,G,GT,6,87,6.9%,1.4197E-2
b1,ref|NC_001143|,371457,GT,G,5,78,6.41%,2.9201E-2
b1,ref|NC_001143|,384845,C,CAT,54,70,77.14%,2.1033E-25
b1,ref|NC_001143|,385103,C,CTT,11,43,25.58%,1.594E-4
b1,ref|NC_001143|,385587,G,GT,6,69,8.7%,1.3903E-2
b1,ref|NC_001143|,407039,G,A,5,91,5.49%,2.9538E-2
b1,ref|NC_001143|,447217,GT,G,5,74,6.76%,2.9117E-2
b1,ref|NC_001143|,451568,GGAACAC,G,81,99,81.82%,2.9204E-38
b1,ref|NC_001143|,461693,A,AT,8,96,8.33%,3.3331E-3
b1,ref|NC_001143|,463261,CT,C,15,76,19.74%,1.0808E-5
b1,ref|NC_001143|,465172,G,GTATA,22,38,57.89%,1.7197E-9
b1,ref|NC_001143|,468863,A,G,6,86,6.98%,1.4279E-2
b1,ref|NC_001143|,489841,TA,T,5,96,5.21%,2.9575E-2
b1,ref|NC_001143|,510691,GT,G,7,83,8.43%,6.837E-3
b1,ref|NC_001143|,518111,CT,C,8,44,18.18%,2.2392E-3
b1,ref|NC_001143|,524035,AT,A,9,65,13.85%,1.3495E-3
b1,ref|NC_001143|,549515,C,T,5,50,10%,2.8142E-2
b1,ref|NC_001143|,556431,GA,G,5,66,7.58%,2.8819E-2
b1,ref|NC_001143|,570304,GA,G,6,78,7.69%,1.4104E-2
b1,ref|NC_001143|,576096,A,AT,6,77,7.79%,1.4084E-2
b1,ref|NC_001143|,579730,C,CAT,7,63,11.11%,6.4922E-3
b1,ref|NC_001143|,581078,G,GA,7,86,8.14%,6.7346E-3
b1,ref|NC_001143|,613990,GA,G,6,79,7.59%,1.4084E-2
b1,ref|NC_001143|,617557,C,CT,8,44,18.18%,2.4562E-3
b1,ref|NC_001143|,618946,G,GA,10,80,12.5%,7.0548E-4
b1,ref|NC_001143|,631098,TA,T,5,80,6.25%,2.9201E-2
b1,ref|NC_001143|,632832,C,CA,13,112,11.61%,8.0858E-5
b1,ref|NC_001143|,635448,AT,A,7,80,8.75%,6.7486E-3
b1,ref|NC_001143|,635468,CT,C,16,98,16.33%,7.0087E-6
b1,ref|NC_001143|,638422,AT,A,8,79,10.13%,3.1815E-3
b1,ref|NC_001143|,645204,C,CA,18,105,17.14%,1.4677E-6
b1,ref|NC_001143|,650388,CT,C,5,82,6.1%,2.9279E-2
b1,ref|NC_001143|,652349,A,AT,5,97,5.15%,2.9644E-2
b1,ref|NC_001143|,658095,C,CA,6,92,6.52%,1.4338E-2
b1,ref|NC_001143|,660577,CA,C,5,84,5.95%,2.9303E-2
b1,ref|NC_001143|,661401,GA,G,8,96,8.33%,3.3014E-3
b1,ref|NC_001143|,666556,GT,G,54,55,98.18%,5.6837E-31
b1,ref|NC_001143|,666683,T,TGTG,6,35,17.65%,1.219E-2
b1,ref|NC_001143|,666702,GGT,G,12,34,35.29%,7.2075E-5
b1,ref|NC_001144|,28,A,AC,9,27,33.33%,8.8132E-4
b1,ref|NC_001144|,5660,TAC,T,7,75,9.33%,6.7486E-3
b1,ref|NC_001144|,10965,T,C,12,31,38.71%,6.5329E-5
b1,ref|NC_001144|,11195,TAC,T,27,91,29.67%,7.0331E-10
b1,ref|NC_001144|,11225,CA,C,61,94,64.89%,1.3995E-25
b1,ref|NC_001144|,11258,CCACA,C,11,81,13.58%,3.362E-4
b1,ref|NC_001144|,14561,A,AT,5,98,5.1%,2.9627E-2
b1,ref|NC_001144|,19914,C,CT,6,83,7.23%,1.4104E-2
b1,ref|NC_001144|,24045,C,T,5,87,5.75%,2.9459E-2
b1,ref|NC_001144|,46573,C,CA,6,95,6.32%,1.4379E-2
b1,ref|NC_001144|,46703,A,AT,7,104,6.73%,6.9928E-3
b1,ref|NC_001144|,48855,CA,C,10,72,13.89%,6.2917E-4
b1,ref|NC_001144|,52019,AAT,A,13,82,15.85%,7.2404E-5
b1,ref|NC_001144|,52618,CT,C,8,84,9.52%,3.2179E-3
b1,ref|NC_001144|,63982,CA,C,11,70,15.71%,2.9526E-4
b1,ref|NC_001144|,66619,CT,C,5,91,5.49%,2.9439E-2
b1,ref|NC_001144|,86724,TA,T,7,72,9.72%,6.4707E-3
b1,ref|NC_001144|,95382,A,AT,6,80,7.5%,1.4161E-2
b1,ref|NC_001144|,96700,A,G,5,100,5%,2.9692E-2
b1,ref|NC_001144|,105616,T,TA,6,75,8%,1.3976E-2
b1,ref|NC_001144|,108046,CT,C,7,84,8.33%,6.8253E-3
b1,ref|NC_001144|,112176,GA,G,11,88,12.5%,3.4273E-4
b1,ref|NC_001144|,122008,GA,G,12,62,19.35%,1.1557E-4
b1,ref|NC_001144|,137131,T,C,6,119,5.04%,1.4649E-2
b1,ref|NC_001144|,137415,A,G,7,115,6.09%,7.1118E-3
b1,ref|NC_001144|,141747,TG,T,5,97,5.15%,2.9644E-2
b1,ref|NC_001144|,148890,A,T,7,106,6.6%,7.0535E-3
b1,ref|NC_001144|,161651,TA,T,17,96,17.71%,3.2121E-6
b1,ref|NC_001144|,172018,AAT,A,5,45,11.11%,2.7555E-2
b1,ref|NC_001144|,179752,AT,A,5,93,5.38%,2.948E-2
b1,ref|NC_001144|,179897,CT,C,6,77,7.79%,1.4064E-2
b1,ref|NC_001144|,187137,AT,A,102,105,97.14%,2.2561E-57
b1,ref|NC_001144|,191296,G,GA,5,91,5.49%,2.9519E-2
b1,ref|NC_001144|,193400,CT,C,6,115,5.22%,1.456E-2
b1,ref|NC_001144|,195306,CT,C,5,88,5.68%,2.9439E-2
b1,ref|NC_001144|,196591,AT,A,11,70,15.71%,3.0557E-4
b1,ref|NC_001144|,196750,A,AT,7,74,9.46%,6.6257E-3
b1,ref|NC_001144|,204043,GA,G,8,105,7.62%,3.3773E-3
b1,ref|NC_001144|,209268,A,T,7,87,8.05%,6.8917E-3
b1,ref|NC_001144|,232144,GT,G,6,74,8.11%,1.4021E-2
b1,ref|NC_001144|,234390,A,G,36,80,45%,8.6008E-14
b1,ref|NC_001144|,244240,C,G,10,57,17.54%,6.345E-4
b1,ref|NC_001144|,245256,AAT,A,7,61,11.48%,6.4707E-3
b1,ref|NC_001144|,251194,GA,G,23,98,23.47%,1.8267E-8
b1,ref|NC_001144|,253093,GA,G,8,77,10.39%,3.1718E-3
b1,ref|NC_001144|,255164,G,GA,8,113,7.08%,3.4281E-3
b1,ref|NC_001144|,259721,C,CT,8,100,8%,3.3722E-3
b1,ref|NC_001144|,264076,AT,A,10,57,17.54%,5.6532E-4
b1,ref|NC_001144|,266816,G,A,6,69,8.7%,1.3952E-2
b1,ref|NC_001144|,266819,G,A,20,78,25.64%,2.3595E-7
b1,ref|NC_001144|,268086,C,T,7,65,10.77%,6.5904E-3
b1,ref|NC_001144|,280996,GA,G,13,82,15.85%,6.6146E-5
b1,ref|NC_001144|,282706,G,GT,6,78,7.69%,1.4104E-2
b1,ref|NC_001144|,289357,C,CT,7,107,6.54%,7.0318E-3
b1,ref|NC_001144|,291384,A,G,80,80,100%,1.0864E-47
b1,ref|NC_001144|,291386,A,G,80,80,100%,1.0864E-47
b1,ref|NC_001144|,292024,GA,G,23,120,19.17%,2.9012E-8
b1,ref|NC_001144|,292153,GA,G,6,102,5.88%,1.4417E-2
b1,ref|NC_001144|,305310,T,A,6,118,5.08%,1.464E-2
b1,ref|NC_001144|,306620,TA,T,9,104,8.65%,1.5908E-3
b1,ref|NC_001144|,322104,A,AT,14,94,14.89%,3.4351E-5
b1,ref|NC_001144|,339676,TTA,T,6,56,10.71%,1.3535E-2
b1,ref|NC_001144|,343851,GT,G,7,78,8.97%,6.7346E-3
b1,ref|NC_001144|,345042,C,G,8,61,13.11%,3.045E-3
b1,ref|NC_001144|,348735,CA,C,6,94,6.38%,1.4309E-2
b1,ref|NC_001144|,348919,G,GT,18,105,17.14%,1.5361E-6
b1,ref|NC_001144|,369387,A,AT,6,82,7.32%,1.4214E-2
b1,ref|NC_001144|,370487,A,AT,7,80,8.75%,6.7884E-3
b1,ref|NC_001144|,373034,CA,C,5,87,5.75%,2.9417E-2
b1,ref|NC_001144|,379586,TA,T,6,97,6.19%,1.443E-2
b1,ref|NC_001144|,393993,T,TA,6,91,6.59%,1.4247E-2
b1,ref|NC_001144|,394693,GA,G,7,87,8.05%,6.8597E-3
b1,ref|NC_001144|,402737,AT,A,14,100,14%,3.5315E-5
b1,ref|NC_001144|,423554,C,CT,12,86,13.95%,1.5552E-4
b1,ref|NC_001144|,423609,CA,C,6,67,8.96%,1.3851E-2
b1,ref|NC_001144|,426662,CA,C,9,70,12.86%,1.4447E-3
b1,ref|NC_001144|,432143,C,CA,5,100,5%,2.9644E-2
b1,ref|NC_001144|,441523,CT,C,9,108,8.33%,1.6085E-3
b1,ref|NC_001144|,449594,C,CT,5,68,7.35%,2.8819E-2
b1,ref|NC_001144|,451539,GA,G,7,30,23.33%,5.1054E-3
b1,ref|NC_001144|,459564,T,C,187,3354,5.58%,5.5009E-53
b1,ref|NC_001144|,459803,CT,C,758,6985,10.87%,9.1746E-231
b1,ref|NC_001144|,460002,CA,C,1161,9305,12.48%,0E0
b1,ref|NC_001144|,460103,T,C,507,9659,5.25%,4.3746E-140
b1,ref|NC_001144|,460262,G,GTA,532,10192,5.22%,4.1384E-146
b1,ref|NC_001144|,460383,TA,T,1910,9626,19.84%,0E0
b1,ref|NC_001144|,460477,AT,A,713,9717,7.34%,1.0169E-203
b1,ref|NC_001144|,460621,T,C,685,7999,8.56%,2.2016E-199
b1,ref|NC_001144|,489468,C,CT,11,89,12.36%,3.4273E-4
b1,ref|NC_001144|,491513,C,CT,7,63,11.11%,6.5131E-3
b1,ref|NC_001144|,495309,CT,C,6,94,6.38%,1.4352E-2
b1,ref|NC_001144|,506065,GT,G,5,84,5.95%,2.9303E-2
b1,ref|NC_001144|,513997,CA,C,6,70,8.57%,1.3903E-2
b1,ref|NC_001144|,514965,CT,C,5,97,5.15%,2.9575E-2
b1,ref|NC_001144|,527967,CT,C,6,86,6.98%,1.4263E-2
b1,ref|NC_001144|,528749,T,A,104,104,100%,4.3992E-62
b1,ref|NC_001144|,535172,C,CA,7,89,7.87%,6.8813E-3
b1,ref|NC_001144|,545933,CT,C,15,83,18.07%,1.4357E-5
b1,ref|NC_001144|,548902,GA,G,7,104,6.73%,7.0089E-3
b1,ref|NC_001144|,550360,C,CA,13,90,14.44%,7.3398E-5
b1,ref|NC_001144|,556468,CAT,C,8,81,9.88%,3.1815E-3
b1,ref|NC_001144|,560601,GT,G,5,97,5.15%,2.9592E-2
b1,ref|NC_001144|,568017,CT,C,10,91,10.99%,7.3768E-4
b1,ref|NC_001144|,585920,G,GA,12,75,16%,1.2473E-4
b1,ref|NC_001144|,599471,GC,G,6,110,5.45%,1.457E-2
b1,ref|NC_001144|,608313,TA,T,5,87,5.75%,2.9439E-2
b1,ref|NC_001144|,612158,GA,G,5,86,5.81%,2.9228E-2
b1,ref|NC_001144|,626434,GA,G,5,73,6.85%,2.8994E-2
b1,ref|NC_001144|,636551,GT,G,6,72,8.33%,1.3737E-2
b1,ref|NC_001144|,641311,G,GA,13,102,12.75%,7.8634E-5
b1,ref|NC_001144|,645231,T,TA,11,88,12.5%,3.3271E-4
b1,ref|NC_001144|,646385,G,GA,13,104,12.5%,8.0142E-5
b1,ref|NC_001144|,657175,C,T,90,90,100%,1.0988E-53
b1,ref|NC_001144|,687472,G,GA,9,80,11.25%,1.4912E-3
b1,ref|NC_001144|,687587,GTA,G,8,85,9.41%,3.2585E-3
b1,ref|NC_001144|,699939,GA,G,12,70,17.14%,1.2642E-4
b1,ref|NC_001144|,704138,TA,T,13,64,20.31%,5.3813E-5
b1,ref|NC_001144|,718114,T,TA,5,94,5.32%,2.948E-2
b1,ref|NC_001144|,723168,CA,C,9,76,11.84%,1.4851E-3
b1,ref|NC_001144|,734923,A,AT,7,81,8.64%,6.7884E-3
b1,ref|NC_001144|,743855,A,T,10,130,7.69%,8.1595E-4
b1,ref|NC_001144|,743995,G,GA,7,113,6.19%,7.0996E-3
b1,ref|NC_001144|,750961,AT,A,6,89,6.74%,1.4309E-2
b1,ref|NC_001144|,751291,AT,A,6,120,5%,1.4649E-2
b1,ref|NC_001144|,759341,G,GA,6,66,9.09%,1.3877E-2
b1,ref|NC_001144|,764748,C,T,7,103,6.8%,7.0318E-3
b1,ref|NC_001144|,766503,T,TA,11,72,15.28%,3.0055E-4
b1,ref|NC_001144|,769162,CAT,C,10,90,11.11%,7.4023E-4
b1,ref|NC_001144|,777943,GT,G,10,101,9.9%,7.5886E-4
b1,ref|NC_001144|,784382,G,GC,65,68,95.59%,9.6073E-36
b1,ref|NC_001144|,784895,G,GA,6,100,6%,1.4417E-2
b1,ref|NC_001144|,793997,AT,A,7,78,8.97%,6.7486E-3
b1,ref|NC_001144|,802485,AT,A,7,89,7.87%,6.8485E-3
b1,ref|NC_001144|,819069,C,CT,5,97,5.15%,2.9575E-2
b1,ref|NC_001144|,828903,C,T,88,88,100%,1.7384E-52
b1,ref|NC_001144|,829405,GTA,G,9,59,15.25%,1.3788E-3
b1,ref|NC_001144|,833744,AT,A,9,87,10.34%,1.5539E-3
b1,ref|NC_001144|,837516,CAT,C,7,77,9.09%,6.7755E-3
b1,ref|NC_001144|,837956,G,GA,6,96,6.25%,1.4379E-2
b1,ref|NC_001144|,852137,GT,G,7,66,10.61%,6.5333E-3
b1,ref|NC_001144|,867102,CT,C,11,94,11.7%,3.5556E-4
b1,ref|NC_001144|,881947,C,CAT,48,68,70.59%,5.1674E-21
b1,ref|NC_001144|,890981,A,T,8,113,7.08%,3.4363E-3
b1,ref|NC_001144|,918542,C,T,5,99,5.05%,2.9676E-2
b1,ref|NC_001144|,931046,AT,A,7,95,7.37%,6.9217E-3
b1,ref|NC_001144|,937372,TA,T,5,94,5.32%,2.948E-2
b1,ref|NC_001144|,944238,C,A,33,33,100%,1.3852E-19
b1,ref|NC_001144|,946113,T,C,5,62,8.06%,2.8741E-2
b1,ref|NC_001144|,950305,C,CT,10,87,11.49%,7.2689E-4
b1,ref|NC_001144|,981357,T,C,5,76,6.58%,2.9201E-2
b1,ref|NC_001144|,981461,A,G,9,80,11.25%,1.5399E-3
b1,ref|NC_001144|,1000387,TA,T,5,89,5.62%,2.95E-2
b1,ref|NC_001144|,1002214,GA,G,22,96,22.92%,4.6843E-8
b1,ref|NC_001144|,1011372,C,CT,13,77,16.88%,6.6146E-5
b1,ref|NC_001144|,1012324,C,CG,48,54,88.89%,2.014E-24
b1,ref|NC_001144|,1012328,A,AGCC,47,54,87.04%,1.7551E-23
b1,ref|NC_001144|,1015482,AAT,A,11,80,13.75%,3.3271E-4
b1,ref|NC_001144|,1019116,GA,G,13,115,11.3%,8.1207E-5
b1,ref|NC_001144|,1024980,AT,A,14,79,17.95%,2.7899E-5
b1,ref|NC_001144|,1025009,G,GT,5,64,7.81%,2.8741E-2
b1,ref|NC_001144|,1026686,C,CT,13,98,13.27%,7.4819E-5
b1,ref|NC_001144|,1027909,G,A,82,119,68.91%,4.2668E-35
b1,ref|NC_001144|,1031402,GAGA,G,5,99,5.05%,2.9627E-2
b1,ref|NC_001144|,1039435,T,A,76,76,100%,2.711E-45
b1,ref|NC_001144|,1053293,AT,A,14,80,17.5%,3.0024E-5
b1,ref|NC_001144|,1059123,T,TA,8,89,8.99%,3.3014E-3
b1,ref|NC_001144|,1059677,TA,T,12,73,16.44%,1.3121E-4
b1,ref|NC_001145|,9528,A,AT,7,97,7.22%,6.9587E-3
b1,ref|NC_001145|,21958,GTA,G,8,74,10.81%,3.1618E-3
b1,ref|NC_001145|,26551,A,AT,5,61,8.2%,2.8569E-2
b1,ref|NC_001145|,26716,A,AT,16,94,17.02%,6.2401E-6
b1,ref|NC_001145|,34017,TA,T,6,74,8.11%,1.3952E-2
b1,ref|NC_001145|,34473,T,G,64,64,100%,4.1752E-38
b1,ref|NC_001145|,41950,GA,G,28,88,31.82%,1.5731E-10
b1,ref|NC_001145|,43866,C,CT,8,82,9.76%,3.2179E-3
b1,ref|NC_001145|,43908,AT,A,5,70,7.14%,2.8819E-2
b1,ref|NC_001145|,50000,CA,C,5,96,5.21%,2.961E-2
b1,ref|NC_001145|,56529,C,CT,9,100,9%,1.6051E-3
b1,ref|NC_001145|,86950,CTATTAT,C,9,63,14.29%,1.4297E-3
b1,ref|NC_001145|,95588,C,CA,8,87,9.2%,3.2585E-3
b1,ref|NC_001145|,95727,C,CTA,5,61,8.2%,2.8614E-2
b1,ref|NC_001145|,99274,C,CA,6,93,6.45%,1.4309E-2
b1,ref|NC_001145|,108637,C,CA,6,83,7.23%,1.4197E-2
b1,ref|NC_001145|,129676,GA,G,6,99,6.06%,1.4405E-2
b1,ref|NC_001145|,156570,T,A,6,91,6.59%,1.4352E-2
b1,ref|NC_001145|,158396,T,TA,6,71,8.45%,1.3767E-2
b1,ref|NC_001145|,159852,CAT,C,12,76,15.79%,1.4937E-4
b1,ref|NC_001145|,164392,GT,G,11,76,14.47%,2.925E-4
b1,ref|NC_001145|,165422,C,CT,12,84,14.29%,1.4358E-4
b1,ref|NC_001145|,169058,CT,C,7,97,7.22%,6.9587E-3
b1,ref|NC_001145|,184564,T,C,5,48,10.42%,2.8014E-2
b1,ref|NC_001145|,191990,ATT,A,8,66,12.31%,2.8851E-3
b1,ref|NC_001145|,192743,GTA,G,5,70,7.14%,2.9026E-2
b1,ref|NC_001145|,209069,CT,C,6,73,8.22%,1.3903E-2
b1,ref|NC_001145|,234752,AT,A,5,67,7.46%,2.8741E-2
b1,ref|NC_001145|,236652,C,CT,10,82,12.2%,7.2112E-4
b1,ref|NC_001145|,238330,GATA,G,5,80,6.25%,2.9279E-2
b1,ref|NC_001145|,238763,CT,C,8,47,17.02%,2.4562E-3
b1,ref|NC_001145|,239353,CAT,C,5,43,11.63%,2.7465E-2
b1,ref|NC_001145|,241854,CT,C,7,86,8.14%,6.8253E-3
b1,ref|NC_001145|,245885,G,A,8,44,18.18%,2.7573E-3
b1,ref|NC_001145|,251661,G,GA,9,99,9.09%,1.5981E-3
b1,ref|NC_001145|,274004,GA,G,5,98,5.1%,2.9644E-2
b1,ref|NC_001145|,321328,CAT,C,13,72,18.06%,6.2051E-5
b1,ref|NC_001145|,323216,CA,C,5,79,6.33%,2.9117E-2
b1,ref|NC_001145|,325905,T,A,88,88,100%,1.7384E-52
b1,ref|NC_001145|,348323,AT,A,6,84,7.14%,1.4161E-2
b1,ref|NC_001145|,348566,C,CT,12,86,13.95%,1.5455E-4
b1,ref|NC_001145|,355912,G,T,6,107,5.61%,1.454E-2
b1,ref|NC_001145|,361550,G,A,49,49,100%,3.925E-29
b1,ref|NC_001145|,361725,A,G,30,116,25.86%,1.0786E-10
b1,ref|NC_001145|,370618,CA,C,7,83,8.43%,6.837E-3
b1,ref|NC_001145|,374855,C,T,8,45,17.78%,2.7808E-3
b1,ref|NC_001145|,374863,G,T,8,42,19.05%,2.7074E-3
b1,ref|NC_001145|,380311,G,GA,7,90,7.78%,6.8706E-3
b1,ref|NC_001145|,385624,TC,T,5,79,6.33%,2.9279E-2
b1,ref|NC_001145|,387095,AT,A,13,80,16.25%,6.0557E-5
b1,ref|NC_001145|,388684,T,TTA,5,39,12.82%,2.6693E-2
b1,ref|NC_001145|,401863,TAA,T,5,89,5.62%,2.948E-2
b1,ref|NC_001145|,406257,TA,T,5,73,6.85%,2.8927E-2
b1,ref|NC_001145|,426224,A,AT,6,82,7.32%,1.4179E-2
b1,ref|NC_001145|,433068,G,GA,5,89,5.62%,2.9459E-2
b1,ref|NC_001145|,442239,C,CT,9,95,9.47%,1.587E-3
b1,ref|NC_001145|,448333,G,A,82,82,100%,6.8742E-49
b1,ref|NC_001145|,448334,A,G,82,82,100%,6.8742E-49
b1,ref|NC_001145|,462693,CT,C,7,79,8.86%,6.7203E-3
b1,ref|NC_001145|,466293,T,A,5,94,5.32%,2.9592E-2
b1,ref|NC_001145|,472637,GA,G,6,83,7.23%,1.4197E-2
b1,ref|NC_001145|,475726,GA,G,8,93,8.6%,3.2947E-3
b1,ref|NC_001145|,483743,GA,G,14,78,17.95%,2.7518E-5
b1,ref|NC_001145|,514293,A,AT,6,115,5.22%,1.456E-2
b1,ref|NC_001145|,538559,C,CA,11,76,14.47%,3.2525E-4
b1,ref|NC_001145|,538607,GCA,G,8,79,10.13%,3.2264E-3
b1,ref|NC_001145|,541036,C,T,12,59,20.34%,1.3121E-4
b1,ref|NC_001145|,550449,GTA,G,6,107,5.61%,1.454E-2
b1,ref|NC_001145|,556739,G,A,5,77,6.49%,2.9228E-2
b1,ref|NC_001145|,558682,C,CA,10,91,10.99%,7.3507E-4
b1,ref|NC_001145|,559048,TA,T,8,96,8.33%,3.308E-3
b1,ref|NC_001145|,559980,C,CT,10,76,13.16%,6.8401E-4
b1,ref|NC_001145|,571250,CA,C,11,83,13.25%,3.2124E-4
b1,ref|NC_001145|,595648,T,C,6,100,6%,1.4465E-2
b1,ref|NC_001145|,596965,G,T,6,102,5.88%,1.4488E-2
b1,ref|NC_001145|,622168,GTA,G,17,80,21.25%,2.7894E-6
b1,ref|NC_001145|,624079,AT,A,10,98,10.2%,7.6307E-4
b1,ref|NC_001145|,625708,CT,C,11,77,14.29%,3.031E-4
b1,ref|NC_001145|,630505,A,G,87,87,100%,6.9142E-52
b1,ref|NC_001145|,646855,CAT,C,6,56,10.71%,1.3331E-2
b1,ref|NC_001145|,651263,TA,T,15,110,13.64%,1.8301E-5
b1,ref|NC_001145|,651984,C,CA,6,105,5.71%,1.4509E-2
b1,ref|NC_001145|,652533,CT,C,12,97,12.37%,1.6177E-4
b1,ref|NC_001145|,662218,TA,T,5,85,5.88%,2.9373E-2
b1,ref|NC_001145|,667202,C,CA,8,74,10.81%,3.1302E-3
b1,ref|NC_001145|,667220,C,A,5,79,6.49%,2.9228E-2
b1,ref|NC_001145|,672129,T,C,90,92,100%,1.0988E-53
b1,ref|NC_001145|,672526,G,A,5,90,5.56%,2.9519E-2
b1,ref|NC_001145|,674863,G,GA,6,67,8.96%,1.3706E-2
b1,ref|NC_001145|,680936,T,C,72,72,100%,6.7558E-43
b1,ref|NC_001145|,680940,C,T,72,72,100%,6.7558E-43
b1,ref|NC_001145|,698679,T,TA,15,73,20.55%,1.0583E-5
b1,ref|NC_001145|,734692,A,T,5,94,5.32%,2.9592E-2
b1,ref|NC_001145|,751670,T,TA,5,66,7.58%,2.8856E-2
b1,ref|NC_001145|,752958,AT,A,7,98,7.14%,6.9587E-3
b1,ref|NC_001145|,756824,G,GT,12,62,19.35%,1.2806E-4
b1,ref|NC_001145|,770561,A,AT,9,104,8.65%,1.6183E-3
b1,ref|NC_001145|,772664,C,CT,9,75,12%,1.4054E-3
b1,ref|NC_001145|,774724,C,CA,8,96,8.33%,3.3448E-3
b1,ref|NC_001145|,779300,C,CT,7,85,8.24%,6.8133E-3
b1,ref|NC_001145|,784642,A,T,6,85,7.06%,1.4263E-2
b1,ref|NC_001145|,796935,AC,A,5,85,5.88%,2.9417E-2
b1,ref|NC_001145|,808194,CA,C,6,110,5.45%,1.456E-2
b1,ref|NC_001145|,809198,A,G,94,94,100%,4.3861E-56
b1,ref|NC_001145|,822589,CT,C,8,55,14.55%,2.7074E-3
b1,ref|NC_001145|,822635,G,T,7,35,20%,5.6095E-3
b1,ref|NC_001145|,851713,G,GA,17,75,22.67%,2.091E-6
b1,ref|NC_001145|,854422,C,CT,8,91,8.79%,3.3014E-3
b1,ref|NC_001145|,854478,CT,C,15,80,18.75%,1.404E-5
b1,ref|NC_001145|,860894,C,CT,5,81,6.17%,2.9279E-2
b1,ref|NC_001145|,861205,CA,C,8,91,8.79%,3.2947E-3
b1,ref|NC_001145|,867234,G,GA,10,93,10.75%,7.324E-4
b1,ref|NC_001145|,874559,CT,C,18,76,23.68%,7.2242E-7
b1,ref|NC_001145|,877494,G,A,10,56,17.86%,6.2917E-4
b1,ref|NC_001145|,892823,GA,G,7,115,6.09%,7.087E-3
b1,ref|NC_001145|,901415,GA,G,7,94,7.45%,6.9406E-3
b1,ref|NC_001145|,908196,G,C,9,23,39.13%,7.4174E-4
b1,ref|NC_001145|,908198,G,T,9,24,37.5%,7.7962E-4
b1,ref|NC_001145|,908203,G,A,11,26,42.31%,1.2791E-4
b1,ref|NC_001145|,908218,C,T,20,35,57.14%,2.0063E-8
b1,ref|NC_001145|,908365,A,G,7,85,8.24%,6.8706E-3
b1,ref|NC_001145|,908558,T,TCAA,28,111,25.23%,5.3004E-10
b1,ref|NC_001145|,908611,G,A,6,77,7.79%,1.4124E-2
b1,ref|NC_001145|,914827,GT,G,5,83,6.02%,2.9174E-2
b1,ref|NC_001145|,918033,C,CA,9,81,11.11%,1.5248E-3
b1,ref|NC_001145|,918120,C,CT,18,73,24.66%,8.7622E-7
b1,ref|NC_001145|,921418,CT,C,65,85,76.47%,1.6194E-31
b1,ref|NC_001145|,924341,G,T,21,24,87.5%,9.0704E-11
b1,ref|NC_001145|,924352,G,GGT,14,20,70%,1.6702E-6
b1,ref|NC_001146|,6650,A,C,4,10,40%,4.1176E-2
b1,ref|NC_001146|,7478,A,AT,80,80,100%,1.0864E-47
b1,ref|NC_001146|,10214,TA,T,25,97,25.77%,3.6464E-9
b1,ref|NC_001146|,12975,C,CTT,57,74,77.03%,3.328E-28
b1,ref|NC_001146|,14333,G,GC,22,27,81.48%,1.0343E-10
b1,ref|NC_001146|,28420,GT,G,12,95,12.63%,1.574E-4
b1,ref|NC_001146|,43278,AAT,A,18,82,21.95%,1.2803E-6
b1,ref|NC_001146|,57160,T,C,5,82,6.1%,2.9351E-2
b1,ref|NC_001146|,66362,T,TA,12,78,15.38%,1.5151E-4
b1,ref|NC_001146|,69097,C,CA,6,82,7.32%,1.4214E-2
b1,ref|NC_001146|,86089,C,CT,9,102,8.82%,1.6016E-3
b1,ref|NC_001146|,89122,G,A,6,89,6.74%,1.4324E-2
b1,ref|NC_001146|,89123,T,C,6,87,6.9%,1.4294E-2
b1,ref|NC_001146|,89323,C,CT,8,94,8.51%,3.3014E-3
b1,ref|NC_001146|,107294,G,GA,6,70,8.57%,1.3824E-2
b1,ref|NC_001146|,116771,GA,G,5,82,6.1%,2.9303E-2
b1,ref|NC_001146|,118987,G,GA,11,81,13.58%,3.1704E-4
b1,ref|NC_001146|,145389,GT,G,5,78,6.41%,2.9174E-2
b1,ref|NC_001146|,154923,GA,G,9,66,13.64%,1.2811E-3
b1,ref|NC_001146|,169372,G,GA,5,83,6.02%,2.9327E-2
b1,ref|NC_001146|,172354,CT,C,6,86,6.98%,1.4104E-2
b1,ref|NC_001146|,172492,CA,C,10,83,12.05%,7.1814E-4
b1,ref|NC_001146|,175206,CA,C,6,99,6.06%,1.4405E-2
b1,ref|NC_001146|,181308,C,CA,5,84,5.95%,2.9327E-2
b1,ref|NC_001146|,187639,G,GA,7,79,8.86%,6.675E-3
b1,ref|NC_001146|,196150,CT,C,12,80,15%,1.3421E-4
b1,ref|NC_001146|,198789,C,G,5,45,11.11%,2.7799E-2
b1,ref|NC_001146|,209084,A,G,5,95,5.26%,2.961E-2
b1,ref|NC_001146|,213035,C,CA,5,83,6.02%,2.9373E-2
b1,ref|NC_001146|,220055,GTTA,G,5,90,5.56%,2.9519E-2
b1,ref|NC_001146|,235956,CT,C,7,74,9.46%,6.5904E-3
b1,ref|NC_001146|,263349,A,AT,7,70,10%,6.659E-3
b1,ref|NC_001146|,263555,G,GA,5,87,5.75%,2.9351E-2
b1,ref|NC_001146|,270971,AT,A,9,98,9.18%,1.6051E-3
b1,ref|NC_001146|,273256,G,A,5,79,6.33%,2.9279E-2
b1,ref|NC_001146|,281884,GA,G,6,75,8%,1.3976E-2
b1,ref|NC_001146|,282400,G,C,29,64,45.31%,2.9719E-11
b1,ref|NC_001146|,282401,T,C,16,53,30.19%,4.0256E-6
b1,ref|NC_001146|,300929,TA,T,21,85,24.71%,7.6659E-8
b1,ref|NC_001146|,301186,G,GT,5,85,5.88%,2.9373E-2
b1,ref|NC_001146|,307228,CT,C,13,81,16.05%,6.5501E-5
b1,ref|NC_001146|,312328,AACG,A,81,87,93.1%,5.2703E-43
b1,ref|NC_001146|,321979,A,AT,5,83,6.02%,2.9303E-2
b1,ref|NC_001146|,328280,C,T,5,98,5.1%,2.966E-2
b1,ref|NC_001146|,357012,C,CT,7,59,11.86%,6.2693E-3
b1,ref|NC_001146|,377887,G,T,103,103,100%,1.7512E-61
b1,ref|NC_001146|,380954,GA,G,10,87,11.49%,7.0876E-4
b1,ref|NC_001146|,390569,G,A,6,87,6.9%,1.4294E-2
b1,ref|NC_001146|,392467,G,GT,6,65,9.23%,1.3737E-2
b1,ref|NC_001146|,413448,C,CT,9,58,15.52%,1.2547E-3
b1,ref|NC_001146|,415054,C,CT,9,35,25.71%,1.0857E-3
b1,ref|NC_001146|,415071,C,CT,10,21,47.62%,2.1796E-4
b1,ref|NC_001146|,418915,G,GTA,5,82,6.1%,2.9327E-2
b1,ref|NC_001146|,427850,TG,T,5,97,5.15%,2.9644E-2
b1,ref|NC_001146|,429776,TTA,T,13,91,14.29%,7.5722E-5
b1,ref|NC_001146|,439397,G,GT,97,109,88.99%,5.1471E-49
b1,ref|NC_001146|,440967,T,C,6,93,6.45%,1.4379E-2
b1,ref|NC_001146|,444651,CT,C,7,74,9.46%,6.6426E-3
b1,ref|NC_001146|,457532,C,CT,5,95,5.26%,2.9592E-2
b1,ref|NC_001146|,471767,A,G,85,85,100%,1.0935E-50
b1,ref|NC_001146|,479459,AT,A,9,75,12%,1.3495E-3
b1,ref|NC_001146|,482812,T,C,5,86,5.81%,2.9439E-2
b1,ref|NC_001146|,486552,TA,T,12,62,19.35%,1.2122E-4
b1,ref|NC_001146|,493053,TA,T,15,86,17.44%,1.3542E-5
b1,ref|NC_001146|,498360,G,GT,12,88,13.64%,1.4937E-4
b1,ref|NC_001146|,499556,G,GA,5,96,5.21%,2.961E-2
b1,ref|NC_001146|,501129,A,AT,10,87,11.49%,7.3507E-4
b1,ref|NC_001146|,503013,CA,C,6,79,7.59%,1.4021E-2
b1,ref|NC_001146|,503040,CT,C,5,81,6.17%,2.9279E-2
b1,ref|NC_001146|,510328,C,CT,9,79,11.39%,1.4519E-3
b1,ref|NC_001146|,512460,CAT,C,7,64,10.94%,6.4484E-3
b1,ref|NC_001146|,515976,C,T,5,58,8.62%,2.8569E-2
b1,ref|NC_001146|,523434,G,A,11,86,12.79%,3.4727E-4
b1,ref|NC_001146|,523441,G,T,11,86,12.79%,3.4727E-4
b1,ref|NC_001146|,524023,T,C,12,47,25.53%,1.0942E-4
b1,ref|NC_001146|,529414,C,T,5,94,5.32%,2.9592E-2
b1,ref|NC_001146|,532584,G,GA,5,87,5.75%,2.9439E-2
b1,ref|NC_001146|,550911,T,C,6,61,9.84%,1.3737E-2
b1,ref|NC_001146|,555283,T,A,6,82,7.32%,1.4214E-2
b1,ref|NC_001146|,555305,T,A,6,79,7.59%,1.4161E-2
b1,ref|NC_001146|,568313,TA,T,6,77,7.79%,1.3999E-2
b1,ref|NC_001146|,576631,AT,A,6,89,6.74%,1.4263E-2
b1,ref|NC_001146|,592981,G,GT,5,65,7.69%,2.8856E-2
b1,ref|NC_001146|,601112,T,G,83,191,43.46%,1.0365E-30
b1,ref|NC_001146|,601202,T,C,83,192,43.23%,1.121E-30
b1,ref|NC_001146|,635717,G,GT,7,100,7%,6.9587E-3
b1,ref|NC_001146|,644217,CTA,C,8,71,11.27%,3.1516E-3
b1,ref|NC_001146|,651857,A,AT,10,80,12.5%,6.8401E-4
b1,ref|NC_001146|,661755,A,AAT,5,72,6.94%,2.9088E-2
b1,ref|NC_001146|,662768,G,GA,11,82,13.41%,3.3091E-4
b1,ref|NC_001146|,662853,G,GA,5,78,6.41%,2.9174E-2
b1,ref|NC_001146|,667324,CT,C,8,53,15.09%,2.8249E-3
b1,ref|NC_001146|,668101,C,CA,8,66,12.12%,3.0959E-3
b1,ref|NC_001146|,674780,A,AT,15,101,14.85%,1.6879E-5
b1,ref|NC_001146|,678603,GA,G,12,89,13.48%,1.5356E-4
b1,ref|NC_001146|,687218,C,CA,7,82,8.54%,6.801E-3
b1,ref|NC_001146|,690071,AT,A,8,80,10%,3.1909E-3
b1,ref|NC_001146|,692520,CA,C,9,96,9.38%,1.5627E-3
b1,ref|NC_001146|,694240,CAT,C,7,62,11.29%,6.4254E-3
b1,ref|NC_001146|,694966,CTA,C,6,77,7.79%,1.4124E-2
b1,ref|NC_001146|,711232,AT,A,7,70,10%,6.6257E-3
b1,ref|NC_001146|,713938,GT,G,10,99,10.1%,7.5886E-4
b1,ref|NC_001146|,716416,CT,C,7,68,10.29%,6.5719E-3
b1,ref|NC_001146|,716710,AT,A,5,95,5.26%,2.95E-2
b1,ref|NC_001146|,718580,CA,C,5,80,6.25%,2.9228E-2
b1,ref|NC_001146|,721791,GA,G,5,98,5.1%,2.9575E-2
b1,ref|NC_001146|,721916,TA,T,8,69,11.59%,3.0959E-3
b1,ref|NC_001146|,722274,C,CA,24,97,24.74%,8.0471E-9
b1,ref|NC_001146|,764741,GAT,G,5,79,6.33%,2.9254E-2
b1,ref|NC_001146|,772612,CA,C,13,69,18.84%,5.3813E-5
b1,ref|NC_001146|,774549,AT,A,13,87,14.94%,6.859E-5
b1,ref|NC_001146|,777553,AAT,A,16,64,25%,4.4899E-6
b1,ref|NC_001146|,779308,C,CAAAAAAA,7,37,18.92%,4.9169E-3
b1,ref|NC_001146|,782404,G,A,6,88,6.82%,1.4309E-2
b1,ref|NC_001146|,784074,G,GT,6,57,10.71%,1.3375E-2
b1,ref|NC_001146|,784093,GGT,G,7,76,9.21%,6.7203E-3
b1,ref|NC_001146|,784106,GGT,G,9,87,10.34%,1.567E-3
b1,ref|NC_001146|,784107,GT,G,9,78,11.69%,1.5248E-3
b1,ref|NC_001146|,784118,T,TG,6,84,7.14%,1.4179E-2
b1,ref|NC_001146|,784142,T,TG,13,65,20.31%,5.9784E-5
b1,ref|NC_001146|,784152,T,TG,7,82,8.64%,6.8133E-3
b1,ref|NC_001146|,784153,G,GGT,10,78,12.82%,7.1508E-4
b1,ref|NC_001146|,784163,T,TG,9,73,12.33%,1.4972E-3
b1,ref|NC_001146|,784168,T,TG,7,73,9.86%,6.6083E-3
b1,ref|NC_001146|,784170,GT,G,6,55,10.91%,1.3497E-2
b1,ref|NC_001146|,784181,TG,T,11,93,11.96%,3.5425E-4
b1,ref|NC_001146|,784183,G,GT,9,82,11.11%,1.5248E-3
b1,ref|NC_001146|,784187,TG,T,12,83,14.46%,1.574E-4
b1,ref|NC_001146|,784198,T,TG,5,75,6.94%,2.9058E-2
b1,ref|NC_001146|,784208,TG,T,5,77,6.58%,2.9058E-2
b1,ref|NC_001146|,784215,G,GGT,5,67,7.58%,2.8658E-2
b1,ref|NC_001146|,784235,GT,G,5,54,9.26%,2.8371E-2
b1,ref|NC_001146|,784239,GT,G,5,49,10.2%,2.8079E-2
b1,ref|NC_001146|,784240,T,TG,8,49,19.51%,2.653E-3
b1,ref|NC_001146|,784247,T,G,9,39,25.71%,1.0857E-3
b1,ref|NC_001146|,784257,TG,T,8,49,16.33%,2.8658E-3
b1,ref|NC_001146|,784282,TG,T,5,49,10.2%,2.8079E-2
b1,ref|NC_001146|,784290,GT,G,10,37,27.03%,4.8486E-4
b1,ref|NC_001146|,784314,T,TG,8,18,44.44%,1.3389E-3
b1,ref|NC_001147|,12812,T,A,6,105,5.71%,1.452E-2
b1,ref|NC_001147|,13997,C,CA,7,83,8.43%,6.8133E-3
b1,ref|NC_001147|,14017,GA,G,5,79,6.33%,2.9174E-2
b1,ref|NC_001147|,21727,G,GA,9,104,8.65%,1.6183E-3
b1,ref|NC_001147|,27928,T,A,24,127,18.9%,1.7962E-8
b1,ref|NC_001147|,28352,T,C,10,114,8.77%,7.9475E-4
b1,ref|NC_001147|,33840,AT,A,7,108,6.48%,7.0243E-3
b1,ref|NC_001147|,47909,TA,T,6,96,6.25%,1.4365E-2
b1,ref|NC_001147|,48560,A,T,5,90,5.56%,2.9519E-2
b1,ref|NC_001147|,50002,C,T,90,90,100%,1.0988E-53
b1,ref|NC_001147|,50010,A,T,87,87,100%,6.9142E-52
b1,ref|NC_001147|,50012,C,T,87,87,100%,6.9142E-52
b1,ref|NC_001147|,60061,G,GT,6,85,7.06%,1.4161E-2
b1,ref|NC_001147|,60213,CT,C,6,54,11.11%,1.3026E-2
b1,ref|NC_001147|,60240,C,T,50,50,100%,9.9117E-30
b1,ref|NC_001147|,63059,A,G,5,59,8.47%,2.8614E-2
b1,ref|NC_001147|,66995,AT,A,5,99,5.05%,2.966E-2
b1,ref|NC_001147|,79297,C,G,77,77,100%,6.8219E-46
b1,ref|NC_001147|,79304,A,T,73,73,100%,1.7006E-43
b1,ref|NC_001147|,79305,T,A,73,73,100%,1.7006E-43
b1,ref|NC_001147|,85382,C,CT,10,95,10.53%,7.4758E-4
b1,ref|NC_001147|,91870,G,A,5,63,7.94%,2.878E-2
b1,ref|NC_001147|,93845,T,TA,6,100,6%,1.4442E-2
b1,ref|NC_001147|,94613,GA,G,5,85,5.88%,2.9351E-2
b1,ref|NC_001147|,104413,A,G,6,87,6.9%,1.4294E-2
b1,ref|NC_001147|,107174,T,C,5,76,6.58%,2.9201E-2
b1,ref|NC_001147|,118032,A,C,116,242,47.93%,9.8793E-44
b1,ref|NC_001147|,118287,C,A,14,50,28%,2.1224E-5
b1,ref|NC_001147|,131522,A,T,5,97,5.15%,2.9644E-2
b1,ref|NC_001147|,141471,G,GA,7,76,9.21%,6.5904E-3
b1,ref|NC_001147|,145176,CT,C,9,94,9.57%,1.5627E-3
b1,ref|NC_001147|,161403,A,T,95,171,55.56%,2.317E-37
b1,ref|NC_001147|,161617,T,C,74,175,42.29%,2.6912E-27
b1,ref|NC_001147|,161762,T,C,81,163,49.69%,5.992E-31
b1,ref|NC_001147|,189467,AT,A,10,85,11.76%,7.324E-4
b1,ref|NC_001147|,194895,C,CA,10,79,12.66%,7.1814E-4
b1,ref|NC_001147|,197462,AT,A,6,89,6.74%,1.4324E-2
b1,ref|NC_001147|,200327,C,T,5,76,6.58%,2.9201E-2
b1,ref|NC_001147|,200339,CT,C,10,82,12.2%,6.6774E-4
b1,ref|NC_001147|,204570,CT,C,8,68,11.76%,3.0025E-3
b1,ref|NC_001147|,213379,T,C,7,94,7.45%,6.9587E-3
b1,ref|NC_001147|,213870,C,CA,8,78,10.26%,3.2091E-3
b1,ref|NC_001147|,216898,AT,A,19,77,24.68%,3.8563E-7
b1,ref|NC_001147|,217033,AT,A,8,106,7.55%,3.4017E-3
b1,ref|NC_001147|,230020,C,CT,11,100,11%,3.5014E-4
b1,ref|NC_001147|,259218,CT,C,7,98,7.14%,6.9406E-3
b1,ref|NC_001147|,259414,T,C,5,75,6.67%,2.9174E-2
b1,ref|NC_001147|,271805,T,TA,5,84,5.95%,2.9279E-2
b1,ref|NC_001147|,283310,TC,T,5,81,6.17%,2.9327E-2
b1,ref|NC_001147|,290573,CT,C,6,94,6.38%,1.4309E-2
b1,ref|NC_001147|,292246,CA,C,8,86,9.3%,3.2878E-3
b1,ref|NC_001147|,306875,GC,G,5,86,5.81%,2.9439E-2
b1,ref|NC_001147|,315593,T,G,5,88,5.68%,2.948E-2
b1,ref|NC_001147|,315630,CT,C,19,94,20.21%,5.8701E-7
b1,ref|NC_001147|,326195,CAT,C,14,60,23.33%,2.2741E-5
b1,ref|NC_001147|,329702,TG,T,5,95,5.26%,2.961E-2
b1,ref|NC_001147|,333432,G,GA,8,83,9.64%,3.2347E-3
b1,ref|NC_001147|,344755,GCA,G,5,86,5.81%,2.9439E-2
b1,ref|NC_001147|,349580,GA,G,11,92,11.96%,3.4115E-4
b1,ref|NC_001147|,355083,AAT,A,9,48,18.75%,1.2547E-3
b1,ref|NC_001147|,372140,G,GA,8,100,8%,3.339E-3
b1,ref|NC_001147|,375311,A,G,5,79,6.33%,2.9254E-2
b1,ref|NC_001147|,383126,GA,G,8,93,8.6%,3.2878E-3
b1,ref|NC_001147|,389237,T,G,93,93,100%,1.7451E-55
b1,ref|NC_001147|,404121,GT,G,5,93,5.38%,2.95E-2
b1,ref|NC_001147|,412675,AT,A,15,80,18.75%,1.337E-5
b1,ref|NC_001147|,415732,G,GT,6,101,5.94%,1.4477E-2
b1,ref|NC_001147|,426244,C,CT,5,99,5.05%,2.966E-2
b1,ref|NC_001147|,426603,G,GA,13,83,15.66%,6.9736E-5
b1,ref|NC_001147|,430159,GAAA,G,9,64,14.06%,1.3171E-3
b1,ref|NC_001147|,433621,GA,G,6,104,5.77%,1.4499E-2
b1,ref|NC_001147|,437763,T,A,81,81,100%,2.7329E-48
b1,ref|NC_001147|,444498,AT,A,19,98,19.39%,5.4789E-7
b1,ref|NC_001147|,448407,G,GA,6,73,8.22%,1.4042E-2
b1,ref|NC_001147|,448670,TA,T,5,54,9.26%,2.8079E-2
b1,ref|NC_001147|,453009,T,C,23,78,29.49%,1.7756E-8
b1,ref|NC_001147|,453010,G,A,6,58,10.34%,1.3641E-2
b1,ref|NC_001147|,475132,C,CA,8,102,7.84%,3.3561E-3
b1,ref|NC_001147|,477134,C,A,7,86,8.14%,6.8813E-3
b1,ref|NC_001147|,483090,GT,G,6,84,7.14%,1.4179E-2
b1,ref|NC_001147|,486874,C,CA,5,99,5.05%,2.966E-2
b1,ref|NC_001147|,491013,CA,C,11,112,9.82%,3.6522E-4
b1,ref|NC_001147|,519639,A,T,85,85,100%,1.0935E-50
b1,ref|NC_001147|,522811,G,GA,9,49,18.37%,1.1442E-3
b1,ref|NC_001147|,534782,A,T,5,93,5.38%,2.9575E-2
b1,ref|NC_001147|,536839,CT,C,6,81,7.41%,1.4104E-2
b1,ref|NC_001147|,537056,TTA,T,5,48,10.42%,2.7721E-2
b1,ref|NC_001147|,537259,AT,A,5,58,8.62%,2.8261E-2
b1,ref|NC_001147|,550529,AT,A,5,60,8.33%,2.8522E-2
b1,ref|NC_001147|,550563,A,AT,10,63,15.87%,6.4957E-4
b1,ref|NC_001147|,560809,G,GA,9,99,9.09%,1.6016E-3
b1,ref|NC_001147|,569695,AT,A,6,88,6.82%,1.4214E-2
b1,ref|NC_001147|,572170,GT,G,9,81,11.11%,1.4972E-3
b1,ref|NC_001147|,581669,C,CA,16,111,14.41%,7.8422E-6
b1,ref|NC_001147|,609123,G,GT,7,92,7.61%,6.9019E-3
b1,ref|NC_001147|,625649,C,T,5,99,5.05%,2.9676E-2
b1,ref|NC_001147|,640923,G,A,6,90,6.67%,1.4338E-2
b1,ref|NC_001147|,646740,C,T,5,42,11.9%,2.7555E-2
b1,ref|NC_001147|,667564,GAT,G,5,60,8.33%,2.8522E-2
b1,ref|NC_001147|,667734,T,TA,7,76,9.21%,6.675E-3
b1,ref|NC_001147|,670767,G,GA,13,66,19.7%,5.092E-5
b1,ref|NC_001147|,675324,CT,C,16,78,20.51%,5.333E-6
b1,ref|NC_001147|,678393,GA,G,5,92,5.43%,2.9459E-2
b1,ref|NC_001147|,681098,CA,C,5,65,7.69%,2.8658E-2
b1,ref|NC_001147|,698289,AT,A,6,77,7.79%,1.4064E-2
b1,ref|NC_001147|,708819,G,C,47,108,43.52%,1.1118E-17
b1,ref|NC_001147|,708878,T,C,27,74,36.49%,4.0499E-10
b1,ref|NC_001147|,720202,G,GA,13,82,15.85%,6.5501E-5
b1,ref|NC_001147|,721800,AT,A,5,97,5.15%,2.9592E-2
b1,ref|NC_001147|,738211,GA,G,9,97,9.28%,1.6016E-3
b1,ref|NC_001147|,745306,C,CA,13,86,15.12%,7.0836E-5
b1,ref|NC_001147|,746559,C,CA,10,92,10.87%,7.3507E-4
b1,ref|NC_001147|,760705,A,AT,5,86,5.81%,2.9417E-2
b1,ref|NC_001147|,761578,T,C,5,81,6.17%,2.9327E-2
b1,ref|NC_001147|,768266,GA,G,7,72,9.72%,6.659E-3
b1,ref|NC_001147|,769891,G,GT,5,61,8.2%,2.8423E-2
b1,ref|NC_001147|,770624,GT,G,12,79,15.19%,1.3421E-4
b1,ref|NC_001147|,797581,GT,G,5,78,6.41%,2.9228E-2
b1,ref|NC_001147|,804922,AT,A,9,91,9.89%,1.535E-3
b1,ref|NC_001147|,807622,C,T,6,69,8.7%,1.3952E-2
b1,ref|NC_001147|,820544,GA,G,6,97,6.19%,1.443E-2
b1,ref|NC_001147|,822924,GTGT,G,10,93,10.75%,7.567E-4
b1,ref|NC_001147|,830600,G,GT,8,94,8.51%,3.3208E-3
b1,ref|NC_001147|,830818,A,G,5,88,5.68%,2.948E-2
b1,ref|NC_001147|,830852,A,AT,7,91,7.69%,6.8917E-3
b1,ref|NC_001147|,868057,CAT,C,5,83,6.02%,2.9373E-2
b1,ref|NC_001147|,875965,G,GA,12,91,13.19%,1.6259E-4
b1,ref|NC_001147|,877096,TA,T,12,78,15.38%,1.3705E-4
b1,ref|NC_001147|,882623,CT,C,13,61,21.31%,5.092E-5
b1,ref|NC_001147|,888848,GT,G,12,64,18.75%,1.1358E-4
b1,ref|NC_001147|,889748,T,TA,7,59,11.86%,6.3515E-3
b1,ref|NC_001147|,894338,A,AT,9,93,9.68%,1.5712E-3
b1,ref|NC_001147|,923126,GAT,G,11,70,15.71%,3.1263E-4
b1,ref|NC_001147|,925072,CA,C,12,89,13.48%,1.6093E-4
b1,ref|NC_001147|,929517,T,A,5,92,5.43%,2.9557E-2
b1,ref|NC_001147|,930508,G,GA,6,108,5.56%,1.452E-2
b1,ref|NC_001147|,944458,C,CT,6,86,6.98%,1.4214E-2
b1,ref|NC_001147|,944473,C,CT,6,74,8.11%,1.3877E-2
b1,ref|NC_001147|,954141,CT,C,9,54,16.67%,1.0857E-3
b1,ref|NC_001147|,960775,TA,T,6,65,9.23%,1.3767E-2
b1,ref|NC_001147|,967942,AT,A,10,97,10.31%,7.4273E-4
b1,ref|NC_001147|,976990,A,AT,6,95,6.32%,1.4365E-2
b1,ref|NC_001147|,977029,C,CT,5,96,5.21%,2.9575E-2
b1,ref|NC_001147|,978149,CA,C,6,90,6.67%,1.4294E-2
b1,ref|NC_001147|,978725,G,A,9,69,13.04%,1.4788E-3
b1,ref|NC_001147|,980936,C,G,97,97,100%,6.9615E-58
b1,ref|NC_001147|,984788,T,TA,5,90,5.56%,2.9417E-2
b1,ref|NC_001147|,1000974,AT,A,18,77,23.38%,9.974E-7
b1,ref|NC_001147|,1004258,G,GT,6,56,10.71%,1.3458E-2
b1,ref|NC_001147|,1006918,A,AT,8,84,9.52%,3.2508E-3
b1,ref|NC_001147|,1013025,CTA,C,10,104,9.62%,7.7103E-4
b1,ref|NC_001147|,1019588,C,CT,8,71,11.27%,3.0712E-3
b1,ref|NC_001147|,1031381,C,CT,10,59,16.95%,5.4972E-4
b1,ref|NC_001147|,1036615,GT,G,6,73,8.22%,1.3928E-2
b1,ref|NC_001147|,1058879,AT,A,7,111,6.31%,7.074E-3
b1,ref|NC_001147|,1061185,C,CA,12,110,10.91%,1.7677E-4
b1,ref|NC_001147|,1077950,CT,C,11,84,13.1%,3.2525E-4
b1,ref|NC_001148|,9471,T,G,6,47,12.77%,1.3188E-2
b1,ref|NC_001148|,9518,C,CA,11,55,20%,2.6374E-4
b1,ref|NC_001148|,13174,T,TA,9,111,8.11%,1.6335E-3
b1,ref|NC_001148|,16931,A,AT,9,78,11.54%,1.4972E-3
b1,ref|NC_001148|,16995,C,CT,6,66,9.09%,1.3571E-2
b1,ref|NC_001148|,42063,A,G,6,85,7.06%,1.4263E-2
b1,ref|NC_001148|,44378,G,T,5,95,5.26%,2.961E-2
b1,ref|NC_001148|,44495,TA,T,8,81,9.88%,3.2002E-3
b1,ref|NC_001148|,46581,AT,A,7,97,7.22%,6.9406E-3
b1,ref|NC_001148|,46594,A,AT,7,92,7.61%,6.8813E-3
b1,ref|NC_001148|,74183,TA,T,9,78,11.54%,1.503E-3
b1,ref|NC_001148|,85402,C,CA,14,95,14.74%,3.3043E-5
b1,ref|NC_001148|,120046,C,CA,5,88,5.68%,2.948E-2
b1,ref|NC_001148|,132456,TA,T,5,68,7.35%,2.8741E-2
b1,ref|NC_001148|,136005,C,T,5,100,5%,2.9692E-2
b1,ref|NC_001148|,137522,A,G,5,94,5.32%,2.9592E-2
b1,ref|NC_001148|,144689,AGGAAACGTC,A,75,97,77.32%,3.5893E-34
b1,ref|NC_001148|,153278,GA,G,6,85,7.06%,1.4124E-2
b1,ref|NC_001148|,162374,GTA,G,8,68,11.76%,3.0712E-3
b1,ref|NC_001148|,164219,C,CA,11,103,10.68%,3.6409E-4
b1,ref|NC_001148|,176140,G,GA,5,96,5.21%,2.9627E-2
b1,ref|NC_001148|,181192,G,GT,10,69,14.49%,6.7609E-4
b1,ref|NC_001148|,188829,A,AT,5,76,6.58%,2.9174E-2
b1,ref|NC_001148|,191944,C,T,85,85,100%,1.0935E-50
b1,ref|NC_001148|,192966,C,CA,19,72,26.39%,2.7841E-7
b1,ref|NC_001148|,197824,G,GA,10,90,11.11%,7.4518E-4
b1,ref|NC_001148|,212823,GAT,G,6,64,9.38%,1.3767E-2
b1,ref|NC_001148|,212901,TA,T,9,61,14.75%,1.3495E-3
b1,ref|NC_001148|,215689,G,GA,9,95,9.47%,1.5753E-3
b1,ref|NC_001148|,225208,G,T,5,100,5%,2.9692E-2
b1,ref|NC_001148|,239118,GTA,G,5,48,10.42%,2.7874E-2
b1,ref|NC_001148|,240634,C,T,5,93,5.38%,2.9575E-2
b1,ref|NC_001148|,244248,TTA,T,8,76,10.53%,3.1411E-3
b1,ref|NC_001148|,246835,G,GA,11,91,12.09%,3.5014E-4
b1,ref|NC_001148|,259609,GT,G,8,77,10.39%,3.2091E-3
b1,ref|NC_001148|,296837,CT,C,13,92,14.13%,7.2906E-5
b1,ref|NC_001148|,301778,C,T,7,107,6.54%,7.0604E-3
b1,ref|NC_001148|,302892,CT,C,6,76,7.89%,1.3976E-2
b1,ref|NC_001148|,302994,GA,G,6,83,7.23%,1.4161E-2
b1,ref|NC_001148|,312942,GTA,G,12,41,29.27%,8.7276E-5
b1,ref|NC_001148|,321077,AT,A,7,102,6.86%,6.9846E-3
b1,ref|NC_001148|,329095,G,GA,6,97,6.19%,1.4405E-2
b1,ref|NC_001148|,346994,A,G,5,80,6.25%,2.9303E-2
b1,ref|NC_001148|,347675,A,AG,6,80,7.5%,1.4179E-2
b1,ref|NC_001148|,354069,C,T,9,53,16.98%,1.3495E-3
b1,ref|NC_001148|,359487,GT,G,6,55,10.91%,1.3331E-2
b1,ref|NC_001148|,373417,A,AT,6,85,7.06%,1.4214E-2
b1,ref|NC_001148|,381257,G,GA,7,79,8.86%,6.7486E-3
b1,ref|NC_001148|,381848,GTA,G,16,56,28.57%,3.5325E-6
b1,ref|NC_001148|,386559,A,AT,11,109,10.09%,3.6955E-4
b1,ref|NC_001148|,404759,GT,G,7,64,10.94%,6.2693E-3
b1,ref|NC_001148|,425229,G,GA,15,91,16.48%,1.5103E-5
b1,ref|NC_001148|,429750,G,GA,5,91,5.49%,2.948E-2
b1,ref|NC_001148|,462244,GA,G,17,76,22.37%,1.8236E-6
b1,ref|NC_001148|,467038,CT,C,6,79,7.59%,1.4124E-2
b1,ref|NC_001148|,481304,AT,A,70,83,84.34%,9.1077E-36
b1,ref|NC_001148|,491804,C,CT,12,85,14.12%,1.5255E-4
b1,ref|NC_001148|,492009,C,T,5,72,6.94%,2.9088E-2
b1,ref|NC_001148|,495327,AT,A,6,117,5.13%,1.4624E-2
b1,ref|NC_001148|,502679,CA,C,9,58,15.52%,1.3283E-3
b1,ref|NC_001148|,503238,T,C,9,55,16.36%,1.3694E-3
b1,ref|NC_001148|,503385,GA,G,11,67,16.42%,2.6733E-4
b1,ref|NC_001148|,505055,TG,T,10,104,9.62%,7.7841E-4
b1,ref|NC_001148|,506544,G,GA,5,95,5.26%,2.9592E-2
b1,ref|NC_001148|,526331,C,CA,6,113,5.31%,1.4597E-2
b1,ref|NC_001148|,528959,CT,C,11,83,13.25%,3.3091E-4
b1,ref|NC_001148|,538294,C,CT,7,99,7.07%,6.9587E-3
b1,ref|NC_001148|,565045,A,G,5,84,5.95%,2.9396E-2
b1,ref|NC_001148|,581338,G,GA,7,53,13.21%,5.9563E-3
b1,ref|NC_001148|,588390,C,T,82,82,100%,6.8742E-49
b1,ref|NC_001148|,589896,CT,C,10,96,10.42%,7.324E-4
b1,ref|NC_001148|,591720,CAT,C,18,82,21.95%,1.2803E-6
b1,ref|NC_001148|,592129,G,GA,8,97,8.25%,3.3331E-3
b1,ref|NC_001148|,600560,G,GA,6,75,8%,1.3976E-2
b1,ref|NC_001148|,607467,GA,G,10,84,11.9%,7.1814E-4
b1,ref|NC_001148|,607820,C,CT,5,94,5.32%,2.9439E-2
b1,ref|NC_001148|,615257,TA,T,17,70,24.29%,1.9326E-6
b1,ref|NC_001148|,619142,C,CT,6,103,5.83%,1.4477E-2
b1,ref|NC_001148|,620255,CA,C,14,102,13.73%,3.6429E-5
b1,ref|NC_001148|,621903,C,CA,17,92,18.48%,3.1765E-6
b1,ref|NC_001148|,637259,C,G,5,62,8.06%,2.8741E-2
b1,ref|NC_001148|,639136,G,GA,6,72,8.33%,1.3952E-2
b1,ref|NC_001148|,639361,GA,G,6,84,7.14%,1.4179E-2
b1,ref|NC_001148|,643709,GA,G,8,104,7.69%,3.3616E-3
b1,ref|NC_001148|,643732,GA,G,12,95,12.63%,1.634E-4
b1,ref|NC_001148|,646234,CT,C,7,83,8.43%,6.7622E-3
b1,ref|NC_001148|,648520,G,GA,5,88,5.68%,2.9417E-2
b1,ref|NC_001148|,650390,G,GA,10,75,13.33%,6.8782E-4
b1,ref|NC_001148|,650502,CTAT,C,5,65,7.69%,2.8819E-2
b1,ref|NC_001148|,665687,G,C,6,72,8.33%,1.3999E-2
b1,ref|NC_001148|,667520,T,G,80,80,100%,1.0864E-47
b1,ref|NC_001148|,675808,GA,G,9,88,10.23%,1.5299E-3
b1,ref|NC_001148|,677102,A,G,79,79,100%,4.3185E-47
b1,ref|NC_001148|,695616,TA,T,11,76,14.47%,3.1486E-4
b1,ref|NC_001148|,698526,G,GA,11,82,13.41%,3.3091E-4
b1,ref|NC_001148|,753245,GC,G,8,66,12.12%,3.0712E-3
b1,ref|NC_001148|,759400,T,G,93,93,100%,1.7451E-55
b1,ref|NC_001148|,802209,G,GA,9,99,9.09%,1.587E-3
b1,ref|NC_001148|,819664,AT,A,7,91,7.69%,6.8485E-3
b1,ref|NC_001148|,831988,AC,A,6,87,6.9%,1.4294E-2
b1,ref|NC_001148|,837643,A,AT,10,94,10.64%,7.4993E-4
b1,ref|NC_001148|,840627,AT,A,13,56,23.21%,4.4424E-5
b1,ref|NC_001148|,843128,CT,C,8,90,8.89%,3.3014E-3
b1,ref|NC_001148|,857189,GT,G,10,80,12.5%,6.8782E-4
b1,ref|NC_001148|,868371,AT,A,10,74,13.51%,6.8401E-4
b1,ref|NC_001148|,876243,CTA,C,11,78,14.1%,3.3091E-4
b1,ref|NC_001148|,886454,G,GT,9,67,13.43%,1.3694E-3
b1,ref|NC_001148|,887933,AT,A,7,95,7.37%,6.8253E-3
b1,ref|NC_001148|,890346,T,A,91,91,100%,2.7621E-54
b1,ref|NC_001148|,909717,T,TA,6,97,6.19%,1.4365E-2
b1,ref|NC_001148|,912564,T,TA,5,98,5.1%,2.9644E-2
b1,ref|NC_001148|,921772,G,GT,6,80,7.5%,1.4179E-2
b1,ref|NC_001148|,922863,A,AT,5,88,5.68%,2.9439E-2
b1,ref|NC_001148|,939183,GA,G,7,85,8.24%,6.837E-3
b1,ref|NC_001148|,943226,T,C,6,90,6.67%,1.4338E-2
b1,ref|NC_001224|,1162,TTA,T,33,458,7.21%,6.3685E-11
b1,ref|NC_001224|,3340,AAT,A,18,338,5.33%,3.0107E-6
b1,ref|NC_001224|,16114,AT,A,783,1583,49.46%,1.3468E-290
b1,ref|NC_001224|,20345,GA,G,1206,1252,96.33%,0E0
b1,ref|NC_001224|,20934,T,G,1345,1345,100%,0E0
b1,ref|NC_001224|,33467,T,C,759,759,100%,0E0
b1,ref|NC_001224|,33618,T,TTC,430,488,88.11%,6.4574E-214
b1,ref|NC_001224|,33779,AC,A,509,607,83.86%,2.031E-249
b1,ref|NC_001224|,39517,G,T,1260,1260,100%,0E0
b1,ref|NC_001224|,43084,A,AT,978,1091,89.64%,0E0
b1,ref|NC_001224|,44795,A,AT,860,979,87.84%,0E0
b1,ref|NC_001224|,49500,A,T,652,652,100%,0E0
b1,ref|NC_001224|,50784,G,GC,36,516,6.98%,7.5612E-12
b1,ref|NC_001224|,50980,A,AT,48,764,6.28%,1.6056E-15
b1,ref|NC_001224|,55436,GC,G,215,580,37.07%,4.1606E-76
b1,ref|NC_001224|,59388,G,A,41,733,5.59%,2.5519E-13
b1,ref|NC_001224|,62646,AAT,A,30,338,8.88%,4.6396E-10
b1,ref|NC_001224|,63656,CG,C,46,774,5.94%,6.9474E-15
b1,ref|NC_001224|,73114,AG,A,555,594,93.43%,2.742E-294
b1,ref|NC_001224|,73136,TC,T,537,561,95.72%,1.9004E-294
b1,ref|NC_001224|,73518,AT,A,65,786,8.27%,6.0108E-21
b1,ref|NC_001224|,82253,T,TA,701,772,90.8%,0E0
b1,ref|NC_001224|,82507,T,A,505,505,100%,3.6311E-303
b5,ref|NC_001133|,6736,C,CAA,12,28,42.86%,8.0605E-6
b5,ref|NC_001133|,12529,A,G,5,41,12.2%,2.7465E-2
b5,ref|NC_001133|,12594,A,T,13,93,13.98%,7.7431E-5
b5,ref|NC_001133|,12620,T,C,23,93,24.73%,2.5244E-8
b5,ref|NC_001133|,12662,T,C,14,106,13.21%,3.8577E-5
b5,ref|NC_001133|,12666,T,C,15,107,14.02%,1.8021E-5
b5,ref|NC_001133|,12668,T,C,39,104,37.5%,2.211E-14
b5,ref|NC_001133|,12690,A,T,43,91,47.25%,1.5824E-16
b5,ref|NC_001133|,12716,C,T,21,91,23.08%,1.2946E-7
b5,ref|NC_001133|,12758,T,C,9,73,12.33%,1.503E-3
b5,ref|NC_001133|,12762,T,C,10,72,13.89%,6.9868E-4
b5,ref|NC_001133|,12764,T,C,10,72,13.89%,6.9868E-4
b5,ref|NC_001133|,23239,CT,C,5,44,11.36%,2.7465E-2
b5,ref|NC_001133|,23712,C,CA,17,49,34.69%,8.743E-7
b5,ref|NC_001133|,25340,C,A,50,50,100%,9.9117E-30
b5,ref|NC_001133|,25851,G,A,5,15,33.33%,2.1073E-2
b5,ref|NC_001133|,25872,G,C,12,12,100%,3.698E-7
b5,ref|NC_001133|,26331,G,A,14,58,24.14%,2.5055E-5
b5,ref|NC_001133|,26373,C,T,10,39,25.64%,5.0524E-4
b5,ref|NC_001133|,26391,A,G,7,24,29.17%,4.7006E-3
b5,ref|NC_001133|,26412,G,C,20,20,100%,7.2544E-12
b5,ref|NC_001133|,31122,CAT,C,8,34,23.53%,2.3332E-3
b5,ref|NC_001133|,35113,G,GA,10,49,20.41%,5.7272E-4
b5,ref|NC_001133|,42085,GA,G,5,42,11.9%,2.7555E-2
b5,ref|NC_001133|,70906,GA,G,6,35,17.14%,1.186E-2
b5,ref|NC_001133|,101281,C,CAA,6,26,23.08%,1.0098E-2
b5,ref|NC_001133|,110695,AAG,A,6,43,13.95%,1.2967E-2
b5,ref|NC_001133|,126880,C,CTT,21,43,48.84%,1.7919E-9
b5,ref|NC_001133|,128103,A,AT,5,32,15.62%,2.5917E-2
b5,ref|NC_001133|,141135,A,T,39,39,100%,3.6742E-23
b5,ref|NC_001133|,152105,CT,C,8,49,16.33%,2.624E-3
b5,ref|NC_001133|,183387,AC,A,46,46,100%,2.4343E-27
b5,ref|NC_001133|,188881,G,C,11,47,23.4%,2.5227E-4
b5,ref|NC_001133|,193631,A,T,44,44,100%,3.8097E-26
b5,ref|NC_001133|,199811,T,G,35,35,100%,8.9137E-21
b5,ref|NC_001133|,199908,C,CT,7,49,14.29%,5.6095E-3
b5,ref|NC_001133|,206126,T,C,11,11,100%,1.4176E-6
b5,ref|NC_001133|,206129,A,C,11,11,100%,1.4176E-6
b5,ref|NC_001133|,206132,G,T,11,11,100%,1.4176E-6
b5,ref|NC_001133|,210818,A,T,47,47,100%,6.1512E-28
b5,ref|NC_001133|,211019,T,C,22,22,100%,4.7526E-13
b5,ref|NC_001133|,225080,TA,T,6,33,18.18%,1.2087E-2
b5,ref|NC_001133|,226914,AT,A,9,42,21.43%,1.1061E-3
b5,ref|NC_001134|,796,T,C,6,25,24%,1.1145E-2
b5,ref|NC_001134|,1675,A,G,6,56,10.71%,1.3571E-2
b5,ref|NC_001134|,5983,C,G,37,37,100%,5.7269E-22
b5,ref|NC_001134|,6440,G,C,38,38,100%,1.4508E-22
b5,ref|NC_001134|,7510,G,A,37,37,100%,5.7269E-22
b5,ref|NC_001134|,7511,G,A,37,37,100%,5.7269E-22
b5,ref|NC_001134|,7912,GA,G,39,41,95.12%,2.1258E-21
b5,ref|NC_001134|,9022,G,GA,17,48,35.42%,5.7598E-7
b5,ref|NC_001134|,15101,T,G,43,43,100%,1.5066E-25
b5,ref|NC_001134|,15510,G,T,54,54,100%,4.0229E-32
b5,ref|NC_001134|,15518,A,G,53,53,100%,1.5943E-31
b5,ref|NC_001134|,16380,C,T,50,50,100%,9.9117E-30
b5,ref|NC_001134|,16392,A,G,46,46,100%,2.4343E-27
b5,ref|NC_001134|,30012,C,T,46,46,100%,2.4343E-27
b5,ref|NC_001134|,30050,A,G,35,35,100%,8.9137E-21
b5,ref|NC_001134|,30210,T,C,10,10,100%,5.4125E-6
b5,ref|NC_001134|,34298,G,A,25,25,100%,7.9107E-15
b5,ref|NC_001134|,35485,C,T,39,39,100%,3.6742E-23
b5,ref|NC_001134|,45956,A,AT,5,48,10.42%,2.7874E-2
b5,ref|NC_001134|,51505,C,T,22,42,52.38%,5.4836E-9
b5,ref|NC_001134|,59755,T,C,48,48,100%,1.554E-28
b5,ref|NC_001134|,62776,GA,G,6,47,12.77%,1.3082E-2
b5,ref|NC_001134|,88484,GGAGAA,G,40,46,86.96%,4.9559E-20
b5,ref|NC_001134|,114661,G,A,5,51,9.8%,2.8203E-2
b5,ref|NC_001134|,115437,G,GA,8,35,22.86%,2.2392E-3
b5,ref|NC_001134|,133870,CAT,C,7,51,13.73%,6.0363E-3
b5,ref|NC_001134|,137659,TA,T,5,38,13.16%,2.6412E-2
b5,ref|NC_001134|,142029,AT,A,5,46,10.87%,2.7799E-2
b5,ref|NC_001134|,153609,AT,A,7,57,12.28%,6.377E-3
b5,ref|NC_001134|,165902,C,CT,15,29,51.72%,1.196E-6
b5,ref|NC_001134|,167978,C,CA,21,35,60%,2.4087E-9
b5,ref|NC_001134|,174714,A,AT,11,38,28.95%,1.9879E-4
b5,ref|NC_001134|,192232,CT,C,10,27,37.04%,3.3576E-4
b5,ref|NC_001134|,199878,T,C,5,58,8.62%,2.8569E-2
b5,ref|NC_001134|,207021,GT,G,6,51,11.76%,1.3136E-2
b5,ref|NC_001134|,221288,AGT,A,30,34,88.24%,2.5943E-15
b5,ref|NC_001134|,250084,T,C,6,38,15.79%,1.2628E-2
b5,ref|NC_001134|,251593,CT,C,7,53,13.21%,6.1774E-3
b5,ref|NC_001134|,252719,A,T,5,46,10.87%,2.7874E-2
b5,ref|NC_001134|,259764,C,T,14,14,100%,2.4927E-8
b5,ref|NC_001134|,263144,GC,G,14,15,93.33%,1.0315E-7
b5,ref|NC_001134|,263153,C,T,17,17,100%,4.2852E-10
b5,ref|NC_001134|,263158,CG,C,18,18,100%,1.1019E-10
b5,ref|NC_001134|,263168,CG,C,19,19,100%,2.8292E-11
b5,ref|NC_001134|,265987,G,A,5,40,12.5%,2.7371E-2
b5,ref|NC_001134|,280999,C,CT,5,45,11.11%,2.7721E-2
b5,ref|NC_001134|,300033,GA,G,8,47,17.02%,2.6808E-3
b5,ref|NC_001134|,307442,TA,T,5,42,11.9%,2.7555E-2
b5,ref|NC_001134|,307654,AT,A,7,50,14%,6.0363E-3
b5,ref|NC_001134|,316949,CA,C,6,41,14.63%,1.2467E-2
b5,ref|NC_001134|,320222,G,C,5,39,12.82%,2.7273E-2
b5,ref|NC_001134|,320223,T,C,5,42,11.9%,2.7555E-2
b5,ref|NC_001134|,356377,G,GA,7,31,22.58%,5.3469E-3
b5,ref|NC_001134|,362782,TCA,T,7,50,14%,6.2398E-3
b5,ref|NC_001134|,369788,CT,C,5,46,10.87%,2.7465E-2
b5,ref|NC_001134|,383176,C,CG,33,33,100%,1.3852E-19
b5,ref|NC_001134|,386207,C,CA,10,37,27.03%,3.5253E-4
b5,ref|NC_001134|,389421,GCT,G,42,45,93.33%,1.6658E-22
b5,ref|NC_001134|,395042,G,GA,5,56,8.93%,2.8142E-2
b5,ref|NC_001134|,415764,CT,C,12,58,20.69%,1.1557E-4
b5,ref|NC_001134|,424938,G,GT,5,54,9.26%,2.8203E-2
b5,ref|NC_001134|,452435,C,CT,5,32,15.62%,2.6093E-2
b5,ref|NC_001134|,479796,C,CA,6,43,13.95%,1.2905E-2
b5,ref|NC_001134|,484775,C,T,6,48,12.5%,1.3237E-2
b5,ref|NC_001134|,485927,GT,G,5,32,15.62%,2.5527E-2
b5,ref|NC_001134|,492950,GAA,G,5,42,11.9%,2.6944E-2
b5,ref|NC_001134|,499536,CA,C,5,39,12.82%,2.6412E-2
b5,ref|NC_001134|,563031,GTT,G,9,41,21.95%,8.4928E-4
b5,ref|NC_001134|,571328,C,CA,6,40,15%,1.219E-2
b5,ref|NC_001134|,576030,T,TA,6,39,15.38%,1.2467E-2
b5,ref|NC_001134|,580332,A,T,9,66,13.64%,1.4589E-3
b5,ref|NC_001134|,604665,A,G,7,56,12.5%,6.4016E-3
b5,ref|NC_001134|,632237,GA,G,5,45,11.11%,2.7799E-2
b5,ref|NC_001134|,681870,TA,T,5,58,8.62%,2.8522E-2
b5,ref|NC_001134|,694611,T,TA,7,53,13.21%,6.2693E-3
b5,ref|NC_001134|,698075,G,GA,5,32,15.62%,2.5729E-2
b5,ref|NC_001134|,700169,AT,A,6,47,12.77%,1.2905E-2
b5,ref|NC_001134|,720641,CT,C,6,57,10.53%,1.3535E-2
b5,ref|NC_001134|,723663,C,CA,8,29,27.59%,1.8042E-3
b5,ref|NC_001134|,730191,CT,C,5,45,11.11%,2.7799E-2
b5,ref|NC_001134|,746362,CATCTGCA,C,48,56,85.71%,1.1332E-23
b5,ref|NC_001134|,758079,A,T,6,57,10.53%,1.3607E-2
b5,ref|NC_001134|,773703,C,CA,5,52,9.62%,2.8142E-2
b5,ref|NC_001134|,774669,CA,C,8,27,29.63%,1.949E-3
b5,ref|NC_001134|,777906,AT,A,5,33,15.15%,2.5917E-2
b5,ref|NC_001134|,784713,CTT,C,5,43,11.63%,2.7273E-2
b5,ref|NC_001134|,809794,AT,A,19,40,47.5%,8.6144E-9
b5,ref|NC_001135|,97,CCA,C,4,12,36.36%,4.3344E-2
b5,ref|NC_001135|,200,AC,A,5,25,20%,2.5076E-2
b5,ref|NC_001135|,231,ACC,A,5,20,25%,2.2239E-2
b5,ref|NC_001135|,8575,C,CA,6,45,13.33%,1.2628E-2
b5,ref|NC_001135|,9181,AT,A,5,31,16.13%,2.5527E-2
b5,ref|NC_001135|,27658,T,TA,5,29,17.24%,2.4548E-2
b5,ref|NC_001135|,42005,CA,C,10,39,25.64%,3.9851E-4
b5,ref|NC_001135|,44541,GA,G,6,45,13.33%,1.238E-2
b5,ref|NC_001135|,50320,AAT,A,6,33,18.18%,1.186E-2
b5,ref|NC_001135|,57055,TA,T,11,42,26.19%,2.2064E-4
b5,ref|NC_001135|,57221,CA,C,6,36,16.67%,1.186E-2
b5,ref|NC_001135|,62748,CAT,C,7,30,23.33%,5.2713E-3
b5,ref|NC_001135|,83035,CAAGT,C,5,26,19.23%,2.531E-2
b5,ref|NC_001135|,83054,T,C,5,30,16.67%,2.6093E-2
b5,ref|NC_001135|,83080,G,A,6,32,18.75%,1.2087E-2
b5,ref|NC_001135|,84421,G,A,38,38,100%,1.4508E-22
b5,ref|NC_001135|,99797,G,A,11,28,39.29%,1.4422E-4
b5,ref|NC_001135|,101876,CT,C,6,40,15%,1.2287E-2
b5,ref|NC_001135|,143131,T,C,38,38,100%,1.4508E-22
b5,ref|NC_001135|,155207,G,GA,6,45,13.33%,1.2905E-2
b5,ref|NC_001135|,162361,T,C,39,39,100%,3.6742E-23
b5,ref|NC_001135|,162396,G,C,39,39,100%,3.6742E-23
b5,ref|NC_001135|,162640,T,G,40,40,100%,9.3017E-24
b5,ref|NC_001135|,162694,G,A,44,44,100%,3.8097E-26
b5,ref|NC_001135|,162712,TA,T,41,46,89.13%,5.7183E-21
b5,ref|NC_001135|,163059,T,C,28,28,100%,1.3074E-16
b5,ref|NC_001135|,163163,G,GA,27,37,72.97%,1.2926E-12
b5,ref|NC_001135|,163192,A,AT,29,29,100%,3.3259E-17
b5,ref|NC_001135|,199081,G,A,20,20,100%,7.2544E-12
b5,ref|NC_001135|,199495,AAT,A,5,43,11.63%,2.764E-2
b5,ref|NC_001135|,229272,C,CA,5,33,15.15%,2.6412E-2
b5,ref|NC_001135|,231005,CT,C,7,37,18.92%,5.0143E-3
b5,ref|NC_001135|,242447,A,AT,5,32,15.62%,2.5917E-2
b5,ref|NC_001135|,259986,G,GT,5,42,11.9%,2.7273E-2
b5,ref|NC_001135|,273025,G,GA,6,37,16.22%,1.2087E-2
b5,ref|NC_001135|,313479,TA,T,6,55,10.91%,1.3535E-2
b5,ref|NC_001135|,315517,CTA,C,6,35,17.14%,1.219E-2
b5,ref|NC_001136|,7721,C,CA,26,27,96.3%,1.4382E-14
b5,ref|NC_001136|,13937,G,A,18,42,42.86%,3.7193E-7
b5,ref|NC_001136|,27734,C,T,8,46,17.39%,2.8033E-3
b5,ref|NC_001136|,27738,A,G,5,44,11.36%,2.7721E-2
b5,ref|NC_001136|,27742,A,G,5,46,10.87%,2.7874E-2
b5,ref|NC_001136|,27747,A,G,5,43,11.63%,2.764E-2
b5,ref|NC_001136|,34762,G,A,5,59,8.47%,2.8614E-2
b5,ref|NC_001136|,57073,G,GA,5,34,14.71%,2.6257E-2
b5,ref|NC_001136|,92682,GA,G,10,27,37.04%,2.6061E-4
b5,ref|NC_001136|,99407,GA,G,6,52,11.54%,1.3285E-2
b5,ref|NC_001136|,100520,A,T,5,50,10%,2.8142E-2
b5,ref|NC_001136|,105479,C,T,5,29,17.24%,2.5917E-2
b5,ref|NC_001136|,126537,C,CT,7,29,24.14%,4.9169E-3
b5,ref|NC_001136|,126569,A,C,5,21,23.81%,2.3921E-2
b5,ref|NC_001136|,141706,C,A,5,51,9.8%,2.8203E-2
b5,ref|NC_001136|,191448,G,GA,5,47,10.64%,2.7945E-2
b5,ref|NC_001136|,211214,GA,G,5,60,8.33%,2.8658E-2
b5,ref|NC_001136|,212440,GT,G,5,50,10%,2.7555E-2
b5,ref|NC_001136|,240138,CAT,C,5,33,15.15%,2.6412E-2
b5,ref|NC_001136|,270441,A,G,5,45,11.11%,2.7799E-2
b5,ref|NC_001136|,273629,GT,G,10,34,29.41%,2.6061E-4
b5,ref|NC_001136|,300038,GA,G,8,56,14.29%,2.9389E-3
b5,ref|NC_001136|,344004,G,GTA,13,27,48.15%,1.1242E-5
b5,ref|NC_001136|,362378,T,TA,7,59,11.86%,6.4016E-3
b5,ref|NC_001136|,394573,T,C,10,53,18.87%,6.1215E-4
b5,ref|NC_001136|,403511,G,GT,45,56,80.36%,9.5212E-22
b5,ref|NC_001136|,410887,A,AT,5,37,13.51%,2.706E-2
b5,ref|NC_001136|,427105,C,CT,7,62,11.29%,6.5131E-3
b5,ref|NC_001136|,436198,CT,C,5,33,15.15%,2.6093E-2
b5,ref|NC_001136|,444482,GAT,G,6,61,9.84%,1.3737E-2
b5,ref|NC_001136|,450188,GTA,G,7,28,25%,5.1054E-3
b5,ref|NC_001136|,452907,C,CA,6,60,10.17%,1.3674E-2
b5,ref|NC_001136|,461946,G,A,124,174,71.26%,1.1687E-53
b5,ref|NC_001136|,462158,A,G,728,772,94.3%,0E0
b5,ref|NC_001136|,471707,AT,A,6,41,14.63%,1.2773E-2
b5,ref|NC_001136|,482472,GA,G,14,57,24.56%,2.3225E-5
b5,ref|NC_001136|,489441,AAT,A,12,40,30%,8.1472E-5
b5,ref|NC_001136|,505233,CAT,C,5,55,9.09%,2.8423E-2
b5,ref|NC_001136|,506937,T,TA,6,67,8.96%,1.3767E-2
b5,ref|NC_001136|,519899,GT,G,5,22,22.73%,2.3166E-2
b5,ref|NC_001136|,523025,C,CT,5,42,11.9%,2.7555E-2
b5,ref|NC_001136|,538733,GTA,G,13,31,41.94%,1.9812E-5
b5,ref|NC_001136|,542558,CA,C,8,48,16.67%,2.7074E-3
b5,ref|NC_001136|,548546,G,GT,19,47,40.43%,7.3012E-8
b5,ref|NC_001136|,551819,CA,C,5,32,15.62%,2.6093E-2
b5,ref|NC_001136|,557391,A,G,6,36,16.67%,1.2467E-2
b5,ref|NC_001136|,587839,C,CT,7,36,19.44%,5.0143E-3
b5,ref|NC_001136|,588619,T,TA,5,48,10.42%,2.8014E-2
b5,ref|NC_001136|,589651,TA,T,5,59,8.47%,2.8569E-2
b5,ref|NC_001136|,607042,G,GA,5,51,9.8%,2.7945E-2
b5,ref|NC_001136|,621879,G,GA,11,48,22.92%,1.8662E-4
b5,ref|NC_001136|,668949,T,TA,8,49,16.33%,2.8457E-3
b5,ref|NC_001136|,680128,CT,C,5,51,9.8%,2.8079E-2
b5,ref|NC_001136|,688062,C,CTT,22,41,53.66%,4.1351E-10
b5,ref|NC_001136|,722221,G,GA,5,52,9.62%,2.8203E-2
b5,ref|NC_001136|,730093,T,A,5,47,10.64%,2.7945E-2
b5,ref|NC_001136|,746353,CA,C,6,53,11.32%,1.3417E-2
b5,ref|NC_001136|,757631,G,C,26,26,100%,2.0165E-15
b5,ref|NC_001136|,758310,T,C,25,25,100%,7.9107E-15
b5,ref|NC_001136|,778757,GTAT,G,5,38,13.16%,2.6693E-2
b5,ref|NC_001136|,791925,CA,C,6,57,10.53%,1.3497E-2
b5,ref|NC_001136|,810472,T,TTA,6,38,15.79%,1.2467E-2
b5,ref|NC_001136|,812962,CAT,C,5,49,10.2%,2.7945E-2
b5,ref|NC_001136|,817531,T,TA,33,39,84.62%,5.7997E-17
b5,ref|NC_001136|,832717,C,CA,8,41,19.51%,2.6808E-3
b5,ref|NC_001136|,835638,GA,G,5,51,9.8%,2.8079E-2
b5,ref|NC_001136|,838275,C,CA,5,55,9.09%,2.8423E-2
b5,ref|NC_001136|,840422,AAT,A,7,44,15.91%,5.8688E-3
b5,ref|NC_001136|,855684,A,T,6,47,12.77%,1.3188E-2
b5,ref|NC_001136|,880697,A,G,30,30,100%,8.4556E-18
b5,ref|NC_001136|,884572,CT,C,9,31,29.03%,9.1169E-4
b5,ref|NC_001136|,888042,GA,G,5,60,8.33%,2.8658E-2
b5,ref|NC_001136|,900853,AT,A,5,54,9.26%,2.8261E-2
b5,ref|NC_001136|,915100,A,G,10,38,26.32%,4.9525E-4
b5,ref|NC_001136|,921813,C,CA,8,44,18.18%,2.4931E-3
b5,ref|NC_001136|,930964,CAT,C,6,37,16.22%,1.219E-2
b5,ref|NC_001136|,940341,A,T,7,52,13.46%,6.2977E-3
b5,ref|NC_001136|,955986,GA,G,5,43,11.63%,2.7169E-2
b5,ref|NC_001136|,966520,TA,T,6,20,30%,8.4291E-3
b5,ref|NC_001136|,987244,G,A,43,43,100%,1.5066E-25
b5,ref|NC_001136|,1007254,C,G,5,32,15.62%,2.6412E-2
b5,ref|NC_001136|,1015989,G,GA,5,47,10.64%,2.7555E-2
b5,ref|NC_001136|,1046394,C,T,6,23,26.09%,1.0777E-2
b5,ref|NC_001136|,1079010,AT,A,8,33,24.24%,2.2392E-3
b5,ref|NC_001136|,1084521,G,GA,6,41,14.63%,1.238E-2
b5,ref|NC_001136|,1084685,GA,G,9,44,20.45%,1.2112E-3
b5,ref|NC_001136|,1090113,G,GA,9,38,23.68%,1.042E-3
b5,ref|NC_001136|,1105909,A,AT,7,54,12.96%,6.0738E-3
b5,ref|NC_001136|,1150910,A,AG,37,39,94.87%,3.0128E-20
b5,ref|NC_001136|,1163256,T,A,5,45,11.11%,2.7799E-2
b5,ref|NC_001136|,1173810,A,G,5,27,18.52%,2.5527E-2
b5,ref|NC_001136|,1173811,A,G,9,31,29.03%,9.9376E-4
b5,ref|NC_001136|,1173812,A,G,15,36,41.67%,4.8188E-6
b5,ref|NC_001136|,1240959,GA,G,8,57,14.04%,2.8851E-3
b5,ref|NC_001136|,1253397,T,C,43,43,100%,1.5066E-25
b5,ref|NC_001136|,1254534,AT,A,5,67,7.46%,2.8819E-2
b5,ref|NC_001136|,1305680,TG,T,64,66,96.97%,6.0362E-36
b5,ref|NC_001136|,1341641,TC,T,6,49,12.24%,1.3136E-2
b5,ref|NC_001136|,1357474,A,AT,7,23,30.43%,4.3101E-3
b5,ref|NC_001136|,1384940,AGT,A,5,40,12.5%,2.7371E-2
b5,ref|NC_001136|,1385471,CAT,C,6,43,13.95%,1.2702E-2
b5,ref|NC_001136|,1388815,A,AT,5,50,10%,2.8079E-2
b5,ref|NC_001136|,1402305,C,T,41,41,100%,2.3541E-24
b5,ref|NC_001136|,1412225,G,GA,10,54,18.52%,5.9987E-4
b5,ref|NC_001136|,1425285,TA,T,5,43,11.63%,2.764E-2
b5,ref|NC_001136|,1433237,C,T,5,50,10%,2.8142E-2
b5,ref|NC_001136|,1433710,A,T,48,48,100%,1.554E-28
b5,ref|NC_001136|,1438608,A,G,5,70,7.14%,2.9026E-2
b5,ref|NC_001136|,1443538,GA,G,5,38,13.16%,2.706E-2
b5,ref|NC_001136|,1460996,C,T,6,64,9.38%,1.3824E-2
b5,ref|NC_001136|,1466418,GT,G,8,51,15.69%,2.7074E-3
b5,ref|NC_001136|,1468506,C,CA,6,43,13.95%,1.2905E-2
b5,ref|NC_001136|,1474784,AT,A,8,36,22.22%,2.3764E-3
b5,ref|NC_001136|,1494413,C,CA,5,51,9.8%,2.8079E-2
b5,ref|NC_001136|,1515034,TA,T,46,59,77.97%,9.8993E-22
b5,ref|NC_001136|,1518948,G,GT,23,36,63.89%,1.9117E-10
b5,ref|NC_001136|,1524974,A,G,36,36,100%,2.2598E-21
b5,ref|NC_001137|,14724,CA,C,12,48,25%,1.0032E-4
b5,ref|NC_001137|,21321,T,TA,9,53,16.98%,1.2263E-3
b5,ref|NC_001137|,31460,CAT,C,5,49,10.2%,2.7721E-2
b5,ref|NC_001137|,36289,G,GT,6,38,15.79%,1.219E-2
b5,ref|NC_001137|,48384,T,C,39,39,100%,3.6742E-23
b5,ref|NC_001137|,52435,C,CA,5,60,8.33%,2.8522E-2
b5,ref|NC_001137|,59372,CTTT,C,5,51,9.8%,2.7371E-2
b5,ref|NC_001137|,64154,CT,C,5,40,12.5%,2.7273E-2
b5,ref|NC_001137|,85410,GA,G,5,40,12.5%,2.7371E-2
b5,ref|NC_001137|,100573,TA,T,5,30,16.67%,2.4823E-2
b5,ref|NC_001137|,116086,G,A,14,14,100%,2.4927E-8
b5,ref|NC_001137|,116577,G,A,30,30,100%,8.4556E-18
b5,ref|NC_001137|,116644,G,T,33,33,100%,1.3852E-19
b5,ref|NC_001137|,122728,GA,G,8,43,18.6%,2.653E-3
b5,ref|NC_001137|,148091,GA,G,9,55,16.36%,1.3055E-3
b5,ref|NC_001137|,154531,T,A,39,39,100%,3.6742E-23
b5,ref|NC_001137|,159027,C,CA,7,35,20%,5.1909E-3
b5,ref|NC_001137|,182434,A,T,5,47,10.64%,2.7945E-2
b5,ref|NC_001137|,217691,T,TA,5,40,12.5%,2.706E-2
b5,ref|NC_001137|,223285,A,G,7,49,14.29%,6.2092E-3
b5,ref|NC_001137|,243665,G,GA,7,26,26.92%,4.3101E-3
b5,ref|NC_001137|,261464,C,CA,10,33,30.3%,2.8066E-4
b5,ref|NC_001137|,268335,G,GA,6,38,15.79%,1.2467E-2
b5,ref|NC_001137|,272558,GT,G,25,31,80.65%,2.745E-12
b5,ref|NC_001137|,289244,A,AT,5,40,12.5%,2.6822E-2
b5,ref|NC_001137|,291632,CT,C,5,39,12.82%,2.7169E-2
b5,ref|NC_001137|,294801,C,T,5,36,13.89%,2.6944E-2
b5,ref|NC_001137|,305701,C,CA,5,48,10.42%,2.7945E-2
b5,ref|NC_001137|,305799,C,CT,8,50,16%,2.7573E-3
b5,ref|NC_001137|,316709,AT,A,5,56,8.93%,2.8317E-2
b5,ref|NC_001137|,352394,A,G,38,38,100%,1.4508E-22
b5,ref|NC_001137|,382298,A,AT,6,25,24%,9.2021E-3
b5,ref|NC_001137|,382523,C,CA,8,58,13.79%,2.8033E-3
b5,ref|NC_001137|,386143,GA,G,6,45,13.33%,1.3026E-2
b5,ref|NC_001137|,386286,C,CT,5,38,13.16%,2.706E-2
b5,ref|NC_001137|,390254,CA,C,8,59,13.56%,3.0025E-3
b5,ref|NC_001137|,404488,CT,C,12,34,35.29%,6.1809E-5
b5,ref|NC_001137|,407127,GA,G,7,46,15.22%,6.1097E-3
b5,ref|NC_001137|,413363,T,TA,7,43,16.28%,5.721E-3
b5,ref|NC_001137|,498821,C,G,5,40,12.5%,2.7371E-2
b5,ref|NC_001137|,510328,C,CA,5,37,13.51%,2.706E-2
b5,ref|NC_001137|,512169,CT,C,5,55,9.09%,2.8261E-2
b5,ref|NC_001137|,517529,T,C,42,42,100%,5.9562E-25
b5,ref|NC_001137|,522970,A,AT,6,49,12.24%,1.2967E-2
b5,ref|NC_001137|,555363,T,TA,5,53,9.43%,2.8203E-2
b5,ref|NC_001138|,8304,TA,T,5,41,12.2%,2.706E-2
b5,ref|NC_001138|,11006,A,G,7,42,16.67%,5.9563E-3
b5,ref|NC_001138|,11068,CT,C,8,55,14.55%,2.8851E-3
b5,ref|NC_001138|,12416,T,A,48,67,71.64%,3.6447E-21
b5,ref|NC_001138|,54494,G,GT,5,40,12.5%,2.7371E-2
b5,ref|NC_001138|,75912,C,CT,6,24,25%,9.828E-3
b5,ref|NC_001138|,97617,T,TA,8,32,25%,2.2392E-3
b5,ref|NC_001138|,97864,C,CTT,28,31,90.32%,4.194E-15
b5,ref|NC_001138|,99153,C,CA,5,43,11.63%,2.7371E-2
b5,ref|NC_001138|,106277,C,CTT,27,35,77.14%,4.6134E-14
b5,ref|NC_001138|,114395,C,G,5,30,16.67%,2.6093E-2
b5,ref|NC_001138|,148941,C,CT,5,44,11.36%,2.7465E-2
b5,ref|NC_001138|,210067,AT,A,5,36,13.89%,2.6693E-2
b5,ref|NC_001138|,223995,T,TA,10,37,27.03%,4.8486E-4
b5,ref|NC_001138|,226131,C,CA,6,42,14.29%,1.2628E-2
b5,ref|NC_001139|,214,A,AC,34,36,94.44%,1.5887E-18
b5,ref|NC_001139|,8151,G,GA,40,43,93.02%,2.287E-21
b5,ref|NC_001139|,46077,T,C,5,47,10.64%,2.7945E-2
b5,ref|NC_001139|,49415,CT,C,5,52,9.62%,2.8142E-2
b5,ref|NC_001139|,109842,T,A,5,52,9.62%,2.8261E-2
b5,ref|NC_001139|,114776,C,T,6,57,10.53%,1.3607E-2
b5,ref|NC_001139|,154579,T,TA,6,46,13.04%,1.3136E-2
b5,ref|NC_001139|,161390,G,A,5,53,9.43%,2.8317E-2
b5,ref|NC_001139|,167250,CA,C,7,32,21.88%,5.2713E-3
b5,ref|NC_001139|,167622,C,CA,11,30,36.67%,1.4422E-4
b5,ref|NC_001139|,190778,GA,G,9,51,17.65%,1.2935E-3
b5,ref|NC_001139|,278779,CT,C,6,45,13.33%,1.2549E-2
b5,ref|NC_001139|,282785,T,A,6,55,10.91%,1.3535E-2
b5,ref|NC_001139|,307179,CAT,C,6,26,23.08%,1.1145E-2
b5,ref|NC_001139|,311589,C,A,42,42,100%,5.9562E-25
b5,ref|NC_001139|,323361,AT,A,10,36,27.78%,3.9851E-4
b5,ref|NC_001139|,326269,CA,C,7,39,17.95%,5.4182E-3
b5,ref|NC_001139|,366778,TA,T,9,47,19.15%,1.1955E-3
b5,ref|NC_001139|,371569,G,A,39,39,100%,3.6742E-23
b5,ref|NC_001139|,379871,TG,T,6,44,13.64%,1.3026E-2
b5,ref|NC_001139|,386978,C,G,50,50,100%,9.9117E-30
b5,ref|NC_001139|,386979,G,C,49,49,100%,3.925E-29
b5,ref|NC_001139|,397834,GA,G,20,49,40.82%,2.3419E-8
b5,ref|NC_001139|,400550,G,GT,15,32,46.88%,1.7241E-6
b5,ref|NC_001139|,401674,C,A,57,57,100%,6.4572E-34
b5,ref|NC_001139|,401698,T,A,60,60,100%,1.035E-35
b5,ref|NC_001139|,404474,A,AG,27,30,90%,4.6134E-14
b5,ref|NC_001139|,404522,T,TG,21,23,91.3%,3.6437E-11
b5,ref|NC_001139|,404935,C,G,42,42,100%,5.9562E-25
b5,ref|NC_001139|,404936,G,C,42,42,100%,5.9562E-25
b5,ref|NC_001139|,405085,CG,C,49,51,96.08%,3.4484E-27
b5,ref|NC_001139|,407000,G,T,7,53,13.21%,6.3251E-3
b5,ref|NC_001139|,423118,G,A,8,62,12.9%,3.0712E-3
b5,ref|NC_001139|,428255,C,CT,7,46,15.22%,6.0738E-3
b5,ref|NC_001139|,438696,C,CA,5,59,8.47%,2.8569E-2
b5,ref|NC_001139|,465811,G,GT,9,58,15.52%,1.3694E-3
b5,ref|NC_001139|,483131,TA,T,5,24,20.83%,2.4248E-2
b5,ref|NC_001139|,484095,C,CT,5,51,9.8%,2.8014E-2
b5,ref|NC_001139|,492140,C,T,5,65,7.69%,2.8856E-2
b5,ref|NC_001139|,496729,T,TA,46,57,80.7%,2.7952E-22
b5,ref|NC_001139|,515600,T,C,5,29,17.24%,2.5917E-2
b5,ref|NC_001139|,526620,A,T,5,47,10.64%,2.7945E-2
b5,ref|NC_001139|,529326,G,A,6,48,12.5%,1.3237E-2
b5,ref|NC_001139|,531844,CAT,C,5,32,15.62%,2.6093E-2
b5,ref|NC_001139|,548070,C,CT,5,48,10.42%,2.7799E-2
b5,ref|NC_001139|,582530,T,TA,9,42,21.43%,1.1061E-3
b5,ref|NC_001139|,583439,T,C,5,36,13.89%,2.6944E-2
b5,ref|NC_001139|,609109,T,TA,5,49,10.2%,2.7721E-2
b5,ref|NC_001139|,616171,AT,A,5,38,13.16%,2.5917E-2
b5,ref|NC_001139|,627186,CT,C,7,31,22.58%,4.8126E-3
b5,ref|NC_001139|,637679,AT,A,6,40,15%,1.2628E-2
b5,ref|NC_001139|,639673,G,GA,5,45,11.11%,2.6412E-2
b5,ref|NC_001139|,640617,CT,C,8,42,19.05%,2.5617E-3
b5,ref|NC_001139|,659035,G,A,5,45,11.11%,2.7799E-2
b5,ref|NC_001139|,678070,C,CT,5,34,14.71%,2.5917E-2
b5,ref|NC_001139|,700000,AT,A,7,44,15.91%,5.6667E-3
b5,ref|NC_001139|,707041,C,CA,5,32,15.62%,2.6412E-2
b5,ref|NC_001139|,715716,G,GA,5,43,11.63%,2.7169E-2
b5,ref|NC_001139|,733109,AT,A,8,35,22.86%,2.1337E-3
b5,ref|NC_001139|,736553,T,TA,6,44,13.64%,1.2905E-2
b5,ref|NC_001139|,774303,A,G,5,34,14.71%,2.6693E-2
b5,ref|NC_001139|,807865,CA,C,9,32,28.12%,7.7962E-4
b5,ref|NC_001139|,840600,GA,G,11,51,21.57%,2.5621E-4
b5,ref|NC_001139|,848540,GA,G,5,43,11.63%,2.706E-2
b5,ref|NC_001139|,850800,G,GA,13,54,24.07%,4.9906E-5
b5,ref|NC_001139|,856430,C,CA,5,50,10%,2.7945E-2
b5,ref|NC_001139|,878684,G,GA,6,57,10.53%,1.3535E-2
b5,ref|NC_001139|,910112,C,CT,8,39,20.51%,2.5617E-3
b5,ref|NC_001139|,911682,T,A,5,60,8.33%,2.8658E-2
b5,ref|NC_001139|,914928,GA,G,5,45,11.11%,2.7465E-2
b5,ref|NC_001139|,968891,C,CT,5,55,9.09%,2.8317E-2
b5,ref|NC_001139|,974193,G,GA,6,49,12.24%,1.3136E-2
b5,ref|NC_001139|,982259,G,GA,9,48,18.75%,1.2547E-3
b5,ref|NC_001139|,985722,AT,A,13,46,28.26%,3.1103E-5
b5,ref|NC_001139|,989675,A,AT,7,40,17.5%,5.5492E-3
b5,ref|NC_001139|,1002673,A,G,40,40,100%,9.3017E-24
b5,ref|NC_001139|,1004507,AAT,A,5,32,15.62%,2.6257E-2
b5,ref|NC_001139|,1006277,G,C,42,43,97.67%,6.6289E-24
b5,ref|NC_001139|,1006278,C,G,42,43,97.67%,6.6289E-24
b5,ref|NC_001139|,1006279,G,C,42,43,97.67%,5.9562E-25
b5,ref|NC_001139|,1022414,T,A,5,53,9.43%,2.8317E-2
b5,ref|NC_001139|,1048639,GA,G,10,50,20%,5.4972E-4
b5,ref|NC_001139|,1051832,C,CT,7,51,13.73%,6.2092E-3
b5,ref|NC_001139|,1065701,A,T,5,49,10.2%,2.8079E-2
b5,ref|NC_001140|,1846,A,G,11,26,42.31%,1.2791E-4
b5,ref|NC_001140|,2292,G,GC,13,21,61.9%,3.7078E-6
b5,ref|NC_001140|,17534,A,AT,23,39,58.97%,4.6576E-10
b5,ref|NC_001140|,32871,A,AT,5,50,10%,2.8142E-2
b5,ref|NC_001140|,36220,G,GA,5,37,13.51%,2.706E-2
b5,ref|NC_001140|,43463,CT,C,5,52,9.62%,2.8261E-2
b5,ref|NC_001140|,43651,G,C,5,51,9.8%,2.8203E-2
b5,ref|NC_001140|,62601,C,CT,5,55,9.09%,2.8423E-2
b5,ref|NC_001140|,75976,AAT,A,6,38,15.79%,1.238E-2
b5,ref|NC_001140|,81858,C,CA,5,30,16.67%,2.3562E-2
b5,ref|NC_001140|,82224,C,T,5,32,15.62%,2.6412E-2
b5,ref|NC_001140|,85273,G,GA,6,42,14.29%,1.2841E-2
b5,ref|NC_001140|,85508,TTA,T,46,51,90.2%,9.5589E-24
b5,ref|NC_001140|,111530,C,CTA,8,42,19.05%,2.4562E-3
b5,ref|NC_001140|,115390,AT,A,5,42,11.9%,2.7169E-2
b5,ref|NC_001140|,120062,G,GT,5,36,13.89%,2.6412E-2
b5,ref|NC_001140|,125832,GA,G,8,31,25.81%,2.076E-3
b5,ref|NC_001140|,150915,G,A,5,24,20.83%,2.4823E-2
b5,ref|NC_001140|,163972,TG,T,5,59,8.47%,2.8614E-2
b5,ref|NC_001140|,168456,C,G,9,33,27.27%,1.042E-3
b5,ref|NC_001140|,176845,TA,T,6,36,16.67%,1.219E-2
b5,ref|NC_001140|,187029,GA,G,6,23,26.09%,7.971E-3
b5,ref|NC_001140|,189097,G,GA,5,44,11.36%,2.7273E-2
b5,ref|NC_001140|,198461,TA,T,7,32,21.88%,5.4182E-3
b5,ref|NC_001140|,214256,CT,C,39,307,12.7%,4.1448E-13
b5,ref|NC_001140|,229199,GA,G,6,47,12.77%,1.238E-2
b5,ref|NC_001140|,236957,TA,T,5,27,18.52%,2.4248E-2
b5,ref|NC_001140|,276435,C,CA,6,40,15%,1.2702E-2
b5,ref|NC_001140|,278225,A,G,5,39,12.82%,2.7273E-2
b5,ref|NC_001140|,302784,G,A,5,37,13.51%,2.706E-2
b5,ref|NC_001140|,355524,A,T,5,58,8.62%,2.8569E-2
b5,ref|NC_001140|,387090,A,AT,14,43,32.56%,1.2704E-5
b5,ref|NC_001140|,396945,GA,G,13,44,29.55%,3.2589E-5
b5,ref|NC_001140|,417054,G,A,38,38,100%,1.4508E-22
b5,ref|NC_001140|,433601,A,G,6,59,10.17%,1.3674E-2
b5,ref|NC_001140|,433707,T,A,6,82,7.32%,1.4214E-2
b5,ref|NC_001140|,459034,T,C,40,41,97.56%,9.8874E-23
b5,ref|NC_001140|,475549,CA,C,7,33,21.21%,5.1054E-3
b5,ref|NC_001140|,475931,TTA,T,27,35,77.14%,1.125E-13
b5,ref|NC_001140|,508800,CA,C,12,38,31.58%,6.8751E-5
b5,ref|NC_001140|,511255,C,T,27,27,100%,5.1363E-16
b5,ref|NC_001140|,512211,GA,G,8,40,20%,2.5282E-3
b5,ref|NC_001140|,528882,A,AT,5,56,8.93%,2.8261E-2
b5,ref|NC_001140|,532813,A,G,11,59,18.64%,2.925E-4
b5,ref|NC_001140|,562374,G,A,8,75,10.67%,3.2091E-3
b5,ref|NC_001140|,562385,AT,A,11,72,15.28%,3.0557E-4
b5,ref|NC_001140|,562424,A,T,6,70,8.57%,1.3976E-2
b5,ref|NC_001140|,562425,G,A,5,71,7.04%,2.9058E-2
b5,ref|NC_001140|,562440,A,G,10,68,14.71%,6.8401E-4
b5,ref|NC_001140|,562443,A,G,9,65,13.85%,1.4519E-3
b5,ref|NC_001140|,562484,T,TG,20,51,39.22%,9.3266E-8
b5,ref|NC_001140|,562485,GT,G,5,36,13.89%,2.6944E-2
b5,ref|NC_001140|,562498,GT,G,20,56,35.71%,1.204E-7
b5,ref|NC_001140|,562559,GGGTGT,G,11,41,26.83%,2.2563E-4
b5,ref|NC_001140|,562575,T,TG,5,22,22.73%,2.3921E-2
b5,ref|NC_001140|,562606,T,TG,5,13,41.67%,1.6254E-2
b5,ref|NC_001140|,562619,T,TG,4,13,30.77%,4.6584E-2
b5,ref|NC_001141|,23082,TG,T,15,19,78.95%,2.5053E-7
b5,ref|NC_001141|,25418,T,C,13,67,19.4%,6.4168E-5
b5,ref|NC_001141|,25586,T,C,12,53,22.64%,1.2122E-4
b5,ref|NC_001141|,25593,C,T,8,56,14.29%,2.9874E-3
b5,ref|NC_001141|,25594,T,A,9,52,17.31%,1.3391E-3
b5,ref|NC_001141|,37201,C,CT,5,49,10.2%,2.7799E-2
b5,ref|NC_001141|,39373,T,TA,24,30,80%,2.0853E-12
b5,ref|NC_001141|,40423,T,C,5,40,12.5%,2.7371E-2
b5,ref|NC_001141|,45874,T,C,7,29,24.14%,5.1909E-3
b5,ref|NC_001141|,57277,C,CA,23,34,67.65%,3.5675E-10
b5,ref|NC_001141|,76013,C,CT,5,57,8.77%,2.8371E-2
b5,ref|NC_001141|,102536,C,CT,6,38,15.79%,1.2287E-2
b5,ref|NC_001141|,105433,A,AAAT,30,36,83.33%,1.1855E-14
b5,ref|NC_001141|,142143,T,C,6,55,10.91%,1.3535E-2
b5,ref|NC_001141|,163245,AT,A,6,33,18.18%,1.1309E-2
b5,ref|NC_001141|,177466,CAT,C,6,33,18.18%,1.1977E-2
b5,ref|NC_001141|,183251,C,CT,10,51,19.61%,5.4148E-4
b5,ref|NC_001141|,187822,G,GA,5,28,17.86%,2.5076E-2
b5,ref|NC_001141|,241032,G,GA,12,39,30.77%,5.4482E-5
b5,ref|NC_001141|,245962,CT,C,17,39,43.59%,3.0928E-7
b5,ref|NC_001141|,249625,CT,C,6,38,15.79%,1.2628E-2
b5,ref|NC_001141|,254003,TA,T,31,46,67.39%,1.1554E-14
b5,ref|NC_001141|,257480,C,CA,5,49,10.2%,2.7874E-2
b5,ref|NC_001141|,267870,TA,T,8,29,27.59%,2.188E-3
b5,ref|NC_001141|,290193,GA,G,7,33,21.21%,4.9169E-3
b5,ref|NC_001141|,318694,T,A,35,35,100%,8.9137E-21
b5,ref|NC_001141|,339225,C,CT,4,21,19.05%,4.9808E-2
b5,ref|NC_001141|,355926,T,TA,6,60,10%,1.3706E-2
b5,ref|NC_001141|,363071,C,CT,5,25,20%,2.5076E-2
b5,ref|NC_001141|,370195,A,AT,5,38,13.16%,2.6412E-2
b5,ref|NC_001141|,375747,A,T,36,36,100%,2.2598E-21
b5,ref|NC_001141|,380935,G,GA,5,41,12.2%,2.706E-2
b5,ref|NC_001141|,385640,AT,A,6,46,13.04%,1.2628E-2
b5,ref|NC_001141|,433264,AT,A,5,71,7.04%,2.9026E-2
b5,ref|NC_001142|,28946,C,CT,5,43,11.63%,2.7273E-2
b5,ref|NC_001142|,59054,GA,G,7,30,23.33%,5.1054E-3
b5,ref|NC_001142|,60682,GT,G,5,30,16.67%,2.5076E-2
b5,ref|NC_001142|,97478,G,A,42,42,100%,5.9562E-25
b5,ref|NC_001142|,113474,A,AT,6,46,13.04%,1.3082E-2
b5,ref|NC_001142|,117588,A,G,5,41,12.2%,2.7465E-2
b5,ref|NC_001142|,134112,GA,G,11,40,27.5%,1.9879E-4
b5,ref|NC_001142|,147243,C,T,49,49,100%,3.925E-29
b5,ref|NC_001142|,163778,A,G,5,51,9.8%,2.8203E-2
b5,ref|NC_001142|,173179,GT,G,6,47,12.77%,1.2967E-2
b5,ref|NC_001142|,199170,A,C,35,35,100%,8.9137E-21
b5,ref|NC_001142|,200219,A,G,40,40,100%,9.3017E-24
b5,ref|NC_001142|,207747,GA,G,5,50,10%,2.7874E-2
b5,ref|NC_001142|,243090,A,T,7,53,13.21%,6.3251E-3
b5,ref|NC_001142|,248925,TA,T,5,38,13.16%,2.7169E-2
b5,ref|NC_001142|,265872,GT,G,5,26,19.23%,2.1691E-2
b5,ref|NC_001142|,268747,AT,A,6,35,17.14%,1.186E-2
b5,ref|NC_001142|,315657,G,GA,7,43,16.28%,5.8688E-3
b5,ref|NC_001142|,319847,GA,G,6,44,13.64%,1.2967E-2
b5,ref|NC_001142|,342348,AT,A,7,40,17.5%,5.1909E-3
b5,ref|NC_001142|,359824,GA,G,9,50,18%,1.2547E-3
b5,ref|NC_001142|,388260,CA,C,5,34,14.71%,2.6257E-2
b5,ref|NC_001142|,393010,GC,G,5,53,9.43%,2.8317E-2
b5,ref|NC_001142|,424906,CT,C,10,54,18.52%,5.4972E-4
b5,ref|NC_001142|,457903,CA,C,7,43,16.28%,5.4182E-3
b5,ref|NC_001142|,470130,GTAA,G,19,37,51.35%,6.3952E-8
b5,ref|NC_001142|,478375,A,C,4,11,36.36%,4.5113E-2
b5,ref|NC_001142|,478376,T,C,4,11,36.36%,4.5113E-2
b5,ref|NC_001142|,484190,CT,C,6,48,12.5%,1.3237E-2
b5,ref|NC_001142|,497098,A,AAT,18,31,58.06%,9.3503E-8
b5,ref|NC_001142|,497303,AAT,A,7,41,17.07%,5.8688E-3
b5,ref|NC_001142|,507582,T,A,5,41,12.2%,2.7465E-2
b5,ref|NC_001142|,523904,T,TA,7,42,16.67%,5.7727E-3
b5,ref|NC_001142|,525702,G,GA,7,40,17.5%,5.5492E-3
b5,ref|NC_001142|,525720,C,A,5,34,16.13%,2.6257E-2
b5,ref|NC_001142|,526730,T,C,210,241,87.14%,1.3431E-103
b5,ref|NC_001142|,526863,A,G,412,443,93%,2.8704E-217
b5,ref|NC_001142|,568755,TA,T,9,45,20%,1.2263E-3
b5,ref|NC_001142|,572179,A,T,5,59,8.47%,2.8614E-2
b5,ref|NC_001142|,580248,CT,C,7,45,15.56%,5.9136E-3
b5,ref|NC_001142|,586417,CA,C,6,43,13.95%,1.2773E-2
b5,ref|NC_001142|,596123,ATATC,A,7,44,15.91%,6.0363E-3
b5,ref|NC_001142|,636995,C,CA,5,43,11.63%,2.7465E-2
b5,ref|NC_001142|,639652,A,G,4,15,26.67%,4.9808E-2
b5,ref|NC_001142|,640784,G,GA,29,36,80.56%,4.008E-14
b5,ref|NC_001142|,689260,TA,T,6,51,11.76%,1.3375E-2
b5,ref|NC_001142|,715095,G,A,8,13,61.54%,8.238E-4
b5,ref|NC_001142|,715099,G,T,8,12,66.67%,6.7304E-4
b5,ref|NC_001142|,715108,A,T,5,13,38.46%,1.9565E-2
b5,ref|NC_001142|,715114,G,A,4,13,30.77%,4.7826E-2
b5,ref|NC_001142|,738075,G,T,36,74,48.65%,4.8851E-14
b5,ref|NC_001142|,740238,T,C,17,17,100%,4.2852E-10
b5,ref|NC_001143|,457,C,CA,42,42,100%,5.9562E-25
b5,ref|NC_001143|,22040,CA,C,7,24,29.17%,3.9926E-3
b5,ref|NC_001143|,23077,ATT,A,5,58,8.62%,2.8569E-2
b5,ref|NC_001143|,33279,CAATA,C,5,26,19.23%,2.531E-2
b5,ref|NC_001143|,67773,CT,C,7,33,21.21%,4.9169E-3
b5,ref|NC_001143|,68454,G,GCC,41,41,100%,2.3541E-24
b5,ref|NC_001143|,68468,T,TG,43,43,100%,1.5066E-25
b5,ref|NC_001143|,72247,T,C,8,27,29.63%,2.1337E-3
b5,ref|NC_001143|,134467,A,AT,5,39,12.82%,2.706E-2
b5,ref|NC_001143|,136103,CAT,C,5,26,19.23%,2.5076E-2
b5,ref|NC_001143|,184501,GTAA,G,5,32,15.62%,2.6412E-2
b5,ref|NC_001143|,196211,GA,G,5,50,10%,2.764E-2
b5,ref|NC_001143|,223175,T,TA,6,58,10.34%,1.3497E-2
b5,ref|NC_001143|,234262,AT,A,5,42,11.9%,2.7169E-2
b5,ref|NC_001143|,248638,T,A,5,51,9.8%,2.8203E-2
b5,ref|NC_001143|,263993,A,G,5,49,10.2%,2.8079E-2
b5,ref|NC_001143|,271769,TA,T,5,58,8.62%,2.8473E-2
b5,ref|NC_001143|,280162,GA,G,6,33,18.18%,1.1309E-2
b5,ref|NC_001143|,286448,TA,T,8,34,23.53%,2.4562E-3
b5,ref|NC_001143|,307266,C,CA,5,47,10.64%,2.7945E-2
b5,ref|NC_001143|,309693,G,GT,5,47,10.64%,2.7465E-2
b5,ref|NC_001143|,320823,GT,G,6,34,17.65%,1.1145E-2
b5,ref|NC_001143|,323019,A,T,51,51,100%,2.5024E-30
b5,ref|NC_001143|,327725,AT,A,8,54,14.81%,2.8658E-3
b5,ref|NC_001143|,335103,G,GA,10,43,23.26%,4.9525E-4
b5,ref|NC_001143|,358106,C,G,37,37,100%,5.7269E-22
b5,ref|NC_001143|,384845,C,CAT,23,35,65.71%,3.5675E-10
b5,ref|NC_001143|,385103,C,CT,4,20,20%,4.9808E-2
b5,ref|NC_001143|,432846,G,GA,6,38,15.79%,1.2549E-2
b5,ref|NC_001143|,451568,GGAACAC,G,48,61,78.69%,2.7305E-22
b5,ref|NC_001143|,463261,CT,C,5,25,20%,2.3921E-2
b5,ref|NC_001143|,465172,G,GTATA,11,16,68.75%,3.3854E-5
b5,ref|NC_001143|,524035,AT,A,5,29,17.24%,2.4823E-2
b5,ref|NC_001143|,556431,GA,G,10,50,20%,5.7272E-4
b5,ref|NC_001143|,570304,G,GA,6,49,12.24%,1.3285E-2
b5,ref|NC_001143|,581078,GA,G,5,38,13.16%,2.706E-2
b5,ref|NC_001143|,581891,CT,C,5,62,8.06%,2.8614E-2
b5,ref|NC_001143|,618946,G,GA,6,43,13.95%,1.2841E-2
b5,ref|NC_001143|,632832,CA,C,5,45,11.11%,2.7555E-2
b5,ref|NC_001143|,635468,C,CT,7,44,15.91%,5.8688E-3
b5,ref|NC_001143|,638422,A,AT,11,54,20.37%,2.6374E-4
b5,ref|NC_001143|,645204,C,CA,6,33,18.18%,1.1603E-2
b5,ref|NC_001143|,666556,GT,G,27,27,100%,5.1363E-16
b5,ref|NC_001144|,28,A,AC,4,11,36.36%,4.5113E-2
b5,ref|NC_001144|,134,TAA,T,5,52,9.62%,2.8142E-2
b5,ref|NC_001144|,161,T,C,6,51,11.76%,1.3375E-2
b5,ref|NC_001144|,11195,TAC,T,9,37,24.32%,1.1061E-3
b5,ref|NC_001144|,11225,CA,C,31,41,75.61%,3.008E-14
b5,ref|NC_001144|,11258,CCACA,C,6,33,18.18%,1.1977E-2
b5,ref|NC_001144|,19914,CT,C,5,59,8.47%,2.8317E-2
b5,ref|NC_001144|,48673,TA,T,5,49,10.2%,2.8079E-2
b5,ref|NC_001144|,48855,CA,C,8,51,15.69%,2.5617E-3
b5,ref|NC_001144|,52019,AAT,A,5,44,11.36%,2.7721E-2
b5,ref|NC_001144|,52618,C,CT,9,46,19.57%,1.2408E-3
b5,ref|NC_001144|,63982,C,CA,6,56,10.71%,1.3375E-2
b5,ref|NC_001144|,66619,C,CT,9,65,13.85%,1.4138E-3
b5,ref|NC_001144|,81387,T,TA,5,42,11.9%,2.7465E-2
b5,ref|NC_001144|,86724,TA,T,7,44,15.91%,5.8219E-3
b5,ref|NC_001144|,89723,T,A,5,67,7.46%,2.8927E-2
b5,ref|NC_001144|,105616,T,TA,7,51,13.73%,6.0363E-3
b5,ref|NC_001144|,121725,GT,G,5,41,12.2%,2.7371E-2
b5,ref|NC_001144|,138858,A,G,5,43,11.63%,2.764E-2
b5,ref|NC_001144|,161651,T,TA,8,55,14.55%,2.8457E-3
b5,ref|NC_001144|,172018,AAT,A,7,42,16.67%,5.6095E-3
b5,ref|NC_001144|,186719,T,C,5,62,8.06%,2.8741E-2
b5,ref|NC_001144|,187137,AT,A,52,52,100%,6.3169E-31
b5,ref|NC_001144|,196591,AT,A,7,44,15.91%,5.9136E-3
b5,ref|NC_001144|,196750,AT,A,5,42,11.9%,2.7465E-2
b5,ref|NC_001144|,203955,TG,T,6,67,8.96%,1.3903E-2
b5,ref|NC_001144|,205141,G,C,6,48,12.5%,1.3237E-2
b5,ref|NC_001144|,205143,G,C,6,47,12.77%,1.3188E-2
b5,ref|NC_001144|,205145,G,C,6,45,13.33%,1.3082E-2
b5,ref|NC_001144|,224754,C,T,5,61,8.2%,2.87E-2
b5,ref|NC_001144|,245256,AAT,A,8,43,18.6%,2.624E-3
b5,ref|NC_001144|,251194,GA,G,17,71,23.94%,1.8236E-6
b5,ref|NC_001144|,264076,A,AT,6,28,21.43%,1.0098E-2
b5,ref|NC_001144|,265361,T,A,5,56,8.93%,2.8473E-2
b5,ref|NC_001144|,266819,G,A,9,41,21.95%,1.1955E-3
b5,ref|NC_001144|,280996,GA,G,7,58,12.07%,6.1442E-3
b5,ref|NC_001144|,283781,GA,G,5,64,7.81%,2.87E-2
b5,ref|NC_001144|,289357,CT,C,5,53,9.43%,2.8079E-2
b5,ref|NC_001144|,291384,A,G,55,55,100%,1.0149E-32
b5,ref|NC_001144|,291386,A,G,55,55,100%,1.0149E-32
b5,ref|NC_001144|,292024,GA,G,7,43,16.28%,5.9136E-3
b5,ref|NC_001144|,320335,GA,G,7,62,11.29%,6.4922E-3
b5,ref|NC_001144|,345042,C,G,8,34,23.53%,2.4562E-3
b5,ref|NC_001144|,348919,GT,G,8,39,20.51%,2.5282E-3
b5,ref|NC_001144|,370487,A,AT,6,58,10.34%,1.3497E-2
b5,ref|NC_001144|,393993,TA,T,7,57,12.28%,6.2977E-3
b5,ref|NC_001144|,394693,GA,G,6,53,11.32%,1.3331E-2
b5,ref|NC_001144|,423554,CT,C,7,39,17.95%,5.4855E-3
b5,ref|NC_001144|,424828,C,T,5,62,8.06%,2.8741E-2
b5,ref|NC_001144|,426662,CA,C,5,62,8.06%,2.8522E-2
b5,ref|NC_001144|,441523,CT,C,7,68,10.29%,6.5529E-3
b5,ref|NC_001144|,451539,GA,G,6,19,31.58%,9.2021E-3
b5,ref|NC_001144|,459564,T,C,125,1954,6.4%,1.9869E-37
b5,ref|NC_001144|,459803,CT,C,532,4617,11.53%,8.3836E-164
b5,ref|NC_001144|,460002,CA,C,696,6114,11.38%,1.1472E-212
b5,ref|NC_001144|,460103,T,C,363,6449,5.63%,1.7828E-101
b5,ref|NC_001144|,460152,T,G,352,6533,5.39%,4.4286E-98
b5,ref|NC_001144|,460262,G,GTA,397,6865,5.78%,9.2106E-112
b5,ref|NC_001144|,460383,TA,T,1307,6357,20.56%,0E0
b5,ref|NC_001144|,460477,AT,A,456,6697,6.81%,4.1217E-130
b5,ref|NC_001144|,460621,T,C,367,4964,7.39%,1.6842E-106
b5,ref|NC_001144|,514965,C,CT,5,50,10%,2.7945E-2
b5,ref|NC_001144|,526211,T,A,6,64,9.38%,1.3824E-2
b5,ref|NC_001144|,527967,CT,C,8,67,11.94%,3.0959E-3
b5,ref|NC_001144|,528749,T,A,45,45,100%,9.6314E-27
b5,ref|NC_001144|,550360,C,CA,13,56,23.21%,4.9906E-5
b5,ref|NC_001144|,568017,CT,C,8,61,13.11%,2.9557E-3
b5,ref|NC_001144|,585920,GA,G,8,41,19.51%,2.2392E-3
b5,ref|NC_001144|,608313,TA,T,5,67,7.46%,2.8927E-2
b5,ref|NC_001144|,618594,G,T,5,58,8.62%,2.8569E-2
b5,ref|NC_001144|,626434,G,GA,8,31,25.81%,2.3332E-3
b5,ref|NC_001144|,636551,G,GT,5,44,11.36%,2.7169E-2
b5,ref|NC_001144|,641311,GA,G,7,62,11.29%,6.4707E-3
b5,ref|NC_001144|,645231,T,TA,10,63,15.87%,6.2917E-4
b5,ref|NC_001144|,657175,C,T,34,34,100%,3.5146E-20
b5,ref|NC_001144|,687587,GTA,G,6,45,13.33%,1.2967E-2
b5,ref|NC_001144|,699939,GA,G,8,42,19.05%,2.188E-3
b5,ref|NC_001144|,704138,TA,T,12,49,24.49%,1.0032E-4
b5,ref|NC_001144|,712186,GT,G,5,45,11.11%,2.764E-2
b5,ref|NC_001144|,732477,A,T,5,53,9.43%,2.8317E-2
b5,ref|NC_001144|,734923,AT,A,8,53,15.09%,2.8033E-3
b5,ref|NC_001144|,766495,T,G,5,36,13.89%,2.6944E-2
b5,ref|NC_001144|,784382,G,GC,43,46,93.48%,4.485E-23
b5,ref|NC_001144|,798405,G,GA,6,56,10.71%,1.3571E-2
b5,ref|NC_001144|,802043,A,G,7,59,11.86%,6.4707E-3
b5,ref|NC_001144|,806192,T,A,6,67,8.96%,1.3903E-2
b5,ref|NC_001144|,828903,C,T,57,57,100%,6.4572E-34
b5,ref|NC_001144|,829405,GTA,G,6,48,12.5%,1.3026E-2
b5,ref|NC_001144|,833744,A,AT,6,60,10%,1.3458E-2
b5,ref|NC_001144|,837516,CAT,C,9,42,21.43%,1.1791E-3
b5,ref|NC_001144|,881947,C,CAT,40,54,74.07%,4.9576E-18
b5,ref|NC_001144|,899162,AT,A,9,57,15.79%,1.388E-3
b5,ref|NC_001144|,944238,C,A,24,24,100%,3.101E-14
b5,ref|NC_001144|,981461,A,G,7,61,11.48%,6.5131E-3
b5,ref|NC_001144|,1002214,GA,G,7,50,14%,5.7727E-3
b5,ref|NC_001144|,1010331,A,G,6,66,9.09%,1.3877E-2
b5,ref|NC_001144|,1011372,C,CT,5,45,11.11%,2.7371E-2
b5,ref|NC_001144|,1012324,C,CG,37,37,100%,5.7269E-22
b5,ref|NC_001144|,1012328,A,AGCC,34,36,94.44%,1.5887E-18
b5,ref|NC_001144|,1013268,C,T,5,47,10.64%,2.7945E-2
b5,ref|NC_001144|,1024980,A,AT,9,45,20%,1.042E-3
b5,ref|NC_001144|,1026686,CT,C,7,67,10.45%,6.5333E-3
b5,ref|NC_001144|,1039435,T,A,52,52,100%,6.3169E-31
b5,ref|NC_001144|,1044267,A,T,5,73,6.85%,2.9117E-2
b5,ref|NC_001144|,1053293,AT,A,11,47,23.4%,2.2064E-4
b5,ref|NC_001144|,1059677,TA,T,7,56,12.5%,6.2092E-3
b5,ref|NC_001145|,21958,GTA,G,7,31,22.58%,5.3469E-3
b5,ref|NC_001145|,26716,AT,A,8,42,19.05%,2.5282E-3
b5,ref|NC_001145|,34473,T,G,44,44,100%,3.8097E-26
b5,ref|NC_001145|,41950,G,GA,10,65,15.38%,6.0611E-4
b5,ref|NC_001145|,43866,CT,C,8,45,17.78%,2.7808E-3
b5,ref|NC_001145|,66259,T,C,5,52,9.62%,2.8261E-2
b5,ref|NC_001145|,99274,C,CA,5,52,9.62%,2.8203E-2
b5,ref|NC_001145|,164392,G,GT,7,47,14.89%,5.8219E-3
b5,ref|NC_001145|,165422,C,CT,5,46,10.87%,2.7555E-2
b5,ref|NC_001145|,191990,AT,A,5,26,19.23%,2.2239E-2
b5,ref|NC_001145|,236652,C,CT,5,42,11.9%,2.7273E-2
b5,ref|NC_001145|,251661,G,GA,6,44,13.64%,1.3026E-2
b5,ref|NC_001145|,325905,T,A,39,39,100%,3.6742E-23
b5,ref|NC_001145|,348323,A,AT,5,57,8.77%,2.8423E-2
b5,ref|NC_001145|,361550,G,A,33,33,100%,1.3852E-19
b5,ref|NC_001145|,361725,A,G,16,65,24.62%,5.333E-6
b5,ref|NC_001145|,362590,G,A,6,61,9.84%,1.3737E-2
b5,ref|NC_001145|,362595,G,C,6,61,9.84%,1.3737E-2
b5,ref|NC_001145|,380311,G,GA,6,52,11.54%,1.3285E-2
b5,ref|NC_001145|,387095,AT,A,6,27,22.22%,1.0968E-2
b5,ref|NC_001145|,409001,CA,C,5,49,10.2%,2.7945E-2
b5,ref|NC_001145|,426440,G,GA,5,53,9.43%,2.8317E-2
b5,ref|NC_001145|,448333,G,A,38,38,100%,1.4508E-22
b5,ref|NC_001145|,448334,A,G,38,38,100%,1.4508E-22
b5,ref|NC_001145|,472637,G,GA,5,49,10.2%,2.8079E-2
b5,ref|NC_001145|,472837,C,CT,5,50,10%,2.8079E-2
b5,ref|NC_001145|,475726,G,GA,7,47,14.89%,5.9563E-3
b5,ref|NC_001145|,483743,GA,G,6,32,18.75%,1.1309E-2
b5,ref|NC_001145|,489297,C,T,5,35,14.29%,2.6822E-2
b5,ref|NC_001145|,512087,GT,G,5,46,10.87%,2.7799E-2
b5,ref|NC_001145|,514293,AT,A,5,35,14.29%,2.6557E-2
b5,ref|NC_001145|,559980,C,CT,5,46,10.87%,2.7721E-2
b5,ref|NC_001145|,628843,TA,T,5,71,7.04%,2.9026E-2
b5,ref|NC_001145|,630505,A,G,48,48,100%,1.554E-28
b5,ref|NC_001145|,650739,C,T,5,56,8.93%,2.8473E-2
b5,ref|NC_001145|,651263,TA,T,43,44,97.73%,1.7144E-24
b5,ref|NC_001145|,667202,CA,C,8,43,18.6%,2.624E-3
b5,ref|NC_001145|,672129,T,C,41,41,100%,2.3541E-24
b5,ref|NC_001145|,674863,G,GA,11,48,22.92%,2.2064E-4
b5,ref|NC_001145|,680936,T,C,35,35,100%,8.9137E-21
b5,ref|NC_001145|,680940,C,T,35,35,100%,8.9137E-21
b5,ref|NC_001145|,698679,TA,T,7,36,19.44%,5.2713E-3
b5,ref|NC_001145|,756824,GT,G,5,33,15.15%,2.5527E-2
b5,ref|NC_001145|,772664,CT,C,5,31,16.13%,2.5076E-2
b5,ref|NC_001145|,775114,GA,G,6,41,14.63%,1.2628E-2
b5,ref|NC_001145|,808194,C,CA,6,41,14.63%,1.2773E-2
b5,ref|NC_001145|,809198,A,G,40,40,100%,9.3017E-24
b5,ref|NC_001145|,851713,GAA,G,7,42,16.67%,5.5492E-3
b5,ref|NC_001145|,854478,CT,C,6,28,21.43%,1.1603E-2
b5,ref|NC_001145|,860894,C,CT,5,58,8.62%,2.8317E-2
b5,ref|NC_001145|,874559,C,CT,6,39,15.38%,1.2287E-2
b5,ref|NC_001145|,878110,G,A,6,45,13.33%,1.3082E-2
b5,ref|NC_001145|,908558,T,TCAA,10,56,17.86%,6.2917E-4
b5,ref|NC_001145|,918120,C,CT,9,22,40.91%,5.667E-4
b5,ref|NC_001145|,921418,CT,C,35,46,76.09%,1.6883E-16
b5,ref|NC_001146|,7478,A,AT,46,46,100%,2.4343E-27
b5,ref|NC_001146|,10214,T,TA,8,43,18.6%,2.653E-3
b5,ref|NC_001146|,12975,C,CTT,24,31,77.42%,9.2544E-12
b5,ref|NC_001146|,98305,T,C,8,53,15.09%,2.9389E-3
b5,ref|NC_001146|,98320,C,T,8,50,16%,2.8851E-3
b5,ref|NC_001146|,118987,GA,G,7,48,14.58%,5.9136E-3
b5,ref|NC_001146|,154923,G,GA,7,42,16.67%,5.1909E-3
b5,ref|NC_001146|,160563,A,G,5,67,7.46%,2.8927E-2
b5,ref|NC_001146|,187639,G,GA,7,54,12.96%,6.3251E-3
b5,ref|NC_001146|,196150,C,CT,6,36,16.67%,1.1603E-2
b5,ref|NC_001146|,235956,CT,C,5,57,8.77%,2.8261E-2
b5,ref|NC_001146|,251874,AT,A,6,53,11.32%,1.3458E-2
b5,ref|NC_001146|,282400,G,C,14,21,66.67%,2.1998E-6
b5,ref|NC_001146|,282401,T,C,12,19,63.16%,1.8611E-5
b5,ref|NC_001146|,282402,T,C,5,12,41.67%,1.8634E-2
b5,ref|NC_001146|,297116,A,G,5,49,10.2%,2.8079E-2
b5,ref|NC_001146|,307228,CT,C,8,34,23.53%,2.3332E-3
b5,ref|NC_001146|,312328,AACG,A,43,46,93.48%,4.485E-23
b5,ref|NC_001146|,316221,TTA,T,6,41,14.63%,1.2841E-2
b5,ref|NC_001146|,377887,G,T,52,52,100%,6.3169E-31
b5,ref|NC_001146|,380954,G,GA,8,52,15.38%,2.8457E-3
b5,ref|NC_001146|,392467,GT,G,5,34,14.71%,2.5917E-2
b5,ref|NC_001146|,399317,A,G,5,28,17.86%,2.5729E-2
b5,ref|NC_001146|,415054,C,CT,7,24,29.17%,4.7006E-3
b5,ref|NC_001146|,415071,C,CT,5,18,27.78%,2.037E-2
b5,ref|NC_001146|,429776,TTA,T,8,44,18.18%,2.7573E-3
b5,ref|NC_001146|,439397,G,GT,43,45,95.56%,1.0412E-23
b5,ref|NC_001146|,471767,A,G,52,52,100%,6.3169E-31
b5,ref|NC_001146|,479459,AT,A,9,32,28.12%,7.4174E-4
b5,ref|NC_001146|,493053,TA,T,11,45,24.44%,2.0455E-4
b5,ref|NC_001146|,498360,GT,G,6,42,14.29%,1.2628E-2
b5,ref|NC_001146|,503040,CT,C,5,33,15.15%,2.5917E-2
b5,ref|NC_001146|,510328,C,CT,7,62,11.29%,6.4254E-3
b5,ref|NC_001146|,512460,CAT,C,5,43,11.63%,2.7465E-2
b5,ref|NC_001146|,519371,A,G,9,57,15.79%,1.388E-3
b5,ref|NC_001146|,519378,T,C,9,57,15.79%,1.388E-3
b5,ref|NC_001146|,523434,G,A,5,43,11.63%,2.764E-2
b5,ref|NC_001146|,523441,G,T,5,43,11.63%,2.764E-2
b5,ref|NC_001146|,524020,G,A,5,19,26.32%,2.3166E-2
b5,ref|NC_001146|,524023,T,C,5,18,27.78%,2.2727E-2
b5,ref|NC_001146|,561288,ATT,A,5,56,8.93%,2.8423E-2
b5,ref|NC_001146|,575836,A,T,5,45,11.11%,2.7799E-2
b5,ref|NC_001146|,576631,AT,A,5,38,13.16%,2.7169E-2
b5,ref|NC_001146|,601112,T,G,35,86,40.7%,3.6681E-13
b5,ref|NC_001146|,601202,T,C,31,66,46.97%,4.4405E-12
b5,ref|NC_001146|,616826,A,G,12,32,37.5%,6.8751E-5
b5,ref|NC_001146|,635717,G,GT,6,50,12%,1.3237E-2
b5,ref|NC_001146|,644217,CTA,C,8,45,17.78%,2.7808E-3
b5,ref|NC_001146|,651857,AT,A,12,52,23.08%,9.7866E-5
b5,ref|NC_001146|,660424,T,A,5,57,8.77%,2.8522E-2
b5,ref|NC_001146|,662768,G,GA,8,32,25%,2.3332E-3
b5,ref|NC_001146|,674780,AT,A,5,51,9.8%,2.8142E-2
b5,ref|NC_001146|,678603,G,GA,5,41,12.2%,2.7273E-2
b5,ref|NC_001146|,687218,C,CA,9,54,16.67%,1.3391E-3
b5,ref|NC_001146|,690071,A,AT,5,44,11.36%,2.7371E-2
b5,ref|NC_001146|,721916,TA,T,5,47,10.64%,2.7799E-2
b5,ref|NC_001146|,722274,CA,C,8,43,18.6%,2.4562E-3
b5,ref|NC_001146|,764741,GAT,G,5,43,11.63%,2.7465E-2
b5,ref|NC_001146|,772612,CA,C,6,44,13.64%,1.2467E-2
b5,ref|NC_001146|,774549,AT,A,10,32,31.25%,3.3576E-4
b5,ref|NC_001146|,777553,AAT,A,8,31,25.81%,2.1337E-3
b5,ref|NC_001146|,784239,GT,G,4,10,40%,4.3344E-2
b5,ref|NC_001147|,1085,CAT,C,5,45,11.11%,2.764E-2
b5,ref|NC_001147|,21727,GA,G,10,61,16.39%,6.2367E-4
b5,ref|NC_001147|,27928,T,A,13,57,22.81%,5.6497E-5
b5,ref|NC_001147|,29144,A,G,18,62,29.03%,9.0099E-7
b5,ref|NC_001147|,50002,C,T,44,44,100%,3.8097E-26
b5,ref|NC_001147|,50010,A,T,36,36,100%,2.2598E-21
b5,ref|NC_001147|,50012,C,T,36,36,100%,2.2598E-21
b5,ref|NC_001147|,60213,CT,C,7,34,20.59%,4.8126E-3
b5,ref|NC_001147|,60240,C,T,30,30,100%,8.4556E-18
b5,ref|NC_001147|,63059,A,G,6,35,17.14%,1.238E-2
b5,ref|NC_001147|,79297,C,G,51,51,100%,2.5024E-30
b5,ref|NC_001147|,79304,A,T,50,50,100%,9.9117E-30
b5,ref|NC_001147|,79305,T,A,50,50,100%,9.9117E-30
b5,ref|NC_001147|,85382,C,CT,5,62,8.06%,2.87E-2
b5,ref|NC_001147|,118032,A,C,39,89,43.82%,5.9761E-15
b5,ref|NC_001147|,145176,CT,C,5,54,9.26%,2.8203E-2
b5,ref|NC_001147|,161403,A,T,34,107,31.78%,2.5547E-12
b5,ref|NC_001147|,161617,T,C,40,114,35.09%,1.4072E-14
b5,ref|NC_001147|,161762,T,C,32,91,35.16%,8.4164E-12
b5,ref|NC_001147|,193675,C,CT,5,54,9.26%,2.8317E-2
b5,ref|NC_001147|,204570,CT,C,5,33,15.15%,2.531E-2
b5,ref|NC_001147|,216485,A,T,6,50,12%,1.3331E-2
b5,ref|NC_001147|,216898,AT,A,5,33,15.15%,2.5527E-2
b5,ref|NC_001147|,230020,C,CT,7,48,14.58%,6.1442E-3
b5,ref|NC_001147|,301104,T,C,5,59,8.47%,2.8614E-2
b5,ref|NC_001147|,315630,C,CT,6,49,12.24%,1.2967E-2
b5,ref|NC_001147|,321504,A,G,6,40,15%,1.2773E-2
b5,ref|NC_001147|,326195,CAT,C,7,21,33.33%,4.3101E-3
b5,ref|NC_001147|,333432,G,GA,7,60,11.67%,6.377E-3
b5,ref|NC_001147|,355083,A,AAT,5,27,18.52%,2.3921E-2
b5,ref|NC_001147|,372140,G,GA,7,59,11.86%,6.4254E-3
b5,ref|NC_001147|,382663,T,C,6,22,27.27%,1.057E-2
b5,ref|NC_001147|,383126,GA,G,5,37,13.51%,2.706E-2
b5,ref|NC_001147|,384807,A,AT,9,62,14.52%,1.388E-3
b5,ref|NC_001147|,389237,T,G,51,51,100%,2.5024E-30
b5,ref|NC_001147|,397478,G,GA,11,45,24.44%,2.3046E-4
b5,ref|NC_001147|,426603,G,GA,8,45,17.78%,2.653E-3
b5,ref|NC_001147|,437763,T,A,36,36,100%,2.2598E-21
b5,ref|NC_001147|,448407,G,GA,5,53,9.43%,2.8079E-2
b5,ref|NC_001147|,453009,T,C,9,38,23.68%,1.1442E-3
b5,ref|NC_001147|,479259,A,AT,5,45,11.11%,2.764E-2
b5,ref|NC_001147|,483090,G,GT,7,54,12.96%,6.2693E-3
b5,ref|NC_001147|,489778,CAT,C,5,45,11.11%,2.7721E-2
b5,ref|NC_001147|,514525,C,T,6,49,12.24%,1.3285E-2
b5,ref|NC_001147|,519639,A,T,47,47,100%,6.1512E-28
b5,ref|NC_001147|,522811,G,GA,6,30,20.69%,1.0968E-2
b5,ref|NC_001147|,536839,C,CT,5,34,14.71%,2.6693E-2
b5,ref|NC_001147|,537259,AT,A,5,44,11.36%,2.7169E-2
b5,ref|NC_001147|,542663,A,T,7,50,14%,6.2398E-3
b5,ref|NC_001147|,550529,A,AT,5,51,9.8%,2.8079E-2
b5,ref|NC_001147|,550563,AT,A,5,48,10.42%,2.7555E-2
b5,ref|NC_001147|,581669,C,CA,5,42,11.9%,2.7465E-2
b5,ref|NC_001147|,598723,T,A,4,12,33.33%,4.6584E-2
b5,ref|NC_001147|,642849,T,C,5,35,14.29%,2.6822E-2
b5,ref|NC_001147|,659319,A,T,7,47,14.89%,6.1442E-3
b5,ref|NC_001147|,664299,A,G,5,55,9.09%,2.8423E-2
b5,ref|NC_001147|,667564,GAT,G,6,36,16.67%,1.238E-2
b5,ref|NC_001147|,670767,G,GA,8,35,22.86%,2.188E-3
b5,ref|NC_001147|,675324,C,CT,5,32,15.62%,2.6093E-2
b5,ref|NC_001147|,708819,G,C,16,53,30.19%,4.0256E-6
b5,ref|NC_001147|,708878,T,C,12,34,35.29%,7.5302E-5
b5,ref|NC_001147|,709007,A,G,13,24,54.17%,1.2938E-5
b5,ref|NC_001147|,720202,GA,G,6,50,12%,1.3026E-2
b5,ref|NC_001147|,730982,G,A,5,65,7.69%,2.8856E-2
b5,ref|NC_001147|,745306,CA,C,7,37,18.92%,5.6667E-3
b5,ref|NC_001147|,746559,CA,C,6,35,17.14%,1.219E-2
b5,ref|NC_001147|,770624,G,GT,6,28,21.43%,1.0777E-2
b5,ref|NC_001147|,804922,AT,A,5,32,15.62%,2.5527E-2
b5,ref|NC_001147|,841435,A,T,5,52,9.62%,2.8261E-2
b5,ref|NC_001147|,877096,TA,T,5,33,15.15%,2.6412E-2
b5,ref|NC_001147|,877651,C,T,5,49,10.2%,2.8079E-2
b5,ref|NC_001147|,882623,CT,C,11,41,26.83%,1.7351E-4
b5,ref|NC_001147|,888848,GT,G,5,26,19.23%,2.3921E-2
b5,ref|NC_001147|,889748,TA,T,5,35,14.29%,2.5917E-2
b5,ref|NC_001147|,894338,A,AT,7,60,11.67%,6.4254E-3
b5,ref|NC_001147|,909076,GT,G,8,39,20.51%,2.5282E-3
b5,ref|NC_001147|,925072,CA,C,5,43,11.63%,2.7273E-2
b5,ref|NC_001147|,954141,CT,C,9,32,28.12%,5.667E-4
b5,ref|NC_001147|,960775,TA,T,5,41,12.2%,2.7273E-2
b5,ref|NC_001147|,967942,AT,A,7,64,10.94%,6.4484E-3
b5,ref|NC_001147|,977029,C,CT,6,45,13.33%,1.3082E-2
b5,ref|NC_001147|,980936,C,G,36,36,100%,2.2598E-21
b5,ref|NC_001147|,984788,T,TA,7,67,10.45%,6.5529E-3
b5,ref|NC_001147|,989706,G,GA,5,41,12.2%,2.7371E-2
b5,ref|NC_001147|,1000974,A,AT,5,50,10%,2.764E-2
b5,ref|NC_001147|,1004258,GT,G,7,43,16.28%,5.9563E-3
b5,ref|NC_001147|,1006918,A,AT,5,43,11.63%,2.7465E-2
b5,ref|NC_001147|,1019588,C,CT,5,47,10.64%,2.7721E-2
b5,ref|NC_001147|,1031381,CT,C,5,32,15.62%,2.3921E-2
b5,ref|NC_001147|,1074077,TA,T,5,51,9.8%,2.8079E-2
b5,ref|NC_001147|,1077950,CT,C,6,50,12%,1.2905E-2
b5,ref|NC_001148|,9518,C,CA,8,34,23.53%,2.3764E-3
b5,ref|NC_001148|,46594,AT,A,7,53,13.21%,6.1442E-3
b5,ref|NC_001148|,63863,G,A,5,64,7.81%,2.8819E-2
b5,ref|NC_001148|,85402,CA,C,6,31,19.35%,1.1603E-2
b5,ref|NC_001148|,132456,T,TA,6,45,13.33%,1.2841E-2
b5,ref|NC_001148|,144689,AGGAAACGTC,A,11,21,52.38%,8.2399E-5
b5,ref|NC_001148|,176140,GA,G,5,60,8.33%,2.8569E-2
b5,ref|NC_001148|,181192,G,GT,9,29,31.03%,7.4174E-4
b5,ref|NC_001148|,191944,C,T,46,46,100%,2.4343E-27
b5,ref|NC_001148|,197824,G,GA,5,45,11.11%,2.7721E-2
b5,ref|NC_001148|,212823,GAT,G,12,30,40%,5.8193E-5
b5,ref|NC_001148|,212901,TA,T,5,31,16.13%,2.6093E-2
b5,ref|NC_001148|,215447,T,A,5,51,9.8%,2.8203E-2
b5,ref|NC_001148|,221908,G,A,5,64,7.81%,2.8819E-2
b5,ref|NC_001148|,239118,GTA,G,9,49,18.37%,1.2935E-3
b5,ref|NC_001148|,244248,TTA,T,12,42,28.57%,9.2733E-5
b5,ref|NC_001148|,246835,GA,G,5,51,9.8%,2.7874E-2
b5,ref|NC_001148|,282651,CT,C,7,47,14.89%,6.0363E-3
b5,ref|NC_001148|,312942,GTA,G,9,35,25.71%,1.0644E-3
b5,ref|NC_001148|,359487,GT,G,5,45,11.11%,2.7371E-2
b5,ref|NC_001148|,381848,GTA,G,6,45,13.33%,1.2841E-2
b5,ref|NC_001148|,383323,G,GA,5,53,9.43%,2.8014E-2
b5,ref|NC_001148|,386559,A,AT,9,62,14.52%,1.4054E-3
b5,ref|NC_001148|,397364,G,GA,8,49,16.33%,2.8658E-3
b5,ref|NC_001148|,404759,G,GT,8,33,24.24%,1.8791E-3
b5,ref|NC_001148|,425229,GA,G,6,48,12.5%,1.2905E-2
b5,ref|NC_001148|,479240,T,A,5,57,8.77%,2.8522E-2
b5,ref|NC_001148|,481304,AT,A,35,39,89.74%,4.5343E-18
b5,ref|NC_001148|,502679,CA,C,6,41,14.63%,1.2287E-2
b5,ref|NC_001148|,503385,G,GA,7,42,16.67%,5.5492E-3
b5,ref|NC_001148|,533462,T,A,5,65,7.69%,2.8856E-2
b5,ref|NC_001148|,581338,GA,G,6,27,22.22%,9.828E-3
b5,ref|NC_001148|,588390,C,T,40,40,100%,9.3017E-24
b5,ref|NC_001148|,589896,C,CT,5,51,9.8%,2.7945E-2
b5,ref|NC_001148|,591720,CAT,C,7,43,16.28%,5.9972E-3
b5,ref|NC_001148|,592129,GA,G,5,34,14.71%,2.6257E-2
b5,ref|NC_001148|,600560,G,GA,5,33,15.15%,2.6412E-2
b5,ref|NC_001148|,607467,GA,G,5,37,13.51%,2.6557E-2
b5,ref|NC_001148|,607820,CT,C,5,28,17.86%,2.5729E-2
b5,ref|NC_001148|,615257,TA,T,8,37,21.62%,2.3332E-3
b5,ref|NC_001148|,620255,C,CA,6,32,18.75%,1.1603E-2
b5,ref|NC_001148|,621903,CA,C,6,43,13.95%,1.2905E-2
b5,ref|NC_001148|,643709,G,GA,6,47,12.77%,1.2841E-2
b5,ref|NC_001148|,650129,TA,T,10,47,21.28%,5.6532E-4
b5,ref|NC_001148|,650923,T,A,5,52,9.62%,2.8261E-2
b5,ref|NC_001148|,655079,GA,G,7,44,15.91%,5.5492E-3
b5,ref|NC_001148|,667520,T,G,45,45,100%,9.6314E-27
b5,ref|NC_001148|,670711,T,A,5,41,12.2%,2.7465E-2
b5,ref|NC_001148|,675808,G,GA,7,45,15.56%,5.9136E-3
b5,ref|NC_001148|,677102,A,G,49,49,100%,3.925E-29
b5,ref|NC_001148|,698526,G,GA,12,49,24.49%,8.7276E-5
b5,ref|NC_001148|,700420,AT,A,1070,1291,82.88%,0E0
b5,ref|NC_001148|,751436,A,T,5,51,9.8%,2.8203E-2
b5,ref|NC_001148|,757285,T,C,8,34,23.53%,2.4562E-3
b5,ref|NC_001148|,759400,T,G,51,51,100%,2.5024E-30
b5,ref|NC_001148|,769066,A,AT,5,53,9.43%,2.8261E-2
b5,ref|NC_001148|,814358,C,CA,8,50,16%,2.8033E-3
b5,ref|NC_001148|,819664,AT,A,5,46,10.87%,2.7555E-2
b5,ref|NC_001148|,840627,AT,A,5,32,15.62%,2.5917E-2
b5,ref|NC_001148|,852115,T,A,4,14,28.57%,4.8889E-2
b5,ref|NC_001148|,857189,GT,G,7,37,18.92%,5.4855E-3
b5,ref|NC_001148|,868371,AT,A,10,30,33.33%,3.6855E-4
b5,ref|NC_001148|,876243,CTA,C,7,57,12.28%,6.377E-3
b5,ref|NC_001148|,878701,C,CA,5,51,9.8%,2.8203E-2
b5,ref|NC_001148|,887933,AT,A,13,68,19.12%,5.7349E-5
b5,ref|NC_001148|,890346,T,A,50,50,100%,9.9117E-30
b5,ref|NC_001148|,913128,G,T,5,51,9.8%,2.8203E-2
b5,ref|NC_001224|,3340,AAT,A,25,491,5.09%,2.1655E-8
b5,ref|NC_001224|,12871,AAT,A,32,502,6.37%,1.3876E-10
b5,ref|NC_001224|,20345,GA,G,1092,1153,94.71%,0E0
b5,ref|NC_001224|,20934,T,G,1402,1402,100%,0E0
b5,ref|NC_001224|,33467,T,C,974,974,100%,0E0
b5,ref|NC_001224|,33618,T,TTC,557,630,88.41%,2.6101E-278
b5,ref|NC_001224|,33779,AC,A,603,684,88.16%,2.7718E-305
b5,ref|NC_001224|,39517,G,T,1425,1425,100%,0E0
b5,ref|NC_001224|,43084,A,AT,1153,1269,90.86%,0E0
b5,ref|NC_001224|,44795,A,AT,1246,1360,91.62%,0E0
b5,ref|NC_001224|,49500,A,T,797,797,100%,0E0
b5,ref|NC_001224|,55436,GC,G,688,753,91.37%,0E0
b5,ref|NC_001224|,59388,G,A,44,838,5.25%,3.1841E-14
b5,ref|NC_001224|,62646,AAT,A,40,475,8.42%,3.8017E-13
b5,ref|NC_001224|,63656,CG,C,50,876,5.71%,4.1895E-16
b5,ref|NC_001224|,65917,C,CG,37,733,5.05%,4.5051E-12
b5,ref|NC_001224|,73114,AG,A,650,711,91.42%,0E0
b5,ref|NC_001224|,73136,TC,T,656,692,94.8%,0E0
b5,ref|NC_001224|,73518,AT,A,73,1000,7.3%,2.5007E-23
b5,ref|NC_001224|,82253,T,TA,932,1063,87.68%,0E0
b5,ref|NC_001224|,82507,T,A,708,708,100%,0E0
d10,ref|NC_001133|,5068,A,AT,8,99,8.08%,3.3505E-3
d10,ref|NC_001133|,6093,C,CT,7,89,7.87%,6.9019E-3
d10,ref|NC_001133|,6736,C,CAA,25,70,35.71%,4.1182E-10
d10,ref|NC_001133|,12529,A,G,10,103,9.71%,7.7661E-4
d10,ref|NC_001133|,12566,C,T,8,115,6.96%,3.4443E-3
d10,ref|NC_001133|,12570,C,T,10,117,8.55%,7.9914E-4
d10,ref|NC_001133|,12594,A,T,26,146,17.81%,4.3932E-9
d10,ref|NC_001133|,12620,T,C,45,180,25%,1.2199E-15
d10,ref|NC_001133|,12662,T,C,14,186,7.53%,4.7349E-5
d10,ref|NC_001133|,12666,T,C,13,185,7.03%,9.8138E-5
d10,ref|NC_001133|,12668,T,C,64,182,35.16%,6.2865E-23
d10,ref|NC_001133|,12690,A,T,91,168,54.17%,1.1464E-35
d10,ref|NC_001133|,12716,C,T,41,171,23.98%,2.9719E-14
d10,ref|NC_001133|,12762,T,C,8,126,6.35%,3.4835E-3
d10,ref|NC_001133|,12764,T,C,10,128,7.81%,8.1358E-4
d10,ref|NC_001133|,22597,A,T,7,108,6.48%,7.0672E-3
d10,ref|NC_001133|,23239,CT,C,8,79,10.13%,3.2002E-3
d10,ref|NC_001133|,23712,C,CA,21,64,32.81%,2.2206E-8
d10,ref|NC_001133|,25340,C,A,66,66,100%,2.6498E-39
d10,ref|NC_001133|,25488,G,A,11,11,100%,1.4176E-6
d10,ref|NC_001133|,25872,G,C,39,39,100%,3.6742E-23
d10,ref|NC_001133|,26193,T,C,5,14,35.71%,2.037E-2
d10,ref|NC_001133|,26331,G,A,15,127,11.81%,1.968E-5
d10,ref|NC_001133|,26373,C,T,9,76,11.84%,1.5196E-3
d10,ref|NC_001133|,26391,A,G,5,42,11.9%,2.7555E-2
d10,ref|NC_001133|,26412,G,C,31,31,100%,2.1486E-18
d10,ref|NC_001133|,27126,T,C,15,15,100%,6.4467E-9
d10,ref|NC_001133|,27129,C,G,15,15,100%,6.4467E-9
d10,ref|NC_001133|,35113,GA,G,8,80,10%,3.1815E-3
d10,ref|NC_001133|,42085,GA,G,5,74,6.76%,2.9088E-2
d10,ref|NC_001133|,42838,G,GA,5,90,5.56%,2.948E-2
d10,ref|NC_001133|,45263,C,CT,5,63,7.94%,2.87E-2
d10,ref|NC_001133|,45634,CT,C,6,65,9.23%,1.3535E-2
d10,ref|NC_001133|,65614,AT,A,5,73,6.85%,2.9026E-2
d10,ref|NC_001133|,69828,CT,C,9,81,11.11%,1.5196E-3
d10,ref|NC_001133|,70906,GA,G,16,80,20%,5.0299E-6
d10,ref|NC_001133|,71116,G,GA,6,71,8.45%,1.3999E-2
d10,ref|NC_001133|,71484,A,G,6,55,10.91%,1.3535E-2
d10,ref|NC_001133|,74999,A,AT,7,69,10.14%,6.6083E-3
d10,ref|NC_001133|,84222,A,T,5,94,5.32%,2.9592E-2
d10,ref|NC_001133|,91020,C,A,5,84,5.95%,2.9396E-2
d10,ref|NC_001133|,92602,CT,C,6,98,6.12%,1.4417E-2
d10,ref|NC_001133|,98911,TG,T,5,89,5.62%,2.95E-2
d10,ref|NC_001133|,100007,A,AT,5,60,8.33%,2.8569E-2
d10,ref|NC_001133|,101281,C,CA,7,36,19.44%,5.0143E-3
d10,ref|NC_001133|,101450,TA,T,8,79,10.13%,3.2179E-3
d10,ref|NC_001133|,123810,A,T,5,91,5.49%,2.9538E-2
d10,ref|NC_001133|,126880,C,CTT,39,69,56.52%,1.398E-18
d10,ref|NC_001133|,128103,A,AT,7,68,10.29%,6.5904E-3
d10,ref|NC_001133|,128193,G,GA,5,78,6.41%,2.9228E-2
d10,ref|NC_001133|,141135,A,T,56,56,100%,2.5602E-33
d10,ref|NC_001133|,143575,G,GA,7,89,7.87%,6.8597E-3
d10,ref|NC_001133|,150668,C,T,5,77,6.49%,2.9228E-2
d10,ref|NC_001133|,152105,CT,C,11,84,13.1%,3.2327E-4
d10,ref|NC_001133|,161128,C,T,6,41,14.63%,1.2841E-2
d10,ref|NC_001133|,161362,G,A,5,65,7.69%,2.8856E-2
d10,ref|NC_001133|,161379,G,A,10,66,15.15%,6.7609E-4
d10,ref|NC_001133|,161401,G,A,16,77,20.78%,6.404E-6
d10,ref|NC_001133|,165787,TG,T,4,15,26.67%,4.9808E-2
d10,ref|NC_001133|,171866,TA,T,6,111,5.41%,1.457E-2
d10,ref|NC_001133|,176580,CT,C,5,66,7.58%,2.8856E-2
d10,ref|NC_001133|,178459,GT,G,5,97,5.15%,2.9575E-2
d10,ref|NC_001133|,179225,C,CA,5,75,6.67%,2.9117E-2
d10,ref|NC_001133|,179765,C,A,5,88,5.68%,2.948E-2
d10,ref|NC_001133|,183387,AC,A,69,72,95.83%,4.5618E-38
d10,ref|NC_001133|,188824,A,G,13,100,13%,8.0503E-5
d10,ref|NC_001133|,188881,G,C,29,114,25.44%,2.417E-10
d10,ref|NC_001133|,188939,A,G,43,132,32.58%,1.8801E-15
d10,ref|NC_001133|,189031,A,G,9,96,9.38%,1.6051E-3
d10,ref|NC_001133|,193631,A,T,83,83,100%,1.729E-49
d10,ref|NC_001133|,199811,T,G,70,70,100%,1.0659E-41
d10,ref|NC_001133|,199908,CT,C,15,87,17.24%,1.3194E-5
d10,ref|NC_001133|,206126,T,C,15,15,100%,6.4467E-9
d10,ref|NC_001133|,206129,A,C,15,15,100%,6.4467E-9
d10,ref|NC_001133|,206132,G,T,16,16,100%,1.6637E-9
d10,ref|NC_001133|,206144,C,T,16,16,100%,1.6637E-9
d10,ref|NC_001133|,206177,G,C,20,20,100%,7.2544E-12
d10,ref|NC_001133|,206178,C,A,20,20,100%,7.2544E-12
d10,ref|NC_001133|,206179,A,C,20,20,100%,7.2544E-12
d10,ref|NC_001133|,208278,AT,A,11,84,13.1%,3.3788E-4
d10,ref|NC_001133|,210818,A,T,84,84,100%,4.3483E-50
d10,ref|NC_001133|,211019,T,C,84,84,100%,4.3483E-50
d10,ref|NC_001133|,225080,TA,T,12,63,19.05%,1.2966E-4
d10,ref|NC_001133|,226518,CAA,C,5,99,5.05%,2.9676E-2
d10,ref|NC_001133|,226914,AT,A,9,65,13.85%,1.4297E-3
d10,ref|NC_001133|,227423,CA,C,6,88,6.82%,1.4294E-2
d10,ref|NC_001134|,1187,C,T,46,171,26.9%,4.2718E-16
d10,ref|NC_001134|,1254,T,C,24,126,19.05%,1.7774E-8
d10,ref|NC_001134|,1528,G,A,17,138,12.32%,4.5158E-6
d10,ref|NC_001134|,1531,A,T,17,141,12.06%,4.5697E-6
d10,ref|NC_001134|,1532,G,T,17,144,11.81%,4.6218E-6
d10,ref|NC_001134|,1675,A,G,20,116,17.24%,3.8953E-7
d10,ref|NC_001134|,5983,C,G,86,86,100%,2.7498E-51
d10,ref|NC_001134|,6440,G,C,93,93,100%,1.7451E-55
d10,ref|NC_001134|,7510,G,A,105,105,100%,1.1051E-62
d10,ref|NC_001134|,7511,G,A,103,103,100%,1.7512E-61
d10,ref|NC_001134|,7912,GA,G,104,105,99.05%,1.1714E-60
d10,ref|NC_001134|,9022,G,GA,46,121,38.02%,3.2999E-18
d10,ref|NC_001134|,15101,T,G,119,119,100%,4.3819E-71
d10,ref|NC_001134|,15510,G,T,96,96,100%,2.7702E-57
d10,ref|NC_001134|,15518,A,G,99,99,100%,4.3954E-59
d10,ref|NC_001134|,16380,C,T,125,125,100%,1.0964E-74
d10,ref|NC_001134|,16392,A,G,124,124,100%,4.368E-74
d10,ref|NC_001134|,28695,C,CT,8,115,6.96%,3.4196E-3
d10,ref|NC_001134|,30012,C,T,94,94,100%,4.3861E-56
d10,ref|NC_001134|,30050,A,G,87,87,100%,6.9142E-52
d10,ref|NC_001134|,30210,T,C,39,39,100%,3.6742E-23
d10,ref|NC_001134|,30723,G,A,20,20,100%,7.2544E-12
d10,ref|NC_001134|,30848,C,G,30,30,100%,8.4556E-18
d10,ref|NC_001134|,34298,G,A,60,60,100%,1.035E-35
d10,ref|NC_001134|,34562,G,A,6,67,8.96%,1.3903E-2
d10,ref|NC_001134|,34565,T,C,13,75,17.33%,6.9169E-5
d10,ref|NC_001134|,35485,C,T,90,90,100%,1.0988E-53
d10,ref|NC_001134|,40590,CAT,C,12,72,16.67%,1.4479E-4
d10,ref|NC_001134|,45956,A,AT,13,124,10.48%,8.5266E-5
d10,ref|NC_001134|,51505,C,T,54,117,46.15%,1.7744E-20
d10,ref|NC_001134|,59755,T,C,98,98,100%,1.7493E-58
d10,ref|NC_001134|,68282,G,GTTA,8,131,6.11%,3.4769E-3
d10,ref|NC_001134|,71825,CT,C,5,98,5.1%,2.9592E-2
d10,ref|NC_001134|,88125,CT,C,6,106,5.66%,1.4477E-2
d10,ref|NC_001134|,88484,GGAGAA,G,93,98,94.9%,1.5314E-50
d10,ref|NC_001134|,96034,G,GA,7,120,5.83%,7.0996E-3
d10,ref|NC_001134|,96287,GA,G,7,117,5.98%,7.1118E-3
d10,ref|NC_001134|,101340,C,CA,5,95,5.26%,2.9575E-2
d10,ref|NC_001134|,105333,C,CT,7,91,7.69%,6.9313E-3
d10,ref|NC_001134|,115437,GA,G,16,67,23.88%,4.7113E-6
d10,ref|NC_001134|,122429,GA,G,13,103,12.62%,7.9774E-5
d10,ref|NC_001134|,122587,AT,A,6,89,6.74%,1.4214E-2
d10,ref|NC_001134|,126565,CT,C,6,96,6.25%,1.4417E-2
d10,ref|NC_001134|,127636,C,CT,8,64,12.5%,3.0712E-3
d10,ref|NC_001134|,133870,CAT,C,10,86,11.63%,7.0876E-4
d10,ref|NC_001134|,137522,A,AT,6,115,5.22%,1.4615E-2
d10,ref|NC_001134|,137659,TA,T,7,54,12.96%,6.0363E-3
d10,ref|NC_001134|,138011,C,CT,10,98,10.2%,7.567E-4
d10,ref|NC_001134|,138274,A,AT,9,81,11.11%,1.5248E-3
d10,ref|NC_001134|,141047,G,GT,9,96,9.38%,1.6016E-3
d10,ref|NC_001134|,145899,GA,G,6,71,8.45%,1.3796E-2
d10,ref|NC_001134|,151274,GT,G,6,104,5.77%,1.4442E-2
d10,ref|NC_001134|,153609,AT,A,9,97,9.28%,1.5981E-3
d10,ref|NC_001134|,162819,AT,A,11,122,9.02%,3.8173E-4
d10,ref|NC_001134|,165902,C,CT,18,56,32.14%,3.454E-7
d10,ref|NC_001134|,167275,C,CA,10,85,11.76%,7.3768E-4
d10,ref|NC_001134|,167978,C,CA,48,94,51.06%,4.857E-20
d10,ref|NC_001134|,170784,GT,G,5,89,5.62%,2.95E-2
d10,ref|NC_001134|,174714,AT,A,14,88,15.91%,3.1905E-5
d10,ref|NC_001134|,192232,CT,C,5,97,5.15%,2.95E-2
d10,ref|NC_001134|,198429,TA,T,5,98,5.1%,2.9644E-2
d10,ref|NC_001134|,207021,GT,G,12,89,13.48%,1.6177E-4
d10,ref|NC_001134|,207782,T,C,5,94,5.32%,2.9592E-2
d10,ref|NC_001134|,221288,AGT,A,49,54,90.74%,2.014E-25
d10,ref|NC_001134|,224654,C,T,10,93,10.75%,7.567E-4
d10,ref|NC_001134|,226297,TA,T,8,102,7.84%,3.3874E-3
d10,ref|NC_001134|,242639,A,AT,9,82,10.98%,1.5399E-3
d10,ref|NC_001134|,251593,CT,C,8,93,8.6%,3.2807E-3
d10,ref|NC_001134|,259764,C,T,42,42,100%,5.9562E-25
d10,ref|NC_001134|,263144,GC,G,28,30,93.33%,4.194E-15
d10,ref|NC_001134|,263153,C,T,35,35,100%,8.9137E-21
d10,ref|NC_001134|,263158,CG,C,38,38,100%,1.4508E-22
d10,ref|NC_001134|,263168,CG,C,42,42,100%,5.9562E-25
d10,ref|NC_001134|,265382,G,T,53,53,100%,1.5943E-31
d10,ref|NC_001134|,270660,G,GA,11,111,9.91%,3.6633E-4
d10,ref|NC_001134|,270744,T,TA,5,85,5.88%,2.9351E-2
d10,ref|NC_001134|,274224,CT,C,11,107,10.28%,3.6057E-4
d10,ref|NC_001134|,281139,GA,G,7,86,8.14%,6.801E-3
d10,ref|NC_001134|,296125,AT,A,11,91,12.09%,3.2327E-4
d10,ref|NC_001134|,296313,G,GA,12,93,12.9%,1.6648E-4
d10,ref|NC_001134|,300033,GA,G,18,67,26.87%,7.7462E-7
d10,ref|NC_001134|,300715,TC,T,5,56,8.93%,2.8473E-2
d10,ref|NC_001134|,307654,AT,A,7,72,9.72%,6.675E-3
d10,ref|NC_001134|,316949,CA,C,11,77,14.29%,2.9794E-4
d10,ref|NC_001134|,320222,G,C,15,67,22.39%,1.2648E-5
d10,ref|NC_001134|,320223,T,C,10,68,14.71%,6.8401E-4
d10,ref|NC_001134|,351230,C,CA,7,77,9.09%,6.7622E-3
d10,ref|NC_001134|,369788,CT,C,8,92,8.7%,3.2807E-3
d10,ref|NC_001134|,381037,CT,C,6,103,5.83%,1.4499E-2
d10,ref|NC_001134|,383176,C,CG,73,75,97.33%,3.1521E-41
d10,ref|NC_001134|,386207,C,CA,14,76,18.42%,2.5488E-5
d10,ref|NC_001134|,389421,GCT,G,71,79,89.87%,2.5235E-36
d10,ref|NC_001134|,395042,GA,G,6,87,6.9%,1.4197E-2
d10,ref|NC_001134|,405412,T,A,6,98,6.12%,1.4442E-2
d10,ref|NC_001134|,406430,G,GA,7,87,8.05%,6.8485E-3
d10,ref|NC_001134|,415764,C,CT,14,82,17.07%,2.9687E-5
d10,ref|NC_001134|,424938,G,GT,8,131,6.11%,3.4931E-3
d10,ref|NC_001134|,425941,C,CA,5,91,5.49%,2.9459E-2
d10,ref|NC_001134|,429267,A,AT,7,112,6.25%,7.0604E-3
d10,ref|NC_001134|,434300,CA,C,8,79,10.13%,3.2091E-3
d10,ref|NC_001134|,452435,CT,C,8,79,10.13%,3.1718E-3
d10,ref|NC_001134|,477089,GTA,G,8,64,12.5%,3.045E-3
d10,ref|NC_001134|,479272,C,CA,11,101,10.89%,3.5425E-4
d10,ref|NC_001134|,484775,C,T,6,70,8.57%,1.3976E-2
d10,ref|NC_001134|,484779,C,T,6,72,8.33%,1.4021E-2
d10,ref|NC_001134|,485927,GT,G,10,71,14.08%,6.6338E-4
d10,ref|NC_001134|,492950,GA,G,11,68,16.18%,2.7747E-4
d10,ref|NC_001134|,499536,CA,C,16,85,18.82%,6.156E-6
d10,ref|NC_001134|,505412,CA,C,7,95,7.37%,6.8917E-3
d10,ref|NC_001134|,506510,T,C,5,97,5.15%,2.9644E-2
d10,ref|NC_001134|,522207,CT,C,5,100,5%,2.9692E-2
d10,ref|NC_001134|,526831,GA,G,8,82,9.76%,3.2347E-3
d10,ref|NC_001134|,539226,GA,G,9,89,10.11%,1.5399E-3
d10,ref|NC_001134|,541252,TA,T,6,106,5.66%,1.4499E-2
d10,ref|NC_001134|,541608,TTTA,T,5,97,5.15%,2.9575E-2
d10,ref|NC_001134|,550524,A,T,5,95,5.26%,2.961E-2
d10,ref|NC_001134|,553512,G,GA,11,114,9.65%,3.716E-4
d10,ref|NC_001134|,556210,GAT,G,5,100,5%,2.9676E-2
d10,ref|NC_001134|,559762,CAT,C,14,85,16.47%,3.2767E-5
d10,ref|NC_001134|,561222,GAA,G,7,47,14.89%,5.6095E-3
d10,ref|NC_001134|,563031,G,GT,16,85,18.82%,4.9254E-6
d10,ref|NC_001134|,567974,GT,G,5,81,6.17%,2.9327E-2
d10,ref|NC_001134|,571328,C,CA,11,86,12.79%,3.3091E-4
d10,ref|NC_001134|,576030,TA,T,10,82,12.2%,6.9153E-4
d10,ref|NC_001134|,590858,T,A,5,84,5.95%,2.9396E-2
d10,ref|NC_001134|,615984,G,GA,6,102,5.88%,1.4454E-2
d10,ref|NC_001134|,619498,G,T,6,116,5.17%,1.4624E-2
d10,ref|NC_001134|,628316,TA,T,5,86,5.81%,2.9373E-2
d10,ref|NC_001134|,628558,G,GT,10,84,11.9%,6.9868E-4
d10,ref|NC_001134|,635709,GT,G,6,103,5.83%,1.4499E-2
d10,ref|NC_001134|,638084,G,A,7,93,7.53%,6.9498E-3
d10,ref|NC_001134|,646111,CAT,C,13,80,16.25%,6.9169E-5
d10,ref|NC_001134|,681991,C,CA,9,98,9.18%,1.5832E-3
d10,ref|NC_001134|,683572,G,A,15,84,17.86%,1.5383E-5
d10,ref|NC_001134|,694611,TA,T,6,78,7.69%,1.3976E-2
d10,ref|NC_001134|,698075,GA,G,7,83,8.43%,6.7056E-3
d10,ref|NC_001134|,700169,AT,A,13,123,10.57%,8.4402E-5
d10,ref|NC_001134|,702006,CAT,C,5,31,16.13%,2.4823E-2
d10,ref|NC_001134|,704438,T,TA,10,104,9.62%,7.5886E-4
d10,ref|NC_001134|,714609,TA,T,8,104,7.69%,3.3722E-3
d10,ref|NC_001134|,720641,CT,C,11,96,11.46%,3.5812E-4
d10,ref|NC_001134|,721265,GA,G,8,97,8.25%,3.3331E-3
d10,ref|NC_001134|,723663,C,CA,52,99,52.53%,1.3555E-21
d10,ref|NC_001134|,730640,TC,T,5,97,5.15%,2.9644E-2
d10,ref|NC_001134|,737792,CT,C,8,101,7.92%,3.3824E-3
d10,ref|NC_001134|,746362,CATCTGCA,C,109,121,90.08%,1.0593E-55
d10,ref|NC_001134|,751216,C,CA,11,118,9.32%,3.726E-4
d10,ref|NC_001134|,767793,G,GA,6,86,6.98%,1.4197E-2
d10,ref|NC_001134|,774669,C,CA,11,101,10.89%,3.5154E-4
d10,ref|NC_001134|,774686,C,A,5,83,6.1%,2.9351E-2
d10,ref|NC_001134|,777906,AT,A,11,77,14.29%,3.2718E-4
d10,ref|NC_001134|,784713,CT,C,16,106,15.09%,7.3492E-6
d10,ref|NC_001134|,796545,C,CT,8,108,7.41%,3.4017E-3
d10,ref|NC_001134|,809468,G,GA,7,113,6.19%,7.0464E-3
d10,ref|NC_001134|,809484,C,CT,8,100,8%,3.3505E-3
d10,ref|NC_001134|,809794,AT,A,44,87,50.57%,1.0517E-18
d10,ref|NC_001135|,90,C,CA,5,14,35.71%,2.037E-2
d10,ref|NC_001135|,233,C,A,5,20,26.32%,2.3166E-2
d10,ref|NC_001135|,240,CCA,C,5,25,20%,2.4823E-2
d10,ref|NC_001135|,272,A,AC,5,17,31.25%,1.9565E-2
d10,ref|NC_001135|,5125,T,C,5,76,6.58%,2.9201E-2
d10,ref|NC_001135|,8353,C,CT,12,90,13.33%,1.592E-4
d10,ref|NC_001135|,8575,CA,C,13,80,16.25%,6.5501E-5
d10,ref|NC_001135|,18612,CT,C,6,116,5.17%,1.4606E-2
d10,ref|NC_001135|,27658,T,TA,17,53,32.08%,8.743E-7
d10,ref|NC_001135|,30781,C,CT,7,97,7.22%,6.9313E-3
d10,ref|NC_001135|,32157,GA,G,5,80,6.25%,2.9279E-2
d10,ref|NC_001135|,35514,GA,G,6,95,6.32%,1.4379E-2
d10,ref|NC_001135|,36530,T,C,5,83,6.02%,2.9373E-2
d10,ref|NC_001135|,42005,CA,C,18,75,24%,9.4974E-7
d10,ref|NC_001135|,44541,GAA,G,9,74,12.16%,1.3171E-3
d10,ref|NC_001135|,50320,AAT,A,9,48,18.75%,1.2112E-3
d10,ref|NC_001135|,50587,G,GA,6,67,8.96%,1.3851E-2
d10,ref|NC_001135|,54924,C,CA,7,91,7.69%,6.8597E-3
d10,ref|NC_001135|,57055,TA,T,7,59,11.86%,6.3515E-3
d10,ref|NC_001135|,57071,C,CA,7,58,12.07%,6.4016E-3
d10,ref|NC_001135|,57221,CA,C,7,55,12.73%,6.2092E-3
d10,ref|NC_001135|,62748,CAT,C,8,79,10.13%,3.2179E-3
d10,ref|NC_001135|,78480,CT,C,8,101,7.92%,3.3722E-3
d10,ref|NC_001135|,84421,G,A,37,37,100%,5.7269E-22
d10,ref|NC_001135|,92744,TAA,T,5,81,6.17%,2.9174E-2
d10,ref|NC_001135|,99797,G,A,18,50,36%,5.8874E-7
d10,ref|NC_001135|,101876,C,CT,15,87,17.24%,1.4959E-5
d10,ref|NC_001135|,107899,GA,G,8,89,8.99%,3.2508E-3
d10,ref|NC_001135|,127804,C,CT,6,68,8.82%,1.3903E-2
d10,ref|NC_001135|,142665,G,GA,6,92,6.52%,1.4294E-2
d10,ref|NC_001135|,143131,T,C,96,96,100%,2.7702E-57
d10,ref|NC_001135|,155207,G,GA,8,80,10%,3.2429E-3
d10,ref|NC_001135|,158486,AT,A,7,82,8.54%,6.8133E-3
d10,ref|NC_001135|,162361,T,C,103,103,100%,1.7512E-61
d10,ref|NC_001135|,162396,G,C,108,108,100%,1.7511E-64
d10,ref|NC_001135|,162640,T,G,100,100,100%,1.1044E-59
d10,ref|NC_001135|,162694,G,A,108,108,100%,1.7511E-64
d10,ref|NC_001135|,162712,TA,T,90,102,88.24%,3.8501E-45
d10,ref|NC_001135|,163059,T,C,74,74,100%,4.2804E-44
d10,ref|NC_001135|,163163,G,GA,79,90,87.78%,8.4042E-41
d10,ref|NC_001135|,163192,A,AT,88,91,96.7%,3.7024E-49
d10,ref|NC_001135|,173551,C,CT,11,93,11.83%,3.4273E-4
d10,ref|NC_001135|,176334,C,T,6,108,5.56%,1.455E-2
d10,ref|NC_001135|,176510,A,T,6,82,7.32%,1.4214E-2
d10,ref|NC_001135|,192254,T,A,5,96,5.21%,2.9627E-2
d10,ref|NC_001135|,199081,G,A,41,41,100%,2.3541E-24
d10,ref|NC_001135|,209788,CA,C,9,68,13.24%,1.4373E-3
d10,ref|NC_001135|,223344,C,CT,5,76,6.58%,2.9146E-2
d10,ref|NC_001135|,224773,TTA,T,5,77,6.49%,2.9117E-2
d10,ref|NC_001135|,227483,CT,C,6,96,6.25%,1.4392E-2
d10,ref|NC_001135|,229272,CA,C,6,91,6.59%,1.4247E-2
d10,ref|NC_001135|,231005,CT,C,15,72,20.83%,1.1665E-5
d10,ref|NC_001135|,236778,GT,G,5,93,5.38%,2.948E-2
d10,ref|NC_001135|,236804,C,CT,5,89,5.62%,2.9459E-2
d10,ref|NC_001135|,247980,GTA,G,10,86,11.63%,7.2967E-4
d10,ref|NC_001135|,256518,C,T,5,84,5.95%,2.9396E-2
d10,ref|NC_001135|,259986,GT,G,7,65,10.77%,6.5131E-3
d10,ref|NC_001135|,260025,GTA,G,11,70,15.71%,3.0557E-4
d10,ref|NC_001135|,273025,GA,G,15,85,17.65%,1.3542E-5
d10,ref|NC_001135|,273942,GA,G,10,117,8.55%,7.9624E-4
d10,ref|NC_001135|,292572,AAT,A,7,71,9.86%,6.6257E-3
d10,ref|NC_001135|,293126,AAT,A,7,54,12.96%,6.3515E-3
d10,ref|NC_001135|,304284,T,TA,7,110,6.36%,7.0672E-3
d10,ref|NC_001135|,308240,CT,C,5,89,5.62%,2.9459E-2
d10,ref|NC_001135|,313479,T,TA,13,94,13.83%,7.2404E-5
d10,ref|NC_001135|,315517,CTATA,C,5,47,10.64%,2.7555E-2
d10,ref|NC_001136|,54,C,CA,4,11,36.36%,4.5113E-2
d10,ref|NC_001136|,4721,C,CT,6,105,5.71%,1.4477E-2
d10,ref|NC_001136|,7721,C,CA,56,58,96.55%,2.8822E-31
d10,ref|NC_001136|,13937,G,A,42,117,35.9%,2.5058E-15
d10,ref|NC_001136|,20525,CTA,C,6,61,9.84%,1.3497E-2
d10,ref|NC_001136|,26389,T,TA,11,108,10.19%,3.6742E-4
d10,ref|NC_001136|,27734,C,T,18,84,21.43%,1.3771E-6
d10,ref|NC_001136|,27743,C,G,6,71,8.45%,1.3952E-2
d10,ref|NC_001136|,27747,A,G,5,73,6.85%,2.9117E-2
d10,ref|NC_001136|,43856,CT,C,20,95,21.05%,2.8673E-7
d10,ref|NC_001136|,43887,GA,G,16,109,14.68%,8.0674E-6
d10,ref|NC_001136|,57073,G,GA,14,120,11.67%,3.927E-5
d10,ref|NC_001136|,62172,CT,C,7,140,5%,7.2268E-3
d10,ref|NC_001136|,66048,GA,G,10,127,7.87%,7.977E-4
d10,ref|NC_001136|,66439,GT,G,8,128,6.25%,3.4735E-3
d10,ref|NC_001136|,82419,AT,A,9,148,6.08%,1.7072E-3
d10,ref|NC_001136|,92669,T,G,9,110,8.18%,1.6474E-3
d10,ref|NC_001136|,92682,GA,G,15,132,11.36%,1.6766E-5
d10,ref|NC_001136|,95791,GT,G,14,167,8.38%,4.4992E-5
d10,ref|NC_001136|,105479,C,T,9,119,7.56%,1.6649E-3
d10,ref|NC_001136|,106907,A,AT,11,130,8.46%,3.8339E-4
d10,ref|NC_001136|,116123,CA,C,10,128,7.81%,8.0467E-4
d10,ref|NC_001136|,123792,T,TA,14,120,11.67%,3.8929E-5
d10,ref|NC_001136|,126537,C,CT,16,66,24.24%,3.4048E-6
d10,ref|NC_001136|,135456,CT,C,12,96,12.5%,1.574E-4
d10,ref|NC_001136|,157978,C,CT,8,141,5.67%,3.5248E-3
d10,ref|NC_001136|,164943,CT,C,7,132,5.3%,7.1866E-3
d10,ref|NC_001136|,169891,TA,T,6,54,11.11%,1.3188E-2
d10,ref|NC_001136|,211214,G,GA,13,121,10.74%,8.5266E-5
d10,ref|NC_001136|,211315,CAT,C,8,107,7.48%,3.397E-3
d10,ref|NC_001136|,212437,A,G,5,98,5.1%,2.966E-2
d10,ref|NC_001136|,212440,GT,G,10,103,9.71%,7.4758E-4
d10,ref|NC_001136|,240138,CAT,C,9,105,8.57%,1.6276E-3
d10,ref|NC_001136|,270194,CA,C,8,110,7.27%,3.4017E-3
d10,ref|NC_001136|,273629,GTT,G,21,76,27.63%,1.2997E-8
d10,ref|NC_001136|,286882,CT,C,13,105,12.38%,7.9774E-5
d10,ref|NC_001136|,293261,GT,G,6,117,5.13%,1.4632E-2
d10,ref|NC_001136|,300038,GA,G,10,112,8.93%,7.7292E-4
d10,ref|NC_001136|,302323,G,GA,7,118,5.93%,7.1235E-3
d10,ref|NC_001136|,303010,AT,A,7,86,8.14%,6.8485E-3
d10,ref|NC_001136|,312518,C,CT,9,174,5.17%,1.7533E-3
d10,ref|NC_001136|,315072,CT,C,10,146,6.85%,8.2788E-4
d10,ref|NC_001136|,323677,GAT,G,8,76,10.53%,3.1302E-3
d10,ref|NC_001136|,329641,TTA,T,5,62,8.06%,2.8614E-2
d10,ref|NC_001136|,336206,C,CT,17,120,14.17%,3.5726E-6
d10,ref|NC_001136|,344004,G,GTA,55,97,56.7%,2.9411E-22
d10,ref|NC_001136|,344227,C,CT,7,95,7.37%,6.9587E-3
d10,ref|NC_001136|,357278,G,GT,13,129,10.08%,8.8365E-5
d10,ref|NC_001136|,358277,A,AT,6,117,5.13%,1.4615E-2
d10,ref|NC_001136|,364962,TA,T,10,119,8.4%,7.8191E-4
d10,ref|NC_001136|,369171,G,GA,5,90,5.56%,2.948E-2
d10,ref|NC_001136|,369259,CA,C,11,76,14.47%,3.0557E-4
d10,ref|NC_001136|,370968,TTA,T,5,78,6.41%,2.9174E-2
d10,ref|NC_001136|,392110,G,GT,6,90,6.67%,1.4161E-2
d10,ref|NC_001136|,392146,GAC,G,14,108,12.96%,3.8754E-5
d10,ref|NC_001136|,394573,T,C,24,99,24.24%,1.2198E-8
d10,ref|NC_001136|,394574,G,A,5,81,6.17%,2.9327E-2
d10,ref|NC_001136|,403511,G,GT,98,116,84.48%,9.5991E-49
d10,ref|NC_001136|,405202,G,GT,8,126,6.35%,3.4735E-3
d10,ref|NC_001136|,408171,C,CA,10,120,8.33%,7.9475E-4
d10,ref|NC_001136|,410887,AT,A,5,82,6.1%,2.9201E-2
d10,ref|NC_001136|,427105,C,CT,9,146,6.16%,1.7105E-3
d10,ref|NC_001136|,428805,A,AT,9,117,7.69%,1.6474E-3
d10,ref|NC_001136|,436198,CT,C,12,138,8.7%,1.8047E-4
d10,ref|NC_001136|,450188,GTA,G,9,71,12.68%,1.4297E-3
d10,ref|NC_001136|,454818,G,GA,9,135,6.67%,1.6964E-3
d10,ref|NC_001136|,462158,A,G,26,150,17.33%,4.5529E-9
d10,ref|NC_001136|,465667,CA,C,7,112,6.25%,7.0243E-3
d10,ref|NC_001136|,471707,AT,A,8,124,6.45%,3.47E-3
d10,ref|NC_001136|,476272,TCA,T,6,102,5.88%,1.4488E-2
d10,ref|NC_001136|,482472,GA,G,27,145,18.62%,1.7993E-9
d10,ref|NC_001136|,485620,A,G,5,82,6.1%,2.9351E-2
d10,ref|NC_001136|,489441,AAT,A,12,86,13.95%,1.592E-4
d10,ref|NC_001136|,506937,TA,T,8,121,6.61%,3.4481E-3
d10,ref|NC_001136|,519899,G,GT,9,78,11.69%,1.4447E-3
d10,ref|NC_001136|,525256,C,CT,7,112,6.25%,7.0535E-3
d10,ref|NC_001136|,535450,G,A,35,252,13.89%,8.186E-12
d10,ref|NC_001136|,538733,GTA,G,20,67,29.85%,1.4773E-7
d10,ref|NC_001136|,541917,G,GA,7,127,5.51%,7.1669E-3
d10,ref|NC_001136|,542558,CA,C,15,126,11.9%,1.899E-5
d10,ref|NC_001136|,548546,G,GT,40,108,37.04%,1.3916E-15
d10,ref|NC_001136|,551819,CA,C,17,112,15.18%,3.3498E-6
d10,ref|NC_001136|,553071,A,AT,8,122,6.56%,3.4481E-3
d10,ref|NC_001136|,561048,C,CA,7,131,5.34%,7.1913E-3
d10,ref|NC_001136|,578452,GT,G,5,87,5.75%,2.9439E-2
d10,ref|NC_001136|,587839,CT,C,17,85,20%,2.4359E-6
d10,ref|NC_001136|,589651,TA,T,10,122,8.2%,8.0056E-4
d10,ref|NC_001136|,591697,T,TA,8,125,6.4%,3.47E-3
d10,ref|NC_001136|,592981,GT,G,6,81,7.41%,1.4124E-2
d10,ref|NC_001136|,607042,G,GA,23,141,16.31%,3.7173E-8
d10,ref|NC_001136|,621879,G,GA,15,88,17.05%,1.2459E-5
d10,ref|NC_001136|,628654,AT,A,9,104,8.65%,1.6016E-3
d10,ref|NC_001136|,630833,GT,G,18,98,18.56%,1.2601E-6
d10,ref|NC_001136|,644538,A,G,7,113,6.19%,7.0996E-3
d10,ref|NC_001136|,645102,GA,G,19,111,17.12%,7.7252E-7
d10,ref|NC_001136|,668949,T,TA,10,102,9.8%,7.5448E-4
d10,ref|NC_001136|,671647,T,A,6,118,5.08%,1.464E-2
d10,ref|NC_001136|,677843,G,GA,5,97,5.15%,2.9644E-2
d10,ref|NC_001136|,677945,T,C,5,79,6.33%,2.9279E-2
d10,ref|NC_001136|,680128,C,CT,8,131,6.11%,3.4962E-3
d10,ref|NC_001136|,680757,C,G,5,98,5.1%,2.966E-2
d10,ref|NC_001136|,688005,GA,G,7,115,6.09%,7.0934E-3
d10,ref|NC_001136|,688062,C,CTT,60,98,61.22%,2.7531E-28
d10,ref|NC_001136|,746353,CA,C,10,126,7.94%,7.9624E-4
d10,ref|NC_001136|,748524,TA,T,8,113,7.08%,3.4063E-3
d10,ref|NC_001136|,757631,G,C,97,97,100%,6.9615E-58
d10,ref|NC_001136|,758310,T,C,65,65,100%,1.0519E-38
d10,ref|NC_001136|,778757,G,GTAT,6,86,6.98%,1.4263E-2
d10,ref|NC_001136|,810472,TTA,T,5,93,5.38%,2.9519E-2
d10,ref|NC_001136|,816631,T,TA,9,146,6.16%,1.7138E-3
d10,ref|NC_001136|,817531,T,TA,74,102,72.55%,1.8727E-33
d10,ref|NC_001136|,835638,G,GA,11,129,8.53%,3.8655E-4
d10,ref|NC_001136|,840422,AAT,A,6,98,6.12%,1.4365E-2
d10,ref|NC_001136|,851116,T,TA,6,119,5.04%,1.464E-2
d10,ref|NC_001136|,864867,CAT,C,12,106,11.32%,1.7446E-4
d10,ref|NC_001136|,867984,T,TA,6,112,5.36%,1.4579E-2
d10,ref|NC_001136|,872837,T,C,5,28,17.86%,2.5729E-2
d10,ref|NC_001136|,879328,C,T,6,80,7.5%,1.4179E-2
d10,ref|NC_001136|,880697,A,G,101,101,100%,2.7747E-60
d10,ref|NC_001136|,884572,CT,C,21,91,23.08%,7.6659E-8
d10,ref|NC_001136|,887096,GA,G,8,109,7.34%,3.3922E-3
d10,ref|NC_001136|,892532,CA,C,6,103,5.83%,1.4417E-2
d10,ref|NC_001136|,892698,G,GTT,5,67,7.46%,2.87E-2
d10,ref|NC_001136|,894993,CA,C,8,156,5.13%,3.5473E-3
d10,ref|NC_001136|,909727,AT,A,15,105,14.29%,1.4959E-5
d10,ref|NC_001136|,915100,A,G,26,90,28.89%,1.8008E-9
d10,ref|NC_001136|,921813,CA,C,27,100,27%,5.4945E-10
d10,ref|NC_001136|,927297,C,G,7,62,11.29%,6.5131E-3
d10,ref|NC_001136|,929171,G,GT,6,104,5.77%,1.4477E-2
d10,ref|NC_001136|,929184,A,AT,9,112,8.04%,1.6447E-3
d10,ref|NC_001136|,930964,CAT,C,14,97,14.43%,3.5772E-5
d10,ref|NC_001136|,955986,G,GA,16,94,17.02%,6.9374E-6
d10,ref|NC_001136|,957628,CT,C,10,113,8.85%,7.8361E-4
d10,ref|NC_001136|,966520,TA,T,12,71,16.9%,1.3842E-4
d10,ref|NC_001136|,982450,T,C,5,77,6.49%,2.9228E-2
d10,ref|NC_001136|,984142,C,A,5,78,6.41%,2.9254E-2
d10,ref|NC_001136|,986971,T,C,5,91,5.49%,2.9538E-2
d10,ref|NC_001136|,987056,A,AT,5,88,5.68%,2.948E-2
d10,ref|NC_001136|,987082,A,T,5,92,5.43%,2.9557E-2
d10,ref|NC_001136|,987085,C,CA,5,93,5.38%,2.9575E-2
d10,ref|NC_001136|,987244,G,A,65,69,94.2%,4.6073E-35
d10,ref|NC_001136|,1002291,A,AT,8,136,5.88%,3.4899E-3
d10,ref|NC_001136|,1007254,C,G,11,79,13.92%,3.3447E-4
d10,ref|NC_001136|,1012097,A,AT,6,105,5.71%,1.452E-2
d10,ref|NC_001136|,1015989,GA,G,15,103,14.56%,1.6043E-5
d10,ref|NC_001136|,1046392,A,G,22,84,26.19%,4.8987E-8
d10,ref|NC_001136|,1057929,A,AT,6,103,5.83%,1.4477E-2
d10,ref|NC_001136|,1079010,AT,A,15,107,14.02%,1.5383E-5
d10,ref|NC_001136|,1084521,G,GA,9,99,9.09%,1.5793E-3
d10,ref|NC_001136|,1084685,GA,G,7,104,6.73%,6.9761E-3
d10,ref|NC_001136|,1090113,GA,G,20,132,15.15%,3.4743E-7
d10,ref|NC_001136|,1101983,CT,C,19,139,13.67%,9.389E-7
d10,ref|NC_001136|,1105909,AT,A,14,105,13.33%,3.5995E-5
d10,ref|NC_001136|,1108600,GA,G,14,131,10.69%,4.0387E-5
d10,ref|NC_001136|,1126223,CTA,C,6,111,5.41%,1.457E-2
d10,ref|NC_001136|,1130880,AT,A,7,137,5.11%,7.2051E-3
d10,ref|NC_001136|,1135689,GA,G,8,95,8.42%,3.3331E-3
d10,ref|NC_001136|,1147231,CT,C,10,125,8%,8.0332E-4
d10,ref|NC_001136|,1150910,A,AG,124,132,93.94%,2.0531E-66
d10,ref|NC_001136|,1173812,A,G,26,102,25.49%,2.3976E-9
d10,ref|NC_001136|,1173814,C,T,7,84,8.33%,6.8597E-3
d10,ref|NC_001136|,1174453,TA,T,8,109,7.34%,3.4017E-3
d10,ref|NC_001136|,1178330,CT,C,16,96,16.67%,6.484E-6
d10,ref|NC_001136|,1202177,C,CA,7,107,6.54%,7.0243E-3
d10,ref|NC_001136|,1215256,A,G,5,100,5%,2.9692E-2
d10,ref|NC_001136|,1237589,C,CT,10,117,8.55%,7.8693E-4
d10,ref|NC_001136|,1239031,AAT,A,11,72,15.28%,3.0799E-4
d10,ref|NC_001136|,1240959,G,GA,9,118,7.63%,1.6447E-3
d10,ref|NC_001136|,1242276,G,GA,11,117,9.4%,3.8002E-4
d10,ref|NC_001136|,1253397,T,C,142,142,100%,6.8012E-85
d10,ref|NC_001136|,1254534,A,AT,8,118,6.78%,3.4443E-3
d10,ref|NC_001136|,1266255,C,CT,18,135,13.33%,2.0392E-6
d10,ref|NC_001136|,1272102,C,CT,9,135,6.67%,1.7019E-3
d10,ref|NC_001136|,1278545,GA,G,10,127,7.87%,8.0056E-4
d10,ref|NC_001136|,1305680,TG,T,129,143,90.21%,5.9561E-66
d10,ref|NC_001136|,1307967,T,C,10,11,90.91%,1.7011E-5
d10,ref|NC_001136|,1310265,G,GA,12,142,8.45%,1.8985E-4
d10,ref|NC_001136|,1321982,CAT,C,16,122,13.11%,8.6707E-6
d10,ref|NC_001136|,1328370,A,G,14,76,18.42%,3.1607E-5
d10,ref|NC_001136|,1341641,TC,T,12,124,9.68%,1.7996E-4
d10,ref|NC_001136|,1344499,G,A,7,96,7.29%,6.9761E-3
d10,ref|NC_001136|,1357467,C,T,7,88,7.95%,6.9019E-3
d10,ref|NC_001136|,1357474,A,AT,11,85,12.94%,3.3447E-4
d10,ref|NC_001136|,1385471,CAT,C,14,87,16.09%,3.3043E-5
d10,ref|NC_001136|,1388828,T,TA,10,159,6.29%,8.3729E-4
d10,ref|NC_001136|,1402305,C,T,109,109,100%,4.3979E-65
d10,ref|NC_001136|,1412225,GA,G,12,114,10.53%,1.762E-4
d10,ref|NC_001136|,1418469,CAT,C,10,105,9.52%,7.7292E-4
d10,ref|NC_001136|,1421025,G,GA,11,140,7.86%,3.9564E-4
d10,ref|NC_001136|,1431852,G,C,8,81,9.88%,3.2585E-3
d10,ref|NC_001136|,1433710,A,T,109,109,100%,4.3979E-65
d10,ref|NC_001136|,1443538,G,GA,15,124,12.1%,1.8825E-5
d10,ref|NC_001136|,1466418,GT,G,28,136,20.59%,4.7651E-10
d10,ref|NC_001136|,1468506,C,CA,21,142,14.79%,2.0109E-7
d10,ref|NC_001136|,1470478,TA,T,12,130,9.23%,1.851E-4
d10,ref|NC_001136|,1474784,A,AT,18,116,15.52%,1.5361E-6
d10,ref|NC_001136|,1494413,C,CA,7,118,5.93%,7.0934E-3
d10,ref|NC_001136|,1501055,G,GA,7,134,5.22%,7.1866E-3
d10,ref|NC_001136|,1515034,TA,T,89,103,86.41%,8.0529E-44
d10,ref|NC_001136|,1517680,G,GT,8,146,5.48%,3.53E-3
d10,ref|NC_001136|,1518948,G,GT,69,101,68.32%,6.3227E-30
d10,ref|NC_001136|,1524974,A,G,111,111,100%,2.7737E-66
d10,ref|NC_001136|,1525313,T,G,17,17,100%,4.2852E-10
d10,ref|NC_001136|,1525335,C,G,11,11,100%,1.4176E-6
d10,ref|NC_001137|,14724,CA,C,10,95,10.53%,7.2689E-4
d10,ref|NC_001137|,17442,GT,G,5,98,5.1%,2.966E-2
d10,ref|NC_001137|,19574,CA,C,12,114,10.53%,1.762E-4
d10,ref|NC_001137|,21321,TA,T,18,97,18.56%,1.3001E-6
d10,ref|NC_001137|,23230,AT,A,10,99,10.1%,7.4993E-4
d10,ref|NC_001137|,23875,CA,C,5,94,5.32%,2.9575E-2
d10,ref|NC_001137|,31460,CAT,C,19,82,23.17%,5.3783E-7
d10,ref|NC_001137|,33475,C,CT,12,105,11.43%,1.7134E-4
d10,ref|NC_001137|,34884,A,T,5,95,5.26%,2.961E-2
d10,ref|NC_001137|,36289,GT,G,11,76,14.47%,3.1486E-4
d10,ref|NC_001137|,39894,TA,T,5,97,5.15%,2.95E-2
d10,ref|NC_001137|,48384,T,C,93,93,100%,1.7451E-55
d10,ref|NC_001137|,52435,C,CA,5,82,6.1%,2.9228E-2
d10,ref|NC_001137|,55899,T,A,6,111,5.41%,1.4579E-2
d10,ref|NC_001137|,59372,CT,C,11,138,7.97%,3.842E-4
d10,ref|NC_001137|,61686,CT,C,8,89,8.99%,3.2585E-3
d10,ref|NC_001137|,64154,C,CT,6,82,7.32%,1.4161E-2
d10,ref|NC_001137|,65293,GA,G,9,52,17.31%,1.1791E-3
d10,ref|NC_001137|,66041,AC,A,6,104,5.77%,1.4509E-2
d10,ref|NC_001137|,73474,C,CT,8,104,7.69%,3.3874E-3
d10,ref|NC_001137|,86488,CA,C,9,76,11.84%,1.3788E-3
d10,ref|NC_001137|,90212,A,T,5,85,5.88%,2.9417E-2
d10,ref|NC_001137|,100573,TA,T,11,86,12.79%,3.1034E-4
d10,ref|NC_001137|,116086,G,A,43,43,100%,1.5066E-25
d10,ref|NC_001137|,116577,G,A,99,99,100%,4.3954E-59
d10,ref|NC_001137|,116644,G,T,93,93,100%,1.7451E-55
d10,ref|NC_001137|,118577,CAT,C,11,70,15.71%,3.031E-4
d10,ref|NC_001137|,119189,A,T,7,105,6.67%,7.0464E-3
d10,ref|NC_001137|,122728,GA,G,7,100,7%,6.9406E-3
d10,ref|NC_001137|,126489,G,GT,5,89,5.62%,2.9439E-2
d10,ref|NC_001137|,130736,A,AT,11,117,9.4%,3.8173E-4
d10,ref|NC_001137|,132565,CAT,C,7,65,10.77%,6.5131E-3
d10,ref|NC_001137|,148091,GA,G,16,106,15.09%,7.5412E-6
d10,ref|NC_001137|,152924,G,GA,7,84,8.33%,6.8253E-3
d10,ref|NC_001137|,154531,T,A,90,90,100%,1.0988E-53
d10,ref|NC_001137|,159027,CA,C,24,85,28.24%,6.408E-9
d10,ref|NC_001137|,161124,T,A,6,97,6.19%,1.443E-2
d10,ref|NC_001137|,188649,C,T,6,84,7.14%,1.4247E-2
d10,ref|NC_001137|,194693,GA,G,8,103,7.77%,3.3616E-3
d10,ref|NC_001137|,196609,T,TA,12,92,13.04%,1.592E-4
d10,ref|NC_001137|,198592,GTA,G,19,115,16.52%,7.7252E-7
d10,ref|NC_001137|,217691,TA,T,6,86,6.98%,1.4161E-2
d10,ref|NC_001137|,221394,T,TA,9,77,11.69%,1.4972E-3
d10,ref|NC_001137|,221815,CA,C,5,94,5.32%,2.95E-2
d10,ref|NC_001137|,222905,TA,T,6,82,7.32%,1.4197E-2
d10,ref|NC_001137|,229318,A,T,7,113,6.19%,7.0996E-3
d10,ref|NC_001137|,243665,GA,G,8,77,10.39%,3.0313E-3
d10,ref|NC_001137|,251561,GA,G,7,106,6.6%,6.9761E-3
d10,ref|NC_001137|,256303,GTA,G,11,75,14.67%,3.2525E-4
d10,ref|NC_001137|,258177,GA,G,5,95,5.26%,2.9519E-2
d10,ref|NC_001137|,261464,C,CA,17,70,24.29%,2.091E-6
d10,ref|NC_001137|,265161,T,A,6,88,6.82%,1.4309E-2
d10,ref|NC_001137|,268022,A,T,6,116,5.17%,1.4624E-2
d10,ref|NC_001137|,268335,GA,G,14,118,11.86%,3.6849E-5
d10,ref|NC_001137|,268848,CT,C,5,90,5.56%,2.948E-2
d10,ref|NC_001137|,272558,GT,G,56,77,72.73%,1.5891E-25
d10,ref|NC_001137|,274156,G,GA,8,100,8%,3.3616E-3
d10,ref|NC_001137|,274360,C,CT,6,91,6.59%,1.4294E-2
d10,ref|NC_001137|,284696,G,GA,5,70,7.14%,2.8961E-2
d10,ref|NC_001137|,289244,A,AT,5,86,5.81%,2.9373E-2
d10,ref|NC_001137|,291632,CT,C,10,86,11.63%,7.3507E-4
d10,ref|NC_001137|,302513,T,A,5,90,5.56%,2.9519E-2
d10,ref|NC_001137|,305799,CT,C,10,102,9.8%,7.6307E-4
d10,ref|NC_001137|,316709,A,AT,7,108,6.48%,7.0243E-3
d10,ref|NC_001137|,333040,T,C,5,90,5.56%,2.9519E-2
d10,ref|NC_001137|,335941,A,G,13,66,19.7%,6.3478E-5
d10,ref|NC_001137|,352394,A,G,89,89,100%,4.3706E-53
d10,ref|NC_001137|,359541,A,G,5,96,5.21%,2.9627E-2
d10,ref|NC_001137|,360086,G,A,6,114,5.26%,1.4606E-2
d10,ref|NC_001137|,368945,T,C,5,95,5.26%,2.961E-2
d10,ref|NC_001137|,378704,T,C,10,73,13.7%,7.0212E-4
d10,ref|NC_001137|,382298,A,AT,15,47,31.91%,4.1835E-6
d10,ref|NC_001137|,382523,CA,C,10,62,16.13%,5.3293E-4
d10,ref|NC_001137|,386143,G,GA,8,80,10%,3.1909E-3
d10,ref|NC_001137|,388374,T,A,6,90,6.67%,1.4338E-2
d10,ref|NC_001137|,390254,C,CA,12,126,9.52%,1.8287E-4
d10,ref|NC_001137|,395202,C,CA,8,112,7.14%,3.397E-3
d10,ref|NC_001137|,400988,CT,C,5,94,5.32%,2.95E-2
d10,ref|NC_001137|,402835,G,GA,11,115,9.57%,3.7826E-4
d10,ref|NC_001137|,403609,T,A,7,110,6.36%,7.0805E-3
d10,ref|NC_001137|,404488,CT,C,14,92,15.22%,3.2485E-5
d10,ref|NC_001137|,406418,C,CT,14,123,11.38%,3.9763E-5
d10,ref|NC_001137|,407127,G,GA,7,90,7.78%,6.8813E-3
d10,ref|NC_001137|,412967,AT,A,6,107,5.61%,1.454E-2
d10,ref|NC_001137|,413363,TA,T,10,67,14.93%,6.6338E-4
d10,ref|NC_001137|,413369,A,T,5,64,7.81%,2.8819E-2
d10,ref|NC_001137|,413706,A,G,5,92,5.43%,2.9557E-2
d10,ref|NC_001137|,413722,T,C,5,94,5.32%,2.9592E-2
d10,ref|NC_001137|,415753,CT,C,6,108,5.56%,1.4499E-2
d10,ref|NC_001137|,422990,C,CA,7,96,7.29%,6.9313E-3
d10,ref|NC_001137|,430559,C,CA,9,101,8.91%,1.6016E-3
d10,ref|NC_001137|,433011,C,CT,9,104,8.65%,1.6118E-3
d10,ref|NC_001137|,433180,AT,A,8,83,9.64%,3.2347E-3
d10,ref|NC_001137|,438774,A,AT,5,96,5.21%,2.9627E-2
d10,ref|NC_001137|,455098,A,AT,6,92,6.52%,1.4365E-2
d10,ref|NC_001137|,462951,CT,C,9,84,10.71%,1.535E-3
d10,ref|NC_001137|,468982,C,CT,8,100,8%,3.3616E-3
d10,ref|NC_001137|,491993,A,AT,5,93,5.38%,2.9519E-2
d10,ref|NC_001137|,492181,CA,C,5,88,5.68%,2.9439E-2
d10,ref|NC_001137|,499916,T,A,5,99,5.05%,2.9676E-2
d10,ref|NC_001137|,503930,CA,C,14,109,12.84%,3.8577E-5
d10,ref|NC_001137|,510328,C,CA,8,102,7.84%,3.3669E-3
d10,ref|NC_001137|,517529,T,C,100,100,100%,1.1044E-59
d10,ref|NC_001137|,520781,G,GA,15,98,15.31%,1.5786E-5
d10,ref|NC_001137|,522970,AT,A,7,79,8.86%,6.6905E-3
d10,ref|NC_001137|,535248,GT,G,8,105,7.62%,3.3874E-3
d10,ref|NC_001137|,541505,A,AT,5,97,5.15%,2.961E-2
d10,ref|NC_001137|,542236,A,T,5,91,5.49%,2.9538E-2
d10,ref|NC_001137|,555344,C,CA,9,92,9.78%,1.5627E-3
d10,ref|NC_001137|,555363,TA,T,5,97,5.15%,2.9575E-2
d10,ref|NC_001138|,8304,TA,T,13,80,16.25%,6.7394E-5
d10,ref|NC_001138|,8640,GT,G,6,67,8.96%,1.3737E-2
d10,ref|NC_001138|,11006,A,G,10,98,10.2%,7.6712E-4
d10,ref|NC_001138|,11068,CT,C,18,117,15.38%,1.7493E-6
d10,ref|NC_001138|,12416,T,A,69,153,45.1%,7.5421E-26
d10,ref|NC_001138|,13950,A,G,5,86,5.81%,2.9439E-2
d10,ref|NC_001138|,14286,C,CA,8,113,7.08%,3.4281E-3
d10,ref|NC_001138|,31532,A,AT,11,89,12.36%,3.5014E-4
d10,ref|NC_001138|,44063,A,G,6,108,5.56%,1.455E-2
d10,ref|NC_001138|,49259,A,C,7,96,7.29%,6.9761E-3
d10,ref|NC_001138|,54494,GT,G,7,95,7.37%,6.9019E-3
d10,ref|NC_001138|,57967,T,TA,6,61,9.84%,1.3571E-2
d10,ref|NC_001138|,58005,GAT,G,12,54,22.22%,1.2122E-4
d10,ref|NC_001138|,65938,A,T,7,82,8.54%,6.837E-3
d10,ref|NC_001138|,74485,GA,G,5,84,5.95%,2.9373E-2
d10,ref|NC_001138|,75912,CT,C,7,70,10%,6.5333E-3
d10,ref|NC_001138|,78010,CAT,C,7,57,12.28%,6.2398E-3
d10,ref|NC_001138|,95460,A,AT,5,94,5.32%,2.9557E-2
d10,ref|NC_001138|,97617,TA,T,8,73,10.96%,3.1302E-3
d10,ref|NC_001138|,97864,C,CTT,54,73,73.97%,2.5293E-27
d10,ref|NC_001138|,99153,C,CA,5,75,6.67%,2.8927E-2
d10,ref|NC_001138|,104558,C,CA,7,67,10.45%,6.5333E-3
d10,ref|NC_001138|,104577,TA,T,11,57,19.3%,2.5621E-4
d10,ref|NC_001138|,106277,C,CTT,52,76,68.42%,6.926E-25
d10,ref|NC_001138|,107684,TA,T,6,106,5.66%,1.4499E-2
d10,ref|NC_001138|,107881,C,T,5,72,6.94%,2.9088E-2
d10,ref|NC_001138|,110889,G,T,5,90,5.56%,2.9519E-2
d10,ref|NC_001138|,111400,T,A,5,100,5%,2.9692E-2
d10,ref|NC_001138|,119284,GA,G,15,96,15.62%,1.5519E-5
d10,ref|NC_001138|,154502,A,AT,7,106,6.6%,7.0243E-3
d10,ref|NC_001138|,155985,G,GT,14,98,14.29%,3.3842E-5
d10,ref|NC_001138|,163015,T,C,8,66,12.12%,3.1191E-3
d10,ref|NC_001138|,174046,C,CT,9,82,10.98%,1.4972E-3
d10,ref|NC_001138|,210067,AT,A,16,69,23.19%,5.2337E-6
d10,ref|NC_001138|,210344,TTG,T,9,55,16.36%,1.3171E-3
d10,ref|NC_001138|,220461,CT,C,7,93,7.53%,6.9498E-3
d10,ref|NC_001138|,223119,G,GA,6,85,7.06%,1.4179E-2
d10,ref|NC_001138|,226131,C,CA,9,87,10.34%,1.5539E-3
d10,ref|NC_001138|,227478,C,CT,13,61,21.31%,4.5578E-5
d10,ref|NC_001138|,248304,T,A,5,100,5%,2.9692E-2
d10,ref|NC_001138|,262244,CA,C,5,91,5.49%,2.9439E-2
d10,ref|NC_001138|,262678,G,A,5,91,5.49%,2.9538E-2
d10,ref|NC_001138|,265378,CT,C,5,76,6.58%,2.9117E-2
d10,ref|NC_001139|,214,A,AC,60,66,90.91%,4.14E-31
d10,ref|NC_001139|,3209,CT,C,10,149,6.71%,8.355E-4
d10,ref|NC_001139|,7303,TA,T,7,127,5.51%,7.1513E-3
d10,ref|NC_001139|,8151,G,GA,113,114,99.12%,5.0508E-66
d10,ref|NC_001139|,9807,TA,T,6,116,5.17%,1.457E-2
d10,ref|NC_001139|,14846,G,GA,6,85,7.06%,1.4231E-2
d10,ref|NC_001139|,34402,CA,C,7,137,5.11%,7.2006E-3
d10,ref|NC_001139|,43266,C,CA,11,102,10.78%,3.4872E-4
d10,ref|NC_001139|,45353,GA,G,9,117,7.69%,1.65E-3
d10,ref|NC_001139|,46077,T,C,11,97,11.34%,3.6177E-4
d10,ref|NC_001139|,49415,C,CT,11,126,8.73%,3.842E-4
d10,ref|NC_001139|,56225,C,CT,17,112,15.18%,3.8556E-6
d10,ref|NC_001139|,65730,A,G,5,73,6.85%,2.9117E-2
d10,ref|NC_001139|,69352,TAC,T,10,89,11.24%,7.3507E-4
d10,ref|NC_001139|,76709,GA,G,8,103,7.77%,3.3561E-3
d10,ref|NC_001139|,77930,A,AT,17,125,13.6%,4.0801E-6
d10,ref|NC_001139|,80602,TA,T,9,77,11.69%,1.4724E-3
d10,ref|NC_001139|,84763,CT,C,10,133,7.52%,8.0332E-4
d10,ref|NC_001139|,94684,AT,A,9,119,7.56%,1.6672E-3
d10,ref|NC_001139|,102487,TA,T,13,116,11.21%,8.2868E-5
d10,ref|NC_001139|,121032,GA,G,8,133,6.02%,3.4802E-3
d10,ref|NC_001139|,124375,G,GA,11,99,11.11%,3.5425E-4
d10,ref|NC_001139|,140313,T,TA,5,48,10.42%,2.7721E-2
d10,ref|NC_001139|,145503,G,C,5,51,9.8%,2.8203E-2
d10,ref|NC_001139|,147855,CA,C,6,120,5%,1.4606E-2
d10,ref|NC_001139|,154579,T,TA,9,86,10.47%,1.5086E-3
d10,ref|NC_001139|,167250,CA,C,13,81,16.05%,6.6146E-5
d10,ref|NC_001139|,167622,C,CA,21,83,25.3%,1.0063E-7
d10,ref|NC_001139|,196620,A,AT,10,118,8.47%,8.0056E-4
d10,ref|NC_001139|,213859,G,GT,12,109,11.01%,1.7505E-4
d10,ref|NC_001139|,272291,GAT,G,9,64,14.06%,1.4219E-3
d10,ref|NC_001139|,274698,CTA,C,5,90,5.56%,2.9417E-2
d10,ref|NC_001139|,278779,CT,C,18,107,16.82%,1.4501E-6
d10,ref|NC_001139|,281605,AT,A,14,104,13.46%,3.6641E-5
d10,ref|NC_001139|,286060,C,CA,8,117,6.84%,3.4519E-3
d10,ref|NC_001139|,307424,G,C,5,80,6.25%,2.9303E-2
d10,ref|NC_001139|,307425,T,C,8,85,9.41%,3.2878E-3
d10,ref|NC_001139|,311589,C,A,104,104,100%,4.3992E-62
d10,ref|NC_001139|,323360,TA,T,5,95,5.26%,2.9538E-2
d10,ref|NC_001139|,323361,AT,A,11,58,18.97%,2.6733E-4
d10,ref|NC_001139|,326269,C,CA,16,135,11.85%,9.1834E-6
d10,ref|NC_001139|,334526,T,A,7,122,5.74%,7.1513E-3
d10,ref|NC_001139|,364146,A,AT,9,110,8.18%,1.6392E-3
d10,ref|NC_001139|,366778,T,TA,12,87,13.79%,1.574E-4
d10,ref|NC_001139|,371569,G,A,108,108,100%,1.7511E-64
d10,ref|NC_001139|,386978,C,G,105,105,100%,1.1051E-62
d10,ref|NC_001139|,386979,G,C,107,107,100%,6.972E-64
d10,ref|NC_001139|,395930,T,TA,5,89,5.62%,2.9351E-2
d10,ref|NC_001139|,397834,GA,G,33,69,47.83%,1.8979E-14
d10,ref|NC_001139|,400221,TA,T,10,114,8.77%,7.7661E-4
d10,ref|NC_001139|,400243,A,AT,8,118,6.78%,3.4519E-3
d10,ref|NC_001139|,400550,G,GT,39,96,40.62%,2.95E-15
d10,ref|NC_001139|,401674,C,A,83,83,100%,1.729E-49
d10,ref|NC_001139|,401698,T,A,85,85,100%,1.0935E-50
d10,ref|NC_001139|,404474,A,AG,62,66,93.94%,2.4296E-33
d10,ref|NC_001139|,404522,T,TG,53,58,91.38%,1.1445E-27
d10,ref|NC_001139|,404935,C,G,78,78,100%,1.7165E-46
d10,ref|NC_001139|,404936,G,C,78,78,100%,1.7165E-46
d10,ref|NC_001139|,405085,CG,C,105,107,98.13%,4.1037E-60
d10,ref|NC_001139|,407694,A,T,5,99,5.05%,2.9676E-2
d10,ref|NC_001139|,407764,TG,T,5,100,5%,2.9692E-2
d10,ref|NC_001139|,414964,A,T,5,83,6.02%,2.9373E-2
d10,ref|NC_001139|,416009,CA,C,5,78,6.41%,2.9201E-2
d10,ref|NC_001139|,422403,A,AT,9,111,8.11%,1.6335E-3
d10,ref|NC_001139|,428255,C,CT,6,119,5.04%,1.4615E-2
d10,ref|NC_001139|,433855,TA,T,9,91,9.89%,1.5712E-3
d10,ref|NC_001139|,437973,GA,G,5,95,5.26%,2.961E-2
d10,ref|NC_001139|,438696,C,CA,6,83,7.23%,1.4179E-2
d10,ref|NC_001139|,438823,A,AT,7,82,8.54%,6.7884E-3
d10,ref|NC_001139|,440441,CA,C,18,104,17.31%,1.6009E-6
d10,ref|NC_001139|,459753,G,GT,5,90,5.56%,2.9459E-2
d10,ref|NC_001139|,483131,TA,T,7,74,9.46%,6.5904E-3
d10,ref|NC_001139|,483276,GA,G,7,89,7.87%,6.9119E-3
d10,ref|NC_001139|,484095,CT,C,10,111,9.01%,7.7479E-4
d10,ref|NC_001139|,496729,T,TA,58,75,77.33%,5.3962E-27
d10,ref|NC_001139|,502764,C,CT,7,101,6.93%,6.9587E-3
d10,ref|NC_001139|,523519,G,GT,8,89,8.99%,3.2947E-3
d10,ref|NC_001139|,527468,A,AT,11,127,8.66%,3.8732E-4
d10,ref|NC_001139|,528947,A,AT,15,129,11.63%,1.9752E-5
d10,ref|NC_001139|,530034,A,C,25,46,54.35%,3.158E-10
d10,ref|NC_001139|,531844,CAT,C,5,46,10.87%,2.7874E-2
d10,ref|NC_001139|,548070,CT,C,8,121,6.61%,3.4443E-3
d10,ref|NC_001139|,555347,G,GA,7,122,5.74%,7.1405E-3
d10,ref|NC_001139|,568806,T,A,5,82,6.1%,2.9351E-2
d10,ref|NC_001139|,573553,A,G,5,12,41.67%,1.8634E-2
d10,ref|NC_001139|,582530,TA,T,17,88,19.32%,2.7049E-6
d10,ref|NC_001139|,593361,CAT,C,7,85,8.24%,6.8485E-3
d10,ref|NC_001139|,598999,GA,G,9,105,8.57%,1.6276E-3
d10,ref|NC_001139|,600070,C,G,5,70,7.14%,2.9026E-2
d10,ref|NC_001139|,609109,T,TA,8,82,9.76%,3.2091E-3
d10,ref|NC_001139|,609314,GA,G,5,71,7.04%,2.8994E-2
d10,ref|NC_001139|,611579,CT,C,8,90,8.89%,3.2661E-3
d10,ref|NC_001139|,611744,CAT,C,10,110,9.09%,7.7661E-4
d10,ref|NC_001139|,616171,AT,A,14,92,15.22%,3.3581E-5
d10,ref|NC_001139|,617452,TA,T,12,109,11.01%,1.7068E-4
d10,ref|NC_001139|,627186,CT,C,7,46,15.22%,5.721E-3
d10,ref|NC_001139|,637679,AT,A,8,99,8.08%,3.3505E-3
d10,ref|NC_001139|,639673,GAA,G,12,90,13.33%,1.4234E-4
d10,ref|NC_001139|,640617,CT,C,10,56,18.18%,5.4148E-4
d10,ref|NC_001139|,644787,GTA,G,5,63,7.94%,2.878E-2
d10,ref|NC_001139|,649438,G,GA,6,106,5.66%,1.4477E-2
d10,ref|NC_001139|,649555,G,GT,8,113,7.08%,3.4153E-3
d10,ref|NC_001139|,650957,GA,G,6,87,6.9%,1.4179E-2
d10,ref|NC_001139|,653228,C,CT,11,104,10.58%,3.5685E-4
d10,ref|NC_001139|,656600,GA,G,7,100,7%,7.0009E-3
d10,ref|NC_001139|,676341,A,AT,9,99,9.09%,1.5908E-3
d10,ref|NC_001139|,677723,G,GA,6,103,5.83%,1.4499E-2
d10,ref|NC_001139|,678070,CT,C,10,73,13.7%,6.543E-4
d10,ref|NC_001139|,678338,A,AT,7,105,6.67%,7.0167E-3
d10,ref|NC_001139|,692330,G,A,9,69,13.04%,1.4788E-3
d10,ref|NC_001139|,700000,AT,A,19,80,23.75%,3.5049E-7
d10,ref|NC_001139|,701275,A,G,6,119,5.04%,1.464E-2
d10,ref|NC_001139|,706852,C,CA,8,76,10.53%,3.1909E-3
d10,ref|NC_001139|,707041,C,CA,12,76,15.79%,1.4827E-4
d10,ref|NC_001139|,707064,C,CA,8,87,9.2%,3.2735E-3
d10,ref|NC_001139|,715716,GA,G,8,80,10%,3.2264E-3
d10,ref|NC_001139|,726535,CT,C,5,79,6.33%,2.9228E-2
d10,ref|NC_001139|,733109,AT,A,18,85,21.18%,1.0894E-6
d10,ref|NC_001139|,736553,T,TA,12,102,11.76%,1.6864E-4
d10,ref|NC_001139|,742157,CT,C,17,103,16.5%,2.9901E-6
d10,ref|NC_001139|,746575,CT,C,15,86,17.44%,1.404E-5
d10,ref|NC_001139|,765774,GA,G,10,109,9.17%,7.7841E-4
d10,ref|NC_001139|,767938,TAATGA,T,6,111,5.41%,1.4579E-2
d10,ref|NC_001139|,774308,C,G,5,74,6.76%,2.9146E-2
d10,ref|NC_001139|,805050,G,GT,7,107,6.54%,7.0464E-3
d10,ref|NC_001139|,807865,CA,C,16,75,21.33%,4.7113E-6
d10,ref|NC_001139|,808386,CTA,C,8,91,8.79%,3.2807E-3
d10,ref|NC_001139|,836826,G,GA,6,103,5.83%,1.4488E-2
d10,ref|NC_001139|,836852,GA,G,8,106,7.55%,3.3616E-3
d10,ref|NC_001139|,840600,GA,G,27,159,16.98%,1.962E-9
d10,ref|NC_001139|,848540,G,GA,8,86,9.3%,3.2179E-3
d10,ref|NC_001139|,850800,G,GA,9,120,7.5%,1.6601E-3
d10,ref|NC_001139|,853509,A,AT,7,119,5.88%,7.087E-3
d10,ref|NC_001139|,856430,CA,C,10,111,9.01%,7.7479E-4
d10,ref|NC_001139|,871561,GA,G,6,115,5.22%,1.457E-2
d10,ref|NC_001139|,899782,TA,T,9,89,10.11%,1.535E-3
d10,ref|NC_001139|,901905,A,T,7,140,5%,7.235E-3
d10,ref|NC_001139|,910112,C,CT,10,67,14.93%,6.2917E-4
d10,ref|NC_001139|,910777,AT,A,6,116,5.17%,1.4624E-2
d10,ref|NC_001139|,914928,G,GA,18,122,14.75%,1.7768E-6
d10,ref|NC_001139|,938047,C,T,15,75,20%,1.404E-5
d10,ref|NC_001139|,959779,AAT,A,5,89,5.62%,2.9459E-2
d10,ref|NC_001139|,968722,A,AT,9,112,8.04%,1.642E-3
d10,ref|NC_001139|,968891,C,CT,9,115,7.83%,1.65E-3
d10,ref|NC_001139|,974302,GA,G,8,94,8.51%,3.339E-3
d10,ref|NC_001139|,976882,G,GA,10,122,8.2%,8.0332E-4
d10,ref|NC_001139|,977899,T,TA,11,103,10.68%,3.6177E-4
d10,ref|NC_001139|,985722,AT,A,22,87,25.29%,3.5822E-8
d10,ref|NC_001139|,987105,G,GT,8,109,7.34%,3.4063E-3
d10,ref|NC_001139|,989675,A,AT,10,102,9.8%,7.5886E-4
d10,ref|NC_001139|,990314,G,GA,6,96,6.25%,1.4392E-2
d10,ref|NC_001139|,999559,T,TA,12,118,10.17%,1.7732E-4
d10,ref|NC_001139|,1002673,A,G,91,91,100%,2.7621E-54
d10,ref|NC_001139|,1004507,AAT,A,16,111,14.41%,8.3312E-6
d10,ref|NC_001139|,1006277,G,C,97,100,97%,1.9531E-54
d10,ref|NC_001139|,1006278,C,G,97,100,97%,1.9531E-54
d10,ref|NC_001139|,1006279,G,C,97,100,97%,6.9615E-58
d10,ref|NC_001139|,1010897,CT,C,7,100,7%,6.9119E-3
d10,ref|NC_001139|,1010962,G,GA,5,95,5.26%,2.961E-2
d10,ref|NC_001139|,1011080,GA,G,10,106,9.43%,7.6712E-4
d10,ref|NC_001139|,1011803,GT,G,10,85,11.76%,6.8782E-4
d10,ref|NC_001139|,1021962,CT,C,12,124,9.68%,1.8145E-4
d10,ref|NC_001139|,1024876,G,GA,7,129,5.43%,7.1669E-3
d10,ref|NC_001139|,1027739,G,A,27,82,32.93%,5.7096E-10
d10,ref|NC_001139|,1038225,CT,C,11,127,8.66%,3.8578E-4
d10,ref|NC_001139|,1043766,CAT,C,6,59,10.17%,1.3497E-2
d10,ref|NC_001139|,1048639,GA,G,12,125,9.6%,1.784E-4
d10,ref|NC_001139|,1050199,G,GA,7,117,5.98%,7.1057E-3
d10,ref|NC_001139|,1050785,A,AT,9,108,8.33%,1.6245E-3
d10,ref|NC_001139|,1051832,C,CT,6,119,5.04%,1.4588E-2
d10,ref|NC_001139|,1059663,GT,G,8,114,7.02%,3.4153E-3
d10,ref|NC_001139|,1063282,GA,G,7,97,7.22%,6.9406E-3
d10,ref|NC_001139|,1073937,CA,C,11,119,9.24%,3.7735E-4
d10,ref|NC_001139|,1081039,AT,A,12,104,11.54%,1.6573E-4
d10,ref|NC_001140|,93,TA,T,24,31,77.42%,1.647E-11
d10,ref|NC_001140|,138,A,G,7,42,16.67%,5.9563E-3
d10,ref|NC_001140|,1846,A,G,21,50,42%,3.2974E-8
d10,ref|NC_001140|,11865,CT,C,8,76,10.53%,3.1718E-3
d10,ref|NC_001140|,15741,CT,C,5,89,5.62%,2.948E-2
d10,ref|NC_001140|,17534,A,AT,69,95,72.63%,9.45E-32
d10,ref|NC_001140|,36227,G,GA,5,89,5.62%,2.948E-2
d10,ref|NC_001140|,38647,C,CT,8,94,8.51%,3.3014E-3
d10,ref|NC_001140|,48099,GA,G,11,87,12.64%,3.4273E-4
d10,ref|NC_001140|,50980,CT,C,7,96,7.29%,6.9019E-3
d10,ref|NC_001140|,58900,CT,C,10,103,9.71%,7.5448E-4
d10,ref|NC_001140|,59082,A,AT,8,83,9.64%,3.2429E-3
d10,ref|NC_001140|,63926,C,CT,7,96,7.29%,6.9406E-3
d10,ref|NC_001140|,67613,GA,G,6,92,6.52%,1.4294E-2
d10,ref|NC_001140|,71906,C,CT,10,75,13.33%,6.6774E-4
d10,ref|NC_001140|,75976,AAT,A,6,77,7.79%,1.3903E-2
d10,ref|NC_001140|,81858,CA,C,8,68,11.76%,2.8457E-3
d10,ref|NC_001140|,85508,TTA,T,60,67,89.55%,1.2011E-30
d10,ref|NC_001140|,94715,A,AT,6,74,8.11%,1.4064E-2
d10,ref|NC_001140|,100505,A,AT,7,69,10.14%,6.6083E-3
d10,ref|NC_001140|,106119,G,A,6,88,6.82%,1.4309E-2
d10,ref|NC_001140|,111530,CTA,C,12,72,16.67%,1.4598E-4
d10,ref|NC_001140|,120062,GT,G,7,84,8.33%,6.7755E-3
d10,ref|NC_001140|,122057,GA,G,7,99,7.07%,6.9498E-3
d10,ref|NC_001140|,123958,G,GA,7,84,8.33%,6.7755E-3
d10,ref|NC_001140|,125832,GA,G,14,72,19.44%,2.3225E-5
d10,ref|NC_001140|,126150,GT,G,8,84,9.52%,3.2264E-3
d10,ref|NC_001140|,141525,CT,C,8,110,7.27%,3.397E-3
d10,ref|NC_001140|,150670,CA,C,5,90,5.56%,2.9373E-2
d10,ref|NC_001140|,150915,G,A,21,62,33.87%,6.1853E-8
d10,ref|NC_001140|,168456,C,G,19,65,29.23%,4.0861E-7
d10,ref|NC_001140|,173119,GA,G,9,72,12.5%,1.4724E-3
d10,ref|NC_001140|,176845,TA,T,10,79,12.66%,7.0212E-4
d10,ref|NC_001140|,187029,GA,G,12,67,17.91%,1.0942E-4
d10,ref|NC_001140|,187717,G,GA,5,88,5.68%,2.9417E-2
d10,ref|NC_001140|,187814,GA,G,7,97,7.22%,6.9406E-3
d10,ref|NC_001140|,192694,C,CA,5,75,6.67%,2.9058E-2
d10,ref|NC_001140|,193544,AT,A,10,81,12.35%,7.1196E-4
d10,ref|NC_001140|,198474,G,GT,9,85,10.59%,1.5142E-3
d10,ref|NC_001140|,199909,G,A,5,90,5.56%,2.9519E-2
d10,ref|NC_001140|,213745,T,C,5,31,16.13%,2.6257E-2
d10,ref|NC_001140|,214256,CT,C,106,795,13.33%,1.5358E-34
d10,ref|NC_001140|,229199,GA,G,17,78,21.79%,2.2923E-6
d10,ref|NC_001140|,233314,G,GA,8,73,10.96%,3.1411E-3
d10,ref|NC_001140|,234432,A,T,5,75,6.67%,2.9174E-2
d10,ref|NC_001140|,234753,A,AT,8,81,9.88%,3.2429E-3
d10,ref|NC_001140|,236957,T,TA,8,55,14.55%,2.8457E-3
d10,ref|NC_001140|,237735,C,CT,7,65,10.77%,6.4922E-3
d10,ref|NC_001140|,254050,G,T,6,98,6.12%,1.4442E-2
d10,ref|NC_001140|,254091,A,T,6,96,6.25%,1.4417E-2
d10,ref|NC_001140|,254201,T,C,5,88,5.68%,2.948E-2
d10,ref|NC_001140|,255909,G,GA,12,111,10.81%,1.7262E-4
d10,ref|NC_001140|,262100,CT,C,10,91,10.99%,7.4023E-4
d10,ref|NC_001140|,271769,GT,G,6,70,8.57%,1.3851E-2
d10,ref|NC_001140|,276435,C,CA,6,94,6.38%,1.4324E-2
d10,ref|NC_001140|,282569,CT,C,6,94,6.38%,1.4279E-2
d10,ref|NC_001140|,292875,GC,G,6,73,8.22%,1.4042E-2
d10,ref|NC_001140|,293075,GA,G,5,64,7.81%,2.878E-2
d10,ref|NC_001140|,293272,TA,T,12,59,20.34%,1.0942E-4
d10,ref|NC_001140|,298814,CT,C,9,98,9.18%,1.5945E-3
d10,ref|NC_001140|,319492,C,T,5,76,6.58%,2.9201E-2
d10,ref|NC_001140|,323234,G,GA,5,92,5.43%,2.9439E-2
d10,ref|NC_001140|,340058,TTA,T,8,43,18.6%,2.5935E-3
d10,ref|NC_001140|,347973,C,A,5,83,6.02%,2.9373E-2
d10,ref|NC_001140|,360784,GA,G,5,77,6.58%,2.9088E-2
d10,ref|NC_001140|,361910,A,AT,18,101,17.82%,1.4501E-6
d10,ref|NC_001140|,364592,A,C,7,93,7.53%,6.9498E-3
d10,ref|NC_001140|,375406,G,GA,5,77,6.49%,2.9088E-2
d10,ref|NC_001140|,377702,A,T,5,95,5.26%,2.961E-2
d10,ref|NC_001140|,387090,AT,A,25,84,29.76%,3.1101E-9
d10,ref|NC_001140|,396945,GA,G,10,62,16.13%,6.0611E-4
d10,ref|NC_001140|,417054,G,A,77,77,100%,6.8219E-46
d10,ref|NC_001140|,436478,A,T,5,75,6.67%,2.9174E-2
d10,ref|NC_001140|,459034,T,C,99,99,100%,4.3954E-59
d10,ref|NC_001140|,472611,C,CT,6,101,5.94%,1.4405E-2
d10,ref|NC_001140|,475549,CA,C,13,99,13.13%,7.824E-5
d10,ref|NC_001140|,475931,TTA,T,49,68,72.06%,2.6503E-23
d10,ref|NC_001140|,488371,C,CA,12,98,12.24%,1.6721E-4
d10,ref|NC_001140|,489962,A,G,5,88,5.68%,2.948E-2
d10,ref|NC_001140|,508800,CA,C,7,65,10.77%,6.3251E-3
d10,ref|NC_001140|,511255,C,T,92,92,100%,6.9429E-55
d10,ref|NC_001140|,512211,GA,G,14,88,15.91%,3.2767E-5
d10,ref|NC_001140|,518745,C,CA,9,83,10.84%,1.5493E-3
d10,ref|NC_001140|,519048,CA,C,8,125,6.4%,3.4594E-3
d10,ref|NC_001140|,522934,C,CT,9,108,8.33%,1.6215E-3
d10,ref|NC_001140|,526484,T,G,5,89,5.62%,2.95E-2
d10,ref|NC_001140|,528882,AT,A,9,100,9%,1.567E-3
d10,ref|NC_001140|,529350,CA,C,13,92,14.13%,7.5722E-5
d10,ref|NC_001140|,532813,A,G,22,113,19.47%,7.6889E-8
d10,ref|NC_001140|,549805,A,C,6,40,15%,1.2773E-2
d10,ref|NC_001140|,551717,TA,T,13,77,16.88%,6.2773E-5
d10,ref|NC_001140|,551736,AG,A,5,55,9.09%,2.8423E-2
d10,ref|NC_001140|,554072,T,TA,7,105,6.67%,6.9928E-3
d10,ref|NC_001140|,556650,C,T,6,78,7.69%,1.4142E-2
d10,ref|NC_001140|,556877,T,TGTG,6,45,13.33%,1.3082E-2
d10,ref|NC_001140|,556949,T,TG,8,42,19.05%,2.6808E-3
d10,ref|NC_001140|,556955,G,T,8,46,17.39%,2.8033E-3
d10,ref|NC_001140|,562137,G,A,6,67,8.96%,1.3903E-2
d10,ref|NC_001140|,562225,T,C,14,149,9.4%,4.4322E-5
d10,ref|NC_001140|,562354,C,T,13,222,5.86%,1.0188E-4
d10,ref|NC_001140|,562374,G,A,27,217,12.44%,3.1466E-9
d10,ref|NC_001140|,562385,AT,A,36,202,17.82%,2.1051E-12
d10,ref|NC_001140|,562440,A,G,45,186,24.19%,1.3701E-15
d10,ref|NC_001140|,562443,A,G,45,185,24.32%,1.3447E-15
d10,ref|NC_001140|,562466,GGT,G,12,211,5.69%,2.0788E-4
d10,ref|NC_001140|,562468,TGTGTG,T,13,186,7.07%,9.7896E-5
d10,ref|NC_001140|,562474,GGTGTGGGTGTGT,G,11,155,7.14%,4.0378E-4
d10,ref|NC_001140|,562484,T,TG,51,123,41.46%,6.0641E-19
d10,ref|NC_001140|,562485,GT,G,9,74,12.16%,1.5086E-3
d10,ref|NC_001140|,562486,T,G,13,129,11.02%,8.6093E-5
d10,ref|NC_001140|,562498,GT,G,40,139,28.78%,3.4034E-14
d10,ref|NC_001140|,562503,TGG,T,11,132,8.53%,3.8807E-4
d10,ref|NC_001140|,562505,G,GT,9,128,7.14%,1.6846E-3
d10,ref|NC_001140|,562511,G,GT,13,109,12.04%,8.2868E-5
d10,ref|NC_001140|,562515,TG,T,10,102,9.8%,7.7292E-4
d10,ref|NC_001140|,562521,TG,T,13,133,9.77%,8.9728E-5
d10,ref|NC_001140|,562527,T,TG,11,138,7.97%,3.9628E-4
d10,ref|NC_001140|,562538,TG,T,10,139,7.19%,8.2481E-4
d10,ref|NC_001140|,562546,GGGTGT,G,7,139,5.04%,7.2309E-3
d10,ref|NC_001140|,562552,GGT,G,12,118,10.17%,1.8145E-4
d10,ref|NC_001140|,562553,GT,G,12,96,12.63%,1.6864E-4
d10,ref|NC_001140|,562559,GGGTGT,G,9,98,9.18%,1.6118E-3
d10,ref|NC_001140|,562564,T,TG,10,78,12.99%,7.1196E-4
d10,ref|NC_001140|,562575,T,TG,17,68,25%,2.2923E-6
d10,ref|NC_001140|,562582,GT,G,8,49,17.02%,2.7808E-3
d10,ref|NC_001140|,562589,GGT,G,9,73,12.33%,1.4788E-3
d10,ref|NC_001140|,562591,T,TGTGG,5,65,7.69%,2.87E-2
d10,ref|NC_001140|,562601,T,TG,8,67,11.94%,3.045E-3
d10,ref|NC_001140|,562606,TG,T,11,57,20.37%,2.7419E-4
d10,ref|NC_001140|,562608,GT,G,13,32,41.94%,2.4825E-5
d10,ref|NC_001141|,25418,T,C,22,93,23.66%,5.8309E-8
d10,ref|NC_001141|,25586,T,C,47,123,38.21%,2.9963E-17
d10,ref|NC_001141|,25593,C,T,33,111,29.73%,7.0787E-12
d10,ref|NC_001141|,25594,T,A,31,108,28.7%,3.7537E-11
d10,ref|NC_001141|,37201,CT,C,7,89,7.87%,6.837E-3
d10,ref|NC_001141|,38302,C,T,6,87,6.9%,1.4294E-2
d10,ref|NC_001141|,39373,T,TA,65,82,79.27%,1.4069E-32
d10,ref|NC_001141|,45874,T,C,18,76,23.68%,1.2191E-6
d10,ref|NC_001141|,45875,G,A,6,63,9.52%,1.3767E-2
d10,ref|NC_001141|,51552,C,CT,9,90,10%,1.5539E-3
d10,ref|NC_001141|,54240,GC,G,6,95,6.32%,1.4405E-2
d10,ref|NC_001141|,57277,C,CA,56,97,57.73%,1.4519E-23
d10,ref|NC_001141|,65355,T,C,7,98,7.14%,6.9928E-3
d10,ref|NC_001141|,69689,G,GT,5,77,6.49%,2.9117E-2
d10,ref|NC_001141|,79805,T,C,6,100,6%,1.4465E-2
d10,ref|NC_001141|,79871,G,GA,7,87,8.05%,6.8917E-3
d10,ref|NC_001141|,81143,T,C,5,87,5.75%,2.9459E-2
d10,ref|NC_001141|,97282,GA,G,8,99,8.08%,3.3669E-3
d10,ref|NC_001141|,100530,A,AT,5,73,6.85%,2.9088E-2
d10,ref|NC_001141|,102536,CT,C,6,83,7.23%,1.4142E-2
d10,ref|NC_001141|,105433,A,AAAT,79,92,85.87%,9.6935E-39
d10,ref|NC_001141|,105767,GATA,G,5,61,8.2%,2.8658E-2
d10,ref|NC_001141|,127338,G,GT,5,88,5.68%,2.9373E-2
d10,ref|NC_001141|,128099,G,GA,9,100,9%,1.6183E-3
d10,ref|NC_001141|,133980,A,AT,8,93,8.6%,3.2947E-3
d10,ref|NC_001141|,137906,G,GA,9,98,9.18%,1.5753E-3
d10,ref|NC_001141|,138429,AC,A,8,41,19.51%,2.5282E-3
d10,ref|NC_001141|,142373,A,AT,8,86,9.3%,3.2661E-3
d10,ref|NC_001141|,144117,TTA,T,7,72,9.72%,6.6905E-3
d10,ref|NC_001141|,149075,G,GA,10,81,12.35%,7.1814E-4
d10,ref|NC_001141|,151193,GA,G,7,87,8.05%,6.8597E-3
d10,ref|NC_001141|,159119,A,T,5,88,5.68%,2.948E-2
d10,ref|NC_001141|,160362,G,GA,10,82,12.2%,7.1814E-4
d10,ref|NC_001141|,160843,TA,T,8,85,9.41%,3.2661E-3
d10,ref|NC_001141|,163245,AT,A,18,65,27.69%,5.072E-7
d10,ref|NC_001141|,177466,CAT,C,9,48,18.75%,1.2935E-3
d10,ref|NC_001141|,179655,C,CA,5,61,8.2%,2.8569E-2
d10,ref|NC_001141|,183251,CT,C,9,65,13.85%,1.3788E-3
d10,ref|NC_001141|,187820,GT,G,5,85,5.88%,2.9417E-2
d10,ref|NC_001141|,187822,G,GA,9,75,12%,1.3968E-3
d10,ref|NC_001141|,189569,A,T,5,100,5%,2.9692E-2
d10,ref|NC_001141|,195445,G,GT,8,101,7.92%,3.3616E-3
d10,ref|NC_001141|,200101,T,A,6,102,5.88%,1.4488E-2
d10,ref|NC_001141|,204781,TA,T,5,52,9.62%,2.7874E-2
d10,ref|NC_001141|,227949,G,A,5,98,5.1%,2.966E-2
d10,ref|NC_001141|,228920,G,A,5,100,5%,2.9692E-2
d10,ref|NC_001141|,241032,G,GA,24,76,31.58%,2.3553E-9
d10,ref|NC_001141|,245962,CT,C,29,81,35.8%,7.5157E-12
d10,ref|NC_001141|,248398,CT,C,5,98,5.1%,2.966E-2
d10,ref|NC_001141|,249625,C,CT,8,95,8.42%,3.3208E-3
d10,ref|NC_001141|,254003,TA,T,51,67,76.12%,4.3288E-24
d10,ref|NC_001141|,265452,T,A,5,95,5.26%,2.961E-2
d10,ref|NC_001141|,267870,TA,T,11,78,14.1%,3.0799E-4
d10,ref|NC_001141|,272821,G,GA,6,85,7.06%,1.4231E-2
d10,ref|NC_001141|,280120,AT,A,7,103,6.8%,7.0009E-3
d10,ref|NC_001141|,290193,GA,G,9,74,12.16%,1.4447E-3
d10,ref|NC_001141|,292280,CT,C,5,73,6.85%,2.8961E-2
d10,ref|NC_001141|,310500,G,GT,5,79,6.33%,2.9201E-2
d10,ref|NC_001141|,318694,T,A,113,113,100%,1.7491E-67
d10,ref|NC_001141|,320580,C,A,5,100,5%,2.9692E-2
d10,ref|NC_001141|,330867,C,T,5,93,5.38%,2.9575E-2
d10,ref|NC_001141|,339225,C,CT,7,51,13.73%,5.9563E-3
d10,ref|NC_001141|,355926,TA,T,7,91,7.69%,6.837E-3
d10,ref|NC_001141|,357240,T,A,5,91,5.49%,2.9538E-2
d10,ref|NC_001141|,358973,T,A,9,109,8.26%,1.6447E-3
d10,ref|NC_001141|,363071,CT,C,9,91,9.89%,1.5583E-3
d10,ref|NC_001141|,364747,T,A,7,137,5.11%,7.2226E-3
d10,ref|NC_001141|,370195,AT,A,16,83,19.28%,5.333E-6
d10,ref|NC_001141|,375747,A,T,75,76,98.68%,1.0773E-44
d10,ref|NC_001141|,380935,G,GA,9,91,9.89%,1.5539E-3
d10,ref|NC_001141|,385640,A,AT,8,71,11.27%,3.0313E-3
d10,ref|NC_001141|,387143,C,CA,7,51,13.73%,5.9972E-3
d10,ref|NC_001141|,389257,GA,G,12,108,11.11%,1.7068E-4
d10,ref|NC_001141|,419479,GTA,G,6,83,7.23%,1.4231E-2
d10,ref|NC_001141|,420931,G,GA,5,75,6.67%,2.9088E-2
d10,ref|NC_001141|,432374,C,T,5,100,5%,2.9692E-2
d10,ref|NC_001141|,436125,C,CA,6,101,5.94%,1.4442E-2
d10,ref|NC_001142|,28946,C,CT,10,105,9.52%,7.7103E-4
d10,ref|NC_001142|,33209,C,CT,5,86,5.81%,2.9327E-2
d10,ref|NC_001142|,33346,CT,C,5,100,5%,2.9644E-2
d10,ref|NC_001142|,47026,C,CT,8,109,7.34%,3.4017E-3
d10,ref|NC_001142|,50370,GA,G,6,91,6.59%,1.4324E-2
d10,ref|NC_001142|,59054,GA,G,13,70,18.57%,5.7349E-5
d10,ref|NC_001142|,60682,G,GT,8,82,9.76%,3.1909E-3
d10,ref|NC_001142|,75588,CT,C,5,92,5.43%,2.9459E-2
d10,ref|NC_001142|,76562,GAT,G,6,72,8.33%,1.3976E-2
d10,ref|NC_001142|,77834,GT,G,6,99,6.06%,1.4454E-2
d10,ref|NC_001142|,85527,C,CT,7,100,7%,6.9846E-3
d10,ref|NC_001142|,94881,C,CT,6,96,6.25%,1.4379E-2
d10,ref|NC_001142|,97478,G,A,112,112,100%,6.9655E-67
d10,ref|NC_001142|,99491,AT,A,5,79,6.33%,2.9228E-2
d10,ref|NC_001142|,99505,AT,A,5,85,5.88%,2.9303E-2
d10,ref|NC_001142|,99519,AT,A,8,84,9.52%,3.2264E-3
d10,ref|NC_001142|,104611,TA,T,9,89,10.11%,1.5493E-3
d10,ref|NC_001142|,109915,G,GA,8,78,10.26%,3.2264E-3
d10,ref|NC_001142|,113474,AT,A,5,98,5.1%,2.9575E-2
d10,ref|NC_001142|,114823,A,AT,6,97,6.19%,1.4417E-2
d10,ref|NC_001142|,119710,C,CA,8,117,6.84%,3.4443E-3
d10,ref|NC_001142|,123779,GA,G,13,84,15.48%,7.1891E-5
d10,ref|NC_001142|,129078,CT,C,6,100,6%,1.4405E-2
d10,ref|NC_001142|,131054,GT,G,7,100,7%,7.0089E-3
d10,ref|NC_001142|,133237,T,C,7,105,6.67%,7.0464E-3
d10,ref|NC_001142|,134112,G,GA,7,63,11.11%,6.4016E-3
d10,ref|NC_001142|,134179,GA,G,5,68,7.35%,2.8927E-2
d10,ref|NC_001142|,136911,GA,G,24,93,25.81%,7.3426E-9
d10,ref|NC_001142|,139592,T,G,5,67,7.46%,2.8927E-2
d10,ref|NC_001142|,143913,TCA,T,7,92,7.61%,6.9406E-3
d10,ref|NC_001142|,147243,C,T,115,115,100%,1.1028E-68
d10,ref|NC_001142|,148854,T,C,5,93,5.38%,2.9575E-2
d10,ref|NC_001142|,151061,A,T,6,98,6.12%,1.4442E-2
d10,ref|NC_001142|,159103,A,T,5,84,5.95%,2.9396E-2
d10,ref|NC_001142|,159429,C,CA,17,110,15.45%,3.7189E-6
d10,ref|NC_001142|,161835,TA,T,7,97,7.22%,6.9498E-3
d10,ref|NC_001142|,166731,C,T,5,98,5.1%,2.966E-2
d10,ref|NC_001142|,173179,G,GT,11,86,12.79%,3.2907E-4
d10,ref|NC_001142|,196083,CT,C,7,94,7.45%,6.8917E-3
d10,ref|NC_001142|,199170,A,C,112,112,100%,6.9655E-67
d10,ref|NC_001142|,200219,A,G,96,96,100%,2.7702E-57
d10,ref|NC_001142|,207747,GA,G,6,110,5.45%,1.454E-2
d10,ref|NC_001142|,217454,G,GA,13,100,13%,7.9774E-5
d10,ref|NC_001142|,236880,C,CT,7,97,7.22%,6.9587E-3
d10,ref|NC_001142|,262215,AT,A,5,89,5.62%,2.9459E-2
d10,ref|NC_001142|,265872,GT,G,11,60,18.33%,2.6374E-4
d10,ref|NC_001142|,268747,AT,A,12,93,12.9%,1.6177E-4
d10,ref|NC_001142|,270621,G,GT,5,87,5.75%,2.9459E-2
d10,ref|NC_001142|,278038,GA,G,8,98,8.16%,3.3505E-3
d10,ref|NC_001142|,280770,C,CT,13,85,15.29%,7.2906E-5
d10,ref|NC_001142|,286888,TC,T,6,88,6.82%,1.4309E-2
d10,ref|NC_001142|,289587,T,TA,9,70,12.86%,1.4219E-3
d10,ref|NC_001142|,289852,T,C,8,66,12.12%,3.1191E-3
d10,ref|NC_001142|,314950,AT,A,5,94,5.32%,2.9575E-2
d10,ref|NC_001142|,319847,GA,G,5,90,5.56%,2.9439E-2
d10,ref|NC_001142|,327168,C,T,5,94,5.32%,2.9592E-2
d10,ref|NC_001142|,330002,A,T,5,93,5.38%,2.9575E-2
d10,ref|NC_001142|,330030,A,T,5,96,5.21%,2.9627E-2
d10,ref|NC_001142|,337283,A,T,5,98,5.1%,2.966E-2
d10,ref|NC_001142|,337298,C,T,5,96,5.21%,2.9627E-2
d10,ref|NC_001142|,337388,TA,T,7,89,7.87%,6.9119E-3
d10,ref|NC_001142|,342348,A,AT,13,76,17.11%,4.9906E-5
d10,ref|NC_001142|,358212,GT,G,12,82,14.63%,1.4827E-4
d10,ref|NC_001142|,359824,G,GA,14,99,14.14%,3.4351E-5
d10,ref|NC_001142|,388260,C,CA,20,92,21.74%,2.3107E-7
d10,ref|NC_001142|,393823,G,GA,13,98,13.27%,7.3398E-5
d10,ref|NC_001142|,393850,T,C,6,62,9.68%,1.3767E-2
d10,ref|NC_001142|,395212,AT,A,6,103,5.83%,1.4499E-2
d10,ref|NC_001142|,396952,C,CT,5,84,5.95%,2.9327E-2
d10,ref|NC_001142|,405274,CA,C,6,84,7.14%,1.4247E-2
d10,ref|NC_001142|,407435,G,GA,5,95,5.26%,2.961E-2
d10,ref|NC_001142|,419705,GA,G,8,94,8.51%,3.3145E-3
d10,ref|NC_001142|,424172,GAT,G,8,65,12.31%,3.0025E-3
d10,ref|NC_001142|,424906,CT,C,16,99,16.16%,6.8648E-6
d10,ref|NC_001142|,435237,T,A,5,90,5.56%,2.9519E-2
d10,ref|NC_001142|,436624,GT,G,6,63,9.52%,1.3607E-2
d10,ref|NC_001142|,445019,C,CT,5,99,5.05%,2.9644E-2
d10,ref|NC_001142|,457903,CA,C,13,89,14.61%,6.7998E-5
d10,ref|NC_001142|,461659,TG,T,5,96,5.21%,2.9627E-2
d10,ref|NC_001142|,461704,G,GA,7,94,7.45%,6.9313E-3
d10,ref|NC_001142|,464413,C,T,5,73,6.85%,2.9117E-2
d10,ref|NC_001142|,469691,G,GA,5,93,5.38%,2.9538E-2
d10,ref|NC_001142|,470130,GTAA,G,43,67,64.18%,1.8143E-18
d10,ref|NC_001142|,471047,GA,G,8,108,7.41%,3.3874E-3
d10,ref|NC_001142|,472080,A,AT,7,107,6.54%,7.0318E-3
d10,ref|NC_001142|,485910,T,A,5,94,5.32%,2.9592E-2
d10,ref|NC_001142|,486302,G,A,5,90,5.56%,2.9519E-2
d10,ref|NC_001142|,497098,A,AAT,38,59,64.41%,7.0728E-17
d10,ref|NC_001142|,497303,AAT,A,10,48,20.83%,5.7272E-4
d10,ref|NC_001142|,503631,C,CA,5,99,5.05%,2.9676E-2
d10,ref|NC_001142|,518411,A,G,5,95,5.26%,2.961E-2
d10,ref|NC_001142|,519255,CGT,C,7,76,9.21%,6.7486E-3
d10,ref|NC_001142|,523904,TA,T,6,56,10.71%,1.3331E-2
d10,ref|NC_001142|,525782,T,G,6,26,23.08%,9.2021E-3
d10,ref|NC_001142|,526863,A,G,11,92,11.96%,3.5556E-4
d10,ref|NC_001142|,538633,AT,A,8,115,6.96%,3.4239E-3
d10,ref|NC_001142|,550151,C,CT,11,92,11.96%,3.4727E-4
d10,ref|NC_001142|,555085,GA,G,6,87,6.9%,1.4263E-2
d10,ref|NC_001142|,571888,C,T,5,93,5.38%,2.9575E-2
d10,ref|NC_001142|,575252,G,GA,6,94,6.38%,1.4352E-2
d10,ref|NC_001142|,580248,CT,C,6,67,8.96%,1.3674E-2
d10,ref|NC_001142|,586417,CA,C,12,86,13.95%,1.592E-4
d10,ref|NC_001142|,607778,A,G,5,85,5.88%,2.9417E-2
d10,ref|NC_001142|,617590,A,T,5,99,5.05%,2.9676E-2
d10,ref|NC_001142|,618031,AT,A,13,126,10.32%,8.636E-5
d10,ref|NC_001142|,620332,C,CA,11,91,12.09%,3.4872E-4
d10,ref|NC_001142|,620581,C,CT,6,109,5.5%,1.452E-2
d10,ref|NC_001142|,636995,CA,C,6,77,7.79%,1.4064E-2
d10,ref|NC_001142|,639198,CT,C,10,65,15.38%,6.2367E-4
d10,ref|NC_001142|,639990,AACAC,A,5,47,10.64%,2.7555E-2
d10,ref|NC_001142|,640784,G,GA,81,104,77.88%,2.9204E-38
d10,ref|NC_001142|,641890,T,TA,8,93,8.6%,3.3331E-3
d10,ref|NC_001142|,649224,A,AT,6,109,5.5%,1.4499E-2
d10,ref|NC_001142|,667224,GTA,G,10,88,11.36%,7.3768E-4
d10,ref|NC_001142|,676478,T,A,6,113,5.31%,1.4597E-2
d10,ref|NC_001142|,685334,T,A,6,119,5.04%,1.4649E-2
d10,ref|NC_001142|,690523,AT,A,7,99,7.07%,7.0009E-3
d10,ref|NC_001142|,701746,TCA,T,13,65,20%,6.2773E-5
d10,ref|NC_001142|,715068,G,A,10,48,20.83%,5.7985E-4
d10,ref|NC_001142|,715072,G,T,14,52,26.92%,2.2247E-5
d10,ref|NC_001142|,715081,T,G,16,50,32%,3.6584E-6
d10,ref|NC_001142|,715087,A,G,16,47,34.04%,3.2755E-6
d10,ref|NC_001142|,715095,G,A,19,45,42.22%,1.6979E-7
d10,ref|NC_001142|,715099,G,T,16,47,34.04%,3.2755E-6
d10,ref|NC_001142|,715108,A,T,8,45,17.78%,2.7573E-3
d10,ref|NC_001142|,725469,GA,G,6,111,5.41%,1.456E-2
d10,ref|NC_001142|,737903,A,G,5,91,5.49%,2.9538E-2
d10,ref|NC_001142|,738075,G,T,48,164,29.27%,6.2468E-17
d10,ref|NC_001142|,743850,C,G,15,15,100%,6.4467E-9
d10,ref|NC_001142|,743851,G,C,15,15,100%,6.4467E-9
d10,ref|NC_001143|,457,C,CA,93,96,96.88%,4.3451E-52
d10,ref|NC_001143|,22040,CA,C,5,55,9.09%,2.7721E-2
d10,ref|NC_001143|,26591,CAT,C,10,68,14.71%,6.4469E-4
d10,ref|NC_001143|,36588,CAT,C,8,76,10.53%,3.1411E-3
d10,ref|NC_001143|,45877,C,T,5,98,5.1%,2.966E-2
d10,ref|NC_001143|,49883,C,CT,5,95,5.26%,2.9592E-2
d10,ref|NC_001143|,67773,C,CT,12,70,17.14%,1.3121E-4
d10,ref|NC_001143|,68454,G,GCC,94,95,98.95%,1.0582E-54
d10,ref|NC_001143|,68468,T,TG,90,92,97.83%,3.0347E-51
d10,ref|NC_001143|,84295,AT,A,6,98,6.12%,1.4365E-2
d10,ref|NC_001143|,114774,CAT,C,6,91,6.59%,1.4352E-2
d10,ref|NC_001143|,126103,GGAA,G,6,87,6.9%,1.4294E-2
d10,ref|NC_001143|,134467,AT,A,9,88,10.23%,1.5446E-3
d10,ref|NC_001143|,136103,CAT,C,5,71,7.04%,2.8994E-2
d10,ref|NC_001143|,164844,CTA,C,6,38,15.79%,1.186E-2
d10,ref|NC_001143|,172929,T,A,6,115,5.22%,1.4615E-2
d10,ref|NC_001143|,177111,G,GA,8,109,7.34%,3.4108E-3
d10,ref|NC_001143|,184501,GTAA,G,6,69,8.7%,1.3952E-2
d10,ref|NC_001143|,188678,C,CA,5,95,5.26%,2.9592E-2
d10,ref|NC_001143|,196211,GA,G,11,102,10.78%,3.5556E-4
d10,ref|NC_001143|,208022,TA,T,10,89,11.24%,7.2967E-4
d10,ref|NC_001143|,213030,C,A,6,70,8.57%,1.3976E-2
d10,ref|NC_001143|,217107,G,GA,18,91,19.78%,1.2601E-6
d10,ref|NC_001143|,223175,TA,T,6,98,6.12%,1.4365E-2
d10,ref|NC_001143|,232203,C,CA,5,82,6.1%,2.9303E-2
d10,ref|NC_001143|,234086,AT,A,5,97,5.15%,2.9627E-2
d10,ref|NC_001143|,234219,A,T,5,79,6.33%,2.9254E-2
d10,ref|NC_001143|,234262,A,AT,7,75,9.33%,6.6905E-3
d10,ref|NC_001143|,242787,C,CT,9,92,9.78%,1.567E-3
d10,ref|NC_001143|,260979,G,GA,10,99,10.1%,7.6307E-4
d10,ref|NC_001143|,266089,TA,T,7,103,6.8%,6.9675E-3
d10,ref|NC_001143|,274411,CA,C,15,96,15.62%,1.6533E-5
d10,ref|NC_001143|,277040,A,AT,12,70,17.14%,1.3842E-4
d10,ref|NC_001143|,280162,G,GA,9,60,15%,1.3788E-3
d10,ref|NC_001143|,280940,GAT,G,7,58,12.07%,6.4484E-3
d10,ref|NC_001143|,286247,G,GT,5,84,5.95%,2.9373E-2
d10,ref|NC_001143|,286448,T,TA,13,107,12.15%,8.0503E-5
d10,ref|NC_001143|,309693,G,GT,11,102,10.78%,3.5685E-4
d10,ref|NC_001143|,312193,A,T,5,81,6.17%,2.9327E-2
d10,ref|NC_001143|,320822,TG,T,5,88,5.68%,2.948E-2
d10,ref|NC_001143|,320823,GT,G,13,68,19.12%,4.8866E-5
d10,ref|NC_001143|,323019,A,T,88,88,100%,1.7384E-52
d10,ref|NC_001143|,323634,T,A,6,97,6.19%,1.443E-2
d10,ref|NC_001143|,324744,A,T,6,89,6.74%,1.4324E-2
d10,ref|NC_001143|,327849,T,C,5,79,6.33%,2.9279E-2
d10,ref|NC_001143|,335103,G,GA,9,73,12.33%,1.4724E-3
d10,ref|NC_001143|,355182,G,GA,5,75,6.67%,2.8927E-2
d10,ref|NC_001143|,357984,T,TA,6,97,6.19%,1.4405E-2
d10,ref|NC_001143|,358106,C,G,84,84,100%,4.3483E-50
d10,ref|NC_001143|,358455,C,CT,5,72,6.94%,2.9058E-2
d10,ref|NC_001143|,365321,G,GA,5,80,6.25%,2.9279E-2
d10,ref|NC_001143|,376125,G,A,5,97,5.15%,2.9644E-2
d10,ref|NC_001143|,382201,A,AT,5,66,7.58%,2.878E-2
d10,ref|NC_001143|,382677,GT,G,7,57,12.28%,6.4016E-3
d10,ref|NC_001143|,384845,C,CAT,45,63,71.43%,3.5667E-20
d10,ref|NC_001143|,385103,C,CTT,13,56,23.21%,3.5456E-5
d10,ref|NC_001143|,385587,GT,G,5,76,6.58%,2.8961E-2
d10,ref|NC_001143|,428783,G,GA,6,87,6.9%,1.4279E-2
d10,ref|NC_001143|,428955,GA,G,5,80,6.25%,2.9174E-2
d10,ref|NC_001143|,445220,CT,C,5,87,5.75%,2.9417E-2
d10,ref|NC_001143|,446990,T,A,6,80,7.5%,1.4179E-2
d10,ref|NC_001143|,448910,C,T,5,61,8.2%,2.87E-2
d10,ref|NC_001143|,450308,T,TA,5,94,5.32%,2.9538E-2
d10,ref|NC_001143|,451568,GGAACAC,G,75,85,88.24%,1.105E-37
d10,ref|NC_001143|,460585,T,A,5,82,6.1%,2.9351E-2
d10,ref|NC_001143|,461693,A,AT,7,94,7.45%,6.9313E-3
d10,ref|NC_001143|,463261,CT,C,14,56,25%,1.727E-5
d10,ref|NC_001143|,465172,G,GTATA,31,45,68.89%,4.5401E-14
d10,ref|NC_001143|,488619,A,T,5,92,5.43%,2.9557E-2
d10,ref|NC_001143|,489547,T,C,6,103,5.83%,1.4499E-2
d10,ref|NC_001143|,499338,TTGGA,T,5,84,5.95%,2.9396E-2
d10,ref|NC_001143|,499349,G,T,5,89,5.62%,2.95E-2
d10,ref|NC_001143|,510708,AT,A,7,127,5.51%,7.1618E-3
d10,ref|NC_001143|,518072,CT,C,8,68,11.76%,3.0959E-3
d10,ref|NC_001143|,518111,CT,C,7,65,10.77%,6.2398E-3
d10,ref|NC_001143|,519367,GA,G,6,69,8.7%,1.3928E-2
d10,ref|NC_001143|,524035,AT,A,19,89,21.35%,4.4235E-7
d10,ref|NC_001143|,530806,GAAT,G,6,105,5.71%,1.452E-2
d10,ref|NC_001143|,556431,G,GA,7,108,6.48%,7.0464E-3
d10,ref|NC_001143|,578722,C,A,5,95,5.26%,2.961E-2
d10,ref|NC_001143|,581078,GA,G,8,76,10.53%,3.1815E-3
d10,ref|NC_001143|,581891,C,CT,9,137,6.57%,1.6887E-3
d10,ref|NC_001143|,613967,A,AT,6,60,10%,1.3641E-2
d10,ref|NC_001143|,617557,C,CT,12,63,19.05%,1.23E-4
d10,ref|NC_001143|,618946,G,GA,9,85,10.59%,1.5446E-3
d10,ref|NC_001143|,631098,T,TA,10,94,10.64%,7.4993E-4
d10,ref|NC_001143|,632832,C,CA,10,79,12.66%,7.0548E-4
d10,ref|NC_001143|,635448,A,AT,6,72,8.33%,1.3877E-2
d10,ref|NC_001143|,635468,C,CT,14,93,15.05%,3.3315E-5
d10,ref|NC_001143|,635816,CT,C,6,118,5.08%,1.4597E-2
d10,ref|NC_001143|,638422,A,AT,14,102,13.73%,3.4842E-5
d10,ref|NC_001143|,645204,C,CA,11,92,11.96%,3.4115E-4
d10,ref|NC_001143|,660577,C,CA,10,94,10.64%,7.4518E-4
d10,ref|NC_001143|,661401,GA,G,12,77,15.58%,1.4713E-4
d10,ref|NC_001143|,666556,GT,G,48,48,100%,1.554E-28
d10,ref|NC_001143|,666702,GGT,G,15,22,68.18%,7.4178E-7
d10,ref|NC_001144|,28,A,AC,6,29,20.69%,1.1736E-2
d10,ref|NC_001144|,134,TAA,T,10,168,5.95%,8.4936E-4
d10,ref|NC_001144|,161,T,C,10,161,6.21%,8.4558E-4
d10,ref|NC_001144|,5660,TAC,T,11,164,6.71%,4.1015E-4
d10,ref|NC_001144|,5699,C,CA,10,182,5.49%,8.6013E-4
d10,ref|NC_001144|,5741,T,C,14,191,7.33%,4.7677E-5
d10,ref|NC_001144|,5757,A,T,11,202,5.45%,4.2458E-4
d10,ref|NC_001144|,10965,T,C,22,56,39.29%,1.8121E-8
d10,ref|NC_001144|,11195,TAC,T,33,140,23.57%,1.1809E-11
d10,ref|NC_001144|,11225,CA,C,84,128,66.14%,2.754E-35
d10,ref|NC_001144|,11238,C,CCA,6,102,5.88%,1.4477E-2
d10,ref|NC_001144|,11251,CA,C,10,118,8.47%,8.0056E-4
d10,ref|NC_001144|,11265,CA,C,6,108,5.56%,1.455E-2
d10,ref|NC_001144|,11278,CA,C,7,127,5.51%,7.1769E-3
d10,ref|NC_001144|,14561,A,AT,11,212,5.19%,4.2458E-4
d10,ref|NC_001144|,19914,CT,C,24,276,8.7%,3.2978E-8
d10,ref|NC_001144|,24780,C,G,13,126,10.32%,8.8126E-5
d10,ref|NC_001144|,36723,G,GA,16,217,7.37%,1.1406E-5
d10,ref|NC_001144|,41223,CATAT,C,6,36,16.67%,1.1977E-2
d10,ref|NC_001144|,48673,TA,T,15,202,7.43%,2.3173E-5
d10,ref|NC_001144|,48855,CA,C,24,147,16.33%,1.3732E-8
d10,ref|NC_001144|,52019,AAT,A,20,187,10.7%,5.4745E-7
d10,ref|NC_001144|,52618,CT,C,24,252,9.52%,3.1384E-8
d10,ref|NC_001144|,63982,C,CA,35,253,13.83%,7.0828E-12
d10,ref|NC_001144|,66619,CT,C,15,214,7.01%,2.324E-5
d10,ref|NC_001144|,86724,TA,T,37,193,19.17%,8.8896E-13
d10,ref|NC_001144|,105616,T,TA,16,182,8.79%,1.0492E-5
d10,ref|NC_001144|,108046,CT,C,18,242,7.44%,2.7036E-6
d10,ref|NC_001144|,112176,GA,G,13,210,6.19%,9.9495E-5
d10,ref|NC_001144|,121725,G,GT,14,176,7.95%,4.6185E-5
d10,ref|NC_001144|,122008,GA,G,25,178,14.04%,7.9514E-9
d10,ref|NC_001144|,129214,C,CA,13,213,6.1%,9.9914E-5
d10,ref|NC_001144|,161651,T,TA,22,240,9.17%,1.3689E-7
d10,ref|NC_001144|,170682,CAT,C,13,184,7.07%,9.6876E-5
d10,ref|NC_001144|,172018,AAT,A,29,117,24.79%,2.1188E-10
d10,ref|NC_001144|,179752,A,AT,20,214,9.35%,5.817E-7
d10,ref|NC_001144|,179897,C,CT,21,214,9.81%,2.7331E-7
d10,ref|NC_001144|,187137,AT,A,217,218,99.54%,3.2316E-128
d10,ref|NC_001144|,193400,CT,C,13,222,5.86%,1.0145E-4
d10,ref|NC_001144|,195201,GA,G,11,201,5.47%,4.2175E-4
d10,ref|NC_001144|,196591,AT,A,25,229,10.92%,1.3734E-8
d10,ref|NC_001144|,196750,AT,A,16,193,8.29%,1.0703E-5
d10,ref|NC_001144|,204043,GA,G,16,197,8.12%,1.0855E-5
d10,ref|NC_001144|,229572,G,A,14,172,8.14%,4.6341E-5
d10,ref|NC_001144|,243827,CAT,C,39,198,19.7%,2.0412E-13
d10,ref|NC_001144|,245256,AAT,A,27,187,14.44%,2.5979E-9
d10,ref|NC_001144|,248700,AT,A,14,200,7%,4.7482E-5
d10,ref|NC_001144|,251194,GA,G,33,224,14.73%,2.4069E-11
d10,ref|NC_001144|,253093,G,GA,15,204,7.35%,2.3002E-5
d10,ref|NC_001144|,259721,C,CT,14,257,5.45%,5.0382E-5
d10,ref|NC_001144|,264076,AT,A,22,154,14.29%,7.7739E-8
d10,ref|NC_001144|,266819,G,A,28,166,16.87%,1.0571E-9
d10,ref|NC_001144|,280996,G,GA,26,190,13.68%,4.7854E-9
d10,ref|NC_001144|,287681,G,GA,14,225,6.22%,4.9548E-5
d10,ref|NC_001144|,289357,C,CT,24,199,12.06%,2.6357E-8
d10,ref|NC_001144|,291384,A,G,191,191,100%,2.4884E-114
d10,ref|NC_001144|,291386,A,G,191,191,100%,2.4884E-114
d10,ref|NC_001144|,292024,GA,G,51,195,26.15%,5.8128E-18
d10,ref|NC_001144|,306620,TA,T,12,172,6.98%,1.957E-4
d10,ref|NC_001144|,320335,GA,G,19,246,7.72%,1.297E-6
d10,ref|NC_001144|,322104,A,AT,17,215,7.91%,5.331E-6
d10,ref|NC_001144|,339676,TTA,T,13,182,7.14%,9.7523E-5
d10,ref|NC_001144|,345042,C,G,19,161,11.8%,1.0605E-6
d10,ref|NC_001144|,348735,C,CA,12,228,5.26%,2.0836E-4
d10,ref|NC_001144|,348919,GT,G,32,190,16.84%,4.3567E-11
d10,ref|NC_001144|,369387,AT,A,16,227,7.05%,1.1516E-5
d10,ref|NC_001144|,370487,A,AT,16,211,7.58%,1.1093E-5
d10,ref|NC_001144|,373034,C,CA,15,236,6.36%,2.3978E-5
d10,ref|NC_001144|,394693,GA,G,19,224,8.48%,1.2294E-6
d10,ref|NC_001144|,402737,AT,A,16,246,6.5%,1.1648E-5
d10,ref|NC_001144|,415698,TA,T,9,156,5.77%,1.7202E-3
d10,ref|NC_001144|,415714,G,GA,14,188,7.45%,4.7076E-5
d10,ref|NC_001144|,421496,AG,A,10,93,10.75%,7.5223E-4
d10,ref|NC_001144|,423554,C,CT,24,192,12.5%,2.4624E-8
d10,ref|NC_001144|,426662,CA,C,22,244,9.02%,1.4076E-7
d10,ref|NC_001144|,441523,CT,C,30,233,12.88%,3.208E-10
d10,ref|NC_001144|,449594,C,CT,22,207,10.63%,1.2557E-7
d10,ref|NC_001144|,451539,GA,G,13,80,16.25%,6.4842E-5
d10,ref|NC_001144|,459249,C,A,25,286,8.74%,1.7227E-8
d10,ref|NC_001144|,459564,T,C,489,9190,5.32%,9.6908E-135
d10,ref|NC_001144|,459803,CT,C,2088,18693,11.18%,0E0
d10,ref|NC_001144|,460002,CA,C,2837,25240,11.24%,0E0
d10,ref|NC_001144|,460103,T,C,1500,27215,5.51%,0E0
d10,ref|NC_001144|,460152,T,G,1464,28446,5.15%,0E0
d10,ref|NC_001144|,460262,G,GTA,1474,28182,5.23%,0E0
d10,ref|NC_001144|,460383,TA,T,5136,25195,20.38%,0E0
d10,ref|NC_001144|,460477,AT,A,1733,26567,6.52%,0E0
d10,ref|NC_001144|,460621,T,C,1727,21420,8.06%,0E0
d10,ref|NC_001144|,489468,CT,C,13,184,7.07%,9.6608E-5
d10,ref|NC_001144|,491513,C,CT,21,205,10.24%,2.6492E-7
d10,ref|NC_001144|,506065,GT,G,14,267,5.24%,5.0813E-5
d10,ref|NC_001144|,513997,C,CA,18,220,8.18%,2.5778E-6
d10,ref|NC_001144|,514965,C,CT,14,226,6.19%,4.9452E-5
d10,ref|NC_001144|,522257,C,CA,16,224,7.14%,1.1324E-5
d10,ref|NC_001144|,527967,CT,C,18,196,9.18%,2.4588E-6
d10,ref|NC_001144|,528749,T,A,239,239,100%,3.5129E-143
d10,ref|NC_001144|,535172,C,CA,19,236,8.05%,1.2831E-6
d10,ref|NC_001144|,539598,CT,C,18,278,6.47%,2.83E-6
d10,ref|NC_001144|,545933,CT,C,35,229,15.28%,5.9541E-12
d10,ref|NC_001144|,550360,C,CA,30,196,15.31%,2.5917E-10
d10,ref|NC_001144|,556468,CAT,C,32,156,20.51%,2.943E-11
d10,ref|NC_001144|,568017,CT,C,20,214,9.35%,5.7407E-7
d10,ref|NC_001144|,568290,CT,C,12,225,5.33%,2.082E-4
d10,ref|NC_001144|,585920,GA,G,32,180,17.88%,1.7974E-11
d10,ref|NC_001144|,612158,G,GA,21,220,9.55%,2.8033E-7
d10,ref|NC_001144|,626434,G,GA,16,256,6.25%,1.1797E-5
d10,ref|NC_001144|,636551,GT,G,24,196,12.24%,2.3326E-8
d10,ref|NC_001144|,641311,G,GA,19,248,7.66%,1.297E-6
d10,ref|NC_001144|,645231,T,TA,14,171,8.19%,4.4519E-5
d10,ref|NC_001144|,646385,GA,G,14,216,6.48%,4.8287E-5
d10,ref|NC_001144|,657175,C,T,204,204,100%,3.8319E-122
d10,ref|NC_001144|,657926,G,GT,12,166,7.23%,1.9627E-4
d10,ref|NC_001144|,667194,C,CA,15,233,6.44%,2.3925E-5
d10,ref|NC_001144|,672979,AT,A,20,207,9.66%,5.7251E-7
d10,ref|NC_001144|,687472,G,GA,12,188,6.38%,2.0157E-4
d10,ref|NC_001144|,687587,GTA,G,23,171,13.45%,5.2877E-8
d10,ref|NC_001144|,699939,GA,G,32,182,17.58%,2.8412E-11
d10,ref|NC_001144|,704138,TA,T,21,128,16.41%,1.4568E-7
d10,ref|NC_001144|,712186,G,GT,20,242,8.26%,6.1328E-7
d10,ref|NC_001144|,718114,TA,T,13,187,6.95%,9.7268E-5
d10,ref|NC_001144|,719563,A,AT,20,234,8.55%,6.1454E-7
d10,ref|NC_001144|,722481,GT,G,20,197,10.15%,5.4745E-7
d10,ref|NC_001144|,723168,C,CA,12,164,7.32%,1.9541E-4
d10,ref|NC_001144|,723209,GT,G,13,122,10.66%,8.4105E-5
d10,ref|NC_001144|,734923,AT,A,19,206,9.22%,1.1756E-6
d10,ref|NC_001144|,743995,GA,G,11,213,5.16%,4.2606E-4
d10,ref|NC_001144|,759341,G,GA,13,200,6.5%,9.9279E-5
d10,ref|NC_001144|,766503,T,TA,15,151,9.93%,1.9307E-5
d10,ref|NC_001144|,769162,CAT,C,15,189,7.94%,2.2518E-5
d10,ref|NC_001144|,777943,G,GT,14,230,6.09%,4.9207E-5
d10,ref|NC_001144|,784382,G,GC,207,208,99.52%,3.1589E-122
d10,ref|NC_001144|,793997,AT,A,9,161,5.59%,1.7291E-3
d10,ref|NC_001144|,798405,G,GA,12,223,5.38%,2.0929E-4
d10,ref|NC_001144|,802485,AT,A,10,184,5.43%,8.5498E-4
d10,ref|NC_001144|,809527,C,CT,13,189,6.88%,9.7896E-5
d10,ref|NC_001144|,819069,C,CT,18,225,8%,2.637E-6
d10,ref|NC_001144|,823442,GGA,G,14,104,13.46%,3.7453E-5
d10,ref|NC_001144|,828903,C,T,211,211,100%,2.3786E-126
d10,ref|NC_001144|,829405,GTA,G,12,155,7.74%,1.939E-4
d10,ref|NC_001144|,833744,A,AT,19,214,8.88%,1.221E-6
d10,ref|NC_001144|,837516,CAT,C,27,161,16.77%,2.1373E-9
d10,ref|NC_001144|,837956,G,GA,15,209,7.18%,2.314E-5
d10,ref|NC_001144|,839459,A,AT,9,180,5%,1.7598E-3
d10,ref|NC_001144|,852137,G,GT,12,192,6.25%,2.0287E-4
d10,ref|NC_001144|,866975,G,GA,13,250,5.2%,1.0388E-4
d10,ref|NC_001144|,867102,C,CT,18,234,7.69%,2.6734E-6
d10,ref|NC_001144|,881947,C,CAT,122,173,70.52%,7.6649E-54
d10,ref|NC_001144|,931046,AT,A,12,230,5.22%,2.0929E-4
d10,ref|NC_001144|,937372,TA,T,12,219,5.48%,2.0771E-4
d10,ref|NC_001144|,941045,T,TA,15,186,8.06%,2.2438E-5
d10,ref|NC_001144|,944238,C,A,122,122,100%,6.9324E-73
d10,ref|NC_001144|,981461,A,G,14,204,6.86%,4.846E-5
d10,ref|NC_001144|,1002214,GA,G,53,237,22.36%,1.4581E-18
d10,ref|NC_001144|,1011372,C,CT,22,194,11.34%,1.1796E-7
d10,ref|NC_001144|,1012324,C,CG,176,186,94.62%,4.5909E-95
d10,ref|NC_001144|,1012328,A,AGCC,174,185,94.05%,2.3101E-95
d10,ref|NC_001144|,1015482,AAT,A,19,179,10.61%,1.1239E-6
d10,ref|NC_001144|,1019116,GA,G,28,230,12.17%,1.4417E-9
d10,ref|NC_001144|,1024980,AT,A,29,167,17.37%,3.3568E-10
d10,ref|NC_001144|,1025009,GT,G,9,124,7.26%,1.6526E-3
d10,ref|NC_001144|,1026686,C,CT,32,202,15.84%,4.9893E-11
d10,ref|NC_001144|,1039435,T,A,223,223,100%,1.4574E-133
d10,ref|NC_001144|,1053293,AT,A,30,168,17.86%,1.7697E-10
d10,ref|NC_001144|,1059123,TA,T,11,207,5.31%,4.2428E-4
d10,ref|NC_001144|,1059677,TA,T,23,213,10.8%,5.8247E-8
d10,ref|NC_001145|,17407,T,C,5,87,5.75%,2.9459E-2
d10,ref|NC_001145|,21958,GTA,G,7,91,7.69%,6.8706E-3
d10,ref|NC_001145|,26551,A,AT,6,113,5.31%,1.457E-2
d10,ref|NC_001145|,26716,AT,A,15,123,12.2%,1.7526E-5
d10,ref|NC_001145|,34473,T,G,104,104,100%,4.3992E-62
d10,ref|NC_001145|,41950,GA,G,28,118,23.73%,2.4842E-10
d10,ref|NC_001145|,43866,CT,C,6,102,5.88%,1.4442E-2
d10,ref|NC_001145|,43908,A,AT,9,89,10.11%,1.5712E-3
d10,ref|NC_001145|,50000,C,CA,8,107,7.48%,3.3824E-3
d10,ref|NC_001145|,58770,AT,A,9,104,8.65%,1.6016E-3
d10,ref|NC_001145|,86950,CTATTAT,C,18,87,20.69%,1.3198E-6
d10,ref|NC_001145|,94308,A,AT,8,90,8.89%,3.2947E-3
d10,ref|NC_001145|,95727,CTA,C,13,91,14.29%,7.3398E-5
d10,ref|NC_001145|,97782,GT,G,6,91,6.59%,1.4309E-2
d10,ref|NC_001145|,97876,AT,A,7,121,5.79%,7.1459E-3
d10,ref|NC_001145|,99274,C,CA,14,114,12.28%,3.927E-5
d10,ref|NC_001145|,113251,TA,T,5,98,5.1%,2.966E-2
d10,ref|NC_001145|,113276,G,T,5,99,5.05%,2.9676E-2
d10,ref|NC_001145|,129676,G,GA,7,139,5.04%,7.2096E-3
d10,ref|NC_001145|,155876,GT,G,5,91,5.49%,2.9459E-2
d10,ref|NC_001145|,158396,TA,T,6,77,7.79%,1.3796E-2
d10,ref|NC_001145|,159852,CAT,C,9,76,11.84%,1.4589E-3
d10,ref|NC_001145|,164392,G,GT,17,90,18.89%,2.4824E-6
d10,ref|NC_001145|,165121,A,T,5,92,5.43%,2.9557E-2
d10,ref|NC_001145|,165422,CT,C,15,97,15.46%,1.5383E-5
d10,ref|NC_001145|,169058,C,CT,8,101,7.92%,3.3616E-3
d10,ref|NC_001145|,191990,A,AT,14,73,19.18%,2.4613E-5
d10,ref|NC_001145|,209069,C,CT,11,136,8.09%,3.888E-4
d10,ref|NC_001145|,234752,A,AT,11,115,9.57%,3.7358E-4
d10,ref|NC_001145|,236652,CT,C,15,130,11.54%,1.9384E-5
d10,ref|NC_001145|,238763,CT,C,20,83,24.1%,1.7467E-7
d10,ref|NC_001145|,239353,CAT,C,6,50,12%,1.3237E-2
d10,ref|NC_001145|,241854,CT,C,5,75,6.67%,2.9117E-2
d10,ref|NC_001145|,245885,G,A,10,63,15.87%,6.6338E-4
d10,ref|NC_001145|,251661,G,GA,9,108,8.33%,1.6215E-3
d10,ref|NC_001145|,305685,GT,G,10,114,8.77%,7.8855E-4
d10,ref|NC_001145|,321328,CAT,C,16,92,17.39%,6.64E-6
d10,ref|NC_001145|,323216,CA,C,7,107,6.54%,6.9406E-3
d10,ref|NC_001145|,325905,T,A,78,78,100%,1.7165E-46
d10,ref|NC_001145|,348566,C,CT,9,64,14.06%,1.3596E-3
d10,ref|NC_001145|,353678,A,AT,9,102,8.82%,1.6183E-3
d10,ref|NC_001145|,361550,G,A,80,80,100%,1.0864E-47
d10,ref|NC_001145|,361725,A,G,23,116,19.83%,3.5549E-8
d10,ref|NC_001145|,370618,C,CA,7,87,8.05%,6.8133E-3
d10,ref|NC_001145|,371006,C,CT,6,116,5.17%,1.4624E-2
d10,ref|NC_001145|,380311,G,GA,11,127,8.66%,3.8173E-4
d10,ref|NC_001145|,387095,AT,A,10,61,16.39%,6.18E-4
d10,ref|NC_001145|,388684,TTATA,T,5,63,7.94%,2.8371E-2
d10,ref|NC_001145|,390765,GT,G,15,85,17.65%,1.5103E-5
d10,ref|NC_001145|,405653,C,CT,8,112,7.14%,3.4196E-3
d10,ref|NC_001145|,407889,A,T,6,116,5.17%,1.4624E-2
d10,ref|NC_001145|,411379,C,CT,8,114,7.02%,3.4108E-3
d10,ref|NC_001145|,411461,G,GT,7,96,7.29%,6.9675E-3
d10,ref|NC_001145|,442239,C,CT,7,107,6.54%,7.0318E-3
d10,ref|NC_001145|,448333,G,A,103,103,100%,1.7512E-61
d10,ref|NC_001145|,448334,A,G,104,104,100%,4.3992E-62
d10,ref|NC_001145|,462693,CT,C,14,110,12.73%,3.8577E-5
d10,ref|NC_001145|,468258,AT,A,7,118,5.93%,7.074E-3
d10,ref|NC_001145|,472637,G,GA,9,96,9.38%,1.5753E-3
d10,ref|NC_001145|,472837,C,CT,6,109,5.5%,1.455E-2
d10,ref|NC_001145|,475726,G,GA,12,73,16.44%,1.3705E-4
d10,ref|NC_001145|,483743,GA,G,16,90,17.78%,6.2401E-6
d10,ref|NC_001145|,492124,C,CA,6,102,5.88%,1.4488E-2
d10,ref|NC_001145|,512087,GT,G,8,79,10.13%,3.2091E-3
d10,ref|NC_001145|,514073,A,AT,6,103,5.83%,1.4465E-2
d10,ref|NC_001145|,514293,A,AT,6,115,5.22%,1.4588E-2
d10,ref|NC_001145|,530280,T,A,6,120,5%,1.4657E-2
d10,ref|NC_001145|,538559,CA,C,6,101,5.94%,1.4454E-2
d10,ref|NC_001145|,538607,GCA,G,12,97,12.37%,1.6933E-4
d10,ref|NC_001145|,541036,C,T,16,87,18.39%,7.1482E-6
d10,ref|NC_001145|,549103,A,T,6,107,5.61%,1.454E-2
d10,ref|NC_001145|,559980,C,CT,6,95,6.32%,1.4324E-2
d10,ref|NC_001145|,561877,AAT,A,6,53,11.32%,1.3237E-2
d10,ref|NC_001145|,571250,CA,C,7,78,8.97%,6.7056E-3
d10,ref|NC_001145|,575771,C,CA,7,119,5.88%,7.1177E-3
d10,ref|NC_001145|,589923,C,CT,6,112,5.36%,1.455E-2
d10,ref|NC_001145|,603433,GA,G,5,96,5.21%,2.9592E-2
d10,ref|NC_001145|,622168,GTA,G,11,79,13.92%,3.1263E-4
d10,ref|NC_001145|,624079,A,AT,6,100,6%,1.4442E-2
d10,ref|NC_001145|,625382,G,GA,8,101,7.92%,3.3722E-3
d10,ref|NC_001145|,625708,C,CT,9,60,15%,1.2935E-3
d10,ref|NC_001145|,630505,A,G,115,115,100%,1.1028E-68
d10,ref|NC_001145|,646855,CAT,C,7,65,10.77%,6.4922E-3
d10,ref|NC_001145|,651263,TA,T,95,100,95%,1.0664E-51
d10,ref|NC_001145|,651984,CA,C,8,112,7.14%,3.4108E-3
d10,ref|NC_001145|,652533,C,CT,10,93,10.75%,7.3507E-4
d10,ref|NC_001145|,652735,A,T,5,95,5.26%,2.961E-2
d10,ref|NC_001145|,654916,AAT,A,10,106,9.43%,7.8191E-4
d10,ref|NC_001145|,667202,CA,C,8,88,9.09%,3.2735E-3
d10,ref|NC_001145|,672129,T,C,113,113,100%,1.7491E-67
d10,ref|NC_001145|,674863,GA,G,20,99,20.2%,2.6432E-7
d10,ref|NC_001145|,680936,T,C,94,94,100%,4.3861E-56
d10,ref|NC_001145|,680940,C,T,94,94,100%,4.3861E-56
d10,ref|NC_001145|,687366,GT,G,5,89,5.62%,2.9373E-2
d10,ref|NC_001145|,690397,T,A,6,102,5.88%,1.4488E-2
d10,ref|NC_001145|,698679,TA,T,17,101,16.83%,3.1403E-6
d10,ref|NC_001145|,731041,G,T,5,94,5.32%,2.9592E-2
d10,ref|NC_001145|,746126,G,GA,6,119,5.04%,1.4649E-2
d10,ref|NC_001145|,747587,C,T,6,101,5.94%,1.4477E-2
d10,ref|NC_001145|,751670,TA,T,9,125,7.2%,1.6672E-3
d10,ref|NC_001145|,752958,A,AT,12,103,11.65%,1.7001E-4
d10,ref|NC_001145|,756824,GT,G,9,92,9.78%,1.5399E-3
d10,ref|NC_001145|,770561,AT,A,8,121,6.61%,3.4519E-3
d10,ref|NC_001145|,772664,CT,C,16,98,16.33%,7.0087E-6
d10,ref|NC_001145|,774017,A,AT,8,110,7.27%,3.4153E-3
d10,ref|NC_001145|,774724,C,CA,13,120,10.83%,8.6623E-5
d10,ref|NC_001145|,775114,G,GA,6,103,5.88%,1.443E-2
d10,ref|NC_001145|,775885,C,CA,8,111,7.21%,3.4239E-3
d10,ref|NC_001145|,779300,C,CT,7,103,6.8%,6.9846E-3
d10,ref|NC_001145|,791347,CT,C,5,100,5%,2.9692E-2
d10,ref|NC_001145|,808682,AT,A,6,120,5%,1.4657E-2
d10,ref|NC_001145|,809198,A,G,135,135,100%,1.0865E-80
d10,ref|NC_001145|,815480,CA,C,12,100,12%,1.6864E-4
d10,ref|NC_001145|,822589,CTT,C,8,81,9.88%,3.1191E-3
d10,ref|NC_001145|,822630,A,C,7,60,11.67%,6.4922E-3
d10,ref|NC_001145|,822635,G,T,9,52,17.31%,1.3171E-3
d10,ref|NC_001145|,851713,GA,G,17,96,17.71%,2.5282E-6
d10,ref|NC_001145|,852310,GA,G,6,103,5.83%,1.4465E-2
d10,ref|NC_001145|,854478,CT,C,6,99,6.06%,1.4417E-2
d10,ref|NC_001145|,865430,AT,A,8,124,6.45%,3.4665E-3
d10,ref|NC_001145|,867234,G,GA,15,115,13.04%,1.7925E-5
d10,ref|NC_001145|,874559,C,CT,20,91,21.98%,1.9571E-7
d10,ref|NC_001145|,877494,G,A,5,56,8.93%,2.8473E-2
d10,ref|NC_001145|,886520,T,TA,10,111,9.01%,7.8528E-4
d10,ref|NC_001145|,892823,GA,G,7,104,6.73%,7.0243E-3
d10,ref|NC_001145|,901415,G,GA,9,111,8.11%,1.6392E-3
d10,ref|NC_001145|,908196,G,C,11,25,44%,1.1933E-4
d10,ref|NC_001145|,908198,G,T,11,25,44%,1.1933E-4
d10,ref|NC_001145|,908203,G,A,14,28,50%,6.911E-6
d10,ref|NC_001145|,908218,C,T,24,37,64.86%,2.0323E-10
d10,ref|NC_001145|,908275,G,A,10,82,12.2%,7.2967E-4
d10,ref|NC_001145|,908282,G,T,11,88,12.5%,3.5014E-4
d10,ref|NC_001145|,908283,T,C,11,90,12.22%,3.5291E-4
d10,ref|NC_001145|,908558,T,TCAA,18,145,12.41%,2.175E-6
d10,ref|NC_001145|,914827,G,GT,9,89,10.11%,1.5493E-3
d10,ref|NC_001145|,918033,CA,C,6,117,5.13%,1.4624E-2
d10,ref|NC_001145|,918120,C,CT,22,78,28.21%,3.0207E-8
d10,ref|NC_001145|,920488,T,C,5,95,5.26%,2.961E-2
d10,ref|NC_001145|,921418,CT,C,86,104,82.69%,3.4526E-42
d10,ref|NC_001145|,924352,G,GGT,18,25,72%,1.8413E-8
d10,ref|NC_001145|,924388,G,GT,7,14,50%,2.6087E-3
d10,ref|NC_001145|,924392,T,TG,7,10,70%,1.548E-3
d10,ref|NC_001146|,20,TA,T,5,17,29.41%,2.2239E-2
d10,ref|NC_001146|,6631,CCA,C,7,36,19.44%,5.6095E-3
d10,ref|NC_001146|,6650,A,C,10,30,33.33%,3.8387E-4
d10,ref|NC_001146|,6652,C,A,10,31,32.26%,4.1251E-4
d10,ref|NC_001146|,7478,A,AT,140,141,99.29%,3.8495E-82
d10,ref|NC_001146|,10214,TA,T,21,127,16.54%,1.7303E-7
d10,ref|NC_001146|,12975,C,CTT,61,83,73.49%,7.2527E-28
d10,ref|NC_001146|,14333,G,GC,34,40,85%,8.7127E-17
d10,ref|NC_001146|,28420,G,GT,11,111,9.91%,3.685E-4
d10,ref|NC_001146|,43278,AAT,A,17,116,14.66%,3.9078E-6
d10,ref|NC_001146|,66362,TA,T,8,109,7.34%,3.4063E-3
d10,ref|NC_001146|,71554,GT,G,6,118,5.08%,1.4632E-2
d10,ref|NC_001146|,82837,G,A,5,85,5.88%,2.9417E-2
d10,ref|NC_001146|,84037,AT,A,9,142,6.34%,1.7105E-3
d10,ref|NC_001146|,86089,C,CT,6,85,7.06%,1.4214E-2
d10,ref|NC_001146|,89323,C,CT,8,106,7.55%,3.3874E-3
d10,ref|NC_001146|,98305,T,C,18,123,14.63%,1.9516E-6
d10,ref|NC_001146|,98320,C,T,16,114,14.04%,8.6707E-6
d10,ref|NC_001146|,107294,G,GA,10,97,10.31%,7.324E-4
d10,ref|NC_001146|,116758,GA,G,6,120,5%,1.4624E-2
d10,ref|NC_001146|,116771,GA,G,6,107,5.61%,1.4499E-2
d10,ref|NC_001146|,118987,G,GA,28,91,30.77%,2.2922E-10
d10,ref|NC_001146|,172354,CT,C,7,113,6.19%,7.0392E-3
d10,ref|NC_001146|,172492,CA,C,8,111,7.21%,3.4017E-3
d10,ref|NC_001146|,175206,C,CA,7,93,7.53%,6.8813E-3
d10,ref|NC_001146|,179677,A,T,6,110,5.45%,1.457E-2
d10,ref|NC_001146|,181308,CA,C,6,105,5.71%,1.4509E-2
d10,ref|NC_001146|,187639,G,GA,7,94,7.45%,6.9019E-3
d10,ref|NC_001146|,191300,CT,C,6,88,6.82%,1.4279E-2
d10,ref|NC_001146|,194247,A,T,7,107,6.54%,7.0604E-3
d10,ref|NC_001146|,196150,CT,C,17,86,19.77%,2.6617E-6
d10,ref|NC_001146|,230801,GA,G,5,95,5.26%,2.961E-2
d10,ref|NC_001146|,235956,C,CT,7,92,7.61%,6.8813E-3
d10,ref|NC_001146|,251874,A,AT,7,87,8.05%,6.8485E-3
d10,ref|NC_001146|,258264,G,GA,8,90,8.89%,3.2947E-3
d10,ref|NC_001146|,263555,GA,G,7,105,6.67%,6.9928E-3
d10,ref|NC_001146|,279844,G,T,5,87,5.75%,2.9459E-2
d10,ref|NC_001146|,281884,G,GA,11,91,12.09%,3.5154E-4
d10,ref|NC_001146|,282400,G,C,27,77,35.06%,4.6544E-10
d10,ref|NC_001146|,282401,T,C,16,65,24.62%,5.333E-6
d10,ref|NC_001146|,282402,T,C,11,62,17.74%,3.0055E-4
d10,ref|NC_001146|,300929,TA,T,16,65,24.62%,3.905E-6
d10,ref|NC_001146|,301186,G,GT,5,90,5.56%,2.948E-2
d10,ref|NC_001146|,305766,TA,T,5,94,5.32%,2.9592E-2
d10,ref|NC_001146|,307228,CT,C,10,91,10.99%,7.2404E-4
d10,ref|NC_001146|,312328,AACG,A,100,107,93.46%,2.8687E-53
d10,ref|NC_001146|,321979,A,AT,8,105,7.62%,3.3669E-3
d10,ref|NC_001146|,341698,C,T,5,96,5.21%,2.9627E-2
d10,ref|NC_001146|,357012,C,CT,5,54,9.26%,2.7945E-2
d10,ref|NC_001146|,377887,G,T,86,86,100%,2.7498E-51
d10,ref|NC_001146|,382231,TA,T,12,108,11.11%,1.7134E-4
d10,ref|NC_001146|,412653,GA,G,7,99,7.07%,7.0009E-3
d10,ref|NC_001146|,413448,C,CT,14,42,33.33%,1.2704E-5
d10,ref|NC_001146|,415054,C,CT,10,63,15.87%,6.4469E-4
d10,ref|NC_001146|,415071,C,CT,7,25,28%,4.4505E-3
d10,ref|NC_001146|,415096,C,CT,6,66,9.09%,1.3767E-2
d10,ref|NC_001146|,416686,C,CT,5,89,5.62%,2.9396E-2
d10,ref|NC_001146|,429776,TTA,T,16,90,17.78%,7.3492E-6
d10,ref|NC_001146|,437126,A,T,5,92,5.43%,2.9557E-2
d10,ref|NC_001146|,438549,A,AT,6,94,6.38%,1.4365E-2
d10,ref|NC_001146|,439397,G,GT,122,126,96.83%,3.1258E-68
d10,ref|NC_001146|,444651,CT,C,8,96,8.33%,3.2878E-3
d10,ref|NC_001146|,457532,C,CT,7,95,7.37%,6.9675E-3
d10,ref|NC_001146|,462810,G,A,5,96,5.21%,2.9627E-2
d10,ref|NC_001146|,471767,A,G,111,111,100%,2.7737E-66
d10,ref|NC_001146|,479459,AT,A,10,59,16.95%,5.4972E-4
d10,ref|NC_001146|,486552,TA,T,15,90,16.67%,1.3542E-5
d10,ref|NC_001146|,486640,G,GT,6,71,8.45%,1.3877E-2
d10,ref|NC_001146|,490188,A,AT,8,92,8.7%,3.3145E-3
d10,ref|NC_001146|,493053,TA,T,24,116,20.69%,1.3517E-8
d10,ref|NC_001146|,498360,GT,G,10,103,9.71%,7.4993E-4
d10,ref|NC_001146|,499475,A,AT,10,124,8.06%,8.0195E-4
d10,ref|NC_001146|,501129,AT,A,5,97,5.15%,2.961E-2
d10,ref|NC_001146|,504802,C,T,6,90,6.67%,1.4338E-2
d10,ref|NC_001146|,504803,C,T,6,93,6.45%,1.4379E-2
d10,ref|NC_001146|,510328,CT,C,20,105,19.05%,3.2029E-7
d10,ref|NC_001146|,512460,CAT,C,9,84,10.71%,1.5299E-3
d10,ref|NC_001146|,515710,T,TA,7,120,5.83%,7.1293E-3
d10,ref|NC_001146|,515976,C,T,5,89,5.62%,2.95E-2
d10,ref|NC_001146|,523434,G,A,27,116,23.28%,1.3438E-9
d10,ref|NC_001146|,523441,G,T,22,105,20.95%,6.9819E-8
d10,ref|NC_001146|,524020,G,A,12,61,19.67%,1.3421E-4
d10,ref|NC_001146|,524023,T,C,16,66,24.24%,5.4307E-6
d10,ref|NC_001146|,526671,A,T,5,94,5.32%,2.9592E-2
d10,ref|NC_001146|,527795,A,T,5,88,5.68%,2.948E-2
d10,ref|NC_001146|,529862,CT,C,7,112,6.25%,7.074E-3
d10,ref|NC_001146|,532584,GA,G,5,89,5.62%,2.9439E-2
d10,ref|NC_001146|,562072,ATT,A,5,92,5.43%,2.9557E-2
d10,ref|NC_001146|,563073,C,T,4,10,40%,4.3344E-2
d10,ref|NC_001146|,568313,T,TA,6,89,6.74%,1.4294E-2
d10,ref|NC_001146|,570509,T,C,22,22,100%,4.7526E-13
d10,ref|NC_001146|,576631,AT,A,13,128,10.16%,8.764E-5
d10,ref|NC_001146|,601112,T,G,70,185,37.84%,2.4089E-25
d10,ref|NC_001146|,601202,T,C,85,209,40.67%,5.1574E-31
d10,ref|NC_001146|,605054,AT,A,6,92,6.52%,1.4365E-2
d10,ref|NC_001146|,605720,CTA,C,5,32,15.62%,2.6257E-2
d10,ref|NC_001146|,606166,AAT,A,6,72,8.33%,1.3928E-2
d10,ref|NC_001146|,616158,CA,C,7,113,6.19%,7.087E-3
d10,ref|NC_001146|,616826,A,G,17,80,21.25%,2.9511E-6
d10,ref|NC_001146|,635717,G,GT,10,88,11.36%,7.3507E-4
d10,ref|NC_001146|,644217,CTA,C,14,84,16.67%,3.3581E-5
d10,ref|NC_001146|,647314,AT,A,6,102,5.88%,1.4442E-2
d10,ref|NC_001146|,651857,AT,A,7,95,7.37%,6.8597E-3
d10,ref|NC_001146|,662768,G,GA,9,106,8.49%,1.6151E-3
d10,ref|NC_001146|,667324,C,CT,8,72,11.11%,2.9557E-3
d10,ref|NC_001146|,667351,A,C,6,51,11.76%,1.3375E-2
d10,ref|NC_001146|,668101,C,CA,7,109,6.42%,7.0535E-3
d10,ref|NC_001146|,674780,A,AT,6,111,5.41%,1.455E-2
d10,ref|NC_001146|,678603,GA,G,10,111,9.01%,7.7103E-4
d10,ref|NC_001146|,687218,C,CA,12,115,10.43%,1.7787E-4
d10,ref|NC_001146|,690071,A,AT,8,108,7.41%,3.397E-3
d10,ref|NC_001146|,692520,CA,C,10,94,10.64%,7.4518E-4
d10,ref|NC_001146|,692960,C,CT,8,107,7.48%,3.397E-3
d10,ref|NC_001146|,697531,AT,A,7,127,5.51%,7.1719E-3
d10,ref|NC_001146|,711232,A,AT,10,100,10%,7.5448E-4
d10,ref|NC_001146|,716675,GT,G,6,109,5.5%,1.454E-2
d10,ref|NC_001146|,716710,A,AT,6,109,5.5%,1.455E-2
d10,ref|NC_001146|,721916,TA,T,8,130,6.15%,3.4735E-3
d10,ref|NC_001146|,722274,CA,C,15,111,13.51%,1.7102E-5
d10,ref|NC_001146|,763003,T,C,5,88,5.68%,2.948E-2
d10,ref|NC_001146|,764741,GAT,G,13,98,13.27%,7.8634E-5
d10,ref|NC_001146|,772612,CA,C,15,86,17.44%,1.42E-5
d10,ref|NC_001146|,774549,AT,A,24,102,23.53%,8.7514E-9
d10,ref|NC_001146|,776301,AT,A,6,117,5.13%,1.4588E-2
d10,ref|NC_001146|,777553,AAT,A,14,68,20.59%,2.6732E-5
d10,ref|NC_001146|,779308,C,CAAAAAAA,6,22,27.27%,6.192E-3
d10,ref|NC_001146|,779430,T,A,5,79,6.33%,2.9279E-2
d10,ref|NC_001146|,784107,GT,G,5,65,7.81%,2.8819E-2
d10,ref|NC_001146|,784125,G,GT,5,84,5.95%,2.9373E-2
d10,ref|NC_001146|,784131,GT,G,8,78,10.26%,3.2347E-3
d10,ref|NC_001146|,784138,GGT,G,5,71,7.04%,2.8994E-2
d10,ref|NC_001146|,784140,T,TGTG,6,67,9.09%,1.3877E-2
d10,ref|NC_001146|,784142,T,TG,9,63,14.29%,1.388E-3
d10,ref|NC_001146|,784152,T,TG,5,74,6.85%,2.9058E-2
d10,ref|NC_001146|,784163,T,TG,9,64,14.29%,1.4297E-3
d10,ref|NC_001146|,784181,TG,T,11,63,17.46%,2.9794E-4
d10,ref|NC_001146|,784183,G,GT,7,55,12.96%,6.3251E-3
d10,ref|NC_001146|,784208,T,TG,9,63,14.75%,1.3788E-3
d10,ref|NC_001146|,784235,GT,G,6,48,12.77%,1.3136E-2
d10,ref|NC_001146|,784259,G,GT,7,24,29.17%,4.7006E-3
d10,ref|NC_001147|,1085,CAT,C,11,90,12.22%,3.4115E-4
d10,ref|NC_001147|,13997,CA,C,12,120,10%,1.7677E-4
d10,ref|NC_001147|,14017,GA,G,7,129,5.43%,7.1618E-3
d10,ref|NC_001147|,21727,GA,G,10,113,8.85%,7.7841E-4
d10,ref|NC_001147|,27008,C,CA,7,73,9.59%,6.7056E-3
d10,ref|NC_001147|,27928,T,A,28,149,18.79%,9.1881E-10
d10,ref|NC_001147|,28352,T,C,20,150,13.33%,4.8416E-7
d10,ref|NC_001147|,47909,TA,T,7,131,5.34%,7.1913E-3
d10,ref|NC_001147|,50002,C,T,100,100,100%,1.1044E-59
d10,ref|NC_001147|,50010,A,T,101,101,100%,2.7747E-60
d10,ref|NC_001147|,50012,C,T,101,101,100%,2.7747E-60
d10,ref|NC_001147|,60061,GT,G,7,93,7.53%,6.9019E-3
d10,ref|NC_001147|,60213,CT,C,8,66,12.12%,2.9216E-3
d10,ref|NC_001147|,60240,C,T,60,60,100%,1.035E-35
d10,ref|NC_001147|,79297,C,G,138,138,100%,1.7164E-82
d10,ref|NC_001147|,79304,A,T,129,129,100%,4.3506E-77
d10,ref|NC_001147|,79305,T,A,128,128,100%,1.7335E-76
d10,ref|NC_001147|,85382,C,CT,10,114,8.77%,7.8528E-4
d10,ref|NC_001147|,94613,G,GA,7,116,6.03%,7.0805E-3
d10,ref|NC_001147|,94815,AC,A,10,27,37.04%,3.1821E-4
d10,ref|NC_001147|,103554,G,A,6,119,5.04%,1.4649E-2
d10,ref|NC_001147|,118032,A,C,61,203,30.05%,1.0433E-21
d10,ref|NC_001147|,118287,C,A,8,49,16.33%,2.8658E-3
d10,ref|NC_001147|,118607,C,T,5,27,18.52%,2.5527E-2
d10,ref|NC_001147|,129212,CT,C,7,116,6.03%,7.0805E-3
d10,ref|NC_001147|,141471,GA,G,15,106,14.15%,1.6533E-5
d10,ref|NC_001147|,145176,CT,C,17,123,13.82%,4.0325E-6
d10,ref|NC_001147|,161403,A,T,75,176,42.61%,1.0619E-27
d10,ref|NC_001147|,161617,T,C,82,218,37.61%,1.6233E-29
d10,ref|NC_001147|,161762,T,C,78,215,36.28%,6.1582E-28
d10,ref|NC_001147|,189467,A,AT,9,130,6.92%,1.6907E-3
d10,ref|NC_001147|,193675,CT,C,8,109,7.34%,3.4017E-3
d10,ref|NC_001147|,194895,C,CA,10,111,9.01%,7.7479E-4
d10,ref|NC_001147|,200339,CT,C,8,69,11.59%,3.0025E-3
d10,ref|NC_001147|,204570,CT,C,16,100,16%,6.7162E-6
d10,ref|NC_001147|,213870,C,CA,7,129,5.43%,7.1669E-3
d10,ref|NC_001147|,216898,AT,A,10,63,15.87%,5.9987E-4
d10,ref|NC_001147|,223080,C,CT,8,117,6.84%,3.4403E-3
d10,ref|NC_001147|,226113,T,A,6,120,5%,1.4657E-2
d10,ref|NC_001147|,227300,CGAT,C,9,91,9.89%,1.587E-3
d10,ref|NC_001147|,230020,C,CT,16,121,13.22%,8.0674E-6
d10,ref|NC_001147|,232303,GA,G,7,115,6.09%,7.0996E-3
d10,ref|NC_001147|,259218,C,CT,8,127,6.3%,3.463E-3
d10,ref|NC_001147|,271805,TA,T,7,112,6.25%,7.087E-3
d10,ref|NC_001147|,274533,A,T,6,104,5.77%,1.4509E-2
d10,ref|NC_001147|,290573,CT,C,6,97,6.19%,1.4352E-2
d10,ref|NC_001147|,315630,CT,C,19,126,15.08%,7.7252E-7
d10,ref|NC_001147|,326195,CAT,C,15,58,25.86%,9.8829E-6
d10,ref|NC_001147|,333432,G,GA,13,124,10.48%,8.5546E-5
d10,ref|NC_001147|,349580,GA,G,9,102,8.82%,1.6085E-3
d10,ref|NC_001147|,355083,AAT,A,14,64,21.88%,2.5488E-5
d10,ref|NC_001147|,372140,GA,G,5,90,5.56%,2.9459E-2
d10,ref|NC_001147|,383126,GA,G,10,121,8.26%,7.9324E-4
d10,ref|NC_001147|,383925,C,T,6,112,5.36%,1.4588E-2
d10,ref|NC_001147|,384807,AT,A,9,102,8.82%,1.6016E-3
d10,ref|NC_001147|,389237,T,G,80,80,100%,1.0864E-47
d10,ref|NC_001147|,397478,GA,G,11,118,9.32%,3.8002E-4
d10,ref|NC_001147|,404121,G,GT,6,100,6%,1.4405E-2
d10,ref|NC_001147|,412675,A,AT,13,78,16.67%,6.9736E-5
d10,ref|NC_001147|,416159,G,GT,5,97,5.15%,2.9575E-2
d10,ref|NC_001147|,422449,T,A,6,113,5.31%,1.4597E-2
d10,ref|NC_001147|,423979,GA,G,12,116,10.34%,1.7945E-4
d10,ref|NC_001147|,426603,G,GA,11,109,10.09%,3.685E-4
d10,ref|NC_001147|,430159,GA,G,10,87,11.49%,6.6774E-4
d10,ref|NC_001147|,432839,A,T,5,94,5.32%,2.9592E-2
d10,ref|NC_001147|,437763,T,A,90,90,100%,1.0988E-53
d10,ref|NC_001147|,444498,AT,A,18,98,18.37%,1.3198E-6
d10,ref|NC_001147|,448670,TA,T,5,68,7.35%,2.8261E-2
d10,ref|NC_001147|,453009,T,C,20,79,25.32%,2.4079E-7
d10,ref|NC_001147|,475132,C,CA,5,75,6.67%,2.9026E-2
d10,ref|NC_001147|,479259,AT,A,11,85,12.94%,3.3271E-4
d10,ref|NC_001147|,479648,C,A,5,83,6.02%,2.9373E-2
d10,ref|NC_001147|,483090,G,GT,8,89,8.99%,3.2807E-3
d10,ref|NC_001147|,491013,CA,C,9,101,8.91%,1.6016E-3
d10,ref|NC_001147|,519639,A,T,102,102,100%,6.9709E-61
d10,ref|NC_001147|,522811,G,GA,12,67,17.91%,1.1751E-4
d10,ref|NC_001147|,536839,C,CT,7,114,6.14%,7.0672E-3
d10,ref|NC_001147|,537056,TTA,T,10,77,12.99%,7.1196E-4
d10,ref|NC_001147|,537259,AT,A,7,81,8.64%,6.7755E-3
d10,ref|NC_001147|,546512,C,CT,6,101,5.94%,1.4477E-2
d10,ref|NC_001147|,548214,C,T,8,108,7.41%,3.4153E-3
d10,ref|NC_001147|,550529,A,AT,7,94,7.45%,6.9119E-3
d10,ref|NC_001147|,554687,CT,C,7,120,5.83%,7.1118E-3
d10,ref|NC_001147|,558522,C,T,9,107,8.41%,1.6392E-3
d10,ref|NC_001147|,560809,G,GA,8,92,8.7%,3.2807E-3
d10,ref|NC_001147|,572170,GT,G,7,101,6.93%,6.9498E-3
d10,ref|NC_001147|,581669,CA,C,20,134,14.93%,3.8622E-7
d10,ref|NC_001147|,646740,C,T,5,75,6.67%,2.9174E-2
d10,ref|NC_001147|,662016,A,AT,6,95,6.32%,1.4338E-2
d10,ref|NC_001147|,665224,AT,A,6,108,5.56%,1.455E-2
d10,ref|NC_001147|,665635,G,C,6,82,7.32%,1.4214E-2
d10,ref|NC_001147|,667564,GAT,G,11,82,13.41%,3.3447E-4
d10,ref|NC_001147|,667734,T,TA,9,126,7.14%,1.674E-3
d10,ref|NC_001147|,670767,GA,G,15,85,17.65%,1.2834E-5
d10,ref|NC_001147|,675324,C,CT,14,79,17.72%,2.713E-5
d10,ref|NC_001147|,676390,A,T,6,114,5.26%,1.4606E-2
d10,ref|NC_001147|,681098,C,CA,8,100,8%,3.339E-3
d10,ref|NC_001147|,682385,C,T,5,98,5.1%,2.966E-2
d10,ref|NC_001147|,708819,G,C,62,155,40%,9.9251E-23
d10,ref|NC_001147|,708878,T,C,21,84,25%,1.143E-7
d10,ref|NC_001147|,720202,G,GA,7,83,8.43%,6.7486E-3
d10,ref|NC_001147|,745306,CA,C,11,114,9.65%,3.685E-4
d10,ref|NC_001147|,746559,C,CA,8,83,9.64%,3.2002E-3
d10,ref|NC_001147|,760404,A,G,6,96,6.25%,1.4417E-2
d10,ref|NC_001147|,761366,G,GA,7,108,6.48%,7.0604E-3
d10,ref|NC_001147|,768281,TA,T,6,61,9.84%,1.3571E-2
d10,ref|NC_001147|,769810,TA,T,7,95,7.37%,6.9406E-3
d10,ref|NC_001147|,769891,G,GT,9,66,13.64%,1.4054E-3
d10,ref|NC_001147|,769933,AT,A,6,86,6.98%,1.4214E-2
d10,ref|NC_001147|,770624,GT,G,13,103,12.62%,7.4354E-5
d10,ref|NC_001147|,785519,CA,C,5,92,5.43%,2.95E-2
d10,ref|NC_001147|,795455,G,GA,8,97,8.25%,3.3448E-3
d10,ref|NC_001147|,797033,C,CA,6,113,5.31%,1.4588E-2
d10,ref|NC_001147|,798499,GA,G,8,93,8.6%,3.3208E-3
d10,ref|NC_001147|,804922,AT,A,13,105,12.38%,7.7016E-5
d10,ref|NC_001147|,875965,G,GA,17,160,10.62%,4.7369E-6
d10,ref|NC_001147|,877096,TA,T,14,110,12.73%,3.7453E-5
d10,ref|NC_001147|,882623,C,CT,18,120,15%,1.6321E-6
d10,ref|NC_001147|,888848,GT,G,11,73,15.07%,2.7747E-4
d10,ref|NC_001147|,889748,TA,T,15,108,13.89%,1.6043E-5
d10,ref|NC_001147|,904139,C,CA,16,149,10.74%,9.9151E-6
d10,ref|NC_001147|,923126,GAT,G,11,88,12.5%,3.4273E-4
d10,ref|NC_001147|,925072,C,CA,9,98,9.18%,1.5793E-3
d10,ref|NC_001147|,944458,CT,C,5,98,5.1%,2.9557E-2
d10,ref|NC_001147|,944473,CT,C,9,88,10.23%,1.5086E-3
d10,ref|NC_001147|,954141,CT,C,8,76,10.53%,2.8851E-3
d10,ref|NC_001147|,960775,TA,T,9,95,9.47%,1.5712E-3
d10,ref|NC_001147|,967942,AT,A,16,133,12.03%,8.9795E-6
d10,ref|NC_001147|,976961,T,C,5,96,5.21%,2.9627E-2
d10,ref|NC_001147|,977029,CT,C,9,106,8.49%,1.6151E-3
d10,ref|NC_001147|,978149,C,CA,12,108,11.11%,1.7134E-4
d10,ref|NC_001147|,980936,C,G,120,120,100%,1.1001E-71
d10,ref|NC_001147|,984788,TA,T,16,116,13.79%,8.0124E-6
d10,ref|NC_001147|,1000974,AT,A,14,94,14.89%,3.3581E-5
d10,ref|NC_001147|,1006918,A,AT,7,104,6.73%,7.0243E-3
d10,ref|NC_001147|,1013025,CTA,C,6,103,5.83%,1.4477E-2
d10,ref|NC_001147|,1019588,C,CT,19,121,15.7%,8.0843E-7
d10,ref|NC_001147|,1031381,C,CT,22,113,19.47%,4.5762E-8
d10,ref|NC_001147|,1034772,TA,T,8,129,6.2%,3.4835E-3
d10,ref|NC_001147|,1036615,GT,G,6,82,7.32%,1.4042E-2
d10,ref|NC_001147|,1037517,CAAT,C,6,87,6.9%,1.4279E-2
d10,ref|NC_001147|,1052798,G,GA,8,144,5.56%,3.5326E-3
d10,ref|NC_001147|,1057968,TA,T,12,138,8.7%,1.8797E-4
d10,ref|NC_001147|,1058879,AT,A,9,124,7.26%,1.674E-3
d10,ref|NC_001147|,1076305,C,CA,8,126,6.35%,3.463E-3
d10,ref|NC_001147|,1077950,CT,C,22,124,17.74%,6.5155E-8
d10,ref|NC_001147|,1078302,C,CT,5,89,5.62%,2.9417E-2
d10,ref|NC_001147|,1081606,CT,C,5,44,11.36%,2.7721E-2
d10,ref|NC_001147|,1091201,AT,A,5,59,8.47%,2.8079E-2
d10,ref|NC_001148|,9518,C,CA,10,87,11.49%,7.1814E-4
d10,ref|NC_001148|,13174,TA,T,12,104,11.54%,1.6793E-4
d10,ref|NC_001148|,14824,CT,C,6,110,5.45%,1.454E-2
d10,ref|NC_001148|,16931,A,AT,11,109,10.09%,3.5812E-4
d10,ref|NC_001148|,16995,CT,C,21,85,24.71%,9.829E-8
d10,ref|NC_001148|,19930,C,CT,11,143,7.69%,3.9751E-4
d10,ref|NC_001148|,44428,G,GT,9,121,7.44%,1.6718E-3
d10,ref|NC_001148|,46594,AT,A,9,92,9.78%,1.5493E-3
d10,ref|NC_001148|,76354,CCT,C,5,94,5.32%,2.9538E-2
d10,ref|NC_001148|,85402,CA,C,10,106,9.43%,7.567E-4
d10,ref|NC_001148|,100218,A,T,6,98,6.12%,1.4442E-2
d10,ref|NC_001148|,104922,AT,A,9,124,7.26%,1.6762E-3
d10,ref|NC_001148|,132456,T,TA,10,88,11.36%,7.2689E-4
d10,ref|NC_001148|,138809,A,AT,7,125,5.6%,7.1513E-3
d10,ref|NC_001148|,141992,C,T,7,112,6.25%,7.087E-3
d10,ref|NC_001148|,144689,AGGAAACGTC,A,73,95,76.84%,3.769E-33
d10,ref|NC_001148|,146902,A,T,6,118,5.08%,1.464E-2
d10,ref|NC_001148|,153278,G,GA,11,125,8.8%,3.8002E-4
d10,ref|NC_001148|,162374,GTA,G,7,72,9.72%,6.6257E-3
d10,ref|NC_001148|,166006,GT,G,8,115,6.96%,3.4363E-3
d10,ref|NC_001148|,169530,AT,A,8,107,7.48%,3.397E-3
d10,ref|NC_001148|,181192,GT,G,7,76,9.21%,6.6083E-3
d10,ref|NC_001148|,188829,AT,A,6,94,6.38%,1.4324E-2
d10,ref|NC_001148|,191944,C,T,90,90,100%,1.0988E-53
d10,ref|NC_001148|,192966,CA,C,16,93,17.2%,5.9837E-6
d10,ref|NC_001148|,212823,GAT,G,5,78,6.41%,2.9174E-2
d10,ref|NC_001148|,212901,TA,T,16,68,23.53%,4.8192E-6
d10,ref|NC_001148|,215689,GA,G,6,96,6.25%,1.4324E-2
d10,ref|NC_001148|,244248,TTA,T,10,83,12.05%,7.1814E-4
d10,ref|NC_001148|,246835,GA,G,11,102,10.78%,3.5812E-4
d10,ref|NC_001148|,260986,C,CT,6,92,6.52%,1.4294E-2
d10,ref|NC_001148|,282651,CT,C,6,96,6.25%,1.4379E-2
d10,ref|NC_001148|,296837,C,CT,14,121,11.57%,3.8929E-5
d10,ref|NC_001148|,302892,CT,C,9,87,10.34%,1.5248E-3
d10,ref|NC_001148|,302994,G,GA,10,100,10%,7.5886E-4
d10,ref|NC_001148|,312942,GTA,G,11,63,17.46%,2.925E-4
d10,ref|NC_001148|,324387,G,T,6,106,5.66%,1.453E-2
d10,ref|NC_001148|,325872,A,T,5,92,5.43%,2.9557E-2
d10,ref|NC_001148|,326694,A,T,5,92,5.43%,2.9557E-2
d10,ref|NC_001148|,349054,TA,T,5,100,5%,2.9692E-2
d10,ref|NC_001148|,354069,C,T,8,63,12.7%,3.0837E-3
d10,ref|NC_001148|,359487,G,GT,10,76,13.16%,6.8782E-4
d10,ref|NC_001148|,369406,A,T,6,119,5.04%,1.4649E-2
d10,ref|NC_001148|,370796,C,CT,6,94,6.38%,1.4352E-2
d10,ref|NC_001148|,373417,A,AT,7,108,6.48%,7.0167E-3
d10,ref|NC_001148|,381848,GTA,G,18,89,20.22%,1.3771E-6
d10,ref|NC_001148|,383323,GA,G,6,77,7.79%,1.4064E-2
d10,ref|NC_001148|,394008,T,A,5,96,5.21%,2.9627E-2
d10,ref|NC_001148|,394585,C,T,6,115,5.22%,1.4615E-2
d10,ref|NC_001148|,404759,GT,G,20,93,21.74%,2.1616E-7
d10,ref|NC_001148|,412746,C,CA,5,100,5%,2.9676E-2
d10,ref|NC_001148|,425229,G,GA,12,112,10.71%,1.7068E-4
d10,ref|NC_001148|,427833,C,CA,9,98,9.18%,1.587E-3
d10,ref|NC_001148|,429750,G,GA,9,112,8.04%,1.642E-3
d10,ref|NC_001148|,435004,A,T,7,128,5.47%,7.1818E-3
d10,ref|NC_001148|,443923,T,C,6,109,5.5%,1.456E-2
d10,ref|NC_001148|,461309,A,G,5,87,5.75%,2.9459E-2
d10,ref|NC_001148|,462244,GA,G,15,89,16.85%,1.1029E-5
d10,ref|NC_001148|,467038,CT,C,5,85,5.88%,2.9351E-2
d10,ref|NC_001148|,475094,G,GA,10,119,8.4%,7.9624E-4
d10,ref|NC_001148|,481304,AT,A,89,114,78.07%,6.3337E-41
d10,ref|NC_001148|,482409,GA,G,6,114,5.26%,1.4606E-2
d10,ref|NC_001148|,482775,C,CT,5,91,5.49%,2.9459E-2
d10,ref|NC_001148|,488902,A,AT,7,116,6.03%,7.0996E-3
d10,ref|NC_001148|,489342,T,A,7,109,6.42%,7.074E-3
d10,ref|NC_001148|,491804,C,CT,7,102,6.86%,6.9498E-3
d10,ref|NC_001148|,502679,CA,C,10,74,14.08%,6.4469E-4
d10,ref|NC_001148|,503238,T,C,8,48,16.67%,2.8457E-3
d10,ref|NC_001148|,503385,GA,G,13,71,18.31%,4.9906E-5
d10,ref|NC_001148|,510515,C,A,5,95,5.26%,2.961E-2
d10,ref|NC_001148|,528959,CT,C,9,118,7.63%,1.6447E-3
d10,ref|NC_001148|,548972,A,G,6,100,6%,1.4465E-2
d10,ref|NC_001148|,558033,AT,A,10,85,11.76%,7.1196E-4
d10,ref|NC_001148|,569359,C,T,5,80,6.25%,2.9303E-2
d10,ref|NC_001148|,581338,G,GA,10,62,16.13%,5.6532E-4
d10,ref|NC_001148|,586599,G,GA,8,84,9.52%,3.2347E-3
d10,ref|NC_001148|,588390,C,T,102,102,100%,6.9709E-61
d10,ref|NC_001148|,589896,CT,C,10,98,10.2%,7.4023E-4
d10,ref|NC_001148|,591720,CAT,C,10,75,13.33%,6.9153E-4
d10,ref|NC_001148|,592129,GA,G,10,88,11.36%,7.324E-4
d10,ref|NC_001148|,593435,CT,C,7,119,5.88%,7.0996E-3
d10,ref|NC_001148|,595779,T,C,5,95,5.26%,2.961E-2
d10,ref|NC_001148|,600560,GA,G,8,107,7.48%,3.3722E-3
d10,ref|NC_001148|,607467,GA,G,9,111,8.11%,1.6306E-3
d10,ref|NC_001148|,607820,CT,C,6,75,8%,1.3976E-2
d10,ref|NC_001148|,607997,CT,C,13,108,12.04%,8.1207E-5
d10,ref|NC_001148|,613877,C,T,6,109,5.5%,1.456E-2
d10,ref|NC_001148|,615257,TA,T,16,86,18.6%,6.0706E-6
d10,ref|NC_001148|,615282,A,C,5,83,6.02%,2.9373E-2
d10,ref|NC_001148|,620255,CA,C,11,79,13.92%,3.2327E-4
d10,ref|NC_001148|,621903,CA,C,8,105,7.62%,3.3561E-3
d10,ref|NC_001148|,623198,G,GA,13,109,11.93%,8.2868E-5
d10,ref|NC_001148|,623381,GA,G,12,104,11.54%,1.7198E-4
d10,ref|NC_001148|,637259,C,G,10,66,15.15%,6.7609E-4
d10,ref|NC_001148|,643570,C,CT,5,95,5.26%,2.9538E-2
d10,ref|NC_001148|,643709,GA,G,8,94,8.51%,3.3331E-3
d10,ref|NC_001148|,643732,G,GA,7,106,6.6%,7.0167E-3
d10,ref|NC_001148|,646234,C,CT,13,129,10.08%,8.5266E-5
d10,ref|NC_001148|,648520,GA,G,9,101,8.91%,1.6118E-3
d10,ref|NC_001148|,648653,C,CA,11,89,12.36%,3.5014E-4
d10,ref|NC_001148|,650390,G,GA,6,83,7.23%,1.4104E-2
d10,ref|NC_001148|,654034,C,A,5,81,6.17%,2.9327E-2
d10,ref|NC_001148|,655079,G,GA,12,81,14.81%,1.3842E-4
d10,ref|NC_001148|,657438,G,GA,8,127,6.3%,3.4769E-3
d10,ref|NC_001148|,667520,T,G,93,93,100%,1.7451E-55
d10,ref|NC_001148|,675808,G,GA,9,108,8.33%,1.6085E-3
d10,ref|NC_001148|,677102,A,G,86,86,100%,2.7498E-51
d10,ref|NC_001148|,679448,GT,G,6,100,6%,1.443E-2
d10,ref|NC_001148|,695616,T,TA,13,87,14.94%,7.2404E-5
d10,ref|NC_001148|,698526,GA,G,18,100,18%,1.5193E-6
d10,ref|NC_001148|,700420,AT,A,29,149,19.46%,4.0247E-10
d10,ref|NC_001148|,753245,G,GC,8,74,10.81%,3.1718E-3
d10,ref|NC_001148|,759400,T,G,87,87,100%,6.9142E-52
d10,ref|NC_001148|,767576,AT,A,12,112,10.71%,1.7893E-4
d10,ref|NC_001148|,802209,GA,G,7,122,5.74%,7.1118E-3
d10,ref|NC_001148|,812491,TA,T,6,111,5.41%,1.457E-2
d10,ref|NC_001148|,829699,CT,C,5,89,5.62%,2.9417E-2
d10,ref|NC_001148|,833758,T,G,5,100,5%,2.9692E-2
d10,ref|NC_001148|,837643,AT,A,10,116,8.62%,7.8361E-4
d10,ref|NC_001148|,840627,AT,A,19,66,28.79%,1.9354E-7
d10,ref|NC_001148|,852115,T,A,5,27,18.52%,2.5527E-2
d10,ref|NC_001148|,857189,G,GT,14,96,14.58%,3.4351E-5
d10,ref|NC_001148|,868371,AT,A,13,119,10.92%,8.2868E-5
d10,ref|NC_001148|,876243,CTA,C,12,92,13.04%,1.634E-4
d10,ref|NC_001148|,878701,C,CA,7,114,6.14%,7.0805E-3
d10,ref|NC_001148|,886454,GT,G,13,103,12.62%,7.6161E-5
d10,ref|NC_001148|,887933,AT,A,15,117,12.82%,1.7925E-5
d10,ref|NC_001148|,890346,T,A,102,102,100%,6.9709E-61
d10,ref|NC_001148|,897094,CAAT,C,9,104,8.65%,1.6215E-3
d10,ref|NC_001148|,909717,TA,T,9,136,6.62%,1.6867E-3
d10,ref|NC_001148|,920633,A,G,5,85,5.88%,2.9417E-2
d10,ref|NC_001148|,939183,GA,G,11,132,8.33%,3.842E-4
d10,ref|NC_001148|,946083,C,T,5,82,6.1%,2.9351E-2
d10,ref|NC_001224|,20345,GA,G,3496,3637,96.15%,0E0
d10,ref|NC_001224|,20934,T,G,4228,4230,99.95%,0E0
d10,ref|NC_001224|,33467,T,C,1919,1919,100%,0E0
d10,ref|NC_001224|,33618,T,TTC,912,1101,82.83%,0E0
d10,ref|NC_001224|,33779,AC,A,1164,1346,86.48%,0E0
d10,ref|NC_001224|,39517,G,T,3755,3756,99.97%,0E0
d10,ref|NC_001224|,43084,A,AT,2756,3049,90.39%,0E0
d10,ref|NC_001224|,44795,A,AT,2549,2864,89%,0E0
d10,ref|NC_001224|,49500,A,T,1486,1487,99.93%,0E0
d10,ref|NC_001224|,50784,G,GC,80,1418,5.65%,1.0559E-23
d10,ref|NC_001224|,55436,GC,G,1478,1565,94.5%,0E0
d10,ref|NC_001224|,62646,AAT,A,57,927,6.15%,2.8066E-18
d10,ref|NC_001224|,63656,CG,C,164,2229,7.36%,5.9159E-48
d10,ref|NC_001224|,65917,C,CG,89,1582,5.63%,2.0654E-26
d10,ref|NC_001224|,73114,AG,A,1194,1290,92.56%,0E0
d10,ref|NC_001224|,73136,TC,T,1208,1260,95.87%,0E0
d10,ref|NC_001224|,73518,AT,A,174,2305,7.55%,4.6485E-51
d10,ref|NC_001224|,82253,T,TA,1702,1963,86.7%,0E0
d10,ref|NC_001224|,84255,CG,C,76,1306,5.82%,1.6229E-22
d1,ref|NC_001133|,5068,A,AT,10,118,8.47%,7.9324E-4
d1,ref|NC_001133|,6736,C,CA,29,97,29.9%,2.2597E-11
d1,ref|NC_001133|,12529,A,G,12,115,10.43%,1.8047E-4
d1,ref|NC_001133|,12566,C,T,17,126,13.49%,4.2804E-6
d1,ref|NC_001133|,12570,C,T,18,132,13.64%,2.0496E-6
d1,ref|NC_001133|,12594,A,T,25,176,14.2%,1.1914E-8
d1,ref|NC_001133|,12620,T,C,49,214,22.9%,7.9442E-17
d1,ref|NC_001133|,12662,T,C,24,247,9.72%,3.3145E-8
d1,ref|NC_001133|,12666,T,C,24,250,9.6%,3.3391E-8
d1,ref|NC_001133|,12668,T,C,84,242,34.71%,8.0438E-30
d1,ref|NC_001133|,12690,A,T,120,214,56.07%,3.0629E-47
d1,ref|NC_001133|,12716,C,T,62,228,27.19%,1.7615E-21
d1,ref|NC_001133|,12758,T,C,10,165,6.06%,8.4862E-4
d1,ref|NC_001133|,12762,T,C,12,169,7.1%,1.9945E-4
d1,ref|NC_001133|,12764,T,C,14,166,8.43%,4.5863E-5
d1,ref|NC_001133|,16863,GT,G,13,103,12.62%,7.4354E-5
d1,ref|NC_001133|,20012,TAG,T,6,107,5.61%,1.454E-2
d1,ref|NC_001133|,23239,CT,C,12,102,11.76%,1.6419E-4
d1,ref|NC_001133|,23712,C,CA,17,54,31.48%,1.4808E-6
d1,ref|NC_001133|,25340,C,A,72,72,100%,6.7558E-43
d1,ref|NC_001133|,25488,G,A,10,10,100%,5.4125E-6
d1,ref|NC_001133|,25872,G,C,29,29,100%,3.3259E-17
d1,ref|NC_001133|,26183,C,G,5,20,25%,2.3562E-2
d1,ref|NC_001133|,26193,T,C,19,37,51.35%,8.2514E-8
d1,ref|NC_001133|,26196,G,A,15,42,35.71%,6.6622E-6
d1,ref|NC_001133|,26238,T,C,6,120,5%,1.4657E-2
d1,ref|NC_001133|,26331,G,A,40,182,21.98%,8.1714E-14
d1,ref|NC_001133|,26373,C,T,31,98,31.63%,2.7597E-11
d1,ref|NC_001133|,26391,A,G,18,62,29.03%,9.0099E-7
d1,ref|NC_001133|,26412,G,C,28,28,100%,1.3074E-16
d1,ref|NC_001133|,27105,A,G,15,15,100%,6.4467E-9
d1,ref|NC_001133|,27126,T,C,51,51,100%,2.5024E-30
d1,ref|NC_001133|,27129,C,G,51,51,100%,2.5024E-30
d1,ref|NC_001133|,29283,CT,C,7,113,6.19%,7.0535E-3
d1,ref|NC_001133|,31122,CAT,C,12,64,18.75%,1.2122E-4
d1,ref|NC_001133|,31504,CAT,C,6,81,7.41%,1.4142E-2
d1,ref|NC_001133|,35113,G,GA,22,145,15.17%,8.1069E-8
d1,ref|NC_001133|,36421,AT,A,6,106,5.66%,1.452E-2
d1,ref|NC_001133|,42085,GA,G,9,99,9.09%,1.5981E-3
d1,ref|NC_001133|,42838,G,GA,5,97,5.15%,2.9592E-2
d1,ref|NC_001133|,45263,CT,C,10,102,9.8%,7.7103E-4
d1,ref|NC_001133|,45359,AG,A,15,115,13.04%,1.8115E-5
d1,ref|NC_001133|,45534,T,A,5,98,5.1%,2.966E-2
d1,ref|NC_001133|,45634,CT,C,10,77,12.99%,6.8782E-4
d1,ref|NC_001133|,48192,C,T,6,98,6.12%,1.4442E-2
d1,ref|NC_001133|,65614,A,AT,15,111,13.51%,1.7102E-5
d1,ref|NC_001133|,68128,C,CT,11,122,9.02%,3.7826E-4
d1,ref|NC_001133|,69828,C,CT,10,102,9.8%,7.567E-4
d1,ref|NC_001133|,70906,GA,G,23,84,27.38%,1.0144E-8
d1,ref|NC_001133|,70937,A,C,6,73,8.22%,1.4042E-2
d1,ref|NC_001133|,71116,G,GA,8,112,7.14%,3.4196E-3
d1,ref|NC_001133|,71530,TA,T,8,112,7.14%,3.397E-3
d1,ref|NC_001133|,74999,A,AT,14,104,13.46%,3.5995E-5
d1,ref|NC_001133|,77069,G,A,7,77,9.09%,6.7755E-3
d1,ref|NC_001133|,84701,CT,C,7,88,7.95%,6.8485E-3
d1,ref|NC_001133|,92602,CT,C,11,127,8.66%,3.8655E-4
d1,ref|NC_001133|,100007,AT,A,8,96,8.33%,3.3208E-3
d1,ref|NC_001133|,101281,C,CA,11,46,23.91%,1.8019E-4
d1,ref|NC_001133|,101450,T,TA,8,50,16%,2.8457E-3
d1,ref|NC_001133|,126880,C,CTT,34,75,45.33%,2.1709E-15
d1,ref|NC_001133|,128103,AT,A,15,90,16.67%,1.4512E-5
d1,ref|NC_001133|,141135,A,T,91,91,100%,2.7621E-54
d1,ref|NC_001133|,142298,C,CT,8,111,7.21%,3.3824E-3
d1,ref|NC_001133|,143575,G,GA,8,116,6.9%,3.4281E-3
d1,ref|NC_001133|,152083,A,T,6,100,6%,1.4465E-2
d1,ref|NC_001133|,152105,CT,C,17,104,16.35%,3.2473E-6
d1,ref|NC_001133|,154817,G,GT,10,96,10.42%,7.5448E-4
d1,ref|NC_001133|,163927,G,T,5,52,9.62%,2.8261E-2
d1,ref|NC_001133|,171866,TA,T,8,98,8.16%,3.339E-3
d1,ref|NC_001133|,176580,CT,C,5,88,5.68%,2.9396E-2
d1,ref|NC_001133|,179225,C,CA,5,91,5.49%,2.9459E-2
d1,ref|NC_001133|,183387,AC,A,114,116,98.28%,1.9114E-65
d1,ref|NC_001133|,183620,G,GA,12,124,9.68%,1.8287E-4
d1,ref|NC_001133|,188824,A,G,11,137,8.03%,3.9628E-4
d1,ref|NC_001133|,188881,G,C,30,150,20%,1.8591E-10
d1,ref|NC_001133|,188939,A,G,39,169,23.08%,1.5218E-13
d1,ref|NC_001133|,192551,C,CA,10,116,8.62%,7.8017E-4
d1,ref|NC_001133|,193631,A,T,98,98,100%,1.7493E-58
d1,ref|NC_001133|,193984,GATA,G,7,90,7.78%,6.9217E-3
d1,ref|NC_001133|,196460,CA,C,11,122,9.02%,3.7915E-4
d1,ref|NC_001133|,199811,T,G,104,104,100%,4.3992E-62
d1,ref|NC_001133|,199908,CT,C,16,96,16.67%,6.64E-6
d1,ref|NC_001133|,205403,A,G,6,11,54.55%,6.192E-3
d1,ref|NC_001133|,206126,T,C,27,27,100%,5.1363E-16
d1,ref|NC_001133|,206129,A,C,27,27,100%,5.1363E-16
d1,ref|NC_001133|,206132,G,T,27,27,100%,5.1363E-16
d1,ref|NC_001133|,206144,C,T,31,31,100%,2.1486E-18
d1,ref|NC_001133|,206177,G,C,37,37,100%,5.7269E-22
d1,ref|NC_001133|,206178,C,A,37,37,100%,5.7269E-22
d1,ref|NC_001133|,206179,A,C,37,37,100%,5.7269E-22
d1,ref|NC_001133|,208278,A,AT,10,84,11.9%,7.1814E-4
d1,ref|NC_001133|,208753,C,CA,7,124,5.65%,7.1293E-3
d1,ref|NC_001133|,210818,A,T,133,133,100%,1.7256E-79
d1,ref|NC_001133|,211019,T,C,98,98,100%,1.7493E-58
d1,ref|NC_001133|,225080,TA,T,15,58,25.86%,9.1412E-6
d1,ref|NC_001133|,225098,A,G,7,49,14.29%,6.2092E-3
d1,ref|NC_001133|,226914,AT,A,22,121,18.18%,6.1288E-8
d1,ref|NC_001134|,1187,C,T,25,132,18.94%,8.4976E-9
d1,ref|NC_001134|,1254,T,C,13,115,11.3%,8.5266E-5
d1,ref|NC_001134|,1372,G,C,19,152,12.5%,1.0474E-6
d1,ref|NC_001134|,1596,C,T,8,136,5.88%,3.5138E-3
d1,ref|NC_001134|,1606,G,A,7,132,5.3%,7.2006E-3
d1,ref|NC_001134|,5983,C,G,116,117,99.15%,2.7689E-69
d1,ref|NC_001134|,6440,G,C,117,117,100%,6.952E-70
d1,ref|NC_001134|,7510,G,A,93,93,100%,1.7451E-55
d1,ref|NC_001134|,7511,G,A,92,92,100%,6.9429E-55
d1,ref|NC_001134|,7912,GA,G,119,129,92.25%,2.3175E-62
d1,ref|NC_001134|,9022,G,GA,30,107,28.04%,2.7365E-11
d1,ref|NC_001134|,15101,T,G,157,157,100%,6.6597E-94
d1,ref|NC_001134|,15510,G,T,165,165,100%,1.0417E-98
d1,ref|NC_001134|,15518,A,G,168,168,100%,1.6424E-100
d1,ref|NC_001134|,16380,C,T,152,152,100%,6.7102E-91
d1,ref|NC_001134|,16392,A,G,158,158,100%,1.6702E-94
d1,ref|NC_001134|,24053,G,GT,15,86,17.44%,1.4959E-5
d1,ref|NC_001134|,30012,C,T,115,115,100%,1.1028E-68
d1,ref|NC_001134|,30050,A,G,111,111,100%,2.7737E-66
d1,ref|NC_001134|,30210,T,C,50,50,100%,9.9117E-30
d1,ref|NC_001134|,30723,G,A,24,24,100%,3.101E-14
d1,ref|NC_001134|,30848,C,G,45,45,100%,9.6314E-27
d1,ref|NC_001134|,34298,G,A,88,88,100%,1.7384E-52
d1,ref|NC_001134|,34565,T,C,18,96,18.75%,1.585E-6
d1,ref|NC_001134|,35485,C,T,99,99,100%,4.3954E-59
d1,ref|NC_001134|,38757,T,TA,8,124,6.45%,3.4519E-3
d1,ref|NC_001134|,38968,G,GT,7,134,5.22%,7.1913E-3
d1,ref|NC_001134|,40590,CAT,C,11,92,11.96%,3.4872E-4
d1,ref|NC_001134|,43104,CT,C,6,80,7.5%,1.3952E-2
d1,ref|NC_001134|,45219,C,CT,8,135,5.93%,3.4899E-3
d1,ref|NC_001134|,45241,G,GA,12,129,9.3%,1.8287E-4
d1,ref|NC_001134|,45956,A,AT,15,118,12.71%,1.7925E-5
d1,ref|NC_001134|,51505,C,T,71,127,55.91%,3.9052E-28
d1,ref|NC_001134|,59755,T,C,113,113,100%,1.7491E-67
d1,ref|NC_001134|,62776,GA,G,12,102,11.76%,1.6793E-4
d1,ref|NC_001134|,68282,GTTA,G,8,96,8.33%,3.308E-3
d1,ref|NC_001134|,69628,CA,C,14,132,10.61%,4.2186E-5
d1,ref|NC_001134|,71825,CT,C,8,125,6.4%,3.4594E-3
d1,ref|NC_001134|,84398,CA,C,20,143,13.99%,4.3808E-7
d1,ref|NC_001134|,88125,C,CT,18,147,12.24%,2.1097E-6
d1,ref|NC_001134|,88484,GGAGAA,G,111,126,88.1%,1.6839E-55
d1,ref|NC_001134|,96034,G,GA,9,120,7.5%,1.6576E-3
d1,ref|NC_001134|,115437,GA,G,20,117,17.09%,3.0803E-7
d1,ref|NC_001134|,122429,GA,G,12,154,7.79%,1.9161E-4
d1,ref|NC_001134|,122587,A,AT,12,96,12.5%,1.6259E-4
d1,ref|NC_001134|,126565,CT,C,9,156,5.77%,1.7262E-3
d1,ref|NC_001134|,127636,CT,C,13,102,12.75%,7.5275E-5
d1,ref|NC_001134|,133870,CAT,C,17,117,14.53%,3.9078E-6
d1,ref|NC_001134|,137659,T,TA,12,50,24%,8.4418E-5
d1,ref|NC_001134|,138011,C,CT,8,117,6.84%,3.4323E-3
d1,ref|NC_001134|,138274,AT,A,13,102,12.75%,7.5275E-5
d1,ref|NC_001134|,142103,GT,G,8,131,6.11%,3.4868E-3
d1,ref|NC_001134|,143864,G,GA,10,119,8.4%,7.8693E-4
d1,ref|NC_001134|,145899,GA,G,13,92,14.13%,7.0291E-5
d1,ref|NC_001134|,151274,GT,G,12,142,8.45%,1.8911E-4
d1,ref|NC_001134|,153609,AT,A,7,102,6.86%,6.9498E-3
d1,ref|NC_001134|,162819,A,AT,11,152,7.24%,4.0047E-4
d1,ref|NC_001134|,165010,CT,C,10,118,8.47%,7.8361E-4
d1,ref|NC_001134|,165902,C,CT,16,82,19.51%,3.7826E-6
d1,ref|NC_001134|,167275,C,CA,11,140,7.86%,3.9302E-4
d1,ref|NC_001134|,167978,C,CA,40,79,50.63%,9.8368E-17
d1,ref|NC_001134|,174714,AT,A,17,118,14.41%,3.6323E-6
d1,ref|NC_001134|,192232,C,CT,9,120,7.5%,1.6392E-3
d1,ref|NC_001134|,193715,G,GA,6,107,5.61%,1.4488E-2
d1,ref|NC_001134|,196362,G,GA,11,94,11.7%,3.5685E-4
d1,ref|NC_001134|,198693,G,T,11,127,8.66%,3.8953E-4
d1,ref|NC_001134|,198695,T,A,7,128,5.47%,7.1818E-3
d1,ref|NC_001134|,198712,T,A,9,132,6.82%,1.6964E-3
d1,ref|NC_001134|,207021,GT,G,18,102,17.65%,1.414E-6
d1,ref|NC_001134|,221288,AGT,A,88,96,91.67%,7.1355E-46
d1,ref|NC_001134|,224654,C,T,18,105,17.14%,1.7211E-6
d1,ref|NC_001134|,242639,A,AT,13,127,10.24%,8.6623E-5
d1,ref|NC_001134|,251593,CT,C,23,131,17.56%,3.127E-8
d1,ref|NC_001134|,259764,C,T,76,76,100%,2.711E-45
d1,ref|NC_001134|,263144,GC,G,41,41,100%,2.3541E-24
d1,ref|NC_001134|,263153,C,T,44,44,100%,3.8097E-26
d1,ref|NC_001134|,263158,CG,C,46,50,92%,3.1346E-24
d1,ref|NC_001134|,263168,CG,C,60,60,100%,1.035E-35
d1,ref|NC_001134|,265382,G,T,73,73,100%,1.7006E-43
d1,ref|NC_001134|,270660,G,GA,14,105,13.33%,3.6849E-5
d1,ref|NC_001134|,270857,C,CT,12,114,10.53%,1.7893E-4
d1,ref|NC_001134|,274224,CT,C,16,101,15.84%,7.3492E-6
d1,ref|NC_001134|,274312,AAT,A,9,104,8.65%,1.6276E-3
d1,ref|NC_001134|,292118,G,GA,8,120,6.67%,3.4557E-3
d1,ref|NC_001134|,294163,T,TA,8,104,7.69%,3.3561E-3
d1,ref|NC_001134|,296125,AT,A,26,87,29.89%,5.295E-10
d1,ref|NC_001134|,300033,GA,G,15,95,15.79%,1.4357E-5
d1,ref|NC_001134|,307654,AT,A,16,143,11.19%,9.4116E-6
d1,ref|NC_001134|,310448,C,CT,7,110,6.36%,7.0672E-3
d1,ref|NC_001134|,316949,CA,C,19,92,20.88%,3.74E-7
d1,ref|NC_001134|,320222,G,C,19,125,15.2%,9.1053E-7
d1,ref|NC_001134|,320223,T,C,20,133,15.04%,4.4086E-7
d1,ref|NC_001134|,342440,G,GA,6,112,5.36%,1.456E-2
d1,ref|NC_001134|,352950,GCC,G,5,100,5%,2.9692E-2
d1,ref|NC_001134|,369788,CT,C,8,102,7.84%,3.3616E-3
d1,ref|NC_001134|,383052,TA,T,5,89,5.62%,2.9396E-2
d1,ref|NC_001134|,383176,C,CG,113,119,94.96%,2.0554E-61
d1,ref|NC_001134|,386207,CA,C,20,119,16.81%,2.9108E-7
d1,ref|NC_001134|,389421,GCT,G,99,119,83.19%,3.1068E-47
d1,ref|NC_001134|,392511,CA,C,7,116,6.03%,7.1118E-3
d1,ref|NC_001134|,395042,G,GA,14,150,9.33%,4.3913E-5
d1,ref|NC_001134|,406430,GA,G,15,132,11.36%,1.8568E-5
d1,ref|NC_001134|,415764,C,CT,13,89,14.61%,6.7998E-5
d1,ref|NC_001134|,426983,TA,T,8,125,6.4%,3.47E-3
d1,ref|NC_001134|,429267,A,AT,14,139,10.07%,4.2559E-5
d1,ref|NC_001134|,434300,CA,C,20,171,11.76%,5.0654E-7
d1,ref|NC_001134|,441721,TG,T,7,115,6.09%,7.1118E-3
d1,ref|NC_001134|,452274,GA,G,6,99,6.06%,1.4417E-2
d1,ref|NC_001134|,452435,CT,C,22,95,23.16%,4.028E-8
d1,ref|NC_001134|,477089,GTA,G,17,83,20.48%,2.8308E-6
d1,ref|NC_001134|,477508,AT,A,9,136,6.62%,1.6983E-3
d1,ref|NC_001134|,479272,CA,C,19,141,13.48%,8.7437E-7
d1,ref|NC_001134|,479796,C,CA,6,102,5.88%,1.4454E-2
d1,ref|NC_001134|,485927,GT,G,12,110,10.91%,1.7198E-4
d1,ref|NC_001134|,487048,TA,T,9,119,7.56%,1.6526E-3
d1,ref|NC_001134|,491090,CT,C,14,159,8.81%,4.4421E-5
d1,ref|NC_001134|,492950,GA,G,13,98,13.27%,6.6777E-5
d1,ref|NC_001134|,499336,GA,G,7,133,5.26%,7.1866E-3
d1,ref|NC_001134|,499536,CA,C,28,126,22.22%,3.4937E-10
d1,ref|NC_001134|,504355,CCA,C,5,97,5.15%,2.9627E-2
d1,ref|NC_001134|,505412,CA,C,11,125,8.8%,3.7643E-4
d1,ref|NC_001134|,526831,G,GA,13,127,10.24%,8.5821E-5
d1,ref|NC_001134|,537159,TA,T,8,142,5.63%,3.5194E-3
d1,ref|NC_001134|,539226,G,GA,15,121,12.4%,1.7925E-5
d1,ref|NC_001134|,541608,TTTA,T,5,84,5.95%,2.9373E-2
d1,ref|NC_001134|,556210,GAT,G,8,114,7.02%,3.4239E-3
d1,ref|NC_001134|,559762,CAT,C,16,80,20%,6.156E-6
d1,ref|NC_001134|,561222,GA,G,13,83,15.66%,5.092E-5
d1,ref|NC_001134|,563031,G,GT,21,127,16.54%,1.3772E-7
d1,ref|NC_001134|,571328,C,CA,23,119,19.33%,2.6203E-8
d1,ref|NC_001134|,576030,TA,T,9,86,10.47%,1.4972E-3
d1,ref|NC_001134|,581558,A,AT,13,131,9.92%,8.6623E-5
d1,ref|NC_001134|,583485,AT,A,11,137,8.03%,3.9564E-4
d1,ref|NC_001134|,603601,C,CT,8,134,5.97%,3.5022E-3
d1,ref|NC_001134|,604913,CT,C,7,138,5.07%,7.1913E-3
d1,ref|NC_001134|,628558,G,GT,19,74,25.68%,4.1996E-7
d1,ref|NC_001134|,637888,T,C,6,119,5.04%,1.4649E-2
d1,ref|NC_001134|,642993,C,CA,6,115,5.22%,1.4597E-2
d1,ref|NC_001134|,646111,CAT,C,12,73,16.44%,1.4106E-4
d1,ref|NC_001134|,674364,A,AT,6,105,5.71%,1.452E-2
d1,ref|NC_001134|,680339,T,TA,8,131,6.11%,3.4769E-3
d1,ref|NC_001134|,681991,C,CA,11,148,7.43%,3.9812E-4
d1,ref|NC_001134|,684840,A,AT,10,135,7.41%,8.1236E-4
d1,ref|NC_001134|,694611,TA,T,9,112,8.04%,1.6245E-3
d1,ref|NC_001134|,698075,G,GA,29,108,26.85%,7.5071E-11
d1,ref|NC_001134|,700169,A,AT,16,110,14.55%,7.4782E-6
d1,ref|NC_001134|,700322,AT,A,6,92,6.52%,1.4365E-2
d1,ref|NC_001134|,700448,C,CT,9,155,5.81%,1.7262E-3
d1,ref|NC_001134|,702006,CAT,C,5,21,23.81%,2.3166E-2
d1,ref|NC_001134|,704438,TA,T,12,99,12.12%,1.6008E-4
d1,ref|NC_001134|,711386,A,AT,8,141,5.67%,3.5081E-3
d1,ref|NC_001134|,714609,TA,T,10,149,6.71%,8.2687E-4
d1,ref|NC_001134|,720641,CT,C,12,138,8.7%,1.8985E-4
d1,ref|NC_001134|,721265,GA,G,17,122,13.93%,3.747E-6
d1,ref|NC_001134|,723663,C,CA,67,99,67.68%,2.0853E-29
d1,ref|NC_001134|,732523,A,AT,6,116,5.17%,1.4606E-2
d1,ref|NC_001134|,737792,CT,C,8,119,6.72%,3.4594E-3
d1,ref|NC_001134|,738469,C,CA,11,141,7.8%,3.9751E-4
d1,ref|NC_001134|,744718,G,GT,12,131,9.16%,1.8677E-4
d1,ref|NC_001134|,746362,CATCTGCA,C,128,155,82.58%,1.3436E-60
d1,ref|NC_001134|,751216,CA,C,15,145,10.34%,1.9608E-5
d1,ref|NC_001134|,757162,AAT,A,13,141,9.22%,9.0986E-5
d1,ref|NC_001134|,767793,GA,G,9,111,8.11%,1.6245E-3
d1,ref|NC_001134|,770518,GA,G,7,140,5%,7.2096E-3
d1,ref|NC_001134|,773703,C,CA,7,132,5.3%,7.1719E-3
d1,ref|NC_001134|,773801,A,AT,7,115,6.09%,7.0934E-3
d1,ref|NC_001134|,774669,C,CA,15,103,14.56%,1.5244E-5
d1,ref|NC_001134|,777906,AT,A,15,138,10.87%,1.9534E-5
d1,ref|NC_001134|,784713,CT,C,20,96,20.83%,2.9965E-7
d1,ref|NC_001134|,784824,G,GA,8,119,6.72%,3.4153E-3
d1,ref|NC_001134|,796545,C,CT,11,137,8.03%,3.9234E-4
d1,ref|NC_001134|,809468,GA,G,13,103,12.62%,7.7431E-5
d1,ref|NC_001134|,809484,CT,C,7,103,6.8%,6.9675E-3
d1,ref|NC_001134|,809794,AT,A,34,93,36.56%,1.3489E-13
d1,ref|NC_001135|,89,AC,A,7,29,24.14%,5.1909E-3
d1,ref|NC_001135|,102,CA,C,5,40,12.5%,2.7371E-2
d1,ref|NC_001135|,110,CCA,C,7,46,15.22%,5.9136E-3
d1,ref|NC_001135|,129,A,AC,7,26,28%,4.5803E-3
d1,ref|NC_001135|,133,AC,A,6,30,20.69%,1.1736E-2
d1,ref|NC_001135|,184,A,AC,11,57,19.3%,2.8674E-4
d1,ref|NC_001135|,225,AC,A,10,83,12.35%,7.2112E-4
d1,ref|NC_001135|,233,C,A,13,49,27.08%,4.5578E-5
d1,ref|NC_001135|,253,CCA,C,8,68,11.76%,3.1302E-3
d1,ref|NC_001135|,267,CCCACACACACCCACA,C,6,51,11.76%,1.3375E-2
d1,ref|NC_001135|,272,A,AC,6,35,17.65%,1.1977E-2
d1,ref|NC_001135|,308,AC,A,9,68,13.24%,1.4724E-3
d1,ref|NC_001135|,8353,CT,C,18,156,11.54%,2.0701E-6
d1,ref|NC_001135|,8575,CA,C,25,106,23.58%,4.0783E-9
d1,ref|NC_001135|,9181,AT,A,10,103,9.71%,7.5448E-4
d1,ref|NC_001135|,12333,A,AAT,6,91,6.59%,1.4338E-2
d1,ref|NC_001135|,27658,T,TA,21,111,18.92%,9.829E-8
d1,ref|NC_001135|,42005,CA,C,21,114,18.42%,1.1207E-7
d1,ref|NC_001135|,44541,GA,G,32,132,24.24%,9.975E-12
d1,ref|NC_001135|,50320,AAT,A,18,99,18.18%,1.5023E-6
d1,ref|NC_001135|,50587,GA,G,10,123,8.13%,8.0467E-4
d1,ref|NC_001135|,57055,T,TA,7,86,8.14%,6.7884E-3
d1,ref|NC_001135|,57071,C,CA,7,95,7.45%,6.8706E-3
d1,ref|NC_001135|,57221,CA,C,9,75,12%,1.4519E-3
d1,ref|NC_001135|,62748,CAT,C,24,158,15.19%,2.162E-8
d1,ref|NC_001135|,78480,C,CT,13,147,8.84%,9.1579E-5
d1,ref|NC_001135|,83035,CAAGT,C,5,89,5.62%,2.95E-2
d1,ref|NC_001135|,83054,T,C,5,94,5.32%,2.9538E-2
d1,ref|NC_001135|,83080,G,A,8,94,8.51%,3.3448E-3
d1,ref|NC_001135|,84421,G,A,100,100,100%,1.1044E-59
d1,ref|NC_001135|,91287,AAT,A,7,129,5.43%,7.1719E-3
d1,ref|NC_001135|,92744,TA,T,13,154,8.44%,9.2336E-5
d1,ref|NC_001135|,99797,G,A,47,125,37.6%,3.3428E-17
d1,ref|NC_001135|,101876,CT,C,22,151,14.57%,8.4286E-8
d1,ref|NC_001135|,107899,GA,G,28,168,16.67%,9.0924E-10
d1,ref|NC_001135|,108894,CAT,C,12,167,7.19%,1.9765E-4
d1,ref|NC_001135|,127804,CT,C,10,111,9.01%,7.8528E-4
d1,ref|NC_001135|,128128,AT,A,8,128,6.25%,3.4802E-3
d1,ref|NC_001135|,142665,G,GA,25,163,15.34%,9.8563E-9
d1,ref|NC_001135|,143131,T,C,147,147,100%,6.7575E-88
d1,ref|NC_001135|,152913,A,G,7,137,5.11%,7.2226E-3
d1,ref|NC_001135|,155207,GA,G,18,155,11.61%,2.2015E-6
d1,ref|NC_001135|,162361,T,C,128,128,100%,1.7335E-76
d1,ref|NC_001135|,162396,G,C,144,144,100%,4.2805E-86
d1,ref|NC_001135|,162640,T,G,149,149,100%,4.252E-89
d1,ref|NC_001135|,162694,G,A,138,138,100%,1.7164E-82
d1,ref|NC_001135|,162712,TA,T,118,139,84.89%,1.4889E-58
d1,ref|NC_001135|,163059,T,C,144,144,100%,4.2805E-86
d1,ref|NC_001135|,163163,G,GA,114,144,79.17%,2.4888E-54
d1,ref|NC_001135|,163192,A,AT,136,140,97.14%,1.8562E-76
d1,ref|NC_001135|,163395,G,GA,14,165,8.48%,4.5264E-5
d1,ref|NC_001135|,167770,A,G,6,117,5.13%,1.4632E-2
d1,ref|NC_001135|,199081,G,A,90,90,100%,1.0988E-53
d1,ref|NC_001135|,199495,AAT,A,13,225,5.78%,1.0213E-4
d1,ref|NC_001135|,205674,CT,C,11,130,8.46%,3.8002E-4
d1,ref|NC_001135|,209788,C,CA,19,153,12.42%,9.2773E-7
d1,ref|NC_001135|,211722,GA,G,16,155,10.32%,9.484E-6
d1,ref|NC_001135|,220216,A,AT,11,181,6.08%,4.1149E-4
d1,ref|NC_001135|,223344,C,CT,19,187,10.16%,1.1454E-6
d1,ref|NC_001135|,224251,C,CT,9,149,6.04%,1.7171E-3
d1,ref|NC_001135|,224296,CTA,C,7,132,5.3%,7.2006E-3
d1,ref|NC_001135|,224773,TTA,T,12,130,9.23%,1.8193E-4
d1,ref|NC_001135|,227483,CT,C,9,169,5.33%,1.7425E-3
d1,ref|NC_001135|,228964,GT,G,15,114,13.16%,1.8115E-5
d1,ref|NC_001135|,229272,C,CA,16,164,9.76%,1.0035E-5
d1,ref|NC_001135|,231005,CT,C,22,148,14.86%,7.3413E-8
d1,ref|NC_001135|,234893,AAAG,A,9,163,5.52%,1.7399E-3
d1,ref|NC_001135|,236804,CT,C,17,161,10.56%,4.6556E-6
d1,ref|NC_001135|,242447,AT,A,25,134,18.66%,6.5998E-9
d1,ref|NC_001135|,247980,GTA,G,25,114,21.93%,5.6783E-9
d1,ref|NC_001135|,259986,G,GT,17,104,16.35%,3.3161E-6
d1,ref|NC_001135|,260025,GTA,G,12,104,11.54%,1.7001E-4
d1,ref|NC_001135|,273025,GA,G,32,128,25%,1.079E-11
d1,ref|NC_001135|,289715,AT,A,7,131,5.34%,7.1769E-3
d1,ref|NC_001135|,292572,AAT,A,15,113,13.27%,1.7827E-5
d1,ref|NC_001135|,293126,AAT,A,14,100,14%,3.7255E-5
d1,ref|NC_001135|,304284,TA,T,9,151,5.96%,1.6983E-3
d1,ref|NC_001135|,308240,C,CT,15,170,8.82%,2.149E-5
d1,ref|NC_001135|,313479,TA,T,18,136,13.24%,1.9283E-6
d1,ref|NC_001135|,315517,CTA,C,18,79,22.78%,9.974E-7
d1,ref|NC_001136|,81,CA,C,12,15,80%,5.2605E-6
d1,ref|NC_001136|,4721,C,CT,6,103,5.83%,1.4454E-2
d1,ref|NC_001136|,7721,C,CA,82,83,98.8%,1.4523E-47
d1,ref|NC_001136|,13937,G,A,45,94,47.87%,2.5559E-17
d1,ref|NC_001136|,26389,TA,T,6,102,5.88%,1.4405E-2
d1,ref|NC_001136|,27742,A,G,9,73,12.33%,1.503E-3
d1,ref|NC_001136|,27743,C,G,12,74,16.22%,1.5045E-4
d1,ref|NC_001136|,27747,A,G,11,78,14.1%,3.3447E-4
d1,ref|NC_001136|,33328,CAT,C,9,133,6.77%,1.6964E-3
d1,ref|NC_001136|,43856,CT,C,12,95,12.63%,1.6259E-4
d1,ref|NC_001136|,43887,GA,G,8,103,7.77%,3.3208E-3
d1,ref|NC_001136|,50590,A,AT,12,162,7.41%,1.9599E-4
d1,ref|NC_001136|,57073,GA,G,6,97,6.19%,1.4365E-2
d1,ref|NC_001136|,66048,G,GA,11,150,7.33%,4.016E-4
d1,ref|NC_001136|,66825,C,G,9,169,5.33%,1.751E-3
d1,ref|NC_001136|,73787,T,A,6,101,5.94%,1.4477E-2
d1,ref|NC_001136|,76735,A,AT,8,116,6.9%,3.4323E-3
d1,ref|NC_001136|,82419,AT,A,12,110,10.91%,1.7505E-4
d1,ref|NC_001136|,86294,AT,A,7,134,5.22%,7.2096E-3
d1,ref|NC_001136|,92682,GA,G,21,89,23.6%,5.6911E-8
d1,ref|NC_001136|,95791,G,GT,16,134,11.94%,8.9795E-6
d1,ref|NC_001136|,99407,G,GA,13,178,7.3%,9.5176E-5
d1,ref|NC_001136|,101105,A,AT,8,134,5.97%,3.5052E-3
d1,ref|NC_001136|,105479,C,T,8,85,9.41%,3.2807E-3
d1,ref|NC_001136|,106907,A,AT,9,122,7.38%,1.6576E-3
d1,ref|NC_001136|,116123,CA,C,7,131,5.34%,7.1669E-3
d1,ref|NC_001136|,123792,TA,T,15,116,12.93%,1.7827E-5
d1,ref|NC_001136|,126537,C,CT,11,75,14.67%,2.925E-4
d1,ref|NC_001136|,135456,CT,C,18,101,17.82%,1.2191E-6
d1,ref|NC_001136|,164943,CT,C,7,105,6.67%,7.0243E-3
d1,ref|NC_001136|,169833,GTA,G,5,43,11.63%,2.7465E-2
d1,ref|NC_001136|,169891,TA,T,5,27,18.52%,2.3921E-2
d1,ref|NC_001136|,190449,CT,C,6,100,6%,1.4442E-2
d1,ref|NC_001136|,194466,G,GT,8,108,7.41%,3.4063E-3
d1,ref|NC_001136|,211214,GA,G,9,88,10.23%,1.5583E-3
d1,ref|NC_001136|,211315,CAT,C,11,121,9.09%,3.8002E-4
d1,ref|NC_001136|,212440,G,GT,10,92,10.87%,7.1196E-4
d1,ref|NC_001136|,212586,TA,T,7,98,7.14%,6.9846E-3
d1,ref|NC_001136|,212685,C,CA,8,128,6.25%,3.4899E-3
d1,ref|NC_001136|,213615,C,A,7,115,6.09%,7.1118E-3
d1,ref|NC_001136|,226851,G,A,6,27,23.08%,1.1309E-2
d1,ref|NC_001136|,232306,G,GT,13,150,8.67%,9.1579E-5
d1,ref|NC_001136|,240138,CAT,C,16,96,16.67%,7.3492E-6
d1,ref|NC_001136|,242505,C,G,6,115,5.22%,1.4615E-2
d1,ref|NC_001136|,242508,G,T,6,110,5.45%,1.457E-2
d1,ref|NC_001136|,242509,A,C,6,112,5.36%,1.4588E-2
d1,ref|NC_001136|,242512,C,G,6,113,5.31%,1.4597E-2
d1,ref|NC_001136|,270194,CA,C,21,129,16.28%,1.7969E-7
d1,ref|NC_001136|,273629,GTT,G,45,124,36.29%,1.3142E-17
d1,ref|NC_001136|,283119,A,T,7,115,6.09%,7.1118E-3
d1,ref|NC_001136|,283285,G,GA,6,97,6.19%,1.4392E-2
d1,ref|NC_001136|,286882,CT,C,16,94,17.02%,7.079E-6
d1,ref|NC_001136|,300038,GA,G,16,128,12.5%,8.6707E-6
d1,ref|NC_001136|,302323,G,GA,12,94,12.77%,1.6419E-4
d1,ref|NC_001136|,303010,A,AT,10,102,9.8%,7.6712E-4
d1,ref|NC_001136|,310293,G,GA,11,150,7.33%,4.0047E-4
d1,ref|NC_001136|,314304,T,TA,10,141,7.09%,8.2269E-4
d1,ref|NC_001136|,315072,C,CT,11,115,9.57%,3.7455E-4
d1,ref|NC_001136|,321583,C,CA,6,119,5.04%,1.4615E-2
d1,ref|NC_001136|,323677,GAT,G,9,85,10.59%,1.4851E-3
d1,ref|NC_001136|,329641,TTA,T,14,90,15.56%,3.4099E-5
d1,ref|NC_001136|,332985,G,GA,6,119,5.04%,1.4615E-2
d1,ref|NC_001136|,336206,CT,C,24,122,19.67%,1.015E-8
d1,ref|NC_001136|,344004,G,GTA,46,97,47.42%,4.9005E-18
d1,ref|NC_001136|,344227,C,CT,10,116,8.62%,7.8361E-4
d1,ref|NC_001136|,358277,AT,A,8,107,7.48%,3.3922E-3
d1,ref|NC_001136|,362378,TA,T,7,125,5.6%,7.1349E-3
d1,ref|NC_001136|,364962,T,TA,9,105,8.57%,1.6085E-3
d1,ref|NC_001136|,366255,GA,G,6,119,5.04%,1.4632E-2
d1,ref|NC_001136|,369259,CA,C,18,105,17.14%,1.1982E-6
d1,ref|NC_001136|,386154,CA,C,11,150,7.33%,3.999E-4
d1,ref|NC_001136|,392110,G,GT,7,74,9.46%,6.6426E-3
d1,ref|NC_001136|,392146,GAC,G,13,76,17.11%,6.859E-5
d1,ref|NC_001136|,394573,T,C,27,105,25.71%,1.0929E-9
d1,ref|NC_001136|,394574,G,A,5,80,6.25%,2.9303E-2
d1,ref|NC_001136|,403511,G,GT,104,125,83.2%,2.8759E-51
d1,ref|NC_001136|,408171,C,CA,7,126,5.56%,7.1235E-3
d1,ref|NC_001136|,410887,AT,A,10,119,8.4%,7.8693E-4
d1,ref|NC_001136|,413191,TA,T,11,127,8.66%,3.8732E-4
d1,ref|NC_001136|,427105,C,CT,10,145,6.9%,8.2375E-4
d1,ref|NC_001136|,428805,A,AT,14,136,10.29%,4.1117E-5
d1,ref|NC_001136|,436198,CT,C,16,135,11.85%,8.8507E-6
d1,ref|NC_001136|,444482,GAT,G,6,105,5.71%,1.4488E-2
d1,ref|NC_001136|,450188,GTA,G,27,114,23.68%,1.0698E-9
d1,ref|NC_001136|,465667,C,CA,8,114,7.02%,3.4017E-3
d1,ref|NC_001136|,471707,AT,A,9,112,8.04%,1.6364E-3
d1,ref|NC_001136|,480704,A,G,7,138,5.07%,7.2268E-3
d1,ref|NC_001136|,482472,GA,G,19,123,15.45%,7.4225E-7
d1,ref|NC_001136|,489441,AAT,A,9,80,11.25%,1.4972E-3
d1,ref|NC_001136|,503381,G,GT,7,124,5.65%,7.1293E-3
d1,ref|NC_001136|,505233,CAT,C,6,72,8.33%,1.3851E-2
d1,ref|NC_001136|,506937,TA,T,6,104,5.77%,1.4442E-2
d1,ref|NC_001136|,519899,GT,G,19,113,16.81%,6.0591E-7
d1,ref|NC_001136|,520334,T,C,6,118,5.08%,1.464E-2
d1,ref|NC_001136|,520646,G,A,6,105,5.71%,1.452E-2
d1,ref|NC_001136|,520657,G,A,13,111,11.71%,8.4105E-5
d1,ref|NC_001136|,520665,T,C,10,115,8.7%,7.9624E-4
d1,ref|NC_001136|,523025,C,CT,9,117,7.69%,1.6526E-3
d1,ref|NC_001136|,525256,C,CT,9,149,6.04%,1.7232E-3
d1,ref|NC_001136|,525613,CA,C,9,126,7.14%,1.674E-3
d1,ref|NC_001136|,538733,GTA,G,19,78,24.36%,3.6228E-7
d1,ref|NC_001136|,542558,C,CA,23,115,20%,2.9924E-8
d1,ref|NC_001136|,548546,G,GT,30,108,27.78%,3.2277E-11
d1,ref|NC_001136|,551819,C,CA,18,136,13.24%,1.9046E-6
d1,ref|NC_001136|,553071,AT,A,7,109,6.42%,7.0535E-3
d1,ref|NC_001136|,578452,GT,G,6,100,6%,1.4417E-2
d1,ref|NC_001136|,587839,CT,C,22,105,20.95%,3.0207E-8
d1,ref|NC_001136|,589651,TA,T,16,120,13.33%,8.8507E-6
d1,ref|NC_001136|,592981,GT,G,17,146,11.64%,4.2592E-6
d1,ref|NC_001136|,607042,G,GA,21,128,16.41%,1.6787E-7
d1,ref|NC_001136|,612156,T,TA,6,75,8%,1.4021E-2
d1,ref|NC_001136|,621879,GA,G,19,120,15.83%,6.0591E-7
d1,ref|NC_001136|,628654,AT,A,6,107,5.61%,1.4509E-2
d1,ref|NC_001136|,630672,C,CA,8,107,7.48%,3.3874E-3
d1,ref|NC_001136|,630833,GT,G,6,69,8.7%,1.3607E-2
d1,ref|NC_001136|,636900,A,AT,10,149,6.71%,8.3179E-4
d1,ref|NC_001136|,645102,GA,G,9,116,7.76%,1.6447E-3
d1,ref|NC_001136|,646748,C,T,16,143,11.19%,9.7893E-6
d1,ref|NC_001136|,646833,C,T,9,95,9.47%,1.6016E-3
d1,ref|NC_001136|,658113,C,CT,17,119,14.29%,3.9078E-6
d1,ref|NC_001136|,668949,T,TA,17,113,15.04%,3.6026E-6
d1,ref|NC_001136|,674861,GT,G,9,158,5.7%,1.7333E-3
d1,ref|NC_001136|,677843,G,GA,9,120,7.5%,1.6672E-3
d1,ref|NC_001136|,678013,C,CT,5,99,5.05%,2.9592E-2
d1,ref|NC_001136|,681409,A,G,5,91,5.49%,2.9538E-2
d1,ref|NC_001136|,688005,GA,G,8,106,7.55%,3.3773E-3
d1,ref|NC_001136|,688062,C,CTT,51,101,50.5%,8.1437E-23
d1,ref|NC_001136|,694634,A,AT,8,118,6.78%,3.4403E-3
d1,ref|NC_001136|,733497,A,AT,8,137,5.84%,3.5022E-3
d1,ref|NC_001136|,746353,C,CA,10,108,9.26%,7.7479E-4
d1,ref|NC_001136|,748524,T,TA,15,104,14.42%,1.6533E-5
d1,ref|NC_001136|,757631,G,C,115,115,100%,1.1028E-68
d1,ref|NC_001136|,758310,T,C,82,82,100%,6.8742E-49
d1,ref|NC_001136|,770136,CT,C,6,107,5.61%,1.4499E-2
d1,ref|NC_001136|,778757,GTAT,G,5,88,5.68%,2.9373E-2
d1,ref|NC_001136|,791925,CA,C,8,127,6.3%,3.4557E-3
d1,ref|NC_001136|,810472,TTA,T,7,126,5.56%,7.1405E-3
d1,ref|NC_001136|,811890,CT,C,8,139,5.76%,3.5022E-3
d1,ref|NC_001136|,816631,T,TA,15,138,10.87%,1.9752E-5
d1,ref|NC_001136|,817531,T,TA,102,126,80.95%,3.0317E-48
d1,ref|NC_001136|,826709,CT,C,8,159,5.03%,3.5609E-3
d1,ref|NC_001136|,834631,A,G,5,99,5.05%,2.9676E-2
d1,ref|NC_001136|,835638,GA,G,12,110,10.91%,1.762E-4
d1,ref|NC_001136|,835682,G,A,5,99,5.05%,2.9676E-2
d1,ref|NC_001136|,838275,C,CA,9,133,6.77%,1.6926E-3
d1,ref|NC_001136|,840422,AAT,A,13,91,14.29%,7.3398E-5
d1,ref|NC_001136|,851116,TA,T,10,139,7.19%,8.1358E-4
d1,ref|NC_001136|,863490,G,GA,5,98,5.1%,2.966E-2
d1,ref|NC_001136|,864867,CAT,C,17,84,20.24%,3.0663E-6
d1,ref|NC_001136|,864990,CT,C,9,121,7.44%,1.674E-3
d1,ref|NC_001136|,870706,CT,C,13,119,10.92%,8.4105E-5
d1,ref|NC_001136|,872837,T,C,11,44,25%,2.3962E-4
d1,ref|NC_001136|,876535,G,A,7,23,30.43%,4.5803E-3
d1,ref|NC_001136|,877349,A,T,13,44,29.55%,4.324E-5
d1,ref|NC_001136|,877407,T,A,12,66,18.18%,1.4106E-4
d1,ref|NC_001136|,877687,T,C,20,135,14.81%,4.4634E-7
d1,ref|NC_001136|,877706,A,AT,14,134,10.45%,4.268E-5
d1,ref|NC_001136|,877732,A,T,12,153,7.84%,1.9511E-4
d1,ref|NC_001136|,877735,C,CA,12,163,7.36%,1.9792E-4
d1,ref|NC_001136|,878397,G,A,8,99,8.08%,3.3722E-3
d1,ref|NC_001136|,880697,A,G,114,114,100%,4.392E-68
d1,ref|NC_001136|,884572,CT,C,22,115,19.13%,6.1288E-8
d1,ref|NC_001136|,887096,GA,G,12,91,13.19%,1.5647E-4
d1,ref|NC_001136|,892532,CA,C,8,102,7.84%,3.339E-3
d1,ref|NC_001136|,894993,C,CA,14,167,8.38%,4.5084E-5
d1,ref|NC_001136|,900853,A,AT,17,146,11.64%,4.6388E-6
d1,ref|NC_001136|,909727,AT,A,26,107,24.3%,9.8403E-10
d1,ref|NC_001136|,911454,C,CT,7,130,5.38%,7.1669E-3
d1,ref|NC_001136|,917515,TA,T,5,92,5.43%,2.95E-2
d1,ref|NC_001136|,921813,CA,C,17,76,22.67%,1.3018E-6
d1,ref|NC_001136|,929171,G,GT,8,123,6.5%,3.4665E-3
d1,ref|NC_001136|,929184,A,AT,9,105,8.57%,1.6276E-3
d1,ref|NC_001136|,929454,G,GA,8,140,5.71%,3.5166E-3
d1,ref|NC_001136|,930964,CAT,C,22,92,23.91%,4.8987E-8
d1,ref|NC_001136|,940960,G,GA,7,124,5.65%,7.1618E-3
d1,ref|NC_001136|,955986,GA,G,17,107,15.89%,3.1765E-6
d1,ref|NC_001136|,957628,CT,C,7,104,6.73%,6.9928E-3
d1,ref|NC_001136|,960412,C,CT,6,109,5.5%,1.454E-2
d1,ref|NC_001136|,963047,G,A,5,99,5.05%,2.9676E-2
d1,ref|NC_001136|,966520,TA,T,16,85,18.82%,5.333E-6
d1,ref|NC_001136|,974680,AT,A,7,113,6.19%,7.0934E-3
d1,ref|NC_001136|,977331,A,AT,9,94,9.57%,1.5793E-3
d1,ref|NC_001136|,986106,G,A,10,53,18.87%,6.1215E-4
d1,ref|NC_001136|,986340,A,C,9,180,5%,1.763E-3
d1,ref|NC_001136|,986699,T,A,9,142,6.34%,1.7138E-3
d1,ref|NC_001136|,986757,T,A,9,105,8.57%,1.6335E-3
d1,ref|NC_001136|,986971,T,C,19,72,26.39%,4.8588E-7
d1,ref|NC_001136|,987244,G,A,68,94,72.34%,6.6908E-30
d1,ref|NC_001136|,987283,C,T,37,114,32.46%,2.199E-13
d1,ref|NC_001136|,987310,G,A,51,128,39.84%,8.4172E-19
d1,ref|NC_001136|,987524,T,A,7,139,5.04%,7.2309E-3
d1,ref|NC_001136|,987750,T,C,8,69,11.59%,3.1516E-3
d1,ref|NC_001136|,987753,C,T,9,67,13.43%,1.4657E-3
d1,ref|NC_001136|,1002291,A,AT,10,134,7.46%,8.1113E-4
d1,ref|NC_001136|,1007254,C,G,13,99,13.13%,7.9401E-5
d1,ref|NC_001136|,1012110,A,AT,7,127,5.51%,7.1405E-3
d1,ref|NC_001136|,1015989,G,GA,10,119,8.4%,7.8361E-4
d1,ref|NC_001136|,1016710,T,TC,14,116,12.07%,4.0234E-5
d1,ref|NC_001136|,1046392,A,G,18,103,17.48%,1.6922E-6
d1,ref|NC_001136|,1057929,A,AT,8,145,5.52%,3.5221E-3
d1,ref|NC_001136|,1079010,AT,A,25,98,25.51%,1.8806E-9
d1,ref|NC_001136|,1084521,GA,G,6,110,5.45%,1.4442E-2
d1,ref|NC_001136|,1084685,G,GA,21,134,15.67%,1.7472E-7
d1,ref|NC_001136|,1090113,G,GA,24,106,22.64%,8.7514E-9
d1,ref|NC_001136|,1101983,CT,C,13,124,10.48%,8.5546E-5
d1,ref|NC_001136|,1105909,AT,A,18,116,15.52%,1.7211E-6
d1,ref|NC_001136|,1108600,G,GA,17,126,13.49%,3.9334E-6
d1,ref|NC_001136|,1109876,GAT,G,11,119,9.24%,3.8257E-4
d1,ref|NC_001136|,1130880,AT,A,9,96,9.38%,1.5712E-3
d1,ref|NC_001136|,1135619,A,AT,8,115,6.96%,3.4239E-3
d1,ref|NC_001136|,1135689,GA,G,11,111,9.91%,3.726E-4
d1,ref|NC_001136|,1147231,C,CT,16,109,14.68%,7.8998E-6
d1,ref|NC_001136|,1150910,A,AG,126,133,94.74%,3.099E-68
d1,ref|NC_001136|,1156457,TA,T,13,104,12.5%,8.0503E-5
d1,ref|NC_001136|,1156518,TA,T,6,98,6.12%,1.4392E-2
d1,ref|NC_001136|,1173812,A,G,30,120,25%,1.1713E-10
d1,ref|NC_001136|,1173814,C,T,11,100,11%,3.6522E-4
d1,ref|NC_001136|,1178330,CT,C,7,87,8.05%,6.7486E-3
d1,ref|NC_001136|,1191893,T,TA,9,143,6.29%,1.7105E-3
d1,ref|NC_001136|,1202177,CA,C,13,118,11.02%,8.4695E-5
d1,ref|NC_001136|,1222749,CA,C,7,109,6.42%,7.0535E-3
d1,ref|NC_001136|,1224545,AAT,A,6,119,5.04%,1.4624E-2
d1,ref|NC_001136|,1239031,AAT,A,10,70,14.29%,6.7609E-4
d1,ref|NC_001136|,1240959,GA,G,17,112,15.18%,3.6904E-6
d1,ref|NC_001136|,1241111,GA,G,18,122,14.75%,1.8426E-6
d1,ref|NC_001136|,1242276,GA,G,9,102,8.91%,1.5981E-3
d1,ref|NC_001136|,1242690,CT,C,7,128,5.47%,7.1719E-3
d1,ref|NC_001136|,1253397,T,C,93,93,100%,1.7451E-55
d1,ref|NC_001136|,1254534,AT,A,16,149,10.74%,9.6911E-6
d1,ref|NC_001136|,1272102,C,CT,8,133,6.02%,3.4962E-3
d1,ref|NC_001136|,1278545,GA,G,12,107,11.21%,1.7198E-4
d1,ref|NC_001136|,1305680,TG,T,136,139,97.84%,2.012E-77
d1,ref|NC_001136|,1307967,T,C,11,11,100%,1.4176E-6
d1,ref|NC_001136|,1310265,G,GA,12,122,9.84%,1.8096E-4
d1,ref|NC_001136|,1315228,CA,C,8,139,5.76%,3.5022E-3
d1,ref|NC_001136|,1321982,CAT,C,12,93,12.9%,1.592E-4
d1,ref|NC_001136|,1341641,TC,T,17,99,17.17%,3.5421E-6
d1,ref|NC_001136|,1357474,ATT,A,5,70,7.14%,2.8569E-2
d1,ref|NC_001136|,1385471,CAT,C,9,94,9.57%,1.5446E-3
d1,ref|NC_001136|,1388815,A,AT,7,99,7.07%,7.0009E-3
d1,ref|NC_001136|,1388828,T,TA,8,99,8.08%,3.3448E-3
d1,ref|NC_001136|,1402305,C,T,146,146,100%,2.6938E-87
d1,ref|NC_001136|,1412225,G,GA,9,123,7.32%,1.6551E-3
d1,ref|NC_001136|,1417859,A,G,20,112,17.86%,3.7609E-7
d1,ref|NC_001136|,1417861,C,T,6,98,6.12%,1.4442E-2
d1,ref|NC_001136|,1418469,CAT,C,5,96,5.21%,2.9538E-2
d1,ref|NC_001136|,1431852,G,C,9,86,10.47%,1.567E-3
d1,ref|NC_001136|,1433710,A,T,110,110,100%,1.1045E-65
d1,ref|NC_001136|,1443538,G,GA,18,121,14.88%,1.8426E-6
d1,ref|NC_001136|,1451259,GT,G,13,126,10.32%,8.4983E-5
d1,ref|NC_001136|,1466418,GT,G,30,139,21.58%,9.6347E-11
d1,ref|NC_001136|,1468506,CA,C,14,129,10.85%,4.0387E-5
d1,ref|NC_001136|,1469091,G,GA,10,141,7.09%,8.2584E-4
d1,ref|NC_001136|,1474784,AT,A,24,107,22.43%,7.8121E-9
d1,ref|NC_001136|,1484281,A,T,8,151,5.3%,3.5519E-3
d1,ref|NC_001136|,1484308,A,T,8,159,5.03%,3.5694E-3
d1,ref|NC_001136|,1487384,C,CA,8,91,8.79%,3.2947E-3
d1,ref|NC_001136|,1494413,CA,C,17,111,15.32%,3.448E-6
d1,ref|NC_001136|,1498015,AT,A,9,132,6.82%,1.6826E-3
d1,ref|NC_001136|,1501055,GA,G,7,109,6.42%,7.0392E-3
d1,ref|NC_001136|,1515034,TA,T,97,112,86.61%,1.3565E-48
d1,ref|NC_001136|,1517680,G,GT,9,122,7.38%,1.6649E-3
d1,ref|NC_001136|,1518948,G,GT,66,99,66.67%,1.3243E-29
d1,ref|NC_001136|,1524974,A,G,100,100,100%,1.1044E-59
d1,ref|NC_001137|,14724,CA,C,21,90,23.33%,9.1193E-8
d1,ref|NC_001137|,16072,A,AT,21,125,16.8%,1.8292E-7
d1,ref|NC_001137|,19574,C,CA,17,125,13.6%,3.9334E-6
d1,ref|NC_001137|,21321,T,TA,18,121,14.88%,1.6321E-6
d1,ref|NC_001137|,23230,AT,A,12,105,11.43%,1.7068E-4
d1,ref|NC_001137|,31460,CAT,C,24,102,23.53%,1.0611E-8
d1,ref|NC_001137|,33475,CT,C,19,135,14.07%,8.6811E-7
d1,ref|NC_001137|,36289,G,GT,8,96,8.33%,3.2429E-3
d1,ref|NC_001137|,39894,TA,T,6,114,5.26%,1.4597E-2
d1,ref|NC_001137|,48384,T,C,126,126,100%,2.7519E-75
d1,ref|NC_001137|,52435,CA,C,9,124,7.26%,1.6526E-3
d1,ref|NC_001137|,59359,GT,G,8,93,8.6%,3.2508E-3
d1,ref|NC_001137|,59372,CT,C,16,112,14.29%,8.28E-6
d1,ref|NC_001137|,61686,C,CT,18,130,13.85%,1.9165E-6
d1,ref|NC_001137|,65293,GA,G,13,112,11.61%,7.1891E-5
d1,ref|NC_001137|,70395,TA,T,8,116,6.9%,3.4017E-3
d1,ref|NC_001137|,73474,CT,C,7,120,5.83%,7.1118E-3
d1,ref|NC_001137|,76199,A,T,7,131,5.34%,7.1913E-3
d1,ref|NC_001137|,86488,CA,C,21,121,17.36%,1.2307E-7
d1,ref|NC_001137|,100573,TA,T,12,90,13.33%,1.4713E-4
d1,ref|NC_001137|,115989,C,T,16,16,100%,1.6637E-9
d1,ref|NC_001137|,115997,T,C,20,20,100%,7.2544E-12
d1,ref|NC_001137|,116028,G,A,40,40,100%,9.3017E-24
d1,ref|NC_001137|,116086,G,A,87,87,100%,6.9142E-52
d1,ref|NC_001137|,116577,G,A,129,129,100%,4.3506E-77
d1,ref|NC_001137|,116644,G,T,153,153,100%,1.683E-91
d1,ref|NC_001137|,118577,CAT,C,17,95,17.89%,2.9511E-6
d1,ref|NC_001137|,122728,GA,G,18,111,16.22%,1.7067E-6
d1,ref|NC_001137|,126489,G,GT,11,92,11.96%,3.4273E-4
d1,ref|NC_001137|,131558,TA,T,8,116,6.9%,3.4323E-3
d1,ref|NC_001137|,132565,CAT,C,22,94,23.4%,5.1106E-8
d1,ref|NC_001137|,148091,GA,G,19,104,18.27%,6.152E-7
d1,ref|NC_001137|,152924,GA,G,12,111,10.81%,1.7505E-4
d1,ref|NC_001137|,154531,T,A,110,110,100%,1.1045E-65
d1,ref|NC_001137|,159027,CA,C,22,97,22.68%,3.917E-8
d1,ref|NC_001137|,172598,GAT,G,12,126,9.52%,1.851E-4
d1,ref|NC_001137|,194693,GA,G,8,141,5.67%,3.5138E-3
d1,ref|NC_001137|,196609,T,TA,9,87,10.34%,1.5086E-3
d1,ref|NC_001137|,198592,GTA,G,35,101,34.65%,7.4399E-13
d1,ref|NC_001137|,217691,TA,T,7,73,9.59%,6.5904E-3
d1,ref|NC_001137|,221394,TA,T,11,111,9.91%,3.6955E-4
d1,ref|NC_001137|,223127,A,AT,8,130,6.15%,3.4802E-3
d1,ref|NC_001137|,225782,TTA,T,8,61,13.11%,3.0025E-3
d1,ref|NC_001137|,232281,C,CT,6,100,6%,1.4454E-2
d1,ref|NC_001137|,241578,GA,G,9,107,8.41%,1.6183E-3
d1,ref|NC_001137|,243665,GA,G,24,119,20.17%,7.5773E-9
d1,ref|NC_001137|,251561,G,GA,13,109,11.93%,8.1207E-5
d1,ref|NC_001137|,256303,GTA,G,13,99,13.13%,7.6161E-5
d1,ref|NC_001137|,258177,GA,G,12,126,9.52%,1.8193E-4
d1,ref|NC_001137|,261464,C,CA,20,67,29.85%,1.2588E-7
d1,ref|NC_001137|,263845,GA,G,8,150,5.33%,3.5425E-3
d1,ref|NC_001137|,266246,CT,C,7,133,5.26%,7.1719E-3
d1,ref|NC_001137|,268335,GA,G,9,77,11.69%,1.4657E-3
d1,ref|NC_001137|,268848,CT,C,6,114,5.26%,1.4579E-2
d1,ref|NC_001137|,269159,GA,G,7,108,6.48%,7.0167E-3
d1,ref|NC_001137|,272558,GT,G,75,102,73.53%,9.2201E-34
d1,ref|NC_001137|,274360,C,CT,6,84,7.14%,1.4161E-2
d1,ref|NC_001137|,279779,TA,T,7,118,5.93%,7.1177E-3
d1,ref|NC_001137|,281798,T,A,7,114,6.14%,7.1057E-3
d1,ref|NC_001137|,288261,G,GA,12,142,8.45%,1.9161E-4
d1,ref|NC_001137|,289244,A,AT,17,122,13.93%,3.7747E-6
d1,ref|NC_001137|,291632,CT,C,13,118,11.02%,8.2547E-5
d1,ref|NC_001137|,292851,AT,A,6,112,5.36%,1.453E-2
d1,ref|NC_001137|,293837,A,T,6,113,5.31%,1.4597E-2
d1,ref|NC_001137|,295243,A,AT,6,105,5.71%,1.4465E-2
d1,ref|NC_001137|,305701,C,CA,15,110,13.64%,1.7317E-5
d1,ref|NC_001137|,305799,C,CT,14,126,11.11%,3.927E-5
d1,ref|NC_001137|,316709,AT,A,15,147,10.2%,2.0097E-5
d1,ref|NC_001137|,319639,T,TA,7,101,6.93%,6.9675E-3
d1,ref|NC_001137|,328320,GA,G,7,108,6.48%,7.0464E-3
d1,ref|NC_001137|,335941,A,G,25,96,26.04%,4.9388E-9
d1,ref|NC_001137|,337452,G,GA,13,123,10.57%,8.6093E-5
d1,ref|NC_001137|,352394,A,G,128,128,100%,1.7335E-76
d1,ref|NC_001137|,357894,CT,C,10,116,8.62%,7.8528E-4
d1,ref|NC_001137|,374816,CA,C,6,101,5.94%,1.4338E-2
d1,ref|NC_001137|,378704,T,C,12,85,14.12%,1.6093E-4
d1,ref|NC_001137|,382298,ATT,A,10,65,15.38%,5.3293E-4
d1,ref|NC_001137|,382523,CA,C,23,104,22.12%,1.8777E-8
d1,ref|NC_001137|,386143,GA,G,13,107,12.15%,8.1207E-5
d1,ref|NC_001137|,390254,CA,C,14,123,11.38%,3.9437E-5
d1,ref|NC_001137|,394083,T,TA,8,134,5.97%,3.5052E-3
d1,ref|NC_001137|,395202,C,CA,14,130,10.77%,3.9601E-5
d1,ref|NC_001137|,400988,CT,C,10,102,9.8%,7.6512E-4
d1,ref|NC_001137|,404488,CT,C,23,126,18.25%,2.947E-8
d1,ref|NC_001137|,406418,C,CT,9,142,6.34%,1.6964E-3
d1,ref|NC_001137|,407063,CAT,C,10,91,10.99%,7.4993E-4
d1,ref|NC_001137|,407127,G,GA,10,95,10.53%,7.5448E-4
d1,ref|NC_001137|,413363,TA,T,20,115,17.39%,2.9108E-7
d1,ref|NC_001137|,422990,C,CA,15,99,15.15%,1.6292E-5
d1,ref|NC_001137|,430559,C,CA,15,114,13.16%,1.7526E-5
d1,ref|NC_001137|,433011,C,CT,9,121,7.44%,1.6625E-3
d1,ref|NC_001137|,438774,A,AT,7,124,5.65%,7.1566E-3
d1,ref|NC_001137|,441153,C,CT,9,120,7.5%,1.6695E-3
d1,ref|NC_001137|,462951,CT,C,11,115,9.57%,3.7455E-4
d1,ref|NC_001137|,468982,C,CT,10,139,7.19%,8.1939E-4
d1,ref|NC_001137|,491993,A,AT,7,109,6.42%,7.0318E-3
d1,ref|NC_001137|,492181,C,CA,14,107,13.08%,3.6849E-5
d1,ref|NC_001137|,498937,G,GA,11,157,7.01%,4.0635E-4
d1,ref|NC_001137|,503930,CA,C,13,110,11.82%,8.0858E-5
d1,ref|NC_001137|,510020,CT,C,11,120,9.17%,3.755E-4
d1,ref|NC_001137|,512169,CT,C,10,130,7.69%,8.0861E-4
d1,ref|NC_001137|,513297,G,A,9,91,9.89%,1.587E-3
d1,ref|NC_001137|,517529,T,C,101,101,100%,2.7747E-60
d1,ref|NC_001137|,520781,GA,G,26,124,20.97%,2.1993E-9
d1,ref|NC_001137|,522935,C,G,6,110,5.45%,1.457E-2
d1,ref|NC_001137|,522970,A,AT,17,109,15.6%,3.4157E-6
d1,ref|NC_001137|,535248,GT,G,13,124,10.48%,8.6093E-5
d1,ref|NC_001137|,541505,A,AT,18,113,15.93%,1.6625E-6
d1,ref|NC_001137|,544413,G,C,91,118,77.12%,2.7538E-41
d1,ref|NC_001137|,545186,AG,A,5,43,11.63%,2.6822E-2
d1,ref|NC_001137|,545213,G,A,5,36,13.89%,2.6944E-2
d1,ref|NC_001137|,545373,T,TA,6,84,7.14%,1.4161E-2
d1,ref|NC_001137|,546453,GA,G,8,138,5.8%,3.5081E-3
d1,ref|NC_001137|,555344,CA,C,14,93,15.05%,3.3581E-5
d1,ref|NC_001138|,8304,T,TA,15,106,14.15%,1.5786E-5
d1,ref|NC_001138|,8640,G,GT,10,112,8.93%,7.7841E-4
d1,ref|NC_001138|,8694,TA,T,7,117,5.98%,7.1118E-3
d1,ref|NC_001138|,11068,CT,C,22,149,14.77%,9.1854E-8
d1,ref|NC_001138|,12416,T,A,72,205,35.12%,1.0512E-25
d1,ref|NC_001138|,14286,C,CA,10,110,9.09%,7.8017E-4
d1,ref|NC_001138|,25825,CA,C,8,137,5.84%,3.5138E-3
d1,ref|NC_001138|,30997,CT,C,6,90,6.67%,1.4247E-2
d1,ref|NC_001138|,31532,A,AT,10,111,9.01%,7.7661E-4
d1,ref|NC_001138|,54494,G,GT,9,107,8.41%,1.5945E-3
d1,ref|NC_001138|,57967,T,TA,11,81,13.58%,3.2718E-4
d1,ref|NC_001138|,58005,GAT,G,6,74,8.11%,1.3952E-2
d1,ref|NC_001138|,65113,T,TA,6,105,5.71%,1.4499E-2
d1,ref|NC_001138|,68948,CAT,C,9,87,10.34%,1.5493E-3
d1,ref|NC_001138|,74485,GA,G,15,137,10.95%,1.9534E-5
d1,ref|NC_001138|,75912,C,CT,9,99,9.09%,1.5793E-3
d1,ref|NC_001138|,78010,CAT,C,10,92,10.87%,7.2967E-4
d1,ref|NC_001138|,94541,T,A,8,131,6.11%,3.4992E-3
d1,ref|NC_001138|,95460,AT,A,7,112,6.25%,7.0805E-3
d1,ref|NC_001138|,97505,CA,C,6,81,7.41%,1.4104E-2
d1,ref|NC_001138|,97617,T,TA,12,66,18.18%,1.3273E-4
d1,ref|NC_001138|,97864,C,CTT,53,78,67.95%,2.0451E-25
d1,ref|NC_001138|,98766,A,AT,5,98,5.1%,2.9627E-2
d1,ref|NC_001138|,99153,C,CA,12,72,16.67%,1.3421E-4
d1,ref|NC_001138|,103935,TTA,T,5,87,5.75%,2.9417E-2
d1,ref|NC_001138|,104558,CA,C,7,72,9.72%,6.6083E-3
d1,ref|NC_001138|,104577,T,TA,6,72,8.33%,1.3903E-2
d1,ref|NC_001138|,106277,C,CTT,52,97,53.61%,1.6919E-21
d1,ref|NC_001138|,107770,T,TA,6,98,6.12%,1.4417E-2
d1,ref|NC_001138|,107817,ATG,A,8,114,7.02%,3.4403E-3
d1,ref|NC_001138|,111477,AT,A,13,114,11.4%,8.1207E-5
d1,ref|NC_001138|,119284,GA,G,10,109,9.17%,7.7292E-4
d1,ref|NC_001138|,155985,G,GT,12,90,13.33%,1.5045E-4
d1,ref|NC_001138|,167855,AT,A,15,111,13.51%,1.7317E-5
d1,ref|NC_001138|,168876,G,GA,15,132,11.36%,1.9823E-5
d1,ref|NC_001138|,174046,CT,C,6,68,8.82%,1.3767E-2
d1,ref|NC_001138|,179758,C,A,5,92,5.43%,2.9557E-2
d1,ref|NC_001138|,186224,GATA,G,8,91,8.79%,3.308E-3
d1,ref|NC_001138|,187459,A,T,7,138,5.07%,7.2268E-3
d1,ref|NC_001138|,194606,A,AT,10,110,9.09%,7.8017E-4
d1,ref|NC_001138|,199470,C,CA,6,99,6.06%,1.4405E-2
d1,ref|NC_001138|,210067,AT,A,12,69,17.39%,1.3976E-4
d1,ref|NC_001138|,210344,TTG,T,8,87,9.2%,3.2585E-3
d1,ref|NC_001138|,223995,T,TA,8,126,6.35%,3.4557E-3
d1,ref|NC_001138|,226131,CA,C,10,109,9.17%,7.6512E-4
d1,ref|NC_001138|,227471,A,G,5,93,5.38%,2.9575E-2
d1,ref|NC_001138|,227478,CT,C,17,85,20%,2.193E-6
d1,ref|NC_001138|,229921,CA,C,9,110,8.18%,1.6474E-3
d1,ref|NC_001138|,235726,T,A,7,138,5.07%,7.2268E-3
d1,ref|NC_001138|,245165,A,AT,6,111,5.41%,1.454E-2
d1,ref|NC_001138|,245961,A,AT,8,97,8.25%,3.3331E-3
d1,ref|NC_001138|,262244,CA,C,30,112,26.79%,7.1696E-11
d1,ref|NC_001138|,265378,C,CT,11,146,7.53%,3.9812E-4
d1,ref|NC_001139|,214,A,AC,50,52,96.15%,9.0394E-28
d1,ref|NC_001139|,7303,TA,T,11,161,6.83%,4.0378E-4
d1,ref|NC_001139|,8151,G,GA,118,123,95.93%,4.6039E-65
d1,ref|NC_001139|,9807,TA,T,11,132,8.33%,3.888E-4
d1,ref|NC_001139|,10894,AT,A,8,159,5.03%,3.5519E-3
d1,ref|NC_001139|,14846,G,GA,7,104,6.73%,6.9675E-3
d1,ref|NC_001139|,20016,TA,T,17,138,12.32%,4.3825E-6
d1,ref|NC_001139|,33568,C,A,6,118,5.08%,1.464E-2
d1,ref|NC_001139|,43266,CA,C,20,123,16.26%,3.3988E-7
d1,ref|NC_001139|,45353,G,GA,13,142,9.15%,8.906E-5
d1,ref|NC_001139|,49415,CT,C,9,123,7.32%,1.6551E-3
d1,ref|NC_001139|,56225,C,CT,9,114,7.89%,1.6392E-3
d1,ref|NC_001139|,61961,AT,A,8,149,5.37%,3.5401E-3
d1,ref|NC_001139|,69352,TAC,T,12,99,12.12%,1.6793E-4
d1,ref|NC_001139|,76709,G,GA,9,104,8.65%,1.6151E-3
d1,ref|NC_001139|,77930,A,AT,10,100,10%,7.6712E-4
d1,ref|NC_001139|,80602,TAA,T,7,81,8.64%,6.659E-3
d1,ref|NC_001139|,84763,CT,C,12,127,9.45%,1.8096E-4
d1,ref|NC_001139|,89733,CA,C,14,119,11.76%,3.9922E-5
d1,ref|NC_001139|,98776,C,CT,9,111,8.11%,1.6447E-3
d1,ref|NC_001139|,102487,TA,T,9,131,6.87%,1.6826E-3
d1,ref|NC_001139|,121032,G,GA,10,123,8.13%,7.9324E-4
d1,ref|NC_001139|,124375,G,GA,14,100,14%,3.5546E-5
d1,ref|NC_001139|,129093,C,T,7,134,5.22%,7.2096E-3
d1,ref|NC_001139|,140185,T,C,5,98,5.1%,2.966E-2
d1,ref|NC_001139|,140293,TA,T,7,75,9.33%,6.6905E-3
d1,ref|NC_001139|,140313,T,G,5,53,9.43%,2.7874E-2
d1,ref|NC_001139|,140337,C,A,7,75,10%,6.675E-3
d1,ref|NC_001139|,149631,C,CA,6,107,5.61%,1.4499E-2
d1,ref|NC_001139|,154579,TA,T,11,83,13.25%,3.2124E-4
d1,ref|NC_001139|,156115,GTA,G,6,35,17.14%,1.186E-2
d1,ref|NC_001139|,167250,CA,C,13,92,14.13%,6.859E-5
d1,ref|NC_001139|,167622,C,CA,11,91,12.09%,3.3447E-4
d1,ref|NC_001139|,190778,GA,G,17,142,11.97%,4.3825E-6
d1,ref|NC_001139|,196620,A,AT,6,118,5.08%,1.4606E-2
d1,ref|NC_001139|,206341,GT,G,15,104,14.42%,1.721E-5
d1,ref|NC_001139|,213859,G,GT,7,130,5.38%,7.1769E-3
d1,ref|NC_001139|,251150,CTT,C,6,120,5%,1.4657E-2
d1,ref|NC_001139|,272291,G,GAT,11,87,12.64%,3.4273E-4
d1,ref|NC_001139|,274400,AT,A,7,119,5.88%,7.1177E-3
d1,ref|NC_001139|,274698,CTA,C,17,96,17.71%,3.1403E-6
d1,ref|NC_001139|,278779,CT,C,14,88,15.91%,2.713E-5
d1,ref|NC_001139|,281605,A,AT,15,110,13.64%,1.6292E-5
d1,ref|NC_001139|,286060,CA,C,10,158,6.33%,8.4072E-4
d1,ref|NC_001139|,287219,GA,G,9,115,7.83%,1.6447E-3
d1,ref|NC_001139|,297944,G,A,7,93,7.53%,6.9498E-3
d1,ref|NC_001139|,307179,CAT,C,8,53,15.09%,2.8658E-3
d1,ref|NC_001139|,307425,T,C,6,59,10.17%,1.3674E-2
d1,ref|NC_001139|,311589,C,A,106,106,100%,2.7758E-63
d1,ref|NC_001139|,321487,CAT,C,15,102,14.71%,1.6766E-5
d1,ref|NC_001139|,323361,AT,A,10,84,11.9%,6.6774E-4
d1,ref|NC_001139|,326269,CA,C,17,116,14.66%,3.2473E-6
d1,ref|NC_001139|,343356,TG,T,6,103,5.83%,1.4499E-2
d1,ref|NC_001139|,349503,C,CA,7,113,6.19%,7.0672E-3
d1,ref|NC_001139|,364146,AT,A,8,126,6.35%,3.4557E-3
d1,ref|NC_001139|,366198,AAT,A,5,98,5.1%,2.9644E-2
d1,ref|NC_001139|,366778,TA,T,38,111,34.23%,3.4529E-14
d1,ref|NC_001139|,368456,A,T,6,114,5.26%,1.4606E-2
d1,ref|NC_001139|,371569,G,A,131,131,100%,2.7401E-78
d1,ref|NC_001139|,386978,C,G,93,93,100%,1.7451E-55
d1,ref|NC_001139|,386979,G,C,94,94,100%,4.3861E-56
d1,ref|NC_001139|,395930,T,TA,9,95,9.47%,1.5945E-3
d1,ref|NC_001139|,397834,GA,G,47,113,41.59%,2.6615E-19
d1,ref|NC_001139|,400221,TA,T,18,138,13.04%,1.9742E-6
d1,ref|NC_001139|,400550,G,GT,31,88,35.23%,2.9394E-12
d1,ref|NC_001139|,401674,C,A,105,105,100%,1.1051E-62
d1,ref|NC_001139|,401698,T,A,104,104,100%,4.3992E-62
d1,ref|NC_001139|,404474,A,AG,58,69,84.06%,4.4352E-28
d1,ref|NC_001139|,404522,T,TG,59,64,92.19%,4.6923E-31
d1,ref|NC_001139|,404935,C,G,89,89,100%,4.3706E-53
d1,ref|NC_001139|,404936,G,C,89,89,100%,4.3706E-53
d1,ref|NC_001139|,405085,CG,C,121,121,100%,2.7616E-72
d1,ref|NC_001139|,413966,G,GA,14,158,8.86%,4.4519E-5
d1,ref|NC_001139|,416115,AT,A,11,109,10.09%,3.6955E-4
d1,ref|NC_001139|,422403,AT,A,7,92,7.61%,6.9119E-3
d1,ref|NC_001139|,428255,C,CT,9,140,6.43%,1.6983E-3
d1,ref|NC_001139|,438696,CA,C,7,99,7.07%,6.9217E-3
d1,ref|NC_001139|,438823,A,AT,8,141,5.67%,3.5221E-3
d1,ref|NC_001139|,440441,C,CA,17,97,17.53%,3.1403E-6
d1,ref|NC_001139|,443332,GA,G,10,137,7.3%,8.1236E-4
d1,ref|NC_001139|,465811,G,GT,18,133,13.53%,1.963E-6
d1,ref|NC_001139|,469037,GA,G,6,119,5.04%,1.4615E-2
d1,ref|NC_001139|,471505,T,C,6,115,5.22%,1.4615E-2
d1,ref|NC_001139|,483131,TA,T,11,115,9.57%,3.6409E-4
d1,ref|NC_001139|,484095,CT,C,11,119,9.24%,3.755E-4
d1,ref|NC_001139|,485884,TA,T,14,118,11.86%,3.9922E-5
d1,ref|NC_001139|,496729,T,TA,71,100,71%,1.4804E-32
d1,ref|NC_001139|,502764,CT,C,15,149,10.07%,2.0606E-5
d1,ref|NC_001139|,515600,T,C,15,90,16.67%,1.6168E-5
d1,ref|NC_001139|,523519,G,GT,6,100,6%,1.4392E-2
d1,ref|NC_001139|,527468,A,AT,6,91,6.59%,1.4279E-2
d1,ref|NC_001139|,530016,A,C,8,40,20%,2.653E-3
d1,ref|NC_001139|,530034,A,C,28,43,65.12%,4.4825E-12
d1,ref|NC_001139|,531844,CAT,C,7,49,14.29%,6.0363E-3
d1,ref|NC_001139|,538556,GT,G,5,30,16.67%,2.6093E-2
d1,ref|NC_001139|,540548,C,A,6,34,17.65%,1.2287E-2
d1,ref|NC_001139|,552947,G,A,6,117,5.13%,1.4632E-2
d1,ref|NC_001139|,555212,CT,C,7,131,5.34%,7.1866E-3
d1,ref|NC_001139|,558992,A,G,7,110,6.36%,7.0805E-3
d1,ref|NC_001139|,566988,A,T,4,12,33.33%,4.6584E-2
d1,ref|NC_001139|,576672,G,GT,8,110,7.27%,3.397E-3
d1,ref|NC_001139|,577405,AT,A,7,128,5.47%,7.1719E-3
d1,ref|NC_001139|,582530,TA,T,14,97,14.43%,3.1905E-5
d1,ref|NC_001139|,589583,T,TA,7,109,6.42%,7.0464E-3
d1,ref|NC_001139|,598999,G,GA,9,103,8.74%,1.6085E-3
d1,ref|NC_001139|,600070,C,G,6,78,7.69%,1.4142E-2
d1,ref|NC_001139|,601519,CT,C,6,111,5.41%,1.452E-2
d1,ref|NC_001139|,609109,T,TA,16,137,11.68%,9.2614E-6
d1,ref|NC_001139|,611510,C,CA,14,103,13.59%,3.4598E-5
d1,ref|NC_001139|,611579,CT,C,6,119,5.04%,1.4588E-2
d1,ref|NC_001139|,611744,CAT,C,12,80,15%,1.5255E-4
d1,ref|NC_001139|,616171,AT,A,21,102,20.59%,9.5939E-8
d1,ref|NC_001139|,617452,T,TA,16,122,13.11%,8.3818E-6
d1,ref|NC_001139|,627186,CT,C,10,58,17.24%,4.6276E-4
d1,ref|NC_001139|,637679,AT,A,7,113,6.19%,7.0672E-3
d1,ref|NC_001139|,639673,GA,G,20,120,16.67%,2.9539E-7
d1,ref|NC_001139|,640617,CT,C,11,64,17.19%,2.5621E-4
d1,ref|NC_001139|,649555,GT,G,17,139,12.23%,4.1035E-6
d1,ref|NC_001139|,650957,G,GA,17,128,13.28%,4.1941E-6
d1,ref|NC_001139|,653228,C,CT,17,97,17.53%,2.4824E-6
d1,ref|NC_001139|,666644,A,G,7,101,6.93%,7.0167E-3
d1,ref|NC_001139|,673180,C,T,7,131,5.34%,7.196E-3
d1,ref|NC_001139|,676341,AT,A,11,113,9.73%,3.6955E-4
d1,ref|NC_001139|,678070,CT,C,18,93,19.35%,1.1117E-6
d1,ref|NC_001139|,678100,A,C,6,62,9.68%,1.3767E-2
d1,ref|NC_001139|,678338,A,AT,5,97,5.15%,2.9592E-2
d1,ref|NC_001139|,692328,T,C,13,83,15.66%,7.3398E-5
d1,ref|NC_001139|,692330,G,A,5,78,6.41%,2.9254E-2
d1,ref|NC_001139|,700000,AT,A,22,83,26.51%,2.3517E-8
d1,ref|NC_001139|,702711,AT,A,7,111,6.31%,7.0392E-3
d1,ref|NC_001139|,704106,CA,C,10,133,7.52%,8.1113E-4
d1,ref|NC_001139|,706852,CA,C,9,135,6.67%,1.6907E-3
d1,ref|NC_001139|,707041,C,CA,10,122,8.2%,8.0056E-4
d1,ref|NC_001139|,707064,C,CA,7,124,5.65%,7.1235E-3
d1,ref|NC_001139|,715716,GA,G,14,99,14.14%,3.3842E-5
d1,ref|NC_001139|,716108,T,A,5,98,5.1%,2.966E-2
d1,ref|NC_001139|,726535,C,CT,7,130,5.38%,7.1669E-3
d1,ref|NC_001139|,733109,AT,A,17,90,18.89%,2.4359E-6
d1,ref|NC_001139|,735400,CT,C,7,115,6.09%,7.1118E-3
d1,ref|NC_001139|,736553,T,TA,14,102,13.73%,3.5315E-5
d1,ref|NC_001139|,742157,CT,C,19,91,21.11%,4.9649E-7
d1,ref|NC_001139|,746575,CT,C,9,94,9.57%,1.5142E-3
d1,ref|NC_001139|,765774,GA,G,14,132,10.61%,4.1799E-5
d1,ref|NC_001139|,774308,C,G,5,92,5.43%,2.9557E-2
d1,ref|NC_001139|,781647,G,GA,8,150,5.33%,3.5425E-3
d1,ref|NC_001139|,784113,GT,G,6,100,6%,1.4442E-2
d1,ref|NC_001139|,806220,G,GA,8,107,7.48%,3.397E-3
d1,ref|NC_001139|,807865,CA,C,26,97,26.8%,1.0752E-9
d1,ref|NC_001139|,808386,CTA,C,14,78,17.95%,3.2198E-5
d1,ref|NC_001139|,817224,TC,T,5,61,8.2%,2.87E-2
d1,ref|NC_001139|,817230,AATATT,A,5,62,8.06%,2.8741E-2
d1,ref|NC_001139|,817739,T,A,5,36,13.89%,2.6944E-2
d1,ref|NC_001139|,823795,A,AT,9,116,7.76%,1.65E-3
d1,ref|NC_001139|,836852,GA,G,10,102,9.8%,7.567E-4
d1,ref|NC_001139|,840600,GA,G,17,139,12.23%,4.322E-6
d1,ref|NC_001139|,846870,TA,T,7,117,5.98%,7.1177E-3
d1,ref|NC_001139|,847574,T,C,6,103,5.83%,1.4499E-2
d1,ref|NC_001139|,848540,GA,G,15,87,17.24%,1.3877E-5
d1,ref|NC_001139|,850800,G,GA,29,120,24.17%,2.02E-10
d1,ref|NC_001139|,853509,AT,A,7,125,5.6%,7.1057E-3
d1,ref|NC_001139|,856430,C,CA,14,126,11.11%,4.0537E-5
d1,ref|NC_001139|,871561,GA,G,17,113,15.04%,3.7189E-6
d1,ref|NC_001139|,899782,T,TA,14,138,10.14%,4.1396E-5
d1,ref|NC_001139|,910112,C,CT,12,81,14.81%,1.5356E-4
d1,ref|NC_001139|,914928,GA,G,9,91,9.89%,1.5493E-3
d1,ref|NC_001139|,918827,A,T,6,95,6.32%,1.4405E-2
d1,ref|NC_001139|,920914,G,GA,7,134,5.22%,7.1818E-3
d1,ref|NC_001139|,938048,A,G,6,88,6.82%,1.4309E-2
d1,ref|NC_001139|,938607,T,C,7,122,5.74%,7.1513E-3
d1,ref|NC_001139|,949251,CTA,C,13,86,15.12%,7.3398E-5
d1,ref|NC_001139|,959779,AAT,A,9,89,10.11%,1.5583E-3
d1,ref|NC_001139|,968722,AT,A,12,124,9.68%,1.8096E-4
d1,ref|NC_001139|,968891,C,CT,11,102,10.78%,3.6177E-4
d1,ref|NC_001139|,977899,T,TA,13,94,13.83%,7.4819E-5
d1,ref|NC_001139|,982259,G,GA,29,181,16.02%,4.8354E-10
d1,ref|NC_001139|,985722,AT,A,10,86,11.63%,6.345E-4
d1,ref|NC_001139|,987105,G,GT,11,153,7.19%,4.0047E-4
d1,ref|NC_001139|,989675,A,AT,10,63,15.87%,5.4148E-4
d1,ref|NC_001139|,990314,GA,G,14,115,12.17%,3.9601E-5
d1,ref|NC_001139|,999559,T,TA,18,127,14.17%,1.9046E-6
d1,ref|NC_001139|,1002673,A,G,104,104,100%,4.3992E-62
d1,ref|NC_001139|,1004507,AAT,A,20,97,20.62%,3.0386E-7
d1,ref|NC_001139|,1006277,G,C,119,123,96.75%,1.7984E-66
d1,ref|NC_001139|,1006278,C,G,119,123,96.75%,1.7984E-66
d1,ref|NC_001139|,1006279,G,C,119,123,96.75%,4.3819E-71
d1,ref|NC_001139|,1010897,C,CT,9,97,9.28%,1.5712E-3
d1,ref|NC_001139|,1010989,GA,G,9,91,9.89%,1.567E-3
d1,ref|NC_001139|,1011080,G,GA,12,118,10.17%,1.7945E-4
d1,ref|NC_001139|,1011803,GT,G,12,120,10%,1.7385E-4
d1,ref|NC_001139|,1021962,CT,C,10,102,9.8%,7.567E-4
d1,ref|NC_001139|,1024876,G,GA,12,149,8.05%,1.9161E-4
d1,ref|NC_001139|,1027739,G,A,16,100,16%,7.9565E-6
d1,ref|NC_001139|,1038225,C,CT,10,96,10.42%,7.5223E-4
d1,ref|NC_001139|,1038760,CT,C,7,123,5.69%,7.1405E-3
d1,ref|NC_001139|,1043766,CAT,C,5,48,10.42%,2.7799E-2
d1,ref|NC_001139|,1048639,GA,G,20,113,17.7%,3.3217E-7
d1,ref|NC_001139|,1050199,G,GA,10,141,7.09%,8.205E-4
d1,ref|NC_001139|,1050785,AT,A,18,139,12.95%,2.0999E-6
d1,ref|NC_001139|,1051813,AT,A,8,106,7.55%,3.3874E-3
d1,ref|NC_001139|,1051832,C,CT,15,129,11.63%,1.899E-5
d1,ref|NC_001139|,1054988,G,A,81,108,75%,3.2663E-36
d1,ref|NC_001139|,1059663,GT,G,6,117,5.13%,1.4597E-2
d1,ref|NC_001139|,1063585,C,CA,11,145,7.59%,3.999E-4
d1,ref|NC_001139|,1073937,CA,C,17,134,12.69%,4.1494E-6
d1,ref|NC_001139|,1081039,AT,A,18,120,15%,1.6321E-6
d1,ref|NC_001140|,93,TA,T,37,44,84.09%,1.1479E-19
d1,ref|NC_001140|,1846,A,G,16,72,22.22%,5.9837E-6
d1,ref|NC_001140|,17534,A,AT,83,115,72.17%,2.032E-37
d1,ref|NC_001140|,36134,C,CT,13,149,8.72%,9.1962E-5
d1,ref|NC_001140|,36227,G,GA,11,142,7.75%,3.95E-4
d1,ref|NC_001140|,38647,CT,C,11,128,8.59%,3.8339E-4
d1,ref|NC_001140|,48099,GA,G,11,144,7.64%,3.9564E-4
d1,ref|NC_001140|,48215,GCAA,G,7,122,5.74%,7.1513E-3
d1,ref|NC_001140|,50980,CT,C,21,136,15.44%,1.9965E-7
d1,ref|NC_001140|,58900,CT,C,11,134,8.21%,3.8578E-4
d1,ref|NC_001140|,59082,A,AT,7,105,6.67%,7.0089E-3
d1,ref|NC_001140|,63926,C,CT,11,136,8.09%,3.9096E-4
d1,ref|NC_001140|,67613,GA,G,8,114,7.02%,3.4108E-3
d1,ref|NC_001140|,71906,CT,C,13,128,10.16%,8.3803E-5
d1,ref|NC_001140|,75976,AAT,A,7,80,8.75%,6.7203E-3
d1,ref|NC_001140|,78674,CA,C,7,79,8.86%,6.7884E-3
d1,ref|NC_001140|,81858,C,CA,17,92,18.48%,2.1424E-6
d1,ref|NC_001140|,85273,GA,G,10,110,9.09%,7.7292E-4
d1,ref|NC_001140|,85508,TTA,T,113,124,91.13%,1.9548E-58
d1,ref|NC_001140|,96142,C,T,5,86,5.81%,2.9439E-2
d1,ref|NC_001140|,100505,AT,A,12,110,10.91%,1.7262E-4
d1,ref|NC_001140|,111530,CTA,C,13,92,14.13%,7.3881E-5
d1,ref|NC_001140|,115390,AT,A,14,119,11.76%,3.9922E-5
d1,ref|NC_001140|,120062,GT,G,6,99,6.06%,1.4365E-2
d1,ref|NC_001140|,121879,GA,G,7,108,6.48%,7.0535E-3
d1,ref|NC_001140|,125832,GA,G,24,106,22.64%,6.408E-9
d1,ref|NC_001140|,126150,GT,G,16,87,18.39%,6.2401E-6
d1,ref|NC_001140|,141525,CT,C,9,97,9.28%,1.5627E-3
d1,ref|NC_001140|,141650,GA,G,6,100,6%,1.443E-2
d1,ref|NC_001140|,150670,C,CA,9,118,7.63%,1.6526E-3
d1,ref|NC_001140|,167568,T,G,6,120,5%,1.4657E-2
d1,ref|NC_001140|,168456,C,G,21,99,21.21%,1.4568E-7
d1,ref|NC_001140|,170619,T,TA,8,87,9.2%,3.2735E-3
d1,ref|NC_001140|,173119,G,GA,10,98,10.2%,7.567E-4
d1,ref|NC_001140|,173136,TA,T,8,87,9.2%,3.2347E-3
d1,ref|NC_001140|,187029,GA,G,10,65,15.38%,5.8675E-4
d1,ref|NC_001140|,187717,G,GA,9,131,6.87%,1.6867E-3
d1,ref|NC_001140|,189097,GA,G,11,130,8.46%,3.8578E-4
d1,ref|NC_001140|,192694,CA,C,12,118,10.17%,1.7563E-4
d1,ref|NC_001140|,193544,AT,A,10,112,8.93%,7.8361E-4
d1,ref|NC_001140|,194954,C,T,5,95,5.26%,2.961E-2
d1,ref|NC_001140|,198474,GT,G,11,106,10.38%,3.6057E-4
d1,ref|NC_001140|,198728,GA,G,5,83,6.02%,2.9303E-2
d1,ref|NC_001140|,210269,A,AT,9,126,7.14%,1.6784E-3
d1,ref|NC_001140|,214256,CT,C,137,1062,12.9%,2.1661E-44
d1,ref|NC_001140|,220950,A,G,6,109,5.5%,1.456E-2
d1,ref|NC_001140|,221382,GA,G,12,123,9.76%,1.8333E-4
d1,ref|NC_001140|,229199,GA,G,27,102,26.47%,3.8541E-10
d1,ref|NC_001140|,233314,GA,G,14,134,10.45%,4.0537E-5
d1,ref|NC_001140|,234753,A,AT,13,103,12.62%,7.4819E-5
d1,ref|NC_001140|,236957,TA,T,6,81,7.41%,1.4064E-2
d1,ref|NC_001140|,237735,C,CT,14,75,18.67%,2.6327E-5
d1,ref|NC_001140|,237816,T,TA,13,92,14.13%,7.2906E-5
d1,ref|NC_001140|,238967,C,CA,7,126,5.56%,7.1459E-3
d1,ref|NC_001140|,255909,GA,G,16,114,14.04%,7.8422E-6
d1,ref|NC_001140|,262100,CT,C,9,138,6.52%,1.6926E-3
d1,ref|NC_001140|,271769,G,GT,11,108,10.19%,3.6633E-4
d1,ref|NC_001140|,271840,C,CT,8,124,6.45%,3.4665E-3
d1,ref|NC_001140|,282569,CT,C,9,94,9.57%,1.5627E-3
d1,ref|NC_001140|,289287,GCC,G,5,95,5.26%,2.961E-2
d1,ref|NC_001140|,293075,GA,G,8,115,6.96%,3.4196E-3
d1,ref|NC_001140|,293272,TA,T,10,81,12.35%,6.18E-4
d1,ref|NC_001140|,298814,C,CT,9,96,9.38%,1.5793E-3
d1,ref|NC_001140|,314725,CAT,C,6,102,5.88%,1.4488E-2
d1,ref|NC_001140|,323007,G,GA,9,124,7.26%,1.6784E-3
d1,ref|NC_001140|,323234,G,GA,5,88,5.68%,2.9439E-2
d1,ref|NC_001140|,340058,TTA,T,7,64,10.94%,6.3515E-3
d1,ref|NC_001140|,360784,G,GA,13,135,9.63%,8.906E-5
d1,ref|NC_001140|,361011,G,GA,9,149,6.04%,1.7105E-3
d1,ref|NC_001140|,361910,AT,A,16,144,11.11%,9.1834E-6
d1,ref|NC_001140|,365872,A,T,7,136,5.15%,7.2183E-3
d1,ref|NC_001140|,368026,CT,C,8,109,7.34%,3.397E-3
d1,ref|NC_001140|,370543,AAT,A,11,99,11.11%,3.5812E-4
d1,ref|NC_001140|,375406,GA,G,6,96,6.25%,1.4247E-2
d1,ref|NC_001140|,379942,GA,G,7,84,8.33%,6.8597E-3
d1,ref|NC_001140|,381424,G,GA,7,124,5.65%,7.1293E-3
d1,ref|NC_001140|,384944,G,GA,10,121,8.26%,7.9624E-4
d1,ref|NC_001140|,387090,AT,A,30,111,27.03%,3.3987E-11
d1,ref|NC_001140|,391752,T,TA,6,109,5.5%,1.455E-2
d1,ref|NC_001140|,396945,GA,G,32,106,30.19%,5.9519E-12
d1,ref|NC_001140|,410935,C,CT,9,154,5.84%,1.7319E-3
d1,ref|NC_001140|,417054,G,A,101,101,100%,2.7747E-60
d1,ref|NC_001140|,422794,GA,G,5,94,5.32%,2.9519E-2
d1,ref|NC_001140|,436963,A,AT,11,122,9.02%,3.7915E-4
d1,ref|NC_001140|,456259,G,GA,7,127,5.51%,7.1618E-3
d1,ref|NC_001140|,458755,C,CA,8,107,7.48%,3.397E-3
d1,ref|NC_001140|,459034,T,C,16,104,15.38%,8.1752E-6
d1,ref|NC_001140|,465802,CTA,C,5,36,13.89%,2.6944E-2
d1,ref|NC_001140|,472611,CT,C,7,110,6.36%,7.0009E-3
d1,ref|NC_001140|,475549,C,CA,10,111,9.01%,7.6512E-4
d1,ref|NC_001140|,475931,TTA,T,52,91,57.14%,2.5778E-23
d1,ref|NC_001140|,508790,T,G,16,105,15.24%,8.228E-6
d1,ref|NC_001140|,508800,CA,C,10,94,10.64%,6.9153E-4
d1,ref|NC_001140|,511255,C,T,165,165,100%,1.0417E-98
d1,ref|NC_001140|,512211,G,GA,28,147,19.05%,5.7276E-10
d1,ref|NC_001140|,514829,CTA,C,14,77,18.18%,2.9344E-5
d1,ref|NC_001140|,517407,G,GA,6,115,5.22%,1.457E-2
d1,ref|NC_001140|,518745,CA,C,10,104,9.62%,7.6512E-4
d1,ref|NC_001140|,519048,CA,C,8,106,7.55%,3.4017E-3
d1,ref|NC_001140|,522934,C,CT,14,150,9.33%,4.3593E-5
d1,ref|NC_001140|,528882,AT,A,10,103,9.71%,7.6512E-4
d1,ref|NC_001140|,529350,CA,C,14,92,15.22%,3.4598E-5
d1,ref|NC_001140|,530986,TA,T,6,91,6.59%,1.4309E-2
d1,ref|NC_001140|,532813,A,G,27,165,16.36%,2.3404E-9
d1,ref|NC_001140|,545305,T,C,7,84,8.33%,6.8597E-3
d1,ref|NC_001140|,549805,A,C,8,72,11.11%,3.1718E-3
d1,ref|NC_001140|,551717,TA,T,17,80,21.25%,2.1424E-6
d1,ref|NC_001140|,554072,TA,T,10,101,9.9%,7.4758E-4
d1,ref|NC_001140|,556887,TG,T,7,58,12.07%,6.4254E-3
d1,ref|NC_001140|,556888,GGT,G,7,51,13.73%,6.2693E-3
d1,ref|NC_001140|,556939,T,G,13,69,19.12%,6.4842E-5
d1,ref|NC_001140|,562225,T,C,23,188,12.23%,5.8247E-8
d1,ref|NC_001140|,562354,C,T,17,230,7.39%,5.6141E-6
d1,ref|NC_001140|,562374,G,A,39,219,17.81%,2.8382E-13
d1,ref|NC_001140|,562385,AT,A,44,218,20.18%,4.3368E-15
d1,ref|NC_001140|,562440,A,G,36,204,17.65%,2.6748E-12
d1,ref|NC_001140|,562443,A,G,37,203,18.23%,1.1963E-12
d1,ref|NC_001140|,562468,TGTGTG,T,23,220,10.45%,6.4633E-8
d1,ref|NC_001140|,562484,T,TG,33,141,23.57%,1.3228E-11
d1,ref|NC_001140|,562485,GT,G,12,108,11.32%,1.7563E-4
d1,ref|NC_001140|,562486,T,G,11,142,8.46%,3.9166E-4
d1,ref|NC_001140|,562509,TG,T,15,165,9.09%,2.1782E-5
d1,ref|NC_001140|,562511,G,GT,10,132,7.63%,8.1595E-4
d1,ref|NC_001140|,562515,TG,T,22,138,16.06%,9.5399E-8
d1,ref|NC_001140|,562517,G,GT,7,123,5.69%,7.1459E-3
d1,ref|NC_001140|,562527,T,TG,13,166,7.83%,9.4715E-5
d1,ref|NC_001140|,562538,TG,T,8,155,5.16%,3.5542E-3
d1,ref|NC_001140|,562540,GT,G,7,138,5.07%,7.2268E-3
d1,ref|NC_001140|,562552,GGT,G,24,130,18.75%,1.7962E-8
d1,ref|NC_001140|,562553,GT,G,5,96,5.32%,2.9592E-2
d1,ref|NC_001140|,562559,GGGTGT,G,14,92,15.38%,3.5315E-5
d1,ref|NC_001140|,562564,T,TG,6,92,6.59%,1.4279E-2
d1,ref|NC_001140|,562565,G,GGT,8,76,10.67%,3.2002E-3
d1,ref|NC_001140|,562575,T,TG,14,65,22.22%,2.5912E-5
d1,ref|NC_001140|,562578,TGTG,T,10,67,15.62%,6.6774E-4
d1,ref|NC_001140|,562582,GT,G,7,44,16.28%,5.9972E-3
d1,ref|NC_001140|,562589,GGT,G,17,60,28.33%,2.0389E-6
d1,ref|NC_001140|,562600,G,GT,5,51,9.8%,2.8203E-2
d1,ref|NC_001140|,562601,T,TG,5,44,11.36%,2.7465E-2
d1,ref|NC_001140|,562607,G,GGT,5,35,14.29%,2.6822E-2
d1,ref|NC_001140|,562608,GT,G,7,30,23.33%,5.2713E-3
d1,ref|NC_001141|,22273,T,TC,17,18,94.44%,2.0936E-9
d1,ref|NC_001141|,23082,TG,T,36,37,97.3%,2.1762E-20
d1,ref|NC_001141|,23185,C,CG,15,15,100%,6.4467E-9
d1,ref|NC_001141|,23214,T,G,13,13,100%,9.6148E-8
d1,ref|NC_001141|,25376,C,T,8,148,5.41%,3.5449E-3
d1,ref|NC_001141|,25418,T,C,34,182,18.68%,1.063E-11
d1,ref|NC_001141|,25586,T,C,76,189,40.21%,9.693E-28
d1,ref|NC_001141|,25593,C,T,64,183,34.97%,6.0039E-23
d1,ref|NC_001141|,25594,T,A,64,175,36.57%,4.4935E-23
d1,ref|NC_001141|,28539,TTA,T,7,100,7%,7.0009E-3
d1,ref|NC_001141|,37201,CT,C,6,113,5.31%,1.457E-2
d1,ref|NC_001141|,39373,T,TA,92,113,81.42%,9.5161E-45
d1,ref|NC_001141|,45872,G,A,5,66,7.58%,2.8892E-2
d1,ref|NC_001141|,45875,G,A,6,66,9.09%,1.3877E-2
d1,ref|NC_001141|,51552,CT,C,12,130,9.23%,1.7996E-4
d1,ref|NC_001141|,57277,C,CA,42,107,39.25%,2.4776E-16
d1,ref|NC_001141|,69689,G,GT,12,105,11.43%,1.6864E-4
d1,ref|NC_001141|,76013,C,CT,11,173,6.36%,4.1105E-4
d1,ref|NC_001141|,97282,G,GA,8,139,5.76%,3.5022E-3
d1,ref|NC_001141|,102536,CT,C,15,141,10.64%,2.0097E-5
d1,ref|NC_001141|,105433,A,AAAT,99,108,91.67%,1.4462E-51
d1,ref|NC_001141|,105767,GATA,G,8,113,7.08%,3.397E-3
d1,ref|NC_001141|,117410,C,CT,6,100,6%,1.443E-2
d1,ref|NC_001141|,122089,GT,G,13,125,10.4%,8.6883E-5
d1,ref|NC_001141|,125862,A,AT,7,131,5.34%,7.1669E-3
d1,ref|NC_001141|,129603,C,CT,8,94,8.51%,3.3331E-3
d1,ref|NC_001141|,133980,AT,A,16,97,16.49%,7.079E-6
d1,ref|NC_001141|,137906,GA,G,32,133,24.06%,2.2865E-11
d1,ref|NC_001141|,138429,AC,A,10,48,20.83%,5.4148E-4
d1,ref|NC_001141|,142373,A,AT,17,136,12.5%,4.3626E-6
d1,ref|NC_001141|,144117,TTA,T,13,89,14.61%,7.1369E-5
d1,ref|NC_001141|,149075,G,GA,8,103,7.77%,3.3448E-3
d1,ref|NC_001141|,151193,GA,G,13,107,12.15%,8.1888E-5
d1,ref|NC_001141|,160843,TA,T,11,118,9.32%,3.7058E-4
d1,ref|NC_001141|,163245,AT,A,15,102,14.71%,1.4663E-5
d1,ref|NC_001141|,168640,C,T,5,78,6.41%,2.9146E-2
d1,ref|NC_001141|,169788,T,TC,8,115,6.96%,3.4403E-3
d1,ref|NC_001141|,171637,G,GA,6,111,5.41%,1.455E-2
d1,ref|NC_001141|,179655,C,CA,8,144,5.56%,3.5248E-3
d1,ref|NC_001141|,183251,CT,C,19,101,18.81%,5.8701E-7
d1,ref|NC_001141|,187821,T,G,12,71,16.9%,1.4713E-4
d1,ref|NC_001141|,187822,GAAA,G,7,78,8.97%,6.4484E-3
d1,ref|NC_001141|,195445,G,GT,6,106,5.66%,1.4465E-2
d1,ref|NC_001141|,202146,AT,A,8,110,7.27%,3.4108E-3
d1,ref|NC_001141|,203823,G,A,5,98,5.1%,2.966E-2
d1,ref|NC_001141|,204781,TA,T,11,96,11.46%,3.4727E-4
d1,ref|NC_001141|,214803,C,CT,8,128,6.25%,3.4899E-3
d1,ref|NC_001141|,233034,C,CT,9,138,6.52%,1.7001E-3
d1,ref|NC_001141|,241032,G,GA,18,69,26.09%,5.3443E-7
d1,ref|NC_001141|,245962,CT,C,39,96,40.62%,1.1875E-15
d1,ref|NC_001141|,249625,CT,C,11,93,11.83%,3.4579E-4
d1,ref|NC_001141|,254003,TA,T,92,138,66.67%,5.3833E-41
d1,ref|NC_001141|,267870,TA,T,14,86,16.28%,3.1905E-5
d1,ref|NC_001141|,268328,C,CA,5,90,5.56%,2.95E-2
d1,ref|NC_001141|,273143,A,T,6,116,5.17%,1.4624E-2
d1,ref|NC_001141|,287755,AT,A,11,124,8.87%,3.8002E-4
d1,ref|NC_001141|,289643,G,GT,5,100,5%,2.9692E-2
d1,ref|NC_001141|,290193,GA,G,23,104,22.12%,2.1805E-8
d1,ref|NC_001141|,291339,C,T,6,109,5.5%,1.456E-2
d1,ref|NC_001141|,292120,C,CT,5,99,5.05%,2.966E-2
d1,ref|NC_001141|,292280,C,CT,6,109,5.5%,1.455E-2
d1,ref|NC_001141|,310500,G,GT,6,104,5.77%,1.4465E-2
d1,ref|NC_001141|,314034,G,A,10,92,10.87%,7.5223E-4
d1,ref|NC_001141|,318694,T,A,111,111,100%,2.7737E-66
d1,ref|NC_001141|,339225,C,CT,19,84,22.62%,3.5049E-7
d1,ref|NC_001141|,350025,GTA,G,6,106,5.66%,1.453E-2
d1,ref|NC_001141|,363043,CTA,C,11,86,12.79%,3.4579E-4
d1,ref|NC_001141|,363071,CT,C,12,86,13.95%,1.5455E-4
d1,ref|NC_001141|,370195,AT,A,22,98,22.45%,3.917E-8
d1,ref|NC_001141|,375747,A,T,18,84,21.43%,1.3771E-6
d1,ref|NC_001141|,379890,T,TA,9,119,7.56%,1.65E-3
d1,ref|NC_001141|,380935,GA,G,15,102,14.71%,1.5244E-5
d1,ref|NC_001141|,384315,CA,C,16,111,14.41%,8.0124E-6
d1,ref|NC_001141|,385640,A,AT,18,87,20.69%,9.0099E-7
d1,ref|NC_001141|,387143,C,A,5,60,8.47%,2.7273E-2
d1,ref|NC_001141|,389257,GA,G,9,102,8.82%,1.587E-3
d1,ref|NC_001141|,396679,C,A,7,131,5.34%,7.196E-3
d1,ref|NC_001141|,399624,T,C,9,120,7.5%,1.6718E-3
d1,ref|NC_001141|,399637,G,A,12,120,10%,1.8287E-4
d1,ref|NC_001141|,416737,TA,T,7,135,5.19%,7.2096E-3
d1,ref|NC_001141|,427307,C,CT,8,103,7.77%,3.3616E-3
d1,ref|NC_001141|,429646,A,T,7,127,5.51%,7.1769E-3
d1,ref|NC_001141|,433264,A,AT,7,125,5.6%,7.1349E-3
d1,ref|NC_001141|,436125,C,CA,9,113,7.96%,1.65E-3
d1,ref|NC_001142|,22776,G,A,6,115,5.22%,1.4615E-2
d1,ref|NC_001142|,28946,C,CT,17,138,12.32%,4.2378E-6
d1,ref|NC_001142|,33346,C,CT,7,120,5.83%,7.1293E-3
d1,ref|NC_001142|,37825,G,GT,11,126,8.73%,3.85E-4
d1,ref|NC_001142|,47026,C,CT,8,121,6.61%,3.4594E-3
d1,ref|NC_001142|,47535,G,GA,9,132,6.82%,1.6926E-3
d1,ref|NC_001142|,50370,G,GA,14,118,11.86%,3.8214E-5
d1,ref|NC_001142|,59054,GA,G,39,158,24.68%,5.1878E-14
d1,ref|NC_001142|,60682,GT,G,8,102,7.84%,3.3014E-3
d1,ref|NC_001142|,60697,G,GT,6,103,5.83%,1.4477E-2
d1,ref|NC_001142|,67697,C,CA,8,120,6.67%,3.463E-3
d1,ref|NC_001142|,71276,G,GA,12,117,10.26%,1.784E-4
d1,ref|NC_001142|,75588,C,CT,12,93,12.9%,1.634E-4
d1,ref|NC_001142|,76562,GAT,G,13,95,13.68%,7.5275E-5
d1,ref|NC_001142|,97478,G,A,127,127,100%,6.9069E-76
d1,ref|NC_001142|,98028,GT,G,6,115,5.22%,1.4615E-2
d1,ref|NC_001142|,99519,AT,A,11,101,10.89%,3.6057E-4
d1,ref|NC_001142|,101045,G,GA,8,116,6.9%,3.4281E-3
d1,ref|NC_001142|,104611,TA,T,10,87,11.49%,7.1508E-4
d1,ref|NC_001142|,109915,G,GA,11,121,9.09%,3.7735E-4
d1,ref|NC_001142|,111275,CA,C,6,113,5.31%,1.4579E-2
d1,ref|NC_001142|,113474,AT,A,12,124,9.68%,1.7945E-4
d1,ref|NC_001142|,114823,A,AT,8,122,6.56%,3.47E-3
d1,ref|NC_001142|,123779,G,GA,10,128,7.81%,7.977E-4
d1,ref|NC_001142|,126805,C,CT,6,117,5.13%,1.4615E-2
d1,ref|NC_001142|,129078,CT,C,9,139,6.47%,1.6983E-3
d1,ref|NC_001142|,134112,GA,G,22,106,20.75%,5.4235E-8
d1,ref|NC_001142|,134179,GA,G,10,120,8.33%,7.9624E-4
d1,ref|NC_001142|,136911,GA,G,32,112,28.57%,6.2815E-12
d1,ref|NC_001142|,145019,G,GA,15,130,11.54%,1.9823E-5
d1,ref|NC_001142|,147243,C,T,107,107,100%,6.972E-64
d1,ref|NC_001142|,159429,CA,C,9,109,8.26%,1.6276E-3
d1,ref|NC_001142|,161835,TA,T,11,136,8.09%,3.9234E-4
d1,ref|NC_001142|,173179,GT,G,5,95,5.26%,2.948E-2
d1,ref|NC_001142|,173273,G,GA,6,97,6.19%,1.4352E-2
d1,ref|NC_001142|,173515,TA,T,7,116,6.03%,7.087E-3
d1,ref|NC_001142|,177924,AAT,A,7,70,10%,6.6426E-3
d1,ref|NC_001142|,193608,CA,C,8,127,6.3%,3.4769E-3
d1,ref|NC_001142|,199170,A,C,112,112,100%,6.9655E-67
d1,ref|NC_001142|,200219,A,G,156,156,100%,2.6554E-93
d1,ref|NC_001142|,217454,G,GA,8,114,7.02%,3.4239E-3
d1,ref|NC_001142|,236880,C,CT,5,86,5.81%,2.9351E-2
d1,ref|NC_001142|,247164,CA,C,8,136,5.88%,3.4962E-3
d1,ref|NC_001142|,265872,G,GT,16,89,17.98%,5.1326E-6
d1,ref|NC_001142|,268747,AT,A,28,125,22.4%,4.9792E-10
d1,ref|NC_001142|,269905,T,TA,6,111,5.41%,1.457E-2
d1,ref|NC_001142|,278038,G,GA,22,149,14.77%,9.609E-8
d1,ref|NC_001142|,278205,C,CT,7,124,5.65%,7.1566E-3
d1,ref|NC_001142|,280770,C,CT,21,111,18.92%,1.5336E-7
d1,ref|NC_001142|,283419,A,AT,12,125,9.6%,1.8145E-4
d1,ref|NC_001142|,289587,T,TA,12,90,13.33%,1.5647E-4
d1,ref|NC_001142|,315657,G,GA,11,140,7.86%,3.888E-4
d1,ref|NC_001142|,317080,GTA,G,8,95,8.42%,3.339E-3
d1,ref|NC_001142|,319847,GA,G,9,111,8.11%,1.6392E-3
d1,ref|NC_001142|,337388,TA,T,10,121,8.26%,8.0056E-4
d1,ref|NC_001142|,342348,AT,A,15,85,17.65%,1.2069E-5
d1,ref|NC_001142|,358212,GT,G,26,111,23.42%,1.3586E-9
d1,ref|NC_001142|,359824,G,GA,12,114,10.53%,1.7505E-4
d1,ref|NC_001142|,386345,T,A,7,140,5%,7.235E-3
d1,ref|NC_001142|,386347,T,C,7,138,5.07%,7.2268E-3
d1,ref|NC_001142|,388260,C,CA,14,117,11.97%,3.8029E-5
d1,ref|NC_001142|,393675,TTA,T,6,120,5%,1.4649E-2
d1,ref|NC_001142|,393823,GA,G,27,114,23.68%,8.1665E-10
d1,ref|NC_001142|,405274,CA,C,10,129,7.75%,8.06E-4
d1,ref|NC_001142|,424172,GAT,G,19,105,18.1%,6.941E-7
d1,ref|NC_001142|,424906,CT,C,15,98,15.31%,1.3016E-5
d1,ref|NC_001142|,428019,G,T,7,97,7.22%,6.9846E-3
d1,ref|NC_001142|,436624,G,GT,11,88,12.5%,3.3953E-4
d1,ref|NC_001142|,457903,CA,C,17,91,18.68%,2.1424E-6
d1,ref|NC_001142|,469691,G,GA,10,137,7.3%,8.1826E-4
d1,ref|NC_001142|,470130,GTAA,G,65,117,55.56%,1.541E-26
d1,ref|NC_001142|,471047,G,GA,13,118,11.02%,8.2547E-5
d1,ref|NC_001142|,472080,AT,A,16,117,13.68%,8.3312E-6
d1,ref|NC_001142|,478375,A,C,7,47,14.89%,6.1442E-3
d1,ref|NC_001142|,478376,T,C,7,47,14.89%,6.1442E-3
d1,ref|NC_001142|,497098,A,AAT,47,96,48.96%,1.8206E-18
d1,ref|NC_001142|,497303,AAT,A,15,91,16.48%,1.5786E-5
d1,ref|NC_001142|,519255,CGT,C,13,90,14.44%,7.5275E-5
d1,ref|NC_001142|,523904,TA,T,15,103,14.56%,1.6168E-5
d1,ref|NC_001142|,524684,C,CA,10,112,8.93%,7.8361E-4
d1,ref|NC_001142|,525702,GA,G,17,91,18.68%,3.0663E-6
d1,ref|NC_001142|,525750,GA,G,6,90,6.67%,1.4294E-2
d1,ref|NC_001142|,525782,TA,T,8,46,17.78%,2.4562E-3
d1,ref|NC_001142|,529735,GA,G,9,122,7.38%,1.6718E-3
d1,ref|NC_001142|,538633,A,AT,13,118,11.02%,8.3803E-5
d1,ref|NC_001142|,548539,C,CA,5,87,5.75%,2.9439E-2
d1,ref|NC_001142|,550151,C,CT,11,117,9.4%,3.7058E-4
d1,ref|NC_001142|,555085,G,GA,11,103,10.68%,3.6522E-4
d1,ref|NC_001142|,559153,T,A,6,99,6.06%,1.4454E-2
d1,ref|NC_001142|,568755,TA,T,12,103,11.65%,1.6793E-4
d1,ref|NC_001142|,570775,GA,G,7,122,5.74%,7.1235E-3
d1,ref|NC_001142|,570787,AT,A,7,98,7.14%,6.9313E-3
d1,ref|NC_001142|,575252,G,GA,12,141,8.51%,1.8874E-4
d1,ref|NC_001142|,577025,AAT,A,12,97,12.37%,1.6793E-4
d1,ref|NC_001142|,577187,G,GA,8,100,8%,3.3669E-3
d1,ref|NC_001142|,580248,CT,C,10,97,10.31%,7.1814E-4
d1,ref|NC_001142|,585633,C,CA,7,137,5.11%,7.214E-3
d1,ref|NC_001142|,586417,CA,C,12,113,10.62%,1.7446E-4
d1,ref|NC_001142|,620332,C,CA,14,160,8.75%,4.49E-5
d1,ref|NC_001142|,620581,CT,C,12,125,9.6%,1.8241E-4
d1,ref|NC_001142|,636995,CA,C,9,99,9.09%,1.5793E-3
d1,ref|NC_001142|,639198,CT,C,9,73,12.33%,1.3788E-3
d1,ref|NC_001142|,639990,AAC,A,6,55,10.91%,1.3375E-2
d1,ref|NC_001142|,640784,G,GA,99,124,79.84%,7.359E-48
d1,ref|NC_001142|,649224,A,AT,12,141,8.51%,1.8874E-4
d1,ref|NC_001142|,661764,CTGT,C,9,158,5.7%,1.736E-3
d1,ref|NC_001142|,667224,GTA,G,19,105,18.1%,7.4225E-7
d1,ref|NC_001142|,697010,CT,C,12,135,8.89%,1.8835E-4
d1,ref|NC_001142|,701746,TCA,T,11,97,11.34%,3.5291E-4
d1,ref|NC_001142|,715068,G,A,16,67,23.88%,5.5268E-6
d1,ref|NC_001142|,715072,G,T,17,66,25.76%,2.3408E-6
d1,ref|NC_001142|,715081,T,G,18,57,31.58%,7.7462E-7
d1,ref|NC_001142|,715087,A,G,16,49,32.65%,3.5325E-6
d1,ref|NC_001142|,715095,G,A,23,42,54.76%,1.7689E-9
d1,ref|NC_001142|,715099,G,T,21,41,51.22%,1.4682E-8
d1,ref|NC_001142|,715108,A,T,6,28,21.43%,1.1603E-2
d1,ref|NC_001142|,717235,T,TA,8,123,6.5%,3.4519E-3
d1,ref|NC_001142|,721655,GA,G,14,132,10.61%,4.1799E-5
d1,ref|NC_001142|,722536,AT,A,8,122,6.56%,3.4519E-3
d1,ref|NC_001142|,738075,G,T,80,265,30.19%,7.1658E-28
d1,ref|NC_001142|,742720,T,C,6,53,11.32%,1.3458E-2
d1,ref|NC_001142|,742723,G,A,6,54,11.11%,1.3497E-2
d1,ref|NC_001142|,745710,GT,G,8,10,80%,3.5723E-4
d1,ref|NC_001143|,457,C,CA,87,88,98.86%,1.5472E-50
d1,ref|NC_001143|,8331,T,TA,10,120,8.33%,7.917E-4
d1,ref|NC_001143|,21664,CA,C,6,108,5.56%,1.4509E-2
d1,ref|NC_001143|,22040,CA,C,11,70,15.71%,2.7081E-4
d1,ref|NC_001143|,26591,CAT,C,19,76,25%,3.9716E-7
d1,ref|NC_001143|,36588,CAT,C,11,58,18.97%,2.3962E-4
d1,ref|NC_001143|,53379,TA,T,7,113,6.19%,7.087E-3
d1,ref|NC_001143|,67773,C,CT,17,100,17%,3.0285E-6
d1,ref|NC_001143|,68454,G,GCC,91,98,92.86%,3.9815E-48
d1,ref|NC_001143|,68468,T,TG,95,96,98.96%,2.6871E-55
d1,ref|NC_001143|,78799,TTA,T,9,93,9.68%,1.567E-3
d1,ref|NC_001143|,80905,C,CT,10,151,6.62%,8.3274E-4
d1,ref|NC_001143|,134467,A,AT,8,132,6.06%,3.4735E-3
d1,ref|NC_001143|,136103,CAT,C,9,103,8.74%,1.5981E-3
d1,ref|NC_001143|,144438,C,T,6,113,5.31%,1.4597E-2
d1,ref|NC_001143|,164844,CTATA,C,9,62,14.52%,1.3055E-3
d1,ref|NC_001143|,177111,GA,G,9,136,6.62%,1.6867E-3
d1,ref|NC_001143|,184501,GTAA,G,14,83,16.87%,3.3315E-5
d1,ref|NC_001143|,188678,C,CA,10,130,7.69%,8.1358E-4
d1,ref|NC_001143|,196211,G,GA,26,124,20.97%,2.1993E-9
d1,ref|NC_001143|,202952,C,T,6,116,5.17%,1.4624E-2
d1,ref|NC_001143|,208022,TA,T,19,117,16.24%,8.2223E-7
d1,ref|NC_001143|,217107,GA,G,17,113,15.04%,3.5111E-6
d1,ref|NC_001143|,223175,TA,T,12,118,10.17%,1.7945E-4
d1,ref|NC_001143|,231612,G,GA,7,112,6.25%,7.0934E-3
d1,ref|NC_001143|,234032,C,CA,12,97,12.37%,1.6793E-4
d1,ref|NC_001143|,234262,AT,A,7,87,8.05%,6.801E-3
d1,ref|NC_001143|,237424,GA,G,7,118,5.93%,7.0996E-3
d1,ref|NC_001143|,242787,C,CT,13,94,13.83%,7.4354E-5
d1,ref|NC_001143|,246028,A,AT,12,121,9.92%,1.7996E-4
d1,ref|NC_001143|,255584,C,CT,11,95,11.58%,3.5556E-4
d1,ref|NC_001143|,260979,G,GA,13,116,11.21%,8.4402E-5
d1,ref|NC_001143|,266089,TA,T,14,114,12.28%,3.8397E-5
d1,ref|NC_001143|,271769,TA,T,7,110,6.36%,7.074E-3
d1,ref|NC_001143|,277040,AT,A,5,89,5.62%,2.9327E-2
d1,ref|NC_001143|,280162,G,GA,23,140,16.43%,3.596E-8
d1,ref|NC_001143|,280940,GAT,G,8,105,7.62%,3.3874E-3
d1,ref|NC_001143|,286448,T,TA,13,85,15.29%,6.7998E-5
d1,ref|NC_001143|,307266,C,CA,7,130,5.38%,7.1818E-3
d1,ref|NC_001143|,309693,GT,G,8,104,7.69%,3.3722E-3
d1,ref|NC_001143|,310035,G,GA,8,150,5.33%,3.5425E-3
d1,ref|NC_001143|,320823,GT,G,18,78,23.08%,8.5119E-7
d1,ref|NC_001143|,323019,A,T,125,125,100%,1.0964E-74
d1,ref|NC_001143|,327725,A,AT,13,127,10.24%,8.764E-5
d1,ref|NC_001143|,335103,G,GA,14,80,17.5%,2.9687E-5
d1,ref|NC_001143|,340673,G,GA,17,141,12.06%,4.5339E-6
d1,ref|NC_001143|,341027,G,GA,6,119,5.04%,1.4606E-2
d1,ref|NC_001143|,351197,C,CT,9,121,7.44%,1.6526E-3
d1,ref|NC_001143|,355182,G,GA,17,117,14.53%,3.747E-6
d1,ref|NC_001143|,358106,C,G,144,144,100%,4.2805E-86
d1,ref|NC_001143|,358455,CT,C,7,133,5.26%,7.1818E-3
d1,ref|NC_001143|,364491,GT,G,12,115,10.43%,1.7262E-4
d1,ref|NC_001143|,378945,CAT,C,6,119,5.04%,1.464E-2
d1,ref|NC_001143|,382560,ATAT,A,7,97,7.22%,6.9761E-3
d1,ref|NC_001143|,382677,GT,G,9,89,10.11%,1.5627E-3
d1,ref|NC_001143|,384845,C,CAT,68,110,61.82%,6.7561E-29
d1,ref|NC_001143|,385103,C,CT,15,64,23.44%,6.0618E-6
d1,ref|NC_001143|,385587,G,GT,5,87,5.75%,2.9351E-2
d1,ref|NC_001143|,419103,CA,C,8,148,5.41%,3.5351E-3
d1,ref|NC_001143|,428955,GA,G,7,118,5.93%,7.0934E-3
d1,ref|NC_001143|,429079,A,AT,9,111,8.11%,1.6447E-3
d1,ref|NC_001143|,448910,C,T,8,103,7.77%,3.3874E-3
d1,ref|NC_001143|,449864,T,C,7,126,5.56%,7.1719E-3
d1,ref|NC_001143|,451568,GGAACAC,G,114,127,89.76%,4.9564E-58
d1,ref|NC_001143|,461693,AT,A,17,132,12.88%,4.3825E-6
d1,ref|NC_001143|,463261,CT,C,13,77,16.88%,5.5625E-5
d1,ref|NC_001143|,465172,G,GTATA,15,46,32.61%,3.5464E-6
d1,ref|NC_001143|,465260,C,CT,6,64,9.38%,1.3767E-2
d1,ref|NC_001143|,489841,T,TA,10,113,8.85%,7.9014E-4
d1,ref|NC_001143|,518072,CT,C,6,69,8.7%,1.3674E-2
d1,ref|NC_001143|,518111,C,CT,10,73,13.7%,6.18E-4
d1,ref|NC_001143|,519367,GA,G,13,131,9.92%,8.764E-5
d1,ref|NC_001143|,524035,AT,A,12,93,12.9%,1.4358E-4
d1,ref|NC_001143|,530806,GAAT,G,7,99,7.07%,7.0009E-3
d1,ref|NC_001143|,556431,GA,G,7,116,6.03%,7.1057E-3
d1,ref|NC_001143|,576096,AT,A,5,97,5.15%,2.9592E-2
d1,ref|NC_001143|,579730,CAT,C,6,105,5.71%,1.4509E-2
d1,ref|NC_001143|,580882,CAT,C,7,140,5%,7.2051E-3
d1,ref|NC_001143|,581078,GA,G,25,135,18.52%,7.6708E-9
d1,ref|NC_001143|,599824,A,T,7,109,6.42%,7.074E-3
d1,ref|NC_001143|,615683,A,AT,10,139,7.19%,8.2269E-4
d1,ref|NC_001143|,617557,CT,C,23,111,20.72%,2.1305E-8
d1,ref|NC_001143|,618946,G,GA,15,114,13.16%,1.7728E-5
d1,ref|NC_001143|,632832,CA,C,20,140,14.29%,4.1176E-7
d1,ref|NC_001143|,635448,AT,A,7,113,6.19%,7.087E-3
d1,ref|NC_001143|,635468,CT,C,27,142,19.01%,1.4111E-9
d1,ref|NC_001143|,638422,A,AT,22,133,16.54%,7.5166E-8
d1,ref|NC_001143|,645204,C,CA,24,122,19.67%,1.33E-8
d1,ref|NC_001143|,652349,AT,A,5,98,5.1%,2.9592E-2
d1,ref|NC_001143|,652683,T,A,7,140,5%,7.235E-3
d1,ref|NC_001143|,660577,C,CA,9,99,9.09%,1.5832E-3
d1,ref|NC_001143|,661401,G,GA,9,116,7.76%,1.6392E-3
d1,ref|NC_001143|,666556,GT,G,53,53,100%,1.5943E-31
d1,ref|NC_001143|,666702,GGT,G,17,39,43.59%,8.1342E-7
d1,ref|NC_001143|,666721,T,TG,11,20,55%,7.2653E-5
d1,ref|NC_001144|,28,A,AC,15,28,53.57%,2.3037E-6
d1,ref|NC_001144|,5699,C,CA,8,143,5.59%,3.5326E-3
d1,ref|NC_001144|,5741,T,C,10,123,8.13%,8.0731E-4
d1,ref|NC_001144|,5757,A,T,8,126,6.35%,3.4835E-3
d1,ref|NC_001144|,5807,C,G,8,142,5.63%,3.53E-3
d1,ref|NC_001144|,5808,T,C,8,143,5.59%,3.5326E-3
d1,ref|NC_001144|,10965,T,C,12,41,29.27%,9.5339E-5
d1,ref|NC_001144|,11225,CA,C,54,83,65.06%,9.786E-23
d1,ref|NC_001144|,14561,AT,A,10,128,7.81%,8.0731E-4
d1,ref|NC_001144|,19914,CT,C,21,154,13.64%,2.0392E-7
d1,ref|NC_001144|,36723,G,GA,7,123,5.69%,7.1293E-3
d1,ref|NC_001144|,41223,CATAT,C,4,21,19.05%,4.9808E-2
d1,ref|NC_001144|,46703,A,AT,14,146,9.59%,4.3808E-5
d1,ref|NC_001144|,48855,CA,C,15,98,15.31%,1.3016E-5
d1,ref|NC_001144|,52019,AAT,A,18,120,15%,1.8678E-6
d1,ref|NC_001144|,52618,CT,C,18,153,11.76%,2.0801E-6
d1,ref|NC_001144|,63982,C,CA,33,161,20.5%,1.2516E-11
d1,ref|NC_001144|,65534,A,AT,13,129,10.08%,8.6623E-5
d1,ref|NC_001144|,66619,C,CT,9,108,8.33%,1.6151E-3
d1,ref|NC_001144|,78416,T,C,5,92,5.43%,2.9557E-2
d1,ref|NC_001144|,81402,TA,T,6,104,5.77%,1.4465E-2
d1,ref|NC_001144|,84519,C,CT,7,133,5.26%,7.1669E-3
d1,ref|NC_001144|,86724,TA,T,23,123,18.7%,3.0376E-8
d1,ref|NC_001144|,86742,C,A,5,101,5.1%,2.966E-2
d1,ref|NC_001144|,105616,T,TA,18,124,14.52%,1.7903E-6
d1,ref|NC_001144|,108046,C,CT,11,115,9.57%,3.716E-4
d1,ref|NC_001144|,112176,G,GA,13,120,10.83%,8.3803E-5
d1,ref|NC_001144|,121725,GT,G,13,125,10.4%,8.6623E-5
d1,ref|NC_001144|,122008,GA,G,14,84,16.67%,2.3225E-5
d1,ref|NC_001144|,124986,G,GT,9,125,7.2%,1.6551E-3
d1,ref|NC_001144|,125399,TTA,T,5,84,5.95%,2.9351E-2
d1,ref|NC_001144|,129214,CA,C,7,134,5.22%,7.1913E-3
d1,ref|NC_001144|,130903,CT,C,12,138,8.7%,1.8637E-4
d1,ref|NC_001144|,161651,TA,T,20,116,17.24%,3.2029E-7
d1,ref|NC_001144|,167917,G,GA,6,118,5.08%,1.4597E-2
d1,ref|NC_001144|,170682,CAT,C,8,74,10.81%,3.1618E-3
d1,ref|NC_001144|,172018,AAT,A,17,80,21.25%,2.5734E-6
d1,ref|NC_001144|,179752,A,AT,15,102,14.71%,1.6766E-5
d1,ref|NC_001144|,179897,CT,C,8,88,9.09%,3.2661E-3
d1,ref|NC_001144|,187137,AT,A,142,143,99.3%,2.457E-83
d1,ref|NC_001144|,193400,CT,C,10,123,8.13%,8.0467E-4
d1,ref|NC_001144|,195306,CT,C,9,155,5.81%,1.7232E-3
d1,ref|NC_001144|,196591,A,AT,15,127,11.81%,1.8391E-5
d1,ref|NC_001144|,204043,G,GA,10,154,6.49%,8.3179E-4
d1,ref|NC_001144|,209835,G,A,6,95,6.32%,1.4405E-2
d1,ref|NC_001144|,229572,G,A,14,104,13.46%,3.8029E-5
d1,ref|NC_001144|,234303,TA,T,7,125,5.6%,7.1669E-3
d1,ref|NC_001144|,234390,A,G,60,149,40.27%,4.7958E-22
d1,ref|NC_001144|,238444,C,G,7,108,6.48%,7.0672E-3
d1,ref|NC_001144|,243827,CAT,C,14,129,10.85%,4.1258E-5
d1,ref|NC_001144|,245256,AAT,A,20,111,18.02%,3.3605E-7
d1,ref|NC_001144|,246210,GT,G,9,112,8.04%,1.6392E-3
d1,ref|NC_001144|,248700,AT,A,14,115,12.17%,3.9601E-5
d1,ref|NC_001144|,251194,GA,G,35,120,29.17%,6.1418E-13
d1,ref|NC_001144|,253093,G,GA,11,89,12.36%,3.3447E-4
d1,ref|NC_001144|,259721,C,CT,10,141,7.09%,8.2481E-4
d1,ref|NC_001144|,263307,C,CA,11,134,8.21%,3.888E-4
d1,ref|NC_001144|,264076,AT,A,13,92,14.13%,6.4842E-5
d1,ref|NC_001144|,266819,G,A,22,101,21.78%,6.6103E-8
d1,ref|NC_001144|,268086,C,T,14,103,13.59%,3.8029E-5
d1,ref|NC_001144|,270573,G,A,6,65,9.23%,1.3824E-2
d1,ref|NC_001144|,280996,GA,G,27,145,18.62%,1.3438E-9
d1,ref|NC_001144|,282693,A,AT,7,121,5.79%,7.1177E-3
d1,ref|NC_001144|,283781,G,GA,5,93,5.38%,2.948E-2
d1,ref|NC_001144|,287681,G,GA,7,136,5.15%,7.214E-3
d1,ref|NC_001144|,289357,CT,C,14,164,8.54%,4.412E-5
d1,ref|NC_001144|,291384,A,G,153,153,100%,1.683E-91
d1,ref|NC_001144|,291386,A,G,153,153,100%,1.683E-91
d1,ref|NC_001144|,292024,G,GA,14,107,13.08%,3.3315E-5
d1,ref|NC_001144|,306620,T,TA,9,145,6.21%,1.6964E-3
d1,ref|NC_001144|,315793,CT,C,9,147,6.12%,1.7122E-3
d1,ref|NC_001144|,320335,G,GA,13,120,10.83%,8.4105E-5
d1,ref|NC_001144|,322104,AT,A,13,120,10.83%,8.1207E-5
d1,ref|NC_001144|,339676,TTA,T,11,88,12.5%,3.4727E-4
d1,ref|NC_001144|,345042,C,G,12,88,13.64%,1.634E-4
d1,ref|NC_001144|,348735,CA,C,13,122,10.66%,8.2547E-5
d1,ref|NC_001144|,348919,GT,G,19,104,18.27%,6.152E-7
d1,ref|NC_001144|,369580,TA,T,7,117,5.98%,7.1118E-3
d1,ref|NC_001144|,370487,AT,A,13,112,11.61%,8.222E-5
d1,ref|NC_001144|,392810,G,GT,7,124,5.65%,7.1349E-3
d1,ref|NC_001144|,393993,TA,T,12,128,9.38%,1.8333E-4
d1,ref|NC_001144|,394693,GA,G,15,139,10.79%,1.946E-5
d1,ref|NC_001144|,402737,A,AT,12,114,10.53%,1.7446E-4
d1,ref|NC_001144|,415651,G,GT,7,92,7.61%,6.8706E-3
d1,ref|NC_001144|,415698,T,TA,6,74,8.11%,1.3928E-2
d1,ref|NC_001144|,421496,AG,A,12,59,20.34%,1.2642E-4
d1,ref|NC_001144|,423554,CT,C,18,134,13.43%,1.8553E-6
d1,ref|NC_001144|,424047,C,T,6,110,5.45%,1.457E-2
d1,ref|NC_001144|,424052,G,T,6,108,5.56%,1.455E-2
d1,ref|NC_001144|,424059,A,C,6,104,5.77%,1.4509E-2
d1,ref|NC_001144|,424064,A,G,6,105,5.71%,1.452E-2
d1,ref|NC_001144|,426662,C,CA,12,117,10.26%,1.7677E-4
d1,ref|NC_001144|,432143,C,CA,11,131,8.4%,3.9234E-4
d1,ref|NC_001144|,441523,C,CT,16,144,11.11%,9.0626E-6
d1,ref|NC_001144|,447844,C,CA,12,113,10.62%,1.7505E-4
d1,ref|NC_001144|,449594,C,CT,12,113,10.62%,1.7324E-4
d1,ref|NC_001144|,449950,C,CT,10,124,8.06%,8.0195E-4
d1,ref|NC_001144|,459249,C,A,25,304,8.22%,1.782E-8
d1,ref|NC_001144|,459564,T,C,450,6554,6.87%,2.7647E-128
d1,ref|NC_001144|,459803,CT,C,1254,11694,10.74%,0E0
d1,ref|NC_001144|,460002,CA,C,2473,15694,15.76%,0E0
d1,ref|NC_001144|,460103,T,C,908,15871,5.72%,7.1562E-252
d1,ref|NC_001144|,460152,T,G,918,16539,5.55%,3.1847E-253
d1,ref|NC_001144|,460262,G,GTA,946,17123,5.52%,3.969E-260
d1,ref|NC_001144|,460383,TA,T,3218,15552,20.69%,0E0
d1,ref|NC_001144|,460477,AT,A,1255,16729,7.5%,0E0
d1,ref|NC_001144|,460621,T,C,1262,13863,9.1%,0E0
d1,ref|NC_001144|,489468,C,CT,15,143,10.49%,2.0097E-5
d1,ref|NC_001144|,491513,CT,C,11,136,8.09%,3.8732E-4
d1,ref|NC_001144|,494541,A,G,6,99,6.06%,1.4454E-2
d1,ref|NC_001144|,495309,CT,C,8,134,5.97%,3.4962E-3
d1,ref|NC_001144|,513143,CAT,C,8,74,10.81%,3.2002E-3
d1,ref|NC_001144|,513997,CA,C,10,107,9.35%,7.6512E-4
d1,ref|NC_001144|,514965,CT,C,9,129,6.98%,1.6718E-3
d1,ref|NC_001144|,517794,GT,G,5,94,5.32%,2.9575E-2
d1,ref|NC_001144|,528749,T,A,112,112,100%,6.9655E-67
d1,ref|NC_001144|,535172,C,CA,10,123,8.13%,8.0056E-4
d1,ref|NC_001144|,539598,C,CT,7,111,6.31%,7.0464E-3
d1,ref|NC_001144|,545933,C,CT,14,126,11.11%,3.9437E-5
d1,ref|NC_001144|,550360,C,CA,16,138,11.59%,9.2996E-6
d1,ref|NC_001144|,552708,CT,C,8,149,5.37%,3.5376E-3
d1,ref|NC_001144|,556468,CAT,C,11,85,12.94%,3.3271E-4
d1,ref|NC_001144|,560601,G,GT,8,143,5.59%,3.5221E-3
d1,ref|NC_001144|,564479,CA,C,5,100,5%,2.9692E-2
d1,ref|NC_001144|,568017,CT,C,11,107,10.28%,3.5812E-4
d1,ref|NC_001144|,568290,CT,C,10,124,8.06%,8.0056E-4
d1,ref|NC_001144|,575429,G,C,5,82,6.1%,2.9351E-2
d1,ref|NC_001144|,585918,AT,A,5,84,5.95%,2.9396E-2
d1,ref|NC_001144|,585920,GA,G,18,83,21.69%,7.2242E-7
d1,ref|NC_001144|,592754,T,A,7,136,5.15%,7.2183E-3
d1,ref|NC_001144|,612158,GA,G,13,122,10.66%,8.5266E-5
d1,ref|NC_001144|,625064,T,TA,10,144,6.94%,8.2788E-4
d1,ref|NC_001144|,626434,GA,G,11,109,10.09%,3.6522E-4
d1,ref|NC_001144|,636551,GT,G,15,103,14.56%,1.5383E-5
d1,ref|NC_001144|,641311,G,GA,18,117,15.38%,1.7211E-6
d1,ref|NC_001144|,645231,T,TA,24,121,19.83%,1.3517E-8
d1,ref|NC_001144|,646385,GA,G,18,135,13.33%,1.8925E-6
d1,ref|NC_001144|,651138,C,A,8,137,5.84%,3.5166E-3
d1,ref|NC_001144|,651140,A,T,8,136,5.88%,3.5138E-3
d1,ref|NC_001144|,651141,C,T,8,136,5.88%,3.5138E-3
d1,ref|NC_001144|,657175,C,T,125,125,100%,1.0964E-74
d1,ref|NC_001144|,657926,G,GT,6,107,5.61%,1.4477E-2
d1,ref|NC_001144|,667982,AT,A,7,118,5.93%,7.1293E-3
d1,ref|NC_001144|,687472,GA,G,21,128,16.41%,1.7805E-7
d1,ref|NC_001144|,687563,AT,A,7,109,6.42%,7.0672E-3
d1,ref|NC_001144|,687587,GTA,G,16,94,17.02%,7.3492E-6
d1,ref|NC_001144|,699939,GA,G,11,88,12.5%,3.0799E-4
d1,ref|NC_001144|,704138,TA,T,26,96,27.08%,7.6618E-10
d1,ref|NC_001144|,704451,AT,A,8,95,8.42%,3.3331E-3
d1,ref|NC_001144|,712186,GT,G,8,155,5.16%,3.5473E-3
d1,ref|NC_001144|,713307,A,AT,7,129,5.43%,7.1405E-3
d1,ref|NC_001144|,718114,TA,T,17,150,11.33%,4.5519E-6
d1,ref|NC_001144|,722481,G,GT,10,99,10.1%,7.4758E-4
d1,ref|NC_001144|,723168,CA,C,14,118,11.86%,3.8029E-5
d1,ref|NC_001144|,723209,GT,G,9,94,9.57%,1.5712E-3
d1,ref|NC_001144|,724017,C,T,5,99,5.05%,2.9676E-2
d1,ref|NC_001144|,734923,A,AT,12,109,11.01%,1.7134E-4
d1,ref|NC_001144|,743995,GA,G,8,142,5.63%,3.511E-3
d1,ref|NC_001144|,759341,G,GA,8,120,6.67%,3.463E-3
d1,ref|NC_001144|,766503,TA,T,16,92,17.39%,5.333E-6
d1,ref|NC_001144|,769162,CAT,C,15,110,13.64%,1.8021E-5
d1,ref|NC_001144|,777943,G,GT,17,149,11.41%,4.46E-6
d1,ref|NC_001144|,784382,G,GC,105,110,95.45%,1.6951E-57
d1,ref|NC_001144|,784523,GT,G,8,114,7.02%,3.4403E-3
d1,ref|NC_001144|,784895,G,GA,8,141,5.67%,3.5052E-3
d1,ref|NC_001144|,793997,A,AT,11,99,11.11%,3.5154E-4
d1,ref|NC_001144|,802485,A,AT,13,114,11.4%,8.0858E-5
d1,ref|NC_001144|,807323,TA,T,9,150,6%,1.7122E-3
d1,ref|NC_001144|,819069,C,CT,6,98,6.12%,1.4405E-2
d1,ref|NC_001144|,823442,GGA,G,7,46,15.22%,6.0363E-3
d1,ref|NC_001144|,823566,GA,G,6,61,9.84%,1.3674E-2
d1,ref|NC_001144|,828903,C,T,125,125,100%,1.0964E-74
d1,ref|NC_001144|,829405,GTA,G,6,82,7.32%,1.4142E-2
d1,ref|NC_001144|,833744,AT,A,9,108,8.33%,1.6151E-3
d1,ref|NC_001144|,837516,C,CAT,5,88,5.68%,2.9327E-2
d1,ref|NC_001144|,837956,GA,G,14,138,10.14%,4.1666E-5
d1,ref|NC_001144|,852137,GT,G,7,99,7.07%,6.9498E-3
d1,ref|NC_001144|,858999,T,C,6,89,6.74%,1.4324E-2
d1,ref|NC_001144|,862572,A,AT,8,139,5.76%,3.5166E-3
d1,ref|NC_001144|,881947,C,CAT,57,100,57%,7.5496E-23
d1,ref|NC_001144|,885840,G,A,5,88,5.68%,2.948E-2
d1,ref|NC_001144|,931046,AT,A,7,139,5.04%,7.2051E-3
d1,ref|NC_001144|,941045,T,TA,8,103,7.77%,3.3922E-3
d1,ref|NC_001144|,944238,C,A,50,50,100%,9.9117E-30
d1,ref|NC_001144|,950305,C,CT,9,115,7.83%,1.6364E-3
d1,ref|NC_001144|,950357,C,CT,6,120,5%,1.4649E-2
d1,ref|NC_001144|,950840,GA,G,7,132,5.3%,7.1818E-3
d1,ref|NC_001144|,976630,A,T,5,97,5.15%,2.9644E-2
d1,ref|NC_001144|,980201,A,T,4,12,33.33%,4.6584E-2
d1,ref|NC_001144|,981461,A,G,19,142,13.38%,1.0011E-6
d1,ref|NC_001144|,1002214,GA,G,20,129,15.5%,3.2029E-7
d1,ref|NC_001144|,1011372,C,CT,14,98,14.29%,3.2485E-5
d1,ref|NC_001144|,1012324,C,CG,101,106,95.28%,3.5575E-55
d1,ref|NC_001144|,1012328,A,AGCC,100,106,94.34%,6.6407E-54
d1,ref|NC_001144|,1015482,AAT,A,32,131,24.43%,2.2865E-11
d1,ref|NC_001144|,1019116,GA,G,24,131,18.32%,1.7393E-8
d1,ref|NC_001144|,1024980,A,AT,13,106,12.26%,7.4819E-5
d1,ref|NC_001144|,1025009,GT,G,13,97,13.4%,7.4819E-5
d1,ref|NC_001144|,1027909,G,A,109,144,75.69%,8.33E-49
d1,ref|NC_001144|,1031402,GAGA,G,10,110,9.09%,7.8855E-4
d1,ref|NC_001144|,1039435,T,A,130,130,100%,1.0919E-77
d1,ref|NC_001144|,1053293,AT,A,23,121,19.01%,2.7151E-8
d1,ref|NC_001144|,1059123,T,TA,9,139,6.47%,1.6983E-3
d1,ref|NC_001144|,1059677,T,TA,17,126,13.49%,3.5726E-6
d1,ref|NC_001144|,1065029,GGT,G,5,76,6.58%,2.9201E-2
d1,ref|NC_001144|,1065078,GGT,G,5,61,8.2%,2.87E-2
d1,ref|NC_001144|,1071573,AT,A,16,285,5.61%,1.223E-5
d1,ref|NC_001145|,5564,ACC,A,6,112,5.36%,1.4588E-2
d1,ref|NC_001145|,17615,C,T,5,97,5.15%,2.9644E-2
d1,ref|NC_001145|,21958,GTA,G,17,95,17.89%,3.1036E-6
d1,ref|NC_001145|,26551,A,AT,12,96,12.5%,1.6093E-4
d1,ref|NC_001145|,26716,AT,A,22,105,20.95%,4.7918E-8
d1,ref|NC_001145|,34017,TA,T,9,116,7.76%,1.6474E-3
d1,ref|NC_001145|,34473,T,G,130,132,98.48%,1.0919E-77
d1,ref|NC_001145|,41950,GA,G,27,104,25.96%,4.4502E-10
d1,ref|NC_001145|,43866,CT,C,10,97,10.31%,7.4758E-4
d1,ref|NC_001145|,43908,AT,A,9,103,8.74%,1.6118E-3
d1,ref|NC_001145|,43944,G,GA,7,121,5.79%,7.1293E-3
d1,ref|NC_001145|,49837,C,CT,20,158,12.66%,4.888E-7
d1,ref|NC_001145|,56529,C,CT,9,144,6.25%,1.7089E-3
d1,ref|NC_001145|,58770,AT,A,7,109,6.42%,7.0318E-3
d1,ref|NC_001145|,86950,CTATTAT,C,7,56,12.5%,6.2398E-3
d1,ref|NC_001145|,94308,A,AT,8,119,6.72%,3.4443E-3
d1,ref|NC_001145|,95588,C,CA,8,93,8.6%,3.2878E-3
d1,ref|NC_001145|,95727,CTA,C,11,81,13.58%,3.362E-4
d1,ref|NC_001145|,97876,AT,A,7,111,6.31%,7.074E-3
d1,ref|NC_001145|,99274,CA,C,6,95,6.32%,1.4324E-2
d1,ref|NC_001145|,99599,CAT,C,8,114,7.02%,3.4239E-3
d1,ref|NC_001145|,103864,GT,G,9,135,6.67%,1.6945E-3
d1,ref|NC_001145|,110964,CA,C,8,142,5.63%,3.5194E-3
d1,ref|NC_001145|,158396,TA,T,14,79,17.72%,2.7518E-5
d1,ref|NC_001145|,159852,CAT,C,25,88,28.41%,3.4311E-9
d1,ref|NC_001145|,164392,G,GT,21,107,19.63%,1.0525E-7
d1,ref|NC_001145|,165422,CT,C,10,90,11.11%,6.9868E-4
d1,ref|NC_001145|,169058,CT,C,13,119,10.92%,8.4695E-5
d1,ref|NC_001145|,191990,AT,A,16,78,20.51%,4.9254E-6
d1,ref|NC_001145|,192743,GTA,G,18,95,18.95%,1.4851E-6
d1,ref|NC_001145|,209069,C,CT,15,102,14.71%,1.6766E-5
d1,ref|NC_001145|,234752,AT,A,7,109,6.42%,7.0318E-3
d1,ref|NC_001145|,236652,CT,C,28,160,17.5%,8.6079E-10
d1,ref|NC_001145|,238330,GATA,G,5,83,6.02%,2.9351E-2
d1,ref|NC_001145|,238763,CT,C,17,103,16.5%,2.7049E-6
d1,ref|NC_001145|,239353,CAT,C,12,69,17.39%,1.3421E-4
d1,ref|NC_001145|,241854,C,CT,11,132,8.33%,3.85E-4
d1,ref|NC_001145|,245885,G,A,12,83,14.46%,1.592E-4
d1,ref|NC_001145|,261667,TA,T,7,112,6.25%,7.0805E-3
d1,ref|NC_001145|,272748,A,AT,5,94,5.32%,2.9592E-2
d1,ref|NC_001145|,276374,TA,T,8,131,6.11%,3.4769E-3
d1,ref|NC_001145|,305685,GT,G,7,103,6.8%,6.9587E-3
d1,ref|NC_001145|,321328,CAT,C,18,106,16.98%,1.6775E-6
d1,ref|NC_001145|,323216,C,CA,15,114,13.16%,1.8115E-5
d1,ref|NC_001145|,325905,T,A,84,84,100%,4.3483E-50
d1,ref|NC_001145|,337473,CA,C,6,98,6.12%,1.4392E-2
d1,ref|NC_001145|,346697,C,CT,9,174,5.17%,1.751E-3
d1,ref|NC_001145|,348323,A,AT,10,138,7.25%,8.205E-4
d1,ref|NC_001145|,348566,C,CT,22,121,18.33%,7.1631E-8
d1,ref|NC_001145|,353678,A,AT,15,122,12.3%,1.8391E-5
d1,ref|NC_001145|,361550,G,A,87,87,100%,6.9142E-52
d1,ref|NC_001145|,361725,A,G,45,194,23.2%,1.5792E-15
d1,ref|NC_001145|,371006,CT,C,9,136,6.62%,1.6983E-3
d1,ref|NC_001145|,374398,T,C,7,39,17.95%,5.8219E-3
d1,ref|NC_001145|,374855,C,T,6,52,11.54%,1.3417E-2
d1,ref|NC_001145|,374863,G,T,7,51,13.73%,6.2693E-3
d1,ref|NC_001145|,380311,G,GA,18,156,11.54%,2.2101E-6
d1,ref|NC_001145|,387095,A,AT,11,75,14.67%,2.8374E-4
d1,ref|NC_001145|,388684,TTA,T,8,74,10.81%,3.0712E-3
d1,ref|NC_001145|,390765,GT,G,19,132,14.39%,9.1633E-7
d1,ref|NC_001145|,394870,TA,T,10,135,7.41%,8.1711E-4
d1,ref|NC_001145|,400918,C,CA,9,123,7.32%,1.6762E-3
d1,ref|NC_001145|,406257,TA,T,13,108,12.04%,8.0858E-5
d1,ref|NC_001145|,409001,CA,C,6,114,5.26%,1.454E-2
d1,ref|NC_001145|,411379,CT,C,9,135,6.67%,1.6826E-3
d1,ref|NC_001145|,411461,G,GT,13,107,12.15%,7.9021E-5
d1,ref|NC_001145|,426076,AT,A,7,115,6.09%,7.0996E-3
d1,ref|NC_001145|,426224,AT,A,11,96,11.46%,3.5154E-4
d1,ref|NC_001145|,431536,G,GT,10,98,10.2%,7.5223E-4
d1,ref|NC_001145|,442239,CT,C,6,99,6.06%,1.4417E-2
d1,ref|NC_001145|,448333,G,A,122,122,100%,6.9324E-73
d1,ref|NC_001145|,448334,A,G,123,123,100%,1.7402E-73
d1,ref|NC_001145|,462693,C,CT,13,95,13.68%,7.4354E-5
d1,ref|NC_001145|,468258,AT,A,13,149,8.72%,9.0986E-5
d1,ref|NC_001145|,472637,GA,G,10,126,7.94%,8.0195E-4
d1,ref|NC_001145|,475726,GA,G,16,102,15.69%,6.8648E-6
d1,ref|NC_001145|,483743,GA,G,31,97,31.96%,1.1715E-11
d1,ref|NC_001145|,497919,G,GA,7,111,6.31%,7.0672E-3
d1,ref|NC_001145|,511510,T,A,5,87,5.75%,2.9459E-2
d1,ref|NC_001145|,512087,GT,G,13,126,10.32%,8.5821E-5
d1,ref|NC_001145|,512572,A,AT,6,98,6.12%,1.4417E-2
d1,ref|NC_001145|,514073,A,AT,15,128,11.72%,1.9608E-5
d1,ref|NC_001145|,514293,AT,A,13,126,10.32%,8.7885E-5
d1,ref|NC_001145|,538559,C,CA,15,115,13.04%,1.7925E-5
d1,ref|NC_001145|,538607,GCA,G,9,131,6.87%,1.6826E-3
d1,ref|NC_001145|,541036,C,T,15,84,17.86%,1.5383E-5
d1,ref|NC_001145|,558682,C,CA,10,113,8.85%,7.8017E-4
d1,ref|NC_001145|,559048,T,TA,12,85,14.12%,1.574E-4
d1,ref|NC_001145|,559097,TA,T,5,87,5.75%,2.9459E-2
d1,ref|NC_001145|,559980,C,CT,12,126,9.52%,1.762E-4
d1,ref|NC_001145|,561877,AAT,A,9,47,19.15%,1.1061E-3
d1,ref|NC_001145|,571250,C,CA,18,122,14.75%,1.6625E-6
d1,ref|NC_001145|,601268,G,GA,7,127,5.51%,7.1459E-3
d1,ref|NC_001145|,618182,C,CA,9,151,5.96%,1.7155E-3
d1,ref|NC_001145|,622168,GTA,G,16,97,16.49%,6.404E-6
d1,ref|NC_001145|,624079,A,AT,6,119,5.04%,1.4624E-2
d1,ref|NC_001145|,625382,G,GA,6,115,5.22%,1.4579E-2
d1,ref|NC_001145|,625412,GA,G,11,133,8.27%,3.9234E-4
d1,ref|NC_001145|,625708,CT,C,20,105,19.05%,2.6432E-7
d1,ref|NC_001145|,628843,TA,T,6,111,5.41%,1.456E-2
d1,ref|NC_001145|,630505,A,G,103,103,100%,1.7512E-61
d1,ref|NC_001145|,646855,CAT,C,13,68,19.12%,5.9784E-5
d1,ref|NC_001145|,651263,TA,T,18,121,14.88%,1.9283E-6
d1,ref|NC_001145|,651984,C,CA,6,83,7.23%,1.4161E-2
d1,ref|NC_001145|,652533,CT,C,17,100,17%,3.383E-6
d1,ref|NC_001145|,654916,AAT,A,10,89,11.24%,7.3768E-4
d1,ref|NC_001145|,667202,C,CA,12,88,13.64%,1.4713E-4
d1,ref|NC_001145|,672129,T,C,138,138,100%,1.7164E-82
d1,ref|NC_001145|,674863,GA,G,20,113,17.7%,2.779E-7
d1,ref|NC_001145|,680936,T,C,114,114,100%,4.392E-68
d1,ref|NC_001145|,680940,C,T,113,114,99.12%,1.7491E-67
d1,ref|NC_001145|,687366,GT,G,8,95,8.42%,3.2508E-3
d1,ref|NC_001145|,698679,T,TA,13,76,17.11%,6.1313E-5
d1,ref|NC_001145|,707137,C,CA,8,121,6.61%,3.4557E-3
d1,ref|NC_001145|,718367,AT,A,7,134,5.22%,7.1913E-3
d1,ref|NC_001145|,752958,AT,A,14,102,13.73%,3.6429E-5
d1,ref|NC_001145|,756824,GT,G,8,78,10.39%,3.0313E-3
d1,ref|NC_001145|,770561,AT,A,14,82,17.07%,3.1607E-5
d1,ref|NC_001145|,772664,CT,C,25,112,22.32%,4.2943E-9
d1,ref|NC_001145|,775885,CA,C,9,137,6.57%,1.6983E-3
d1,ref|NC_001145|,779300,CT,C,15,135,11.11%,1.968E-5
d1,ref|NC_001145|,809198,A,G,138,138,100%,1.7164E-82
d1,ref|NC_001145|,815480,CA,C,19,145,13.1%,9.4439E-7
d1,ref|NC_001145|,822589,CT,C,5,74,6.76%,2.8892E-2
d1,ref|NC_001145|,822630,A,C,9,71,12.86%,1.4788E-3
d1,ref|NC_001145|,822635,GT,G,5,54,9.26%,2.7721E-2
d1,ref|NC_001145|,851713,GA,G,18,94,19.15%,9.974E-7
d1,ref|NC_001145|,852310,GA,G,11,114,9.65%,3.7358E-4
d1,ref|NC_001145|,854478,C,CT,20,106,18.87%,3.2825E-7
d1,ref|NC_001145|,856903,CA,C,7,104,6.73%,6.9761E-3
d1,ref|NC_001145|,860894,CT,C,12,112,10.71%,1.7324E-4
d1,ref|NC_001145|,861205,CA,C,8,148,5.41%,3.5194E-3
d1,ref|NC_001145|,867234,G,GA,12,128,9.38%,1.8193E-4
d1,ref|NC_001145|,874559,CT,C,20,102,19.61%,2.0088E-7
d1,ref|NC_001145|,877494,G,A,9,94,9.57%,1.5981E-3
d1,ref|NC_001145|,882534,CT,C,9,134,6.72%,1.6846E-3
d1,ref|NC_001145|,892552,AT,A,11,164,6.71%,4.0924E-4
d1,ref|NC_001145|,892823,GA,G,10,158,6.33%,8.3179E-4
d1,ref|NC_001145|,901415,G,GA,14,122,11.48%,3.9601E-5
d1,ref|NC_001145|,908138,C,T,5,47,10.64%,2.7945E-2
d1,ref|NC_001145|,908196,G,C,15,33,45.45%,3.8647E-6
d1,ref|NC_001145|,908198,G,T,15,33,45.45%,3.8647E-6
d1,ref|NC_001145|,908203,G,A,21,40,52.5%,1.2997E-8
d1,ref|NC_001145|,908218,C,T,29,47,61.7%,3.0639E-12
d1,ref|NC_001145|,908359,A,G,10,115,8.7%,7.9624E-4
d1,ref|NC_001145|,908362,T,C,10,119,8.4%,8.0195E-4
d1,ref|NC_001145|,908365,A,G,10,120,8.33%,8.0332E-4
d1,ref|NC_001145|,908558,T,TCAA,33,196,16.84%,2.6528E-11
d1,ref|NC_001145|,914827,G,GT,5,96,5.21%,2.95E-2
d1,ref|NC_001145|,918033,C,CA,20,150,13.33%,4.6467E-7
d1,ref|NC_001145|,918120,C,CT,15,95,15.79%,1.4357E-5
d1,ref|NC_001145|,921418,CT,C,87,134,64.93%,2.5772E-38
d1,ref|NC_001145|,924341,G,T,32,36,88.89%,2.0653E-16
d1,ref|NC_001145|,924388,G,GT,11,15,73.33%,1.0096E-5
d1,ref|NC_001145|,924392,T,TG,11,13,84.62%,1.0096E-5
d1,ref|NC_001146|,6650,A,C,11,29,37.93%,1.362E-4
d1,ref|NC_001146|,6652,C,A,10,26,38.46%,3.3576E-4
d1,ref|NC_001146|,7478,A,AT,106,106,100%,2.7758E-63
d1,ref|NC_001146|,10214,TA,T,31,138,22.46%,4.8054E-11
d1,ref|NC_001146|,12975,C,CTT,68,105,64.76%,8.2304E-31
d1,ref|NC_001146|,14333,G,GC,44,52,84.62%,1.6162E-21
d1,ref|NC_001146|,28420,GT,G,15,163,9.2%,2.1068E-5
d1,ref|NC_001146|,43278,AAT,A,22,103,21.36%,5.4235E-8
d1,ref|NC_001146|,84037,A,AT,8,135,5.93%,3.4899E-3
d1,ref|NC_001146|,86089,C,CT,24,158,15.19%,2.1458E-8
d1,ref|NC_001146|,89323,CT,C,9,126,7.14%,1.6784E-3
d1,ref|NC_001146|,98305,T,C,26,157,16.56%,4.8233E-9
d1,ref|NC_001146|,98320,C,T,28,167,16.77%,1.0835E-9
d1,ref|NC_001146|,107294,GA,G,21,153,13.73%,2.0109E-7
d1,ref|NC_001146|,116771,G,GA,7,113,6.19%,7.0672E-3
d1,ref|NC_001146|,118987,G,GA,15,108,13.89%,1.5915E-5
d1,ref|NC_001146|,138052,G,GA,10,119,8.4%,7.917E-4
d1,ref|NC_001146|,145535,TA,T,6,104,5.77%,1.4488E-2
d1,ref|NC_001146|,154923,GA,G,18,97,18.56%,9.974E-7
d1,ref|NC_001146|,155245,A,G,6,115,5.22%,1.4615E-2
d1,ref|NC_001146|,157983,CA,C,6,105,5.71%,1.4509E-2
d1,ref|NC_001146|,169372,GA,G,9,142,6.34%,1.7105E-3
d1,ref|NC_001146|,172354,C,CT,9,80,11.25%,1.4972E-3
d1,ref|NC_001146|,172492,CA,C,9,109,8.26%,1.6215E-3
d1,ref|NC_001146|,175206,C,CA,12,132,9.09%,1.851E-4
d1,ref|NC_001146|,181308,CA,C,7,111,6.42%,7.0604E-3
d1,ref|NC_001146|,187639,G,GA,12,103,11.65%,1.7068E-4
d1,ref|NC_001146|,191300,CT,C,10,114,8.77%,7.8528E-4
d1,ref|NC_001146|,196150,CT,C,11,70,15.71%,2.7747E-4
d1,ref|NC_001146|,198236,A,AT,7,100,7%,6.9587E-3
d1,ref|NC_001146|,198789,C,G,7,72,9.72%,6.7056E-3
d1,ref|NC_001146|,230801,GA,G,10,155,6.45%,8.3816E-4
d1,ref|NC_001146|,235956,C,CT,14,102,13.73%,3.6849E-5
d1,ref|NC_001146|,251874,A,AT,12,101,11.88%,1.7068E-4
d1,ref|NC_001146|,253481,G,T,6,118,5.08%,1.464E-2
d1,ref|NC_001146|,263349,A,AT,12,113,10.62%,1.7732E-4
d1,ref|NC_001146|,263555,GA,G,16,114,14.04%,8.28E-6
d1,ref|NC_001146|,270971,A,AT,15,119,12.61%,1.8825E-5
d1,ref|NC_001146|,277932,G,GA,8,139,5.76%,3.5138E-3
d1,ref|NC_001146|,278702,T,C,7,135,5.19%,7.214E-3
d1,ref|NC_001146|,281884,G,GA,12,92,13.04%,1.6177E-4
d1,ref|NC_001146|,282400,G,C,50,117,42.74%,1.07E-18
d1,ref|NC_001146|,283519,C,CA,7,115,6.09%,7.0934E-3
d1,ref|NC_001146|,300772,G,GA,7,119,5.88%,7.0996E-3
d1,ref|NC_001146|,300929,TA,T,20,98,20.41%,2.4559E-7
d1,ref|NC_001146|,301186,G,GT,12,135,8.89%,1.8835E-4
d1,ref|NC_001146|,307228,CT,C,32,129,24.81%,1.4254E-11
d1,ref|NC_001146|,312328,AACG,A,125,135,92.59%,8.9565E-66
d1,ref|NC_001146|,320519,G,A,6,107,5.61%,1.454E-2
d1,ref|NC_001146|,320524,G,A,6,107,5.61%,1.454E-2
d1,ref|NC_001146|,320525,T,C,6,108,5.56%,1.455E-2
d1,ref|NC_001146|,320530,T,C,6,113,5.31%,1.4597E-2
d1,ref|NC_001146|,321979,AT,A,13,101,12.87%,7.7016E-5
d1,ref|NC_001146|,357012,C,CT,6,87,6.9%,1.4042E-2
d1,ref|NC_001146|,377887,G,T,140,140,100%,1.0805E-83
d1,ref|NC_001146|,380954,GA,G,21,114,18.42%,1.3772E-7
d1,ref|NC_001146|,392467,G,GT,6,97,6.19%,1.4352E-2
d1,ref|NC_001146|,412653,GA,G,11,99,11.11%,3.5556E-4
d1,ref|NC_001146|,413448,C,CT,8,48,16.67%,2.624E-3
d1,ref|NC_001146|,415054,C,CT,13,63,20.63%,5.7349E-5
d1,ref|NC_001146|,415071,C,CT,14,42,33.33%,9.1194E-6
d1,ref|NC_001146|,415096,C,CT,9,81,11.11%,1.5086E-3
d1,ref|NC_001146|,416686,C,CT,11,131,8.4%,3.8578E-4
d1,ref|NC_001146|,418915,GTA,G,7,111,6.31%,7.0535E-3
d1,ref|NC_001146|,429547,C,CA,12,122,9.84%,1.8145E-4
d1,ref|NC_001146|,429776,TTA,T,10,125,8%,8.0731E-4
d1,ref|NC_001146|,430978,T,C,5,88,5.68%,2.948E-2
d1,ref|NC_001146|,438549,AT,A,10,148,6.76%,8.3083E-4
d1,ref|NC_001146|,439397,G,GT,140,157,89.17%,1.0257E-70
d1,ref|NC_001146|,444651,C,CT,25,112,22.32%,5.3634E-9
d1,ref|NC_001146|,457532,C,CT,8,117,6.84%,3.4443E-3
d1,ref|NC_001146|,471767,A,G,109,109,100%,4.3979E-65
d1,ref|NC_001146|,479459,AT,A,24,95,25.26%,4.5894E-9
d1,ref|NC_001146|,483236,CA,C,8,103,7.77%,3.3616E-3
d1,ref|NC_001146|,486552,T,TA,12,87,13.79%,1.3976E-4
d1,ref|NC_001146|,486640,G,GT,7,80,8.75%,6.7203E-3
d1,ref|NC_001146|,490188,AT,A,8,137,5.84%,3.4835E-3
d1,ref|NC_001146|,493053,TA,T,32,115,27.83%,7.3164E-12
d1,ref|NC_001146|,498360,GT,G,18,90,20%,9.7371E-7
d1,ref|NC_001146|,499475,A,AT,10,138,7.25%,8.1826E-4
d1,ref|NC_001146|,501129,AT,A,12,103,11.65%,1.7001E-4
d1,ref|NC_001146|,503013,CA,C,11,103,10.68%,3.5425E-4
d1,ref|NC_001146|,503040,CT,C,8,94,8.51%,3.3014E-3
d1,ref|NC_001146|,504802,C,T,10,89,11.24%,7.4758E-4
d1,ref|NC_001146|,510328,C,CT,20,136,14.71%,3.9281E-7
d1,ref|NC_001146|,512460,CAT,C,20,125,16%,3.9605E-7
d1,ref|NC_001146|,523434,G,A,19,160,11.88%,1.0813E-6
d1,ref|NC_001146|,523441,G,T,19,170,11.18%,1.1202E-6
d1,ref|NC_001146|,524020,G,A,6,79,7.59%,1.4161E-2
d1,ref|NC_001146|,524023,T,C,9,80,11.25%,1.5399E-3
d1,ref|NC_001146|,532584,G,GA,9,120,7.5%,1.6526E-3
d1,ref|NC_001146|,549723,T,C,8,128,6.25%,3.4899E-3
d1,ref|NC_001146|,562350,AT,A,6,64,9.38%,1.3824E-2
d1,ref|NC_001146|,563070,A,G,8,28,28.57%,2.188E-3
d1,ref|NC_001146|,568313,T,TA,6,119,5.04%,1.4615E-2
d1,ref|NC_001146|,570509,T,C,33,33,100%,1.3852E-19
d1,ref|NC_001146|,570574,G,A,21,21,100%,1.8578E-12
d1,ref|NC_001146|,572864,AT,A,8,109,7.34%,3.4196E-3
d1,ref|NC_001146|,576631,A,AT,7,122,5.74%,7.1235E-3
d1,ref|NC_001146|,601112,T,G,105,221,47.51%,1.7748E-39
d1,ref|NC_001146|,601202,T,C,90,220,40.91%,7.7526E-33
d1,ref|NC_001146|,605720,CTA,C,6,28,21.43%,1.0968E-2
d1,ref|NC_001146|,606166,AAT,A,8,75,10.67%,3.2091E-3
d1,ref|NC_001146|,616826,A,G,29,109,26.61%,2.1684E-10
d1,ref|NC_001146|,630163,A,T,6,120,5%,1.4657E-2
d1,ref|NC_001146|,635717,G,GT,8,86,9.3%,3.2179E-3
d1,ref|NC_001146|,644217,CTA,C,22,123,17.89%,8.3492E-8
d1,ref|NC_001146|,647314,A,AT,10,103,9.71%,7.6099E-4
d1,ref|NC_001146|,651857,AT,A,35,150,23.33%,1.6324E-12
d1,ref|NC_001146|,654648,AT,A,7,132,5.3%,7.1769E-3
d1,ref|NC_001146|,662768,GA,G,17,142,11.97%,4.2161E-6
d1,ref|NC_001146|,662853,G,GA,11,112,9.82%,3.755E-4
d1,ref|NC_001146|,667324,CT,C,14,88,15.91%,3.0676E-5
d1,ref|NC_001146|,667351,A,C,6,75,8%,1.4084E-2
d1,ref|NC_001146|,667354,A,C,5,76,6.58%,2.9201E-2
d1,ref|NC_001146|,668101,C,CA,8,113,7.08%,3.4063E-3
d1,ref|NC_001146|,678603,GA,G,16,101,15.84%,6.8648E-6
d1,ref|NC_001146|,687218,C,CA,13,126,10.4%,8.4983E-5
d1,ref|NC_001146|,690071,AT,A,15,120,12.5%,1.8655E-5
d1,ref|NC_001146|,692520,CA,C,16,133,12.03%,8.6242E-6
d1,ref|NC_001146|,692960,C,CT,9,121,7.44%,1.6551E-3
d1,ref|NC_001146|,694240,CAT,C,15,101,14.85%,1.6413E-5
d1,ref|NC_001146|,694966,CTA,C,13,115,11.3%,8.3803E-5
d1,ref|NC_001146|,697531,AT,A,7,125,5.6%,7.1618E-3
d1,ref|NC_001146|,711232,AT,A,8,121,6.61%,3.4281E-3
d1,ref|NC_001146|,713938,GT,G,9,98,9.18%,1.6016E-3
d1,ref|NC_001146|,716416,CT,C,11,90,12.22%,3.3447E-4
d1,ref|NC_001146|,718580,C,CA,9,121,7.44%,1.65E-3
d1,ref|NC_001146|,721791,GA,G,11,150,7.33%,3.999E-4
d1,ref|NC_001146|,721916,TA,T,16,142,11.27%,9.1034E-6
d1,ref|NC_001146|,722274,CA,C,20,97,20.62%,2.5505E-7
d1,ref|NC_001146|,764741,GAT,G,14,97,14.43%,3.6429E-5
d1,ref|NC_001146|,772612,CA,C,20,116,17.24%,2.7342E-7
d1,ref|NC_001146|,774549,AT,A,21,140,15%,1.5336E-7
d1,ref|NC_001146|,776301,A,AT,19,161,11.8%,1.0385E-6
d1,ref|NC_001146|,777553,AAT,A,24,95,25.26%,6.408E-9
d1,ref|NC_001146|,779308,C,CAAAAA,6,44,13.64%,1.219E-2
d1,ref|NC_001146|,784074,G,GT,8,61,13.11%,2.9718E-3
d1,ref|NC_001146|,784093,GGT,G,7,78,9.21%,6.7203E-3
d1,ref|NC_001146|,784106,GGT,G,16,81,19.75%,6.64E-6
d1,ref|NC_001146|,784107,GT,G,9,62,14.75%,1.4219E-3
d1,ref|NC_001146|,784118,T,TG,6,88,7.06%,1.4214E-2
d1,ref|NC_001146|,784138,GGT,G,6,73,8.33%,1.3903E-2
d1,ref|NC_001146|,784142,T,TG,15,69,22.06%,1.2069E-5
d1,ref|NC_001146|,784152,T,TG,6,89,6.82%,1.4294E-2
d1,ref|NC_001146|,784163,T,TG,9,73,12.5%,1.4972E-3
d1,ref|NC_001146|,784166,TGTG,T,7,70,10%,6.6426E-3
d1,ref|NC_001146|,784170,GT,G,12,51,24%,1.1557E-4
d1,ref|NC_001146|,784181,TG,T,5,76,6.58%,2.9201E-2
d1,ref|NC_001146|,784183,G,GT,9,80,11.25%,1.5196E-3
d1,ref|NC_001146|,784193,T,TG,5,89,5.62%,2.95E-2
d1,ref|NC_001146|,784194,GGT,G,6,80,7.5%,1.4161E-2
d1,ref|NC_001146|,784198,T,TG,5,70,7.25%,2.8819E-2
d1,ref|NC_001146|,784208,T,TG,8,71,11.27%,3.1302E-3
d1,ref|NC_001146|,784217,T,TGTG,7,51,14%,6.2398E-3
d1,ref|NC_001146|,784235,GT,G,5,48,10.42%,2.8014E-2
d1,ref|NC_001146|,784239,GT,G,8,47,17.02%,2.8249E-3
d1,ref|NC_001146|,784240,T,TG,7,45,18.42%,5.7727E-3
d1,ref|NC_001146|,784245,T,TG,7,30,23.33%,5.1054E-3
d1,ref|NC_001146|,784257,TG,T,5,43,11.63%,2.764E-2
d1,ref|NC_001146|,784263,TG,T,6,44,13.64%,1.2967E-2
d1,ref|NC_001146|,784271,GT,G,5,30,16.67%,2.6093E-2
d1,ref|NC_001147|,1085,CATAT,C,9,92,9.78%,1.5196E-3
d1,ref|NC_001147|,13997,C,CA,14,107,13.08%,3.6849E-5
d1,ref|NC_001147|,14017,GA,G,6,111,5.41%,1.453E-2
d1,ref|NC_001147|,21727,GA,G,13,117,11.11%,8.0858E-5
d1,ref|NC_001147|,21808,C,CT,7,103,6.8%,6.9928E-3
d1,ref|NC_001147|,27008,C,CA,8,86,9.3%,3.2807E-3
d1,ref|NC_001147|,27928,T,A,19,137,13.87%,9.7614E-7
d1,ref|NC_001147|,28352,T,C,13,122,10.66%,8.7139E-5
d1,ref|NC_001147|,29144,A,G,48,192,25%,1.2299E-16
d1,ref|NC_001147|,31174,T,G,6,111,5.41%,1.4579E-2
d1,ref|NC_001147|,33840,AT,A,9,146,6.16%,1.7122E-3
d1,ref|NC_001147|,50002,C,T,130,130,100%,1.0919E-77
d1,ref|NC_001147|,50010,A,T,130,130,100%,1.0919E-77
d1,ref|NC_001147|,50012,C,T,129,129,100%,4.3506E-77
d1,ref|NC_001147|,52789,G,GT,6,113,5.31%,1.457E-2
d1,ref|NC_001147|,60061,G,GT,13,126,10.32%,8.5546E-5
d1,ref|NC_001147|,60213,CT,C,17,103,16.5%,2.5282E-6
d1,ref|NC_001147|,60240,C,T,69,69,100%,4.233E-41
d1,ref|NC_001147|,79297,C,G,101,101,100%,2.7747E-60
d1,ref|NC_001147|,79304,A,T,95,95,100%,1.1023E-56
d1,ref|NC_001147|,79305,T,A,95,95,100%,1.1023E-56
d1,ref|NC_001147|,85382,CT,C,25,130,19.23%,5.9895E-9
d1,ref|NC_001147|,93845,TA,T,13,148,8.78%,9.1962E-5
d1,ref|NC_001147|,94613,GA,G,12,118,10.17%,1.7563E-4
d1,ref|NC_001147|,94815,AC,A,13,51,25.49%,4.4424E-5
d1,ref|NC_001147|,118032,A,C,135,314,42.99%,5.791E-50
d1,ref|NC_001147|,118287,C,A,13,85,15.29%,7.4354E-5
d1,ref|NC_001147|,129212,CT,C,10,86,11.63%,7.2689E-4
d1,ref|NC_001147|,141471,GA,G,19,123,15.45%,7.8714E-7
d1,ref|NC_001147|,142039,T,C,5,97,5.15%,2.9644E-2
d1,ref|NC_001147|,142042,G,A,5,99,5.05%,2.9676E-2
d1,ref|NC_001147|,145176,CT,C,11,130,8.46%,3.8339E-4
d1,ref|NC_001147|,161403,A,T,162,302,53.64%,1.3599E-62
d1,ref|NC_001147|,161617,T,C,175,355,49.3%,5.5437E-66
d1,ref|NC_001147|,161762,T,C,173,313,55.27%,2.0359E-67
d1,ref|NC_001147|,189467,A,AT,11,123,8.94%,3.8173E-4
d1,ref|NC_001147|,193675,CT,C,7,93,7.53%,6.9019E-3
d1,ref|NC_001147|,194895,C,CA,15,120,12.5%,1.8301E-5
d1,ref|NC_001147|,200339,CT,C,10,79,12.66%,6.4469E-4
d1,ref|NC_001147|,204563,A,G,5,93,5.38%,2.9575E-2
d1,ref|NC_001147|,204570,CT,C,17,96,17.71%,2.4359E-6
d1,ref|NC_001147|,213870,C,CA,20,102,19.61%,3.2429E-7
d1,ref|NC_001147|,216898,AT,A,18,99,18.18%,1.1337E-6
d1,ref|NC_001147|,227542,G,GT,5,92,5.43%,2.9557E-2
d1,ref|NC_001147|,230020,CT,C,24,130,18.46%,1.3947E-8
d1,ref|NC_001147|,232303,GA,G,9,149,6.04%,1.7202E-3
d1,ref|NC_001147|,238354,AAT,A,6,101,5.94%,1.4477E-2
d1,ref|NC_001147|,243129,T,TA,8,140,5.71%,3.5052E-3
d1,ref|NC_001147|,259218,C,CT,12,115,10.43%,1.7505E-4
d1,ref|NC_001147|,271805,TA,T,12,134,8.96%,1.8677E-4
d1,ref|NC_001147|,276968,C,CT,9,147,6.12%,1.7138E-3
d1,ref|NC_001147|,290573,CT,C,12,120,10%,1.762E-4
d1,ref|NC_001147|,301304,ATG,A,5,99,5.05%,2.966E-2
d1,ref|NC_001147|,303175,GT,G,7,139,5.04%,7.2096E-3
d1,ref|NC_001147|,315630,CT,C,22,108,20.37%,5.6287E-8
d1,ref|NC_001147|,326195,CAT,C,12,102,11.76%,1.6497E-4
d1,ref|NC_001147|,333432,G,GA,15,132,11.36%,1.968E-5
d1,ref|NC_001147|,349580,G,GA,10,128,7.87%,8.0332E-4
d1,ref|NC_001147|,355083,AAT,A,10,66,15.15%,6.345E-4
d1,ref|NC_001147|,372140,GA,G,14,149,9.4%,4.3808E-5
d1,ref|NC_001147|,383126,G,GA,6,100,6%,1.4392E-2
d1,ref|NC_001147|,384807,AT,A,14,126,11.11%,4.1258E-5
d1,ref|NC_001147|,389237,T,G,96,96,100%,2.7702E-57
d1,ref|NC_001147|,397478,GA,G,6,113,5.31%,1.457E-2
d1,ref|NC_001147|,404121,GT,G,6,100,6%,1.4352E-2
d1,ref|NC_001147|,412675,A,AT,22,156,14.1%,9.2576E-8
d1,ref|NC_001147|,423979,GA,G,10,110,9.09%,7.7841E-4
d1,ref|NC_001147|,426603,G,GA,16,126,12.7%,8.7166E-6
d1,ref|NC_001147|,427962,ATCG,A,7,139,5.04%,7.2268E-3
d1,ref|NC_001147|,430159,GA,G,9,74,12.16%,1.3596E-3
d1,ref|NC_001147|,437763,T,A,145,145,100%,1.0738E-86
d1,ref|NC_001147|,444498,A,AT,19,89,21.35%,4.4235E-7
d1,ref|NC_001147|,448407,G,GA,8,121,6.61%,3.4443E-3
d1,ref|NC_001147|,448670,TA,T,8,40,20%,2.2392E-3
d1,ref|NC_001147|,453009,T,C,27,111,24.32%,1.2304E-9
d1,ref|NC_001147|,463432,GC,G,7,134,5.22%,7.2096E-3
d1,ref|NC_001147|,475132,CA,C,12,131,9.16%,1.8287E-4
d1,ref|NC_001147|,479259,AT,A,20,107,18.69%,3.2825E-7
d1,ref|NC_001147|,483090,G,GT,7,124,5.65%,7.1405E-3
d1,ref|NC_001147|,486874,CA,C,6,117,5.13%,1.4606E-2
d1,ref|NC_001147|,489778,CAT,C,9,148,6.08%,1.7105E-3
d1,ref|NC_001147|,491013,CA,C,12,118,10.17%,1.7563E-4
d1,ref|NC_001147|,511568,C,CA,7,138,5.07%,7.2183E-3
d1,ref|NC_001147|,514910,GA,G,8,132,6.06%,3.4835E-3
d1,ref|NC_001147|,519639,A,T,139,139,100%,4.3066E-83
d1,ref|NC_001147|,522795,G,T,6,107,5.61%,1.454E-2
d1,ref|NC_001147|,522811,G,GA,20,119,16.81%,3.2429E-7
d1,ref|NC_001147|,536839,CT,C,13,85,15.29%,7.2906E-5
d1,ref|NC_001147|,537259,AT,A,7,70,10%,6.5529E-3
d1,ref|NC_001147|,537691,A,T,7,128,5.47%,7.1818E-3
d1,ref|NC_001147|,550529,A,AT,12,129,9.3%,1.8287E-4
d1,ref|NC_001147|,550563,A,AT,10,130,7.69%,8.0467E-4
d1,ref|NC_001147|,554687,C,CT,8,104,7.69%,3.3669E-3
d1,ref|NC_001147|,569695,A,AT,11,138,7.97%,3.9234E-4
d1,ref|NC_001147|,572170,GT,G,6,111,5.41%,1.4488E-2
d1,ref|NC_001147|,581669,CA,C,13,112,11.61%,7.9774E-5
d1,ref|NC_001147|,598868,G,A,9,51,17.65%,1.3283E-3
d1,ref|NC_001147|,646740,C,T,6,79,7.59%,1.4161E-2
d1,ref|NC_001147|,664038,G,T,8,132,6.06%,3.5022E-3
d1,ref|NC_001147|,664048,C,G,11,134,8.21%,3.9435E-4
d1,ref|NC_001147|,665686,GA,G,14,134,10.45%,4.193E-5
d1,ref|NC_001147|,667564,GAT,G,14,78,17.95%,3.0992E-5
d1,ref|NC_001147|,667734,TA,T,19,98,19.39%,6.152E-7
d1,ref|NC_001147|,670723,G,GA,6,103,5.83%,1.4442E-2
d1,ref|NC_001147|,670767,GA,G,24,125,19.2%,1.015E-8
d1,ref|NC_001147|,673205,A,AT,12,124,9.68%,1.8047E-4
d1,ref|NC_001147|,675324,CT,C,16,105,15.24%,7.0087E-6
d1,ref|NC_001147|,678393,G,GA,5,97,5.15%,2.9627E-2
d1,ref|NC_001147|,681098,C,CA,9,120,7.5%,1.6601E-3
d1,ref|NC_001147|,698289,AT,A,11,122,9.02%,3.7826E-4
d1,ref|NC_001147|,708819,G,C,58,171,33.92%,9.9878E-21
d1,ref|NC_001147|,708878,T,C,20,78,25.64%,2.3595E-7
d1,ref|NC_001147|,719727,C,A,6,116,5.17%,1.4624E-2
d1,ref|NC_001147|,720202,GA,G,9,134,6.72%,1.6784E-3
d1,ref|NC_001147|,721800,AT,A,11,109,10.09%,3.6633E-4
d1,ref|NC_001147|,738211,GA,G,7,128,5.47%,7.1719E-3
d1,ref|NC_001147|,745306,CA,C,17,137,12.41%,4.0564E-6
d1,ref|NC_001147|,746559,C,CA,29,134,21.64%,2.5167E-10
d1,ref|NC_001147|,746985,C,T,8,150,5.33%,3.5496E-3
d1,ref|NC_001147|,752140,C,G,10,76,13.16%,7.0876E-4
d1,ref|NC_001147|,758102,CT,C,7,118,5.93%,7.1057E-3
d1,ref|NC_001147|,760705,A,AT,11,140,7.86%,3.9166E-4
d1,ref|NC_001147|,761366,G,GA,7,111,6.31%,7.0604E-3
d1,ref|NC_001147|,761551,G,GA,9,102,8.82%,1.6183E-3
d1,ref|NC_001147|,768266,G,GA,6,92,6.52%,1.4324E-2
d1,ref|NC_001147|,768281,T,TA,6,78,7.69%,1.3952E-2
d1,ref|NC_001147|,769810,T,TA,7,126,5.56%,7.1459E-3
d1,ref|NC_001147|,769891,GT,G,14,94,14.89%,3.1905E-5
d1,ref|NC_001147|,769933,A,AT,6,84,7.14%,1.4142E-2
d1,ref|NC_001147|,770624,G,GT,16,90,17.98%,5.4307E-6
d1,ref|NC_001147|,785519,CA,C,10,124,8.06%,7.977E-4
d1,ref|NC_001147|,795455,G,GA,13,148,8.78%,9.1579E-5
d1,ref|NC_001147|,798499,G,GA,8,121,6.61%,3.4557E-3
d1,ref|NC_001147|,804922,AT,A,34,139,24.46%,4.3162E-12
d1,ref|NC_001147|,830833,CT,C,7,92,7.61%,6.8597E-3
d1,ref|NC_001147|,830852,A,AT,6,96,6.25%,1.4338E-2
d1,ref|NC_001147|,850190,T,TA,7,133,5.26%,7.1719E-3
d1,ref|NC_001147|,851490,A,T,6,120,5%,1.4657E-2
d1,ref|NC_001147|,875965,GA,G,17,125,13.6%,3.9586E-6
d1,ref|NC_001147|,876135,T,A,6,118,5.08%,1.464E-2
d1,ref|NC_001147|,877096,TA,T,13,118,11.02%,8.1888E-5
d1,ref|NC_001147|,882623,C,CT,22,90,24.44%,2.5731E-8
d1,ref|NC_001147|,888848,GTT,G,14,90,15.56%,2.8637E-5
d1,ref|NC_001147|,889748,T,TA,21,130,16.15%,1.5336E-7
d1,ref|NC_001147|,894338,A,AT,12,106,11.32%,1.7001E-4
d1,ref|NC_001147|,909076,GT,G,5,72,6.94%,2.8927E-2
d1,ref|NC_001147|,911748,CAT,C,7,106,6.6%,7.0464E-3
d1,ref|NC_001147|,923126,GAT,G,9,93,9.68%,1.5583E-3
d1,ref|NC_001147|,925072,CA,C,21,116,18.1%,1.5524E-7
d1,ref|NC_001147|,944458,CT,C,6,102,5.88%,1.4392E-2
d1,ref|NC_001147|,944473,CT,C,11,95,11.58%,3.4579E-4
d1,ref|NC_001147|,954141,CTTT,C,10,63,15.87%,4.6276E-4
d1,ref|NC_001147|,967942,AT,A,15,105,14.29%,1.6413E-5
d1,ref|NC_001147|,972584,T,A,5,29,17.24%,2.5917E-2
d1,ref|NC_001147|,976990,A,AT,7,102,6.86%,6.9928E-3
d1,ref|NC_001147|,977029,CT,C,10,106,9.43%,7.6099E-4
d1,ref|NC_001147|,978149,C,CA,13,121,10.74%,8.5546E-5
d1,ref|NC_001147|,980936,C,G,147,147,100%,6.7575E-88
d1,ref|NC_001147|,984788,TA,T,16,137,11.68%,9.1436E-6
d1,ref|NC_001147|,989706,G,GA,10,79,12.66%,7.1196E-4
d1,ref|NC_001147|,994943,CT,C,10,145,6.9%,8.2584E-4
d1,ref|NC_001147|,1000974,AT,A,17,100,17%,3.3161E-6
d1,ref|NC_001147|,1004258,GT,G,18,109,16.51%,1.6474E-6
d1,ref|NC_001147|,1013025,CTA,C,21,115,18.26%,1.6435E-7
d1,ref|NC_001147|,1019588,CT,C,13,103,12.62%,7.4354E-5
d1,ref|NC_001147|,1031381,CT,C,18,88,20.45%,8.2591E-7
d1,ref|NC_001147|,1036136,CTGT,C,9,138,6.52%,1.7054E-3
d1,ref|NC_001147|,1036615,G,GT,13,106,12.26%,7.8634E-5
d1,ref|NC_001147|,1048412,CT,C,6,116,5.17%,1.455E-2
d1,ref|NC_001147|,1057968,T,TA,7,130,5.38%,7.1719E-3
d1,ref|NC_001147|,1061185,C,CA,7,141,5%,7.2183E-3
d1,ref|NC_001147|,1074149,T,TA,6,97,6.19%,1.4405E-2
d1,ref|NC_001147|,1076305,CA,C,7,127,5.51%,7.1459E-3
d1,ref|NC_001147|,1077950,CT,C,19,117,16.24%,6.4243E-7
d1,ref|NC_001147|,1079821,T,A,5,38,13.16%,2.7169E-2
d1,ref|NC_001147|,1081606,CT,C,13,67,19.4%,6.2773E-5
d1,ref|NC_001147|,1081635,A,C,6,50,12%,1.3331E-2
d1,ref|NC_001147|,1090818,TATA,T,6,17,35.29%,9.2021E-3
d1,ref|NC_001147|,1090926,T,A,7,70,10%,6.675E-3
d1,ref|NC_001147|,1090943,T,A,8,80,10%,3.2508E-3
d1,ref|NC_001147|,1090970,C,T,8,88,9.09%,3.308E-3
d1,ref|NC_001147|,1091201,AT,A,9,55,16.36%,1.3391E-3
d1,ref|NC_001147|,1091267,G,A,10,57,17.54%,6.345E-4
d1,ref|NC_001147|,1091284,T,TG,6,43,13.95%,1.2967E-2
d1,ref|NC_001148|,9510,T,G,12,83,14.46%,1.592E-4
d1,ref|NC_001148|,9518,C,CA,17,94,18.09%,2.7894E-6
d1,ref|NC_001148|,12828,TA,T,13,129,10.08%,8.5821E-5
d1,ref|NC_001148|,13174,T,TA,11,166,6.63%,4.0534E-4
d1,ref|NC_001148|,16931,A,AT,9,97,9.28%,1.5446E-3
d1,ref|NC_001148|,16995,CT,C,14,91,15.38%,3.1905E-5
d1,ref|NC_001148|,19930,C,CT,13,119,10.92%,8.4402E-5
d1,ref|NC_001148|,40127,G,GA,9,143,6.29%,1.7089E-3
d1,ref|NC_001148|,44495,TA,T,19,146,13.01%,9.552E-7
d1,ref|NC_001148|,46581,AT,A,7,106,6.6%,7.0392E-3
d1,ref|NC_001148|,46594,AT,A,13,105,12.38%,7.6592E-5
d1,ref|NC_001148|,53168,CT,C,7,127,5.51%,7.1769E-3
d1,ref|NC_001148|,74183,TA,T,12,112,10.71%,1.7262E-4
d1,ref|NC_001148|,76354,CCT,C,6,105,5.71%,1.4477E-2
d1,ref|NC_001148|,85402,C,CA,10,86,11.63%,6.8782E-4
d1,ref|NC_001148|,105500,A,AT,8,110,7.27%,3.3922E-3
d1,ref|NC_001148|,108996,T,C,7,77,9.09%,6.7755E-3
d1,ref|NC_001148|,132456,T,TA,12,85,14.12%,1.4937E-4
d1,ref|NC_001148|,138809,A,AT,11,156,7.05%,4.0216E-4
d1,ref|NC_001148|,139594,GTA,G,6,120,5%,1.4649E-2
d1,ref|NC_001148|,144689,AGGAAACGTC,A,91,117,77.78%,1.6736E-41
d1,ref|NC_001148|,153278,GA,G,8,138,5.8%,3.4899E-3
d1,ref|NC_001148|,162374,GTA,G,22,112,19.64%,6.8901E-8
d1,ref|NC_001148|,169530,A,AT,7,124,5.65%,7.1177E-3
d1,ref|NC_001148|,174327,C,T,6,114,5.26%,1.4597E-2
d1,ref|NC_001148|,181192,G,GT,15,120,12.5%,1.7628E-5
d1,ref|NC_001148|,188829,A,AT,8,112,7.14%,3.4281E-3
d1,ref|NC_001148|,191944,C,T,121,121,100%,2.7616E-72
d1,ref|NC_001148|,192966,CA,C,31,129,24.03%,2.7597E-11
d1,ref|NC_001148|,197824,G,GA,6,95,6.32%,1.4324E-2
d1,ref|NC_001148|,197949,C,CA,12,123,9.76%,1.8378E-4
d1,ref|NC_001148|,209962,AT,A,8,109,7.34%,3.4017E-3
d1,ref|NC_001148|,212823,GAT,G,13,97,13.4%,7.7431E-5
d1,ref|NC_001148|,212901,T,TA,15,90,16.67%,1.337E-5
d1,ref|NC_001148|,215349,TA,T,6,111,5.41%,1.4579E-2
d1,ref|NC_001148|,215689,GA,G,10,128,7.81%,7.977E-4
d1,ref|NC_001148|,239118,GTA,G,12,85,14.12%,1.592E-4
d1,ref|NC_001148|,244248,TTA,T,23,108,21.3%,3.1712E-8
d1,ref|NC_001148|,246835,GA,G,13,96,13.54%,7.3398E-5
d1,ref|NC_001148|,259609,GT,G,9,118,7.63%,1.642E-3
d1,ref|NC_001148|,260986,CT,C,8,139,5.76%,3.5052E-3
d1,ref|NC_001148|,282651,CT,C,13,112,11.61%,8.2547E-5
d1,ref|NC_001148|,291852,C,A,9,142,6.34%,1.7138E-3
d1,ref|NC_001148|,291857,C,G,9,139,6.47%,1.7089E-3
d1,ref|NC_001148|,291862,T,G,9,136,6.62%,1.7037E-3
d1,ref|NC_001148|,296837,CT,C,16,147,10.88%,9.2614E-6
d1,ref|NC_001148|,298502,AAT,A,9,119,7.56%,1.6649E-3
d1,ref|NC_001148|,302892,CT,C,8,93,8.6%,3.308E-3
d1,ref|NC_001148|,302994,GA,G,12,84,14.29%,1.5151E-4
d1,ref|NC_001148|,312942,GTA,G,13,72,18.06%,5.8991E-5
d1,ref|NC_001148|,321077,AT,A,9,153,5.88%,1.7217E-3
d1,ref|NC_001148|,327668,G,GA,13,131,9.92%,8.9286E-5
d1,ref|NC_001148|,354069,C,T,12,79,15.19%,1.5552E-4
d1,ref|NC_001148|,359487,G,GT,9,93,9.68%,1.5583E-3
d1,ref|NC_001148|,370796,C,CT,8,128,6.25%,3.4769E-3
d1,ref|NC_001148|,373417,A,AT,12,112,10.71%,1.7677E-4
d1,ref|NC_001148|,381848,GTA,G,22,106,20.75%,5.931E-8
d1,ref|NC_001148|,383323,G,GA,11,127,8.66%,3.8257E-4
d1,ref|NC_001148|,386559,A,AT,8,129,6.2%,3.47E-3
d1,ref|NC_001148|,404732,T,C,6,91,6.59%,1.4352E-2
d1,ref|NC_001148|,404759,GT,G,13,80,16.25%,5.5625E-5
d1,ref|NC_001148|,425229,G,GA,22,119,18.49%,6.5155E-8
d1,ref|NC_001148|,462244,GA,G,30,111,27.03%,2.8964E-11
d1,ref|NC_001148|,475094,G,GA,6,103,5.83%,1.4465E-2
d1,ref|NC_001148|,481304,AT,A,75,101,74.26%,6.1158E-36
d1,ref|NC_001148|,482775,CT,C,6,119,5.04%,1.4624E-2
d1,ref|NC_001148|,485926,TCA,T,8,122,6.56%,3.4557E-3
d1,ref|NC_001148|,491804,C,CT,14,113,12.39%,3.7255E-5
d1,ref|NC_001148|,502679,CA,C,14,86,16.28%,2.9344E-5
d1,ref|NC_001148|,503385,GA,G,16,91,17.58%,4.6015E-6
d1,ref|NC_001148|,519246,TG,T,8,135,5.93%,3.511E-3
d1,ref|NC_001148|,528959,C,CT,17,101,16.83%,3.1403E-6
d1,ref|NC_001148|,529402,C,A,6,109,5.5%,1.456E-2
d1,ref|NC_001148|,538294,CT,C,14,148,9.46%,4.3373E-5
d1,ref|NC_001148|,558033,AT,A,8,113,7.08%,3.4108E-3
d1,ref|NC_001148|,572731,GA,G,8,153,5.23%,3.5496E-3
d1,ref|NC_001148|,575156,CAT,C,6,104,5.77%,1.4477E-2
d1,ref|NC_001148|,581338,G,GA,10,56,17.86%,5.0524E-4
d1,ref|NC_001148|,586599,GA,G,6,116,5.17%,1.455E-2
d1,ref|NC_001148|,588390,C,T,101,101,100%,2.7747E-60
d1,ref|NC_001148|,589896,C,CT,9,101,8.91%,1.6051E-3
d1,ref|NC_001148|,591720,CAT,C,13,85,15.29%,7.0291E-5
d1,ref|NC_001148|,600560,GA,G,10,132,7.58%,8.0731E-4
d1,ref|NC_001148|,607467,G,GA,17,132,12.88%,3.9586E-6
d1,ref|NC_001148|,607820,CT,C,12,121,9.92%,1.7732E-4
d1,ref|NC_001148|,607997,CT,C,25,157,15.92%,8.9374E-9
d1,ref|NC_001148|,608882,C,T,6,97,6.19%,1.443E-2
d1,ref|NC_001148|,615257,TA,T,14,80,17.5%,2.5912E-5
d1,ref|NC_001148|,620255,C,CA,14,87,16.09%,3.1607E-5
d1,ref|NC_001148|,621903,C,CA,13,121,10.74%,8.4983E-5
d1,ref|NC_001148|,623198,GA,G,7,112,6.25%,7.0604E-3
d1,ref|NC_001148|,623381,GA,G,11,138,7.97%,3.9302E-4
d1,ref|NC_001148|,637259,C,G,5,81,6.17%,2.9327E-2
d1,ref|NC_001148|,639361,G,GA,7,125,5.6%,7.1459E-3
d1,ref|NC_001148|,643570,C,CT,19,136,13.97%,9.3334E-7
d1,ref|NC_001148|,643709,G,GA,9,130,6.92%,1.6784E-3
d1,ref|NC_001148|,643732,G,GA,18,131,13.74%,1.8925E-6
d1,ref|NC_001148|,646234,CT,C,23,134,17.16%,3.7173E-8
d1,ref|NC_001148|,648520,GA,G,20,117,17.09%,3.7609E-7
d1,ref|NC_001148|,648653,C,CA,12,116,10.34%,1.7945E-4
d1,ref|NC_001148|,650129,TA,T,12,125,9.6%,1.8193E-4
d1,ref|NC_001148|,650390,G,GA,14,110,12.73%,3.8029E-5
d1,ref|NC_001148|,653959,A,AT,11,158,6.96%,4.0378E-4
d1,ref|NC_001148|,655079,G,GA,23,115,20%,2.2303E-8
d1,ref|NC_001148|,657438,GA,G,6,115,5.22%,1.4606E-2
d1,ref|NC_001148|,659091,T,TA,6,108,5.56%,1.4509E-2
d1,ref|NC_001148|,667520,T,G,150,150,100%,1.0666E-89
d1,ref|NC_001148|,675808,G,GA,13,115,11.3%,8.2547E-5
d1,ref|NC_001148|,677053,C,CT,12,108,11.11%,1.7505E-4
d1,ref|NC_001148|,677102,A,G,118,118,100%,1.7454E-70
d1,ref|NC_001148|,679448,GT,G,6,108,5.56%,1.4509E-2
d1,ref|NC_001148|,695616,T,TA,17,119,14.29%,3.747E-6
d1,ref|NC_001148|,698526,G,GA,23,157,14.65%,4.3184E-8
d1,ref|NC_001148|,700420,AT,A,11,123,8.94%,3.85E-4
d1,ref|NC_001148|,711293,CT,C,7,120,5.83%,7.1293E-3
d1,ref|NC_001148|,754378,T,TG,8,90,8.89%,3.2878E-3
d1,ref|NC_001148|,759400,T,G,140,140,100%,1.0805E-83
d1,ref|NC_001148|,774827,CCTT,C,8,103,7.77%,3.3922E-3
d1,ref|NC_001148|,802209,G,GA,20,150,13.33%,4.5435E-7
d1,ref|NC_001148|,814358,C,CA,11,116,9.48%,3.726E-4
d1,ref|NC_001148|,819664,AT,A,12,109,11.01%,1.7324E-4
d1,ref|NC_001148|,825001,A,AT,7,116,6.03%,7.0805E-3
d1,ref|NC_001148|,829699,CT,C,8,126,6.35%,3.463E-3
d1,ref|NC_001148|,830692,ATAT,A,10,105,9.52%,7.7841E-4
d1,ref|NC_001148|,837643,A,AT,13,142,9.15%,8.906E-5
d1,ref|NC_001148|,840627,AT,A,14,83,16.87%,2.1224E-5
d1,ref|NC_001148|,843128,CT,C,7,135,5.19%,7.1818E-3
d1,ref|NC_001148|,846872,T,C,9,81,11.11%,1.5446E-3
d1,ref|NC_001148|,846884,G,A,11,89,12.36%,3.5154E-4
d1,ref|NC_001148|,847034,A,C,5,80,6.25%,2.9303E-2
d1,ref|NC_001148|,847172,A,C,8,47,17.02%,2.8249E-3
d1,ref|NC_001148|,847286,C,T,5,21,23.81%,2.3921E-2
d1,ref|NC_001148|,852115,T,A,20,40,50%,3.8991E-8
d1,ref|NC_001148|,852560,G,T,8,131,6.11%,3.4992E-3
d1,ref|NC_001148|,857189,G,GT,12,113,10.62%,1.7198E-4
d1,ref|NC_001148|,860017,GT,G,9,80,11.25%,1.5299E-3
d1,ref|NC_001148|,868371,AT,A,15,125,12%,1.8209E-5
d1,ref|NC_001148|,876243,CTA,C,18,114,15.79%,1.7211E-6
d1,ref|NC_001148|,878701,C,CA,8,120,6.67%,3.4557E-3
d1,ref|NC_001148|,886454,G,GT,15,114,13.16%,1.7728E-5
d1,ref|NC_001148|,887933,AT,A,13,104,12.5%,7.5722E-5
d1,ref|NC_001148|,890346,T,A,149,149,100%,4.252E-89
d1,ref|NC_001148|,896573,G,GA,8,116,6.9%,3.4443E-3
d1,ref|NC_001148|,897094,CAAT,C,9,114,7.89%,1.6526E-3
d1,ref|NC_001148|,901576,G,GA,11,141,7.8%,3.95E-4
d1,ref|NC_001148|,921772,G,GT,7,127,5.51%,7.1669E-3
d1,ref|NC_001148|,939183,G,GA,10,105,9.52%,7.567E-4
d1,ref|NC_001224|,3340,AAT,A,13,201,6.47%,9.917E-5
d1,ref|NC_001224|,12871,AAT,A,25,323,7.74%,1.8215E-8
d1,ref|NC_001224|,16114,AT,A,1066,2186,48.76%,0E0
d1,ref|NC_001224|,20345,GA,G,1439,1502,95.81%,0E0
d1,ref|NC_001224|,20934,T,G,1883,1883,100%,0E0
d1,ref|NC_001224|,33467,T,C,700,700,100%,0E0
d1,ref|NC_001224|,33618,T,TTC,249,318,78.3%,2.1308E-113
d1,ref|NC_001224|,33779,AC,A,367,406,90.39%,3.6854E-192
d1,ref|NC_001224|,39517,G,T,1375,1375,100%,0E0
d1,ref|NC_001224|,43084,A,AT,1045,1153,90.63%,0E0
d1,ref|NC_001224|,44795,A,AT,982,1118,87.84%,0E0
d1,ref|NC_001224|,49500,A,T,555,555,100%,0E0
d1,ref|NC_001224|,50784,G,GC,30,492,6.1%,5.7509E-10
d1,ref|NC_001224|,50980,A,AT,36,692,5.2%,8.9034E-12
d1,ref|NC_001224|,55436,GC,G,262,611,42.88%,2.9761E-95
d1,ref|NC_001224|,62486,T,TC,43,743,5.79%,5.9683E-14
d1,ref|NC_001224|,62646,AAT,A,18,218,8.26%,2.5778E-6
d1,ref|NC_001224|,63656,CG,C,54,762,7.09%,1.9564E-17
d1,ref|NC_001224|,65917,C,CG,32,539,5.94%,1.4237E-10
d1,ref|NC_001224|,66972,AAT,A,20,384,5.21%,7.3576E-7
d1,ref|NC_001224|,68857,T,A,12,117,10.26%,1.8145E-4
d1,ref|NC_001224|,68868,T,A,12,137,8.76%,1.8985E-4
d1,ref|NC_001224|,73114,AG,A,391,419,93.32%,4.4271E-207
d1,ref|NC_001224|,73136,TC,T,387,404,95.79%,1.7347E-212
d1,ref|NC_001224|,73518,AT,A,92,861,10.69%,1.1972E-29
d1,ref|NC_001224|,82253,T,TA,471,541,87.06%,1.8734E-232
d1,ref|NC_001224|,82507,T,A,395,395,100%,5.4115E-237
d1,ref|NC_001224|,82650,T,TA,16,46,34.78%,3.1446E-6
d1,ref|NC_001224|,82681,A,AT,8,42,19.05%,2.7074E-3
d1,ref|NC_001224|,84255,C,CG,24,449,5.35%,4.2986E-8
d20,ref|NC_001133|,12620,T,C,9,26,34.62%,8.4928E-4
d20,ref|NC_001133|,12668,T,C,6,26,23.08%,1.1309E-2
d20,ref|NC_001133|,12690,A,T,18,24,75%,1.8413E-8
d20,ref|NC_001133|,25340,C,A,10,10,100%,5.4125E-6
d20,ref|NC_001133|,26391,A,G,5,14,35.71%,2.037E-2
d20,ref|NC_001133|,39709,A,G,4,13,30.77%,4.7826E-2
d20,ref|NC_001133|,45634,CT,C,4,14,28.57%,4.7826E-2
d20,ref|NC_001133|,101450,TA,T,4,11,36.36%,4.5113E-2
d20,ref|NC_001133|,183387,AC,A,10,10,100%,5.4125E-6
d20,ref|NC_001133|,193631,A,T,18,18,100%,1.1019E-10
d20,ref|NC_001133|,199811,T,G,13,13,100%,9.6148E-8
d20,ref|NC_001134|,1187,C,T,8,25,32%,2.0146E-3
d20,ref|NC_001134|,1254,T,C,6,20,30%,1.0098E-2
d20,ref|NC_001134|,5983,C,G,18,18,100%,1.1019E-10
d20,ref|NC_001134|,6440,G,C,10,10,100%,5.4125E-6
d20,ref|NC_001134|,7510,G,A,11,11,100%,1.4176E-6
d20,ref|NC_001134|,7511,G,A,11,11,100%,1.4176E-6
d20,ref|NC_001134|,7912,GA,G,13,13,100%,9.6148E-8
d20,ref|NC_001134|,15101,T,G,18,18,100%,1.1019E-10
d20,ref|NC_001134|,15510,G,T,10,10,100%,5.4125E-6
d20,ref|NC_001134|,16380,C,T,10,10,100%,5.4125E-6
d20,ref|NC_001134|,16392,A,G,10,10,100%,5.4125E-6
d20,ref|NC_001134|,30012,C,T,12,12,100%,3.698E-7
d20,ref|NC_001134|,30050,A,G,11,11,100%,1.4176E-6
d20,ref|NC_001134|,34298,G,A,10,10,100%,5.4125E-6
d20,ref|NC_001134|,35485,C,T,18,18,100%,1.1019E-10
d20,ref|NC_001134|,51505,C,T,7,12,58.33%,2.2883E-3
d20,ref|NC_001134|,59755,T,C,14,14,100%,2.4927E-8
d20,ref|NC_001134|,88484,GGAGAA,G,14,20,70%,1.6702E-6
d20,ref|NC_001134|,115437,G,GA,7,24,29.17%,3.9926E-3
d20,ref|NC_001134|,165902,C,CT,5,13,38.46%,1.4706E-2
d20,ref|NC_001134|,167978,C,CA,4,11,36.36%,4.1176E-2
d20,ref|NC_001134|,221288,AGT,A,10,10,100%,5.4125E-6
d20,ref|NC_001134|,230842,T,A,4,11,36.36%,4.5113E-2
d20,ref|NC_001134|,251593,C,CT,5,23,21.74%,2.4248E-2
d20,ref|NC_001134|,380246,G,T,5,26,19.23%,2.531E-2
d20,ref|NC_001134|,383176,C,CG,16,17,94.12%,7.7134E-9
d20,ref|NC_001134|,389421,GCT,G,19,19,100%,2.8292E-11
d20,ref|NC_001134|,479272,C,CA,6,19,31.58%,8.837E-3
d20,ref|NC_001134|,492950,GA,G,4,12,33.33%,3.8462E-2
d20,ref|NC_001134|,526831,G,GA,4,14,28.57%,4.6584E-2
d20,ref|NC_001134|,570810,A,G,4,13,30.77%,4.7826E-2
d20,ref|NC_001134|,571328,CA,C,7,16,43.75%,1.935E-3
d20,ref|NC_001134|,581861,A,T,6,15,40%,8.4291E-3
d20,ref|NC_001134|,598149,A,G,4,15,26.67%,4.9808E-2
d20,ref|NC_001134|,683571,T,C,6,25,24%,1.1145E-2
d20,ref|NC_001134|,720641,CT,C,6,38,15.79%,1.2628E-2
d20,ref|NC_001134|,746362,CATCTGCA,C,10,11,90.91%,1.7011E-5
d20,ref|NC_001134|,751216,C,CA,5,12,41.67%,1.8634E-2
d20,ref|NC_001134|,809794,ATT,A,7,15,46.67%,1.1312E-3
d20,ref|NC_001135|,143131,T,C,16,16,100%,1.6637E-9
d20,ref|NC_001135|,162361,T,C,10,10,100%,5.4125E-6
d20,ref|NC_001135|,162396,G,C,12,12,100%,3.698E-7
d20,ref|NC_001135|,162694,G,A,10,10,100%,5.4125E-6
d20,ref|NC_001135|,162712,TA,T,11,11,100%,1.4176E-6
d20,ref|NC_001135|,163192,A,AT,10,10,100%,5.4125E-6
d20,ref|NC_001135|,288877,T,C,4,14,28.57%,4.8889E-2
d20,ref|NC_001135|,315517,CTA,C,4,16,25%,4.9808E-2
d20,ref|NC_001136|,13937,G,A,6,21,28.57%,1.0344E-2
d20,ref|NC_001136|,212204,A,C,5,25,20%,2.5076E-2
d20,ref|NC_001136|,212440,G,GT,5,17,29.41%,1.9565E-2
d20,ref|NC_001136|,270441,A,G,5,15,33.33%,2.1073E-2
d20,ref|NC_001136|,312518,C,CT,6,29,20.69%,1.1603E-2
d20,ref|NC_001136|,344004,G,GTA,5,15,33.33%,2.037E-2
d20,ref|NC_001136|,403511,G,GT,13,16,81.25%,8.7675E-7
d20,ref|NC_001136|,451060,A,C,4,14,28.57%,4.8889E-2
d20,ref|NC_001136|,461946,G,A,5,28,17.86%,2.5729E-2
d20,ref|NC_001136|,462158,A,G,17,42,40.48%,9.9678E-7
d20,ref|NC_001136|,535450,G,A,5,27,18.52%,2.5527E-2
d20,ref|NC_001136|,538733,GTA,G,4,11,36.36%,4.3344E-2
d20,ref|NC_001136|,542558,C,CA,5,29,17.24%,2.5729E-2
d20,ref|NC_001136|,548546,G,GT,4,12,33.33%,4.5113E-2
d20,ref|NC_001136|,557391,A,G,5,17,29.41%,2.2239E-2
d20,ref|NC_001136|,587839,C,CT,4,13,30.77%,4.5113E-2
d20,ref|NC_001136|,684700,A,G,5,16,31.25%,2.1691E-2
d20,ref|NC_001136|,688062,C,CTT,4,13,30.77%,3.8462E-2
d20,ref|NC_001136|,757631,G,C,11,11,100%,1.4176E-6
d20,ref|NC_001136|,758310,T,C,11,11,100%,1.4176E-6
d20,ref|NC_001136|,787153,T,C,6,23,26.09%,1.0777E-2
d20,ref|NC_001136|,816631,TA,T,5,21,23.81%,2.3166E-2
d20,ref|NC_001136|,817531,T,TA,13,20,65%,5.0106E-6
d20,ref|NC_001136|,827053,T,A,5,24,20.83%,2.4823E-2
d20,ref|NC_001136|,877858,A,T,5,25,20%,2.5076E-2
d20,ref|NC_001136|,880697,A,G,10,10,100%,5.4125E-6
d20,ref|NC_001136|,884572,CT,C,4,19,21.05%,4.9808E-2
d20,ref|NC_001136|,921813,CA,C,5,15,33.33%,1.6254E-2
d20,ref|NC_001136|,947457,T,A,6,22,27.27%,1.057E-2
d20,ref|NC_001136|,987244,G,A,13,13,100%,9.6148E-8
d20,ref|NC_001136|,1045495,T,A,7,26,26.92%,4.9169E-3
d20,ref|NC_001136|,1046392,A,G,8,23,34.78%,1.8791E-3
d20,ref|NC_001136|,1068854,T,C,5,40,12.5%,2.7371E-2
d20,ref|NC_001136|,1079010,AT,A,5,20,25%,2.3166E-2
d20,ref|NC_001136|,1090113,G,GA,13,25,52%,9.5813E-6
d20,ref|NC_001136|,1108600,G,GA,5,18,27.78%,2.2239E-2
d20,ref|NC_001136|,1129895,T,C,4,15,26.67%,4.9808E-2
d20,ref|NC_001136|,1150910,A,AG,35,35,100%,8.9137E-21
d20,ref|NC_001136|,1169012,G,A,5,24,20.83%,2.4823E-2
d20,ref|NC_001136|,1173812,A,G,4,15,26.67%,4.9808E-2
d20,ref|NC_001136|,1187941,T,A,5,33,15.15%,2.6557E-2
d20,ref|NC_001136|,1253397,T,C,23,23,100%,1.2146E-13
d20,ref|NC_001136|,1285390,A,T,5,25,20%,2.5076E-2
d20,ref|NC_001136|,1305680,TG,T,18,19,94.74%,5.6585E-10
d20,ref|NC_001136|,1318203,T,A,5,33,15.15%,2.6557E-2
d20,ref|NC_001136|,1402305,C,T,23,23,100%,1.2146E-13
d20,ref|NC_001136|,1431852,G,C,7,14,50%,2.8986E-3
d20,ref|NC_001136|,1433710,A,T,20,20,100%,7.2544E-12
d20,ref|NC_001136|,1515034,TA,T,10,13,76.92%,5.3843E-5
d20,ref|NC_001136|,1518948,G,GT,12,18,66.67%,1.3461E-6
d20,ref|NC_001137|,31460,CAT,C,7,21,33.33%,4.3101E-3
d20,ref|NC_001137|,48384,T,C,20,20,100%,7.2544E-12
d20,ref|NC_001137|,50185,G,A,4,14,28.57%,4.8889E-2
d20,ref|NC_001137|,154531,T,A,10,10,100%,5.4125E-6
d20,ref|NC_001137|,214253,CT,C,5,24,20.83%,2.4823E-2
d20,ref|NC_001137|,243665,GA,G,4,13,30.77%,4.3344E-2
d20,ref|NC_001137|,261464,C,CA,10,23,43.48%,2.3971E-4
d20,ref|NC_001137|,272558,GT,G,10,12,83.33%,1.7011E-5
d20,ref|NC_001137|,382298,A,ATT,4,10,40%,3.0303E-2
d20,ref|NC_001137|,455098,A,AT,5,19,26.32%,2.3166E-2
d20,ref|NC_001137|,468982,C,CT,4,12,33.33%,4.6584E-2
d20,ref|NC_001137|,517529,T,C,14,14,100%,2.4927E-8
d20,ref|NC_001137|,523282,A,G,4,11,36.36%,4.5113E-2
d20,ref|NC_001137|,523308,TA,T,4,13,30.77%,4.7826E-2
d20,ref|NC_001138|,8304,TA,T,5,11,45.45%,1.4706E-2
d20,ref|NC_001138|,11068,CT,C,8,24,33.33%,1.8042E-3
d20,ref|NC_001138|,12416,T,A,10,17,58.82%,1.4831E-4
d20,ref|NC_001138|,32118,T,A,6,21,28.57%,1.0344E-2
d20,ref|NC_001138|,97864,C,CTT,7,11,63.64%,1.548E-3
d20,ref|NC_001138|,212286,TA,T,5,13,38.46%,1.9565E-2
d20,ref|NC_001138|,227478,C,CT,5,15,33.33%,1.4706E-2
d20,ref|NC_001138|,256488,TA,T,4,12,33.33%,4.6584E-2
d20,ref|NC_001139|,8151,G,GA,21,21,100%,1.8578E-12
d20,ref|NC_001139|,34402,C,CA,7,21,33.33%,4.3101E-3
d20,ref|NC_001139|,57123,C,T,5,18,27.78%,2.2727E-2
d20,ref|NC_001139|,192860,A,T,11,25,44%,1.1933E-4
d20,ref|NC_001139|,224901,C,T,5,27,18.52%,2.5527E-2
d20,ref|NC_001139|,247978,A,G,5,25,20%,2.5076E-2
d20,ref|NC_001139|,278779,CT,C,4,16,25%,4.9808E-2
d20,ref|NC_001139|,311589,C,A,19,19,100%,2.8292E-11
d20,ref|NC_001139|,323361,AT,A,5,12,41.67%,1.6254E-2
d20,ref|NC_001139|,371569,G,A,20,20,100%,7.2544E-12
d20,ref|NC_001139|,397834,GA,G,5,12,41.67%,1.2821E-2
d20,ref|NC_001139|,400550,G,GT,7,16,43.75%,2.2883E-3
d20,ref|NC_001139|,401674,C,A,20,20,100%,7.2544E-12
d20,ref|NC_001139|,401698,T,A,19,19,100%,2.8292E-11
d20,ref|NC_001139|,404522,T,TG,11,11,100%,1.4176E-6
d20,ref|NC_001139|,404935,C,G,12,12,100%,3.698E-7
d20,ref|NC_001139|,404936,G,C,12,12,100%,3.698E-7
d20,ref|NC_001139|,405085,CG,C,11,11,100%,1.4176E-6
d20,ref|NC_001139|,438823,A,AT,5,24,20.83%,2.3921E-2
d20,ref|NC_001139|,484095,CT,C,5,24,20.83%,2.4248E-2
d20,ref|NC_001139|,496729,T,TA,14,18,77.78%,8.0605E-7
d20,ref|NC_001139|,509238,C,T,5,16,31.25%,2.1691E-2
d20,ref|NC_001139|,532600,G,A,5,18,27.78%,2.2727E-2
d20,ref|NC_001139|,558992,A,G,5,17,29.41%,2.2239E-2
d20,ref|NC_001139|,609109,T,TA,4,13,30.77%,4.6584E-2
d20,ref|NC_001139|,627186,CT,C,4,20,20%,4.9808E-2
d20,ref|NC_001139|,649555,G,GT,8,38,21.05%,2.4931E-3
d20,ref|NC_001139|,678070,CT,C,4,12,33.33%,4.1176E-2
d20,ref|NC_001139|,733109,AT,A,7,14,50%,2.6087E-3
d20,ref|NC_001139|,807865,CA,C,8,24,33.33%,1.8042E-3
d20,ref|NC_001139|,875869,A,G,5,32,15.62%,2.6412E-2
d20,ref|NC_001139|,894332,T,C,5,18,27.78%,2.2727E-2
d20,ref|NC_001139|,899782,T,TA,4,12,33.33%,4.6584E-2
d20,ref|NC_001139|,1006277,G,C,21,23,91.3%,3.6437E-11
d20,ref|NC_001139|,1006278,C,G,21,23,91.3%,3.6437E-11
d20,ref|NC_001139|,1006279,G,C,21,23,91.3%,1.8578E-12
d20,ref|NC_001139|,1046262,TG,T,7,25,28%,4.8126E-3
d20,ref|NC_001139|,1066256,TA,T,5,20,25%,2.3562E-2
d20,ref|NC_001139|,1073937,C,CA,4,12,33.33%,4.6584E-2
d20,ref|NC_001140|,2256,C,T,4,13,30.77%,4.7826E-2
d20,ref|NC_001140|,17534,A,AT,9,14,64.29%,2.8986E-4
d20,ref|NC_001140|,71906,CT,C,6,16,37.5%,7.4534E-3
d20,ref|NC_001140|,80499,GA,G,5,21,23.81%,2.3921E-2
d20,ref|NC_001140|,156940,C,G,4,12,33.33%,4.6584E-2
d20,ref|NC_001140|,187814,GA,G,5,17,29.41%,1.9565E-2
d20,ref|NC_001140|,192694,C,CA,4,12,33.33%,4.5113E-2
d20,ref|NC_001140|,214256,CT,C,15,120,12.5%,1.7628E-5
d20,ref|NC_001140|,234753,AT,A,4,16,25%,4.6584E-2
d20,ref|NC_001140|,250392,C,A,5,13,38.46%,1.9565E-2
d20,ref|NC_001140|,281489,TA,T,4,15,26.67%,4.9808E-2
d20,ref|NC_001140|,282569,CT,C,5,18,27.78%,2.2239E-2
d20,ref|NC_001140|,283634,T,A,4,10,40%,4.3344E-2
d20,ref|NC_001140|,314725,CAT,C,4,15,26.67%,4.8889E-2
d20,ref|NC_001140|,396945,GA,G,7,15,46.67%,3.1609E-3
d20,ref|NC_001140|,417054,G,A,10,10,100%,5.4125E-6
d20,ref|NC_001140|,443604,T,A,4,11,36.36%,4.5113E-2
d20,ref|NC_001140|,450485,A,T,6,15,40%,8.4291E-3
d20,ref|NC_001140|,459034,T,C,13,13,100%,9.6148E-8
d20,ref|NC_001140|,475931,TTA,T,6,10,60%,4.5249E-3
d20,ref|NC_001140|,477308,G,A,6,22,27.27%,1.057E-2
d20,ref|NC_001140|,511255,C,T,15,15,100%,6.4467E-9
d20,ref|NC_001140|,530045,A,G,5,24,20.83%,2.4823E-2
d20,ref|NC_001140|,554072,T,TA,7,13,53.85%,2.2883E-3
d20,ref|NC_001140|,556939,T,G,7,16,43.75%,3.3988E-3
d20,ref|NC_001140|,562385,AT,A,7,32,21.88%,5.1054E-3
d20,ref|NC_001140|,562440,A,G,9,34,26.47%,1.0644E-3
d20,ref|NC_001140|,562443,A,G,9,33,27.27%,1.042E-3
d20,ref|NC_001140|,562468,TGTGTG,T,5,31,16.13%,2.6257E-2
d20,ref|NC_001140|,562484,T,TG,7,16,43.75%,3.3988E-3
d20,ref|NC_001140|,562498,GT,G,9,23,39.13%,7.4174E-4
d20,ref|NC_001141|,25586,T,C,9,16,56.25%,4.0786E-4
d20,ref|NC_001141|,25593,C,T,9,15,60%,3.4983E-4
d20,ref|NC_001141|,25594,T,A,9,15,60%,3.4983E-4
d20,ref|NC_001141|,39373,T,TA,10,12,83.33%,1.7011E-5
d20,ref|NC_001141|,45874,T,C,5,10,50%,1.6254E-2
d20,ref|NC_001141|,75119,G,T,4,14,28.57%,4.8889E-2
d20,ref|NC_001141|,105433,A,AAAT,13,14,92.86%,3.7391E-7
d20,ref|NC_001141|,163245,AT,A,4,13,30.77%,4.6584E-2
d20,ref|NC_001141|,245962,CTT,C,6,13,46.15%,6.192E-3
d20,ref|NC_001141|,318694,T,A,12,12,100%,3.698E-7
d20,ref|NC_001141|,375747,A,T,14,15,93.33%,2.4927E-8
d20,ref|NC_001142|,59054,GA,G,5,17,29.41%,2.037E-2
d20,ref|NC_001142|,91126,A,T,7,27,25.93%,5.0143E-3
d20,ref|NC_001142|,97478,G,A,22,22,100%,4.7526E-13
d20,ref|NC_001142|,136911,GA,G,6,14,42.86%,6.865E-3
d20,ref|NC_001142|,147243,C,T,18,18,100%,1.1019E-10
d20,ref|NC_001142|,199170,A,C,14,14,100%,2.4927E-8
d20,ref|NC_001142|,200219,A,G,14,14,100%,2.4927E-8
d20,ref|NC_001142|,217454,G,GA,5,28,17.86%,2.5527E-2
d20,ref|NC_001142|,378117,T,A,4,12,33.33%,4.6584E-2
d20,ref|NC_001142|,470130,GTAA,G,10,16,62.5%,7.6278E-5
d20,ref|NC_001142|,475586,T,C,6,21,28.57%,1.0344E-2
d20,ref|NC_001142|,497098,A,AAT,12,15,80%,2.9913E-6
d20,ref|NC_001142|,497303,AAT,A,4,15,26.67%,4.8889E-2
d20,ref|NC_001142|,504395,T,C,4,15,26.67%,4.9808E-2
d20,ref|NC_001142|,523904,TA,T,4,18,22.22%,4.7826E-2
d20,ref|NC_001142|,526863,A,G,6,17,35.29%,9.2021E-3
d20,ref|NC_001142|,620598,GT,G,5,14,35.71%,2.037E-2
d20,ref|NC_001142|,636043,G,A,4,12,33.33%,4.6584E-2
d20,ref|NC_001142|,636995,C,CA,5,16,31.25%,2.1073E-2
d20,ref|NC_001142|,639198,CT,C,4,16,25%,4.6584E-2
d20,ref|NC_001142|,640784,G,GA,15,17,88.24%,7.3277E-8
d20,ref|NC_001142|,693686,G,T,5,27,18.52%,2.5527E-2
d20,ref|NC_001142|,738075,G,T,7,26,26.92%,4.9169E-3
d20,ref|NC_001143|,457,C,CA,20,21,95.24%,4.0873E-11
d20,ref|NC_001143|,573,C,T,5,11,45.45%,1.7544E-2
d20,ref|NC_001143|,3636,A,T,5,17,29.41%,2.2239E-2
d20,ref|NC_001143|,30594,T,A,6,17,35.29%,9.2021E-3
d20,ref|NC_001143|,36588,CAT,C,5,12,41.67%,1.4706E-2
d20,ref|NC_001143|,50950,G,C,5,18,27.78%,2.2727E-2
d20,ref|NC_001143|,68454,G,GCC,12,13,92.31%,1.3461E-6
d20,ref|NC_001143|,68468,T,TG,13,13,100%,9.6148E-8
d20,ref|NC_001143|,92655,AT,A,5,17,29.41%,2.2239E-2
d20,ref|NC_001143|,152930,A,T,5,19,26.32%,2.3166E-2
d20,ref|NC_001143|,197355,CT,C,5,23,21.74%,2.4548E-2
d20,ref|NC_001143|,259074,TA,T,4,15,26.67%,4.9808E-2
d20,ref|NC_001143|,320823,GT,G,6,16,37.5%,7.971E-3
d20,ref|NC_001143|,323019,A,T,11,11,100%,1.4176E-6
d20,ref|NC_001143|,358106,C,G,23,23,100%,1.2146E-13
d20,ref|NC_001143|,451568,GGAACAC,G,20,20,100%,7.2544E-12
d20,ref|NC_001143|,465172,G,GTATA,9,12,75%,1.1057E-4
d20,ref|NC_001143|,476656,T,C,5,26,19.23%,2.531E-2
d20,ref|NC_001143|,501714,G,T,6,20,30%,1.0098E-2
d20,ref|NC_001143|,552559,GT,G,5,28,17.86%,2.5729E-2
d20,ref|NC_001143|,645204,CA,C,4,16,25%,4.9808E-2
d20,ref|NC_001144|,11195,TAC,T,7,23,30.43%,4.4505E-3
d20,ref|NC_001144|,11225,CA,C,17,24,70.83%,8.1543E-8
d20,ref|NC_001144|,83939,T,A,7,37,18.92%,5.721E-3
d20,ref|NC_001144|,105616,T,TA,5,31,16.13%,2.6093E-2
d20,ref|NC_001144|,122008,GA,G,5,23,21.74%,2.2727E-2
d20,ref|NC_001144|,157627,A,G,5,21,23.81%,2.3921E-2
d20,ref|NC_001144|,170682,CAT,C,5,23,21.74%,2.4548E-2
d20,ref|NC_001144|,184643,A,T,6,22,27.27%,1.057E-2
d20,ref|NC_001144|,187137,AT,A,24,24,100%,3.101E-14
d20,ref|NC_001144|,198771,T,TA,6,38,15.79%,1.2628E-2
d20,ref|NC_001144|,251194,GA,G,6,25,24%,1.0968E-2
d20,ref|NC_001144|,253093,G,GA,5,36,13.89%,2.6822E-2
d20,ref|NC_001144|,264076,AT,A,5,17,29.41%,1.7544E-2
d20,ref|NC_001144|,291384,A,G,27,27,100%,5.1363E-16
d20,ref|NC_001144|,291386,A,G,27,27,100%,5.1363E-16
d20,ref|NC_001144|,292024,G,GA,11,46,23.91%,2.1547E-4
d20,ref|NC_001144|,319226,A,T,5,37,13.51%,2.706E-2
d20,ref|NC_001144|,322104,A,AT,6,25,24%,1.0968E-2
d20,ref|NC_001144|,348919,GT,G,5,41,12.2%,2.6693E-2
d20,ref|NC_001144|,348944,A,C,5,30,16.67%,2.6093E-2
d20,ref|NC_001144|,426662,CA,C,5,19,26.32%,2.2727E-2
d20,ref|NC_001144|,441523,CT,C,7,36,19.44%,5.6095E-3
d20,ref|NC_001144|,459803,CT,C,311,2458,12.66%,2.9532E-98
d20,ref|NC_001144|,460002,CA,C,436,3292,13.24%,5.4357E-136
d20,ref|NC_001144|,460262,G,GTA,188,3412,5.51%,2.8422E-53
d20,ref|NC_001144|,460383,TA,T,691,3204,21.57%,3.2947E-228
d20,ref|NC_001144|,460477,AT,A,173,3280,5.27%,9.7471E-49
d20,ref|NC_001144|,460621,T,C,170,2638,6.44%,1.5905E-49
d20,ref|NC_001144|,495309,C,CT,5,32,15.62%,2.6257E-2
d20,ref|NC_001144|,528749,T,A,25,25,100%,7.9107E-15
d20,ref|NC_001144|,568017,CT,C,5,23,21.74%,2.4248E-2
d20,ref|NC_001144|,568290,CT,C,7,30,23.33%,5.2713E-3
d20,ref|NC_001144|,626434,G,GA,5,32,15.62%,2.5729E-2
d20,ref|NC_001144|,657175,C,T,22,22,100%,4.7526E-13
d20,ref|NC_001144|,673689,A,T,5,40,12.5%,2.7371E-2
d20,ref|NC_001144|,699939,GA,G,8,34,23.53%,1.8791E-3
d20,ref|NC_001144|,704138,TA,T,10,26,38.46%,2.9985E-4
d20,ref|NC_001144|,713307,A,AT,7,49,14.29%,6.1774E-3
d20,ref|NC_001144|,784382,G,GC,18,19,94.74%,5.6585E-10
d20,ref|NC_001144|,784895,GA,G,5,20,25%,2.3562E-2
d20,ref|NC_001144|,828903,C,T,15,15,100%,6.4467E-9
d20,ref|NC_001144|,881947,C,CAT,18,29,62.07%,6.1806E-8
d20,ref|NC_001144|,888977,T,C,5,37,13.51%,2.706E-2
d20,ref|NC_001144|,1012324,C,CG,18,18,100%,1.1019E-10
d20,ref|NC_001144|,1012328,A,AGCC,17,18,94.44%,2.0936E-9
d20,ref|NC_001144|,1032120,TAA,T,7,42,16.67%,5.9563E-3
d20,ref|NC_001144|,1039435,T,A,25,25,100%,7.9107E-15
d20,ref|NC_001144|,1053293,AT,A,6,39,15.38%,1.2467E-2
d20,ref|NC_001144|,1059677,T,TA,8,35,22.86%,2.1337E-3
d20,ref|NC_001144|,1067259,T,C,5,29,17.24%,2.5917E-2
d20,ref|NC_001144|,1067288,G,T,6,29,20.69%,1.1736E-2
d20,ref|NC_001145|,34473,T,G,20,20,100%,7.2544E-12
d20,ref|NC_001145|,41950,G,GA,7,25,28%,4.158E-3
d20,ref|NC_001145|,73342,GC,G,4,15,26.67%,4.9808E-2
d20,ref|NC_001145|,99274,C,CAA,5,22,22.73%,2.3562E-2
d20,ref|NC_001145|,193729,TATTTCTCAGG,T,4,12,33.33%,4.6584E-2
d20,ref|NC_001145|,325905,T,A,18,18,100%,1.1019E-10
d20,ref|NC_001145|,337473,C,CA,4,15,26.67%,4.9808E-2
d20,ref|NC_001145|,348566,CT,C,4,15,26.67%,4.8889E-2
d20,ref|NC_001145|,351743,G,T,6,25,24%,1.1145E-2
d20,ref|NC_001145|,361550,G,A,13,13,100%,9.6148E-8
d20,ref|NC_001145|,361725,A,G,7,24,29.17%,4.7006E-3
d20,ref|NC_001145|,442784,A,T,4,12,33.33%,4.6584E-2
d20,ref|NC_001145|,483743,GA,G,4,12,33.33%,4.5113E-2
d20,ref|NC_001145|,617117,A,T,5,21,23.81%,2.3921E-2
d20,ref|NC_001145|,651263,TA,T,20,21,95.24%,4.0873E-11
d20,ref|NC_001145|,672129,T,C,21,21,100%,1.8578E-12
d20,ref|NC_001145|,680936,T,C,11,11,100%,1.4176E-6
d20,ref|NC_001145|,680940,C,T,11,11,100%,1.4176E-6
d20,ref|NC_001145|,728600,G,T,5,26,19.23%,2.531E-2
d20,ref|NC_001145|,759416,A,G,5,28,17.86%,2.5729E-2
d20,ref|NC_001145|,770561,A,AT,5,22,22.73%,2.4248E-2
d20,ref|NC_001145|,772664,CT,C,6,22,27.27%,9.828E-3
d20,ref|NC_001145|,809198,A,G,17,17,100%,4.2852E-10
d20,ref|NC_001145|,851713,GA,G,6,24,25%,1.0098E-2
d20,ref|NC_001145|,854778,A,G,4,14,28.57%,4.8889E-2
d20,ref|NC_001145|,882563,G,A,5,17,29.41%,2.2239E-2
d20,ref|NC_001145|,918120,C,CT,5,18,27.78%,2.2727E-2
d20,ref|NC_001145|,921418,CT,C,11,13,84.62%,1.4176E-6
d20,ref|NC_001145|,924341,G,T,10,10,100%,5.4125E-6
d20,ref|NC_001145|,924352,G,GGT,10,10,100%,5.4125E-6
d20,ref|NC_001146|,7478,A,AT,22,23,95.65%,2.9149E-12
d20,ref|NC_001146|,10214,TA,T,5,11,45.45%,1.7544E-2
d20,ref|NC_001146|,41095,TAAG,T,4,12,33.33%,4.6584E-2
d20,ref|NC_001146|,96215,A,G,5,14,35.71%,2.037E-2
d20,ref|NC_001146|,118987,G,GA,9,18,50%,4.6348E-4
d20,ref|NC_001146|,154923,GA,G,5,20,25%,2.1691E-2
d20,ref|NC_001146|,196150,CT,C,5,19,26.32%,2.2239E-2
d20,ref|NC_001146|,243197,A,T,5,24,20.83%,2.4823E-2
d20,ref|NC_001146|,266685,T,C,10,26,38.46%,3.3576E-4
d20,ref|NC_001146|,282400,G,C,5,12,41.67%,1.8634E-2
d20,ref|NC_001146|,282401,T,C,5,12,41.67%,1.8634E-2
d20,ref|NC_001146|,312328,AACG,A,10,10,100%,5.4125E-6
d20,ref|NC_001146|,343740,C,T,5,22,22.73%,2.4248E-2
d20,ref|NC_001146|,377887,G,T,27,27,100%,5.1363E-16
d20,ref|NC_001146|,380387,TG,T,5,10,50%,1.6254E-2
d20,ref|NC_001146|,433068,TG,T,4,15,26.67%,4.9808E-2
d20,ref|NC_001146|,439397,G,GT,10,11,90.91%,1.7011E-5
d20,ref|NC_001146|,471767,A,G,13,13,100%,9.6148E-8
d20,ref|NC_001146|,523441,G,T,4,13,30.77%,4.7826E-2
d20,ref|NC_001146|,601112,T,G,14,33,42.42%,1.0577E-5
d20,ref|NC_001146|,601202,T,C,7,26,26.92%,4.9169E-3
d20,ref|NC_001146|,611940,T,C,5,25,20%,2.5076E-2
d20,ref|NC_001146|,721916,TA,T,5,12,41.67%,1.8634E-2
d20,ref|NC_001146|,776301,AT,A,4,11,36.36%,4.3344E-2
d20,ref|NC_001147|,13997,CA,C,7,25,28%,4.158E-3
d20,ref|NC_001147|,50002,C,T,15,15,100%,6.4467E-9
d20,ref|NC_001147|,50010,A,T,16,16,100%,1.6637E-9
d20,ref|NC_001147|,50012,C,T,16,16,100%,1.6637E-9
d20,ref|NC_001147|,60213,CT,C,4,10,40%,3.4965E-2
d20,ref|NC_001147|,60240,C,T,12,12,100%,3.698E-7
d20,ref|NC_001147|,79297,C,G,15,15,100%,6.4467E-9
d20,ref|NC_001147|,79304,A,T,13,13,100%,9.6148E-8
d20,ref|NC_001147|,79305,T,A,13,13,100%,9.6148E-8
d20,ref|NC_001147|,118032,A,C,14,40,35%,1.5388E-5
d20,ref|NC_001147|,126417,T,A,5,25,20%,2.5076E-2
d20,ref|NC_001147|,135024,G,T,5,22,22.73%,2.4248E-2
d20,ref|NC_001147|,161403,A,T,4,12,33.33%,4.6584E-2
d20,ref|NC_001147|,161617,T,C,7,32,21.88%,5.4182E-3
d20,ref|NC_001147|,161762,T,C,12,34,35.29%,7.5302E-5
d20,ref|NC_001147|,200753,T,C,5,33,15.15%,2.6557E-2
d20,ref|NC_001147|,204570,C,CT,6,25,24%,9.828E-3
d20,ref|NC_001147|,239219,A,T,4,12,33.33%,4.6584E-2
d20,ref|NC_001147|,334369,A,T,5,26,19.23%,2.531E-2
d20,ref|NC_001147|,389237,T,G,12,12,100%,3.698E-7
d20,ref|NC_001147|,412675,A,AT,6,16,37.5%,7.971E-3
d20,ref|NC_001147|,417208,C,T,5,22,22.73%,2.4248E-2
d20,ref|NC_001147|,437763,T,A,23,23,100%,1.2146E-13
d20,ref|NC_001147|,453294,G,A,5,23,21.74%,2.4548E-2
d20,ref|NC_001147|,456532,G,A,4,10,40%,4.3344E-2
d20,ref|NC_001147|,484751,C,T,6,19,31.58%,9.828E-3
d20,ref|NC_001147|,519639,A,T,17,17,100%,4.2852E-10
d20,ref|NC_001147|,522811,G,GAA,4,13,30.77%,4.3344E-2
d20,ref|NC_001147|,662016,AT,A,5,19,26.32%,2.1073E-2
d20,ref|NC_001147|,679623,T,A,5,14,35.71%,2.037E-2
d20,ref|NC_001147|,745306,CA,C,6,13,46.15%,7.4534E-3
d20,ref|NC_001147|,815288,TC,T,5,24,20.83%,2.4823E-2
d20,ref|NC_001147|,824185,G,A,5,11,45.45%,1.7544E-2
d20,ref|NC_001147|,903865,T,A,5,18,27.78%,2.2727E-2
d20,ref|NC_001147|,923126,GAT,G,7,20,35%,4.158E-3
d20,ref|NC_001147|,937580,A,T,5,24,20.83%,2.4823E-2
d20,ref|NC_001147|,949716,A,G,6,24,25%,1.0968E-2
d20,ref|NC_001147|,980936,C,G,26,26,100%,2.0165E-15
d20,ref|NC_001147|,1013025,C,CTA,4,14,28.57%,4.8889E-2
d20,ref|NC_001147|,1013328,T,A,5,21,23.81%,2.3921E-2
d20,ref|NC_001147|,1071028,TA,T,5,26,19.23%,2.5076E-2
d20,ref|NC_001147|,1078302,C,CT,5,22,22.73%,2.3562E-2
d20,ref|NC_001148|,9518,C,CA,4,10,40%,4.1176E-2
d20,ref|NC_001148|,32393,A,T,4,14,28.57%,4.8889E-2
d20,ref|NC_001148|,103226,G,A,5,33,15.15%,2.6557E-2
d20,ref|NC_001148|,144689,AGGAAACGTC,A,17,23,73.91%,5.7694E-8
d20,ref|NC_001148|,191944,C,T,15,15,100%,6.4467E-9
d20,ref|NC_001148|,239586,G,T,5,32,15.62%,2.6412E-2
d20,ref|NC_001148|,282476,G,T,5,26,19.23%,2.531E-2
d20,ref|NC_001148|,354069,C,T,6,13,46.15%,7.4534E-3
d20,ref|NC_001148|,462244,GA,G,9,23,39.13%,6.1425E-4
d20,ref|NC_001148|,462856,T,A,5,19,26.32%,2.3166E-2
d20,ref|NC_001148|,481304,AT,A,16,18,88.89%,2.0936E-8
d20,ref|NC_001148|,502679,CAA,C,6,20,30%,6.865E-3
d20,ref|NC_001148|,503385,GA,G,8,13,61.54%,3.5723E-4
d20,ref|NC_001148|,538037,G,A,4,15,26.67%,4.9808E-2
d20,ref|NC_001148|,581338,G,GAA,4,11,36.36%,3.0303E-2
d20,ref|NC_001148|,588390,C,T,15,15,100%,6.4467E-9
d20,ref|NC_001148|,600560,GA,G,5,19,26.32%,2.2239E-2
d20,ref|NC_001148|,607997,CT,C,4,15,26.67%,4.9808E-2
d20,ref|NC_001148|,614141,TG,T,5,22,22.73%,2.4248E-2
d20,ref|NC_001148|,639136,G,GA,5,15,33.33%,2.037E-2
d20,ref|NC_001148|,640799,C,T,5,23,21.74%,2.4548E-2
d20,ref|NC_001148|,643709,GA,G,4,15,26.67%,4.9808E-2
d20,ref|NC_001148|,643732,GA,G,4,12,33.33%,4.6584E-2
d20,ref|NC_001148|,646234,C,CT,4,10,40%,3.8462E-2
d20,ref|NC_001148|,655079,G,GA,6,22,27.27%,9.5308E-3
d20,ref|NC_001148|,667520,T,G,13,13,100%,9.6148E-8
d20,ref|NC_001148|,677102,A,G,17,17,100%,4.2852E-10
d20,ref|NC_001148|,698526,GA,G,5,21,23.81%,2.2239E-2
d20,ref|NC_001148|,700420,AT,A,31,46,67.39%,9.3274E-14
d20,ref|NC_001148|,749320,G,T,6,21,28.57%,1.0344E-2
d20,ref|NC_001148|,759400,T,G,10,10,100%,5.4125E-6
d20,ref|NC_001148|,890346,T,A,21,21,100%,1.8578E-12
d20,ref|NC_001148|,937333,CTCT,C,4,14,28.57%,4.8889E-2
d20,ref|NC_001224|,13751,A,AT,9,136,6.62%,1.7019E-3
d20,ref|NC_001224|,20288,T,TG,14,164,8.54%,4.5264E-5
d20,ref|NC_001224|,20345,GA,G,157,167,94.01%,4.205E-84
d20,ref|NC_001224|,20934,T,G,213,213,100%,1.4936E-127
d20,ref|NC_001224|,23528,TA,T,9,165,5.49%,1.7412E-3
d20,ref|NC_001224|,33467,T,C,100,100,100%,1.1044E-59
d20,ref|NC_001224|,33618,T,TTC,45,50,90%,3.448E-23
d20,ref|NC_001224|,33779,AC,A,57,68,83.82%,3.328E-28
d20,ref|NC_001224|,39517,G,T,206,206,100%,2.4067E-123
d20,ref|NC_001224|,43084,A,AT,145,157,92.36%,1.3388E-76
d20,ref|NC_001224|,44795,A,AT,145,159,91.19%,6.0212E-75
d20,ref|NC_001224|,45971,A,AT,11,141,7.8%,3.969E-4
d20,ref|NC_001224|,49500,A,T,67,67,100%,6.6743E-40
d20,ref|NC_001224|,50980,AT,A,6,107,5.61%,1.4488E-2
d20,ref|NC_001224|,55436,GC,G,95,98,96.94%,2.9152E-53
d20,ref|NC_001224|,60347,TA,T,7,120,5.83%,7.1405E-3
d20,ref|NC_001224|,62486,TC,T,7,103,6.8%,7.0089E-3
d20,ref|NC_001224|,63656,CG,C,14,133,10.53%,4.1799E-5
d20,ref|NC_001224|,67400,T,TC,27,65,41.54%,2.4148E-10
d20,ref|NC_001224|,73114,AG,A,62,67,92.54%,9.3383E-33
d20,ref|NC_001224|,73136,TC,T,54,58,93.1%,9.0836E-29
d20,ref|NC_001224|,73518,AT,A,8,110,7.27%,3.3922E-3
d20,ref|NC_001224|,82253,T,TA,110,121,90.91%,5.2332E-59
