Sample,Chromosome,Position,Reference Allele,Variant Allele,Variant Count,Coverage,Variant frequency,P-value
1635,ref|NC_001133|,5068,A,AT,13,172,7.56%,9.487E-5
1635,ref|NC_001133|,6736,C,CAA,37,107,34.58%,4.8389E-15
1635,ref|NC_001133|,12529,A,G,16,166,9.64%,1.0442E-5
1635,ref|NC_001133|,12566,C,T,22,185,11.89%,1.2283E-7
1635,ref|NC_001133|,12570,C,T,23,190,12.11%,5.8717E-8
1635,ref|NC_001133|,12594,A,T,48,239,20.08%,2.5722E-16
1635,ref|NC_001133|,12620,T,C,71,283,25.09%,2.7632E-24
1635,ref|NC_001133|,12662,T,C,23,316,7.28%,7.8704E-8
1635,ref|NC_001133|,12666,T,C,26,318,8.18%,8.749E-9
1635,ref|NC_001133|,12668,T,C,94,307,30.62%,1.087E-32
1635,ref|NC_001133|,12690,A,T,135,284,47.54%,1.2704E-50
1635,ref|NC_001133|,12716,C,T,65,262,24.81%,2.8883E-22
1635,ref|NC_001133|,12786,T,A,10,160,6.25%,8.4479E-4
1635,ref|NC_001133|,16863,GT,G,10,99,10.1%,7.567E-4
1635,ref|NC_001133|,23239,CT,C,11,157,7.01%,4.0271E-4
1635,ref|NC_001133|,23712,C,CA,32,85,37.65%,1.5388E-12
1635,ref|NC_001133|,25340,C,A,113,113,100%,1.7491E-67
1635,ref|NC_001133|,25872,G,C,64,64,100%,4.1752E-38
1635,ref|NC_001133|,26183,C,G,8,20,40%,1.638E-3
1635,ref|NC_001133|,26193,T,C,14,31,45.16%,9.1194E-6
1635,ref|NC_001133|,26196,G,A,6,40,15%,1.2773E-2
1635,ref|NC_001133|,26331,G,A,40,262,15.27%,1.8149E-13
1635,ref|NC_001133|,26373,C,T,38,173,21.97%,3.7047E-13
1635,ref|NC_001133|,26412,G,C,60,60,100%,1.035E-35
1635,ref|NC_001133|,27126,T,C,26,26,100%,2.0165E-15
1635,ref|NC_001133|,27129,C,G,27,27,100%,5.1363E-16
1635,ref|NC_001133|,31122,CAT,C,17,96,17.71%,3.1765E-6
1635,ref|NC_001133|,35113,GA,G,18,154,11.69%,2.1288E-6
1635,ref|NC_001133|,45359,AG,A,7,119,5.88%,7.1177E-3
1635,ref|NC_001133|,65614,A,AT,14,157,8.92%,4.3484E-5
1635,ref|NC_001133|,68128,C,CT,8,158,5.06%,3.5587E-3
1635,ref|NC_001133|,69828,C,CT,14,129,10.85%,3.9601E-5
1635,ref|NC_001133|,70906,GA,G,25,135,18.52%,4.8319E-9
1635,ref|NC_001133|,71116,G,GA,8,137,5.84%,3.5022E-3
1635,ref|NC_001133|,71530,TA,T,12,135,8.89%,1.8797E-4
1635,ref|NC_001133|,74999,AT,A,18,150,12%,2.1288E-6
1635,ref|NC_001133|,77066,G,C,5,60,8.33%,2.8614E-2
1635,ref|NC_001133|,100007,A,AT,9,130,6.92%,1.6805E-3
1635,ref|NC_001133|,101281,C,CA,35,99,35.35%,2.0308E-13
1635,ref|NC_001133|,101450,T,TA,7,114,6.14%,7.0464E-3
1635,ref|NC_001133|,108747,GT,G,10,147,6.8%,8.2481E-4
1635,ref|NC_001133|,110695,AAG,A,5,96,5.21%,2.9627E-2
1635,ref|NC_001133|,126880,C,CTT,77,131,58.78%,3.0869E-33
1635,ref|NC_001133|,128103,AT,A,13,117,11.11%,8.2547E-5
1635,ref|NC_001133|,141135,A,T,138,138,100%,1.7164E-82
1635,ref|NC_001133|,142298,CT,C,7,129,5.43%,7.1618E-3
1635,ref|NC_001133|,143575,GA,G,9,133,6.77%,1.6846E-3
1635,ref|NC_001133|,152105,CT,C,25,108,23.15%,3.5387E-9
1635,ref|NC_001133|,154817,G,GT,8,119,6.72%,3.4363E-3
1635,ref|NC_001133|,160618,T,A,7,25,28%,4.8126E-3
1635,ref|NC_001133|,161379,G,A,6,113,5.31%,1.4597E-2
1635,ref|NC_001133|,161401,G,A,10,105,9.52%,7.8017E-4
1635,ref|NC_001133|,179225,C,CA,9,167,5.39%,1.7486E-3
1635,ref|NC_001133|,183387,AC,A,195,198,98.48%,2.0617E-112
1635,ref|NC_001133|,183620,G,GA,10,157,6.37%,8.355E-4
1635,ref|NC_001133|,188824,A,G,11,151,7.28%,4.0431E-4
1635,ref|NC_001133|,188881,G,C,37,180,20.56%,9.2446E-13
1635,ref|NC_001133|,188939,A,G,43,189,22.75%,7.65E-15
1635,ref|NC_001133|,189245,A,G,11,152,7.24%,4.0483E-4
1635,ref|NC_001133|,192551,CA,C,10,163,6.13%,8.3903E-4
1635,ref|NC_001133|,193631,A,T,120,120,100%,1.1001E-71
1635,ref|NC_001133|,196460,C,CA,12,148,8.11%,1.9262E-4
1635,ref|NC_001133|,199811,T,G,149,149,100%,4.252E-89
1635,ref|NC_001133|,199908,CT,C,21,123,17.07%,1.3772E-7
1635,ref|NC_001133|,205403,A,G,6,16,37.5%,8.837E-3
1635,ref|NC_001133|,206126,T,C,52,52,100%,6.3169E-31
1635,ref|NC_001133|,206129,A,C,52,52,100%,6.3169E-31
1635,ref|NC_001133|,206132,G,T,52,52,100%,6.3169E-31
1635,ref|NC_001133|,206144,C,T,48,48,100%,1.554E-28
1635,ref|NC_001133|,206177,G,C,36,36,100%,2.2598E-21
1635,ref|NC_001133|,206178,C,A,36,36,100%,2.2598E-21
1635,ref|NC_001133|,206179,A,C,37,37,100%,5.7269E-22
1635,ref|NC_001133|,210818,A,T,147,147,100%,6.7575E-88
1635,ref|NC_001133|,211019,T,C,129,129,100%,4.3506E-77
1635,ref|NC_001133|,221035,CA,C,7,84,8.33%,6.8485E-3
1635,ref|NC_001133|,225080,TA,T,22,115,19.13%,6.7043E-8
1635,ref|NC_001133|,225098,A,G,5,92,5.43%,2.9557E-2
1635,ref|NC_001133|,226914,AT,A,16,145,11.03%,9.2226E-6
1635,ref|NC_001133|,230183,G,GGT,7,16,43.75%,3.3988E-3
1635,ref|NC_001134|,1254,T,C,19,144,13.19%,1.0108E-6
1635,ref|NC_001134|,1528,G,A,9,150,6%,1.7262E-3
1635,ref|NC_001134|,1531,A,T,9,148,6.08%,1.7232E-3
1635,ref|NC_001134|,1532,G,T,8,152,5.26%,3.5542E-3
1635,ref|NC_001134|,5983,C,G,142,142,100%,6.8012E-85
1635,ref|NC_001134|,6440,G,C,129,129,100%,4.3506E-77
1635,ref|NC_001134|,7510,G,A,99,99,100%,4.3954E-59
1635,ref|NC_001134|,7511,G,A,99,99,100%,4.3954E-59
1635,ref|NC_001134|,7912,GA,G,187,196,95.41%,3.6299E-102
1635,ref|NC_001134|,9022,G,GA,40,127,31.5%,9.4956E-15
1635,ref|NC_001134|,15101,T,G,166,166,100%,2.6121E-99
1635,ref|NC_001134|,15510,G,T,156,156,100%,2.6554E-93
1635,ref|NC_001134|,15518,A,G,161,161,100%,2.6343E-96
1635,ref|NC_001134|,16380,C,T,130,130,100%,1.0919E-77
1635,ref|NC_001134|,16392,A,G,125,125,100%,1.0964E-74
1635,ref|NC_001134|,28439,A,AT,9,132,6.82%,1.6945E-3
1635,ref|NC_001134|,28695,C,CT,14,117,11.97%,3.9437E-5
1635,ref|NC_001134|,30012,C,T,93,93,100%,1.7451E-55
1635,ref|NC_001134|,30050,A,G,96,96,100%,2.7702E-57
1635,ref|NC_001134|,30210,T,C,48,48,100%,1.554E-28
1635,ref|NC_001134|,30658,G,T,28,28,100%,1.3074E-16
1635,ref|NC_001134|,30660,T,C,28,28,100%,1.3074E-16
1635,ref|NC_001134|,30723,G,A,27,27,100%,5.1363E-16
1635,ref|NC_001134|,30754,G,A,33,33,100%,1.3852E-19
1635,ref|NC_001134|,30848,C,G,49,49,100%,3.925E-29
1635,ref|NC_001134|,34298,G,A,69,69,100%,4.233E-41
1635,ref|NC_001134|,34565,T,C,12,92,13.04%,1.6648E-4
1635,ref|NC_001134|,35485,C,T,104,104,100%,4.3992E-62
1635,ref|NC_001134|,38757,TA,T,10,107,9.35%,7.7841E-4
1635,ref|NC_001134|,43104,C,CT,7,72,9.72%,6.4484E-3
1635,ref|NC_001134|,45076,C,CT,8,149,5.37%,3.5351E-3
1635,ref|NC_001134|,51505,C,T,59,118,50%,9.411E-23
1635,ref|NC_001134|,59755,T,C,127,127,100%,6.9069E-76
1635,ref|NC_001134|,62776,GA,G,7,120,5.83%,7.1057E-3
1635,ref|NC_001134|,68282,G,GTTA,6,88,6.82%,1.4231E-2
1635,ref|NC_001134|,71825,CT,C,9,156,5.77%,1.7186E-3
1635,ref|NC_001134|,84398,CA,C,16,150,10.67%,9.5547E-6
1635,ref|NC_001134|,88125,C,CT,7,118,5.93%,7.0805E-3
1635,ref|NC_001134|,88484,GGAGAA,G,96,113,84.96%,1.4253E-46
1635,ref|NC_001134|,96287,GA,G,6,116,5.17%,1.4588E-2
1635,ref|NC_001134|,115437,GA,G,19,104,18.27%,5.9651E-7
1635,ref|NC_001134|,122587,A,AT,9,82,10.98%,1.5196E-3
1635,ref|NC_001134|,127636,C,CT,17,100,17%,3.4798E-6
1635,ref|NC_001134|,137658,AT,A,7,91,7.69%,6.9019E-3
1635,ref|NC_001134|,137659,TA,T,7,44,15.91%,5.4855E-3
1635,ref|NC_001134|,138274,AT,A,8,67,11.94%,3.045E-3
1635,ref|NC_001134|,143864,GA,G,10,104,9.62%,7.7292E-4
1635,ref|NC_001134|,145899,GA,G,18,64,28.12%,7.4863E-7
1635,ref|NC_001134|,151274,GT,G,7,118,5.93%,7.0934E-3
1635,ref|NC_001134|,153609,A,AT,8,123,6.5%,3.463E-3
1635,ref|NC_001134|,165902,C,CT,20,80,25%,8.793E-8
1635,ref|NC_001134|,167275,C,CA,6,94,6.38%,1.4324E-2
1635,ref|NC_001134|,167978,C,CA,66,112,58.93%,4.5605E-28
1635,ref|NC_001134|,174714,AT,A,11,81,13.58%,3.1704E-4
1635,ref|NC_001134|,192232,C,CT,13,117,11.11%,8.155E-5
1635,ref|NC_001134|,196362,G,GA,8,103,7.77%,3.3922E-3
1635,ref|NC_001134|,207021,GT,G,8,95,8.42%,3.2508E-3
1635,ref|NC_001134|,221288,AGT,A,63,77,82.89%,3.8117E-30
1635,ref|NC_001134|,222303,C,G,10,10,100%,5.4125E-6
1635,ref|NC_001134|,222304,G,C,10,10,100%,5.4125E-6
1635,ref|NC_001134|,222354,A,G,5,89,5.62%,2.95E-2
1635,ref|NC_001134|,224654,C,T,8,89,8.99%,3.3145E-3
1635,ref|NC_001134|,242639,A,AT,19,123,15.45%,8.8057E-7
1635,ref|NC_001134|,251593,CT,C,11,108,10.19%,3.6177E-4
1635,ref|NC_001134|,254459,C,CT,11,125,8.8%,3.8807E-4
1635,ref|NC_001134|,259764,C,T,41,41,100%,2.3541E-24
1635,ref|NC_001134|,263144,GC,G,39,39,100%,3.6742E-23
1635,ref|NC_001134|,263153,C,T,39,39,100%,3.6742E-23
1635,ref|NC_001134|,263158,CG,C,45,45,100%,9.6314E-27
1635,ref|NC_001134|,263168,CG,C,53,53,100%,1.5943E-31
1635,ref|NC_001134|,270660,GA,G,7,139,5.04%,7.2096E-3
1635,ref|NC_001134|,270857,CT,C,8,105,7.62%,3.3616E-3
1635,ref|NC_001134|,281139,GA,G,8,118,6.78%,3.4481E-3
1635,ref|NC_001134|,290352,C,CA,7,109,6.42%,7.0604E-3
1635,ref|NC_001134|,292097,GA,G,7,111,6.31%,7.0805E-3
1635,ref|NC_001134|,296125,AT,A,14,77,18.18%,2.6327E-5
1635,ref|NC_001134|,300033,G,GA,15,87,17.24%,1.3016E-5
1635,ref|NC_001134|,307442,TA,T,5,83,6.02%,2.9327E-2
1635,ref|NC_001134|,307654,AT,A,8,86,9.3%,3.2735E-3
1635,ref|NC_001134|,316949,CA,C,13,83,15.66%,6.6146E-5
1635,ref|NC_001134|,320222,G,C,16,59,27.12%,4.7113E-6
1635,ref|NC_001134|,342440,GA,G,8,124,6.45%,3.4594E-3
1635,ref|NC_001134|,351230,C,CA,6,105,5.71%,1.4509E-2
1635,ref|NC_001134|,353485,CA,C,5,59,8.47%,2.8614E-2
1635,ref|NC_001134|,353595,AAT,A,5,34,14.71%,2.6093E-2
1635,ref|NC_001134|,369788,CT,C,8,76,10.53%,3.1718E-3
1635,ref|NC_001134|,383052,TA,T,7,87,8.05%,6.837E-3
1635,ref|NC_001134|,383176,C,CG,73,74,98.65%,3.2103E-42
1635,ref|NC_001134|,386207,CA,C,24,115,20.87%,1.0841E-8
1635,ref|NC_001134|,389421,GCT,G,88,102,86.27%,1.2024E-43
1635,ref|NC_001134|,395042,G,GA,8,113,7.08%,3.4108E-3
1635,ref|NC_001134|,406430,G,GA,9,108,8.33%,1.6276E-3
1635,ref|NC_001134|,415764,CT,C,13,97,13.4%,7.3881E-5
1635,ref|NC_001134|,415789,A,C,5,90,5.56%,2.9519E-2
1635,ref|NC_001134|,425941,CA,C,6,111,5.41%,1.452E-2
1635,ref|NC_001134|,426983,T,TA,7,103,6.8%,7.0009E-3
1635,ref|NC_001134|,452274,G,GA,6,108,5.56%,1.453E-2
1635,ref|NC_001134|,452435,CT,C,11,94,11.7%,3.4727E-4
1635,ref|NC_001134|,477089,GTA,G,17,74,22.97%,2.5282E-6
1635,ref|NC_001134|,479272,C,CA,11,100,11%,3.5556E-4
1635,ref|NC_001134|,485927,G,GT,6,94,6.38%,1.4247E-2
1635,ref|NC_001134|,491090,CT,C,10,112,8.93%,7.8693E-4
1635,ref|NC_001134|,491216,CA,C,7,105,6.67%,7.0318E-3
1635,ref|NC_001134|,492950,GA,G,22,95,23.16%,3.8057E-8
1635,ref|NC_001134|,499536,CA,C,14,68,20.59%,2.4613E-5
1635,ref|NC_001134|,505412,C,CA,12,89,13.48%,1.5831E-4
1635,ref|NC_001134|,526831,G,GA,6,87,6.9%,1.4231E-2
1635,ref|NC_001134|,533019,A,T,5,93,5.38%,2.9575E-2
1635,ref|NC_001134|,539226,GA,G,9,67,13.43%,1.4297E-3
1635,ref|NC_001134|,541458,GTCA,G,6,112,5.36%,1.456E-2
1635,ref|NC_001134|,541608,TTTA,T,7,108,6.48%,7.0464E-3
1635,ref|NC_001134|,559762,CAT,C,15,75,20%,1.3016E-5
1635,ref|NC_001134|,561222,G,GA,12,63,19.05%,1.0724E-4
1635,ref|NC_001134|,563012,AT,A,5,85,5.88%,2.9373E-2
1635,ref|NC_001134|,563031,G,GT,16,91,17.58%,6.156E-6
1635,ref|NC_001134|,571328,C,CA,8,96,8.33%,3.308E-3
1635,ref|NC_001134|,576030,T,TA,12,98,12.24%,1.6573E-4
1635,ref|NC_001134|,581558,AT,A,6,100,6%,1.4417E-2
1635,ref|NC_001134|,586331,TA,T,7,97,7.22%,6.9313E-3
1635,ref|NC_001134|,615984,GA,G,9,128,7.03%,1.6762E-3
1635,ref|NC_001134|,628558,G,GT,5,72,6.94%,2.8819E-2
1635,ref|NC_001134|,646111,CAT,C,9,65,13.85%,1.4054E-3
1635,ref|NC_001134|,653039,C,CA,6,109,5.5%,1.453E-2
1635,ref|NC_001134|,680339,TA,T,5,68,7.35%,2.87E-2
1635,ref|NC_001134|,681991,C,CA,5,86,5.81%,2.9327E-2
1635,ref|NC_001134|,684840,AT,A,8,101,7.92%,3.3616E-3
1635,ref|NC_001134|,698075,G,GA,21,90,23.33%,9.829E-8
1635,ref|NC_001134|,700169,A,AT,13,111,11.71%,8.155E-5
1635,ref|NC_001134|,704438,T,TA,6,94,6.38%,1.4309E-2
1635,ref|NC_001134|,711386,A,AT,13,113,11.5%,8.4105E-5
1635,ref|NC_001134|,714609,TA,T,8,123,6.5%,3.4443E-3
1635,ref|NC_001134|,720641,CT,C,10,126,7.94%,8.06E-4
1635,ref|NC_001134|,721265,GA,G,9,113,7.96%,1.6276E-3
1635,ref|NC_001134|,723663,C,CA,46,88,52.27%,1.548E-18
1635,ref|NC_001134|,744718,G,GT,7,140,5%,7.2096E-3
1635,ref|NC_001134|,746362,CATCTGCA,C,106,125,84.8%,2.6571E-51
1635,ref|NC_001134|,751216,C,CA,11,113,9.73%,3.7058E-4
1635,ref|NC_001134|,774669,CA,C,13,118,11.02%,8.2868E-5
1635,ref|NC_001134|,777906,A,AT,7,87,8.05%,6.8253E-3
1635,ref|NC_001134|,784713,CT,C,12,119,10.08%,1.7385E-4
1635,ref|NC_001134|,784824,GA,G,13,117,11.11%,8.3496E-5
1635,ref|NC_001134|,785854,A,AT,8,134,5.97%,3.4962E-3
1635,ref|NC_001134|,796621,T,TA,7,126,5.56%,7.1293E-3
1635,ref|NC_001134|,809484,CT,C,5,80,6.25%,2.9228E-2
1635,ref|NC_001134|,809794,AT,A,60,107,56.07%,1.4365E-27
1635,ref|NC_001135|,31,CA,C,6,12,50%,6.865E-3
1635,ref|NC_001135|,48,CCA,C,6,20,30%,9.828E-3
1635,ref|NC_001135|,50,A,ACAC,4,12,33.33%,3.8462E-2
1635,ref|NC_001135|,89,AC,A,10,53,19.23%,5.7272E-4
1635,ref|NC_001135|,90,C,CA,8,38,21.62%,2.5282E-3
1635,ref|NC_001135|,97,CCA,C,7,70,10.14%,6.6083E-3
1635,ref|NC_001135|,102,CA,C,8,66,12.31%,3.0959E-3
1635,ref|NC_001135|,110,CCA,C,9,95,9.68%,1.5583E-3
1635,ref|NC_001135|,118,AC,A,5,73,7.25%,2.8856E-2
1635,ref|NC_001135|,129,A,AC,23,65,36.51%,7.2965E-9
1635,ref|NC_001135|,135,C,CCA,5,92,5.56%,2.948E-2
1635,ref|NC_001135|,141,CCA,C,10,120,8.47%,7.917E-4
1635,ref|NC_001135|,146,CA,C,7,107,6.73%,7.0318E-3
1635,ref|NC_001135|,158,A,ACC,6,108,5.77%,1.4454E-2
1635,ref|NC_001135|,160,A,C,13,95,13.98%,7.6161E-5
1635,ref|NC_001135|,175,A,AC,10,96,10.53%,7.5448E-4
1635,ref|NC_001135|,179,A,AC,7,76,10.45%,6.5333E-3
1635,ref|NC_001135|,184,A,AC,18,117,15.38%,1.8802E-6
1635,ref|NC_001135|,195,A,AC,13,139,9.35%,9.0577E-5
1635,ref|NC_001135|,208,CCA,C,8,154,5.23%,3.5473E-3
1635,ref|NC_001135|,213,CA,C,10,137,7.35%,8.2269E-4
1635,ref|NC_001135|,214,A,AC,7,136,5.69%,7.1513E-3
1635,ref|NC_001135|,219,AC,A,11,144,7.64%,4.0047E-4
1635,ref|NC_001135|,227,C,CCACA,8,127,6.3%,3.4769E-3
1635,ref|NC_001135|,231,AC,A,23,120,19.17%,3.2151E-8
1635,ref|NC_001135|,233,C,A,26,70,37.14%,7.6618E-10
1635,ref|NC_001135|,234,C,CA,5,78,6.49%,2.9228E-2
1635,ref|NC_001135|,240,CCA,C,13,133,9.85%,8.9286E-5
1635,ref|NC_001135|,260,CA,C,6,101,6.19%,1.443E-2
1635,ref|NC_001135|,272,A,AC,11,52,22%,2.5621E-4
1635,ref|NC_001135|,278,C,A,6,58,10.53%,1.3535E-2
1635,ref|NC_001135|,282,A,AC,9,67,13.43%,1.4519E-3
1635,ref|NC_001135|,289,CCA,C,7,106,6.6%,7.0535E-3
1635,ref|NC_001135|,294,CA,C,8,117,6.84%,3.4519E-3
1635,ref|NC_001135|,1904,CA,C,7,125,5.6%,7.1618E-3
1635,ref|NC_001135|,8353,CT,C,11,139,7.91%,3.9025E-4
1635,ref|NC_001135|,8575,CA,C,21,136,15.44%,1.7472E-7
1635,ref|NC_001135|,9181,A,AT,17,138,12.32%,4.1941E-6
1635,ref|NC_001135|,23991,A,AT,8,121,6.61%,3.4557E-3
1635,ref|NC_001135|,27658,T,TA,22,85,25.88%,3.3578E-8
1635,ref|NC_001135|,42005,CA,C,16,111,14.41%,7.4782E-6
1635,ref|NC_001135|,44541,GA,G,35,133,26.32%,9.9736E-13
1635,ref|NC_001135|,50320,AAT,A,20,97,20.62%,2.8673E-7
1635,ref|NC_001135|,57055,TA,T,5,91,5.49%,2.948E-2
1635,ref|NC_001135|,57071,CA,C,5,75,6.76%,2.8961E-2
1635,ref|NC_001135|,57221,C,CA,13,97,13.4%,7.1891E-5
1635,ref|NC_001135|,57239,C,A,5,83,6.02%,2.9327E-2
1635,ref|NC_001135|,62748,CAT,C,13,101,12.87%,7.9021E-5
1635,ref|NC_001135|,84269,G,A,9,136,6.62%,1.7037E-3
1635,ref|NC_001135|,84421,G,A,60,60,100%,1.035E-35
1635,ref|NC_001135|,99797,G,A,51,114,44.74%,3.0508E-19
1635,ref|NC_001135|,101876,C,CT,17,112,15.18%,3.4157E-6
1635,ref|NC_001135|,107899,G,GA,10,131,7.63%,8.06E-4
1635,ref|NC_001135|,127804,C,CT,12,122,9.84%,1.8096E-4
1635,ref|NC_001135|,128128,AT,A,7,120,5.83%,7.1118E-3
1635,ref|NC_001135|,142564,G,GA,7,135,5.19%,7.2051E-3
1635,ref|NC_001135|,142665,G,GA,10,120,8.33%,7.9014E-4
1635,ref|NC_001135|,143131,T,C,139,139,100%,4.3066E-83
1635,ref|NC_001135|,161054,T,A,7,113,6.19%,7.0996E-3
1635,ref|NC_001135|,162361,T,C,118,118,100%,1.7454E-70
1635,ref|NC_001135|,162396,G,C,128,128,100%,1.7335E-76
1635,ref|NC_001135|,162640,T,G,136,136,100%,2.7264E-81
1635,ref|NC_001135|,162694,G,A,116,116,100%,2.7689E-69
1635,ref|NC_001135|,162712,TA,T,97,110,88.18%,1.8462E-49
1635,ref|NC_001135|,163059,T,C,118,118,100%,1.7454E-70
1635,ref|NC_001135|,163163,G,GA,96,109,88.07%,1.8462E-48
1635,ref|NC_001135|,163192,A,AT,107,113,94.69%,6.0696E-58
1635,ref|NC_001135|,177969,G,GT,7,103,6.8%,7.0243E-3
1635,ref|NC_001135|,183253,A,G,7,136,5.15%,7.2183E-3
1635,ref|NC_001135|,199081,G,A,109,111,98.2%,1.7552E-62
1635,ref|NC_001135|,205674,C,CT,15,127,11.81%,1.899E-5
1635,ref|NC_001135|,209788,CA,C,11,101,10.89%,3.5685E-4
1635,ref|NC_001135|,211722,GA,G,15,161,9.32%,2.1123E-5
1635,ref|NC_001135|,220216,AT,A,7,132,5.3%,7.1769E-3
1635,ref|NC_001135|,223344,CT,C,9,135,6.67%,1.6945E-3
1635,ref|NC_001135|,224773,T,TTA,9,103,8.74%,1.6051E-3
1635,ref|NC_001135|,228964,GT,G,9,109,8.26%,1.6215E-3
1635,ref|NC_001135|,229272,C,CA,14,106,13.21%,3.7453E-5
1635,ref|NC_001135|,231005,CT,C,16,115,13.91%,7.6643E-6
1635,ref|NC_001135|,236778,G,GT,7,121,5.79%,7.1405E-3
1635,ref|NC_001135|,236804,C,CT,11,137,8.03%,3.9302E-4
1635,ref|NC_001135|,242447,A,AT,11,119,9.24%,3.716E-4
1635,ref|NC_001135|,247980,GTA,G,14,96,14.58%,3.6214E-5
1635,ref|NC_001135|,260025,GTA,G,7,97,7.22%,6.9675E-3
1635,ref|NC_001135|,270474,T,C,8,144,5.56%,3.5351E-3
1635,ref|NC_001135|,273025,GA,G,15,97,15.46%,1.5103E-5
1635,ref|NC_001135|,289715,AT,A,5,98,5.1%,2.9644E-2
1635,ref|NC_001135|,292572,AAT,A,7,104,6.73%,7.0089E-3
1635,ref|NC_001135|,293126,AAT,A,5,65,7.69%,2.8819E-2
1635,ref|NC_001135|,304284,TA,T,10,135,7.41%,8.1826E-4
1635,ref|NC_001135|,308240,CT,C,6,119,5.04%,1.4597E-2
1635,ref|NC_001135|,313479,T,TA,14,127,11.02%,4.0387E-5
1635,ref|NC_001136|,42,A,AC,6,11,54.55%,6.192E-3
1635,ref|NC_001136|,54,C,CA,13,22,59.09%,9.5813E-6
1635,ref|NC_001136|,61,AC,A,17,21,80.95%,1.2848E-8
1635,ref|NC_001136|,4721,C,CT,6,114,5.26%,1.4588E-2
1635,ref|NC_001136|,7721,C,CA,59,62,95.16%,2.8722E-32
1635,ref|NC_001136|,13937,G,A,78,151,51.66%,3.8828E-30
1635,ref|NC_001136|,20525,CTA,C,6,78,7.69%,1.3999E-2
1635,ref|NC_001136|,26389,TA,T,11,127,8.66%,3.8655E-4
1635,ref|NC_001136|,27734,C,T,16,103,15.53%,8.1217E-6
1635,ref|NC_001136|,27743,C,G,11,87,12.64%,3.4872E-4
1635,ref|NC_001136|,27747,A,G,5,89,5.62%,2.95E-2
1635,ref|NC_001136|,43856,CT,C,19,120,15.83%,8.0843E-7
1635,ref|NC_001136|,43887,GA,G,14,130,10.77%,4.1532E-5
1635,ref|NC_001136|,50590,AT,A,7,115,6.09%,7.087E-3
1635,ref|NC_001136|,57073,GA,G,12,113,10.62%,1.7505E-4
1635,ref|NC_001136|,66048,GA,G,15,150,10%,2.0957E-5
1635,ref|NC_001136|,66439,GT,G,11,126,8.73%,3.8578E-4
1635,ref|NC_001136|,76735,A,AT,9,127,7.09%,1.674E-3
1635,ref|NC_001136|,92678,T,G,5,65,7.69%,2.8856E-2
1635,ref|NC_001136|,92682,G,GA,9,78,11.54%,1.3694E-3
1635,ref|NC_001136|,95791,G,GT,8,94,8.51%,3.308E-3
1635,ref|NC_001136|,99407,GA,G,16,149,10.74%,9.6911E-6
1635,ref|NC_001136|,106907,AT,A,8,126,6.35%,3.47E-3
1635,ref|NC_001136|,123792,TA,T,13,114,11.4%,8.1888E-5
1635,ref|NC_001136|,126537,CT,C,8,64,12.5%,2.7329E-3
1635,ref|NC_001136|,135456,CT,C,15,91,16.48%,1.3877E-5
1635,ref|NC_001136|,156021,A,AT,6,107,5.61%,1.454E-2
1635,ref|NC_001136|,169833,GTA,G,6,54,11.11%,1.3497E-2
1635,ref|NC_001136|,169891,TA,T,8,41,19.51%,2.3332E-3
1635,ref|NC_001136|,194466,G,GT,5,94,5.32%,2.9557E-2
1635,ref|NC_001136|,210686,AT,A,5,100,5%,2.9676E-2
1635,ref|NC_001136|,211315,CAT,C,17,114,14.91%,3.9586E-6
1635,ref|NC_001136|,212440,GT,G,7,92,7.61%,6.7884E-3
1635,ref|NC_001136|,221428,TA,T,5,98,5.1%,2.966E-2
1635,ref|NC_001136|,226816,C,CAT,5,49,10.2%,2.764E-2
1635,ref|NC_001136|,240138,CAT,C,7,88,7.95%,6.8597E-3
1635,ref|NC_001136|,270194,CA,C,9,115,7.83%,1.6447E-3
1635,ref|NC_001136|,273629,GTT,G,37,98,37.76%,1.1558E-14
1635,ref|NC_001136|,286882,CT,C,6,99,6.06%,1.4379E-2
1635,ref|NC_001136|,300038,GA,G,8,142,5.63%,3.5052E-3
1635,ref|NC_001136|,302323,G,GA,6,116,5.17%,1.4606E-2
1635,ref|NC_001136|,303010,AT,A,9,129,6.98%,1.6846E-3
1635,ref|NC_001136|,312518,CT,C,8,127,6.3%,3.463E-3
1635,ref|NC_001136|,315072,CT,C,8,131,6.11%,3.4835E-3
1635,ref|NC_001136|,323677,GAT,G,11,77,14.29%,3.1917E-4
1635,ref|NC_001136|,329641,TTA,T,9,82,10.98%,1.5446E-3
1635,ref|NC_001136|,336206,CT,C,12,90,13.33%,1.5831E-4
1635,ref|NC_001136|,344004,G,GTA,45,65,69.23%,5.6921E-21
1635,ref|NC_001136|,362378,TA,T,7,122,5.74%,7.1349E-3
1635,ref|NC_001136|,364962,TA,T,7,95,7.37%,6.9313E-3
1635,ref|NC_001136|,369242,T,G,5,64,7.81%,2.8819E-2
1635,ref|NC_001136|,369259,CA,C,8,79,10.13%,3.1191E-3
1635,ref|NC_001136|,370877,TA,T,8,122,6.56%,3.4481E-3
1635,ref|NC_001136|,386154,CA,C,9,108,8.33%,1.6392E-3
1635,ref|NC_001136|,392146,GAC,G,15,119,12.61%,1.8908E-5
1635,ref|NC_001136|,394573,T,C,16,65,24.62%,5.333E-6
1635,ref|NC_001136|,403511,G,GT,108,118,91.53%,7.387E-58
1635,ref|NC_001136|,410887,AT,A,11,120,9.17%,3.8257E-4
1635,ref|NC_001136|,427105,CT,C,12,126,9.52%,1.8287E-4
1635,ref|NC_001136|,428805,A,AT,11,117,9.4%,3.7455E-4
1635,ref|NC_001136|,436198,CT,C,17,133,12.78%,4.1719E-6
1635,ref|NC_001136|,471707,AT,A,7,100,7%,6.9761E-3
1635,ref|NC_001136|,482472,GA,G,25,140,17.86%,8.3178E-9
1635,ref|NC_001136|,489441,AAT,A,8,115,6.96%,3.4239E-3
1635,ref|NC_001136|,505233,CAT,C,7,95,7.37%,6.9019E-3
1635,ref|NC_001136|,506937,TA,T,6,103,5.83%,1.4417E-2
1635,ref|NC_001136|,507966,G,GA,6,110,5.45%,1.454E-2
1635,ref|NC_001136|,519899,G,GT,11,78,14.1%,2.8674E-4
1635,ref|NC_001136|,535450,G,A,19,213,8.92%,1.2535E-6
1635,ref|NC_001136|,538733,GTA,G,10,74,13.51%,6.2917E-4
1635,ref|NC_001136|,542558,CA,C,12,114,10.53%,1.7446E-4
1635,ref|NC_001136|,548546,G,GT,33,94,35.11%,7.9293E-13
1635,ref|NC_001136|,551819,CA,C,12,95,12.63%,1.6419E-4
1635,ref|NC_001136|,553071,AT,A,6,113,5.31%,1.457E-2
1635,ref|NC_001136|,578295,G,GA,8,91,8.79%,3.327E-3
1635,ref|NC_001136|,587839,CT,C,16,113,14.16%,7.079E-6
1635,ref|NC_001136|,589651,TA,T,8,97,8.25%,3.3448E-3
1635,ref|NC_001136|,590157,G,A,7,118,5.93%,7.1293E-3
1635,ref|NC_001136|,592981,G,GT,7,93,7.53%,6.8917E-3
1635,ref|NC_001136|,607042,G,GA,10,88,11.36%,7.1814E-4
1635,ref|NC_001136|,621879,GA,G,16,86,18.6%,5.8055E-6
1635,ref|NC_001136|,623365,T,C,6,103,5.83%,1.4499E-2
1635,ref|NC_001136|,628654,AT,A,7,104,6.73%,6.9846E-3
1635,ref|NC_001136|,630672,C,CA,7,119,5.88%,7.1057E-3
1635,ref|NC_001136|,630833,GT,G,10,92,10.99%,7.2112E-4
1635,ref|NC_001136|,645102,GA,G,15,123,12.2%,1.8568E-5
1635,ref|NC_001136|,654741,C,T,5,93,5.38%,2.9575E-2
1635,ref|NC_001136|,658113,C,CT,7,90,7.78%,6.8813E-3
1635,ref|NC_001136|,668949,TA,T,20,120,16.67%,3.6206E-7
1635,ref|NC_001136|,688005,G,GA,5,86,5.81%,2.9396E-2
1635,ref|NC_001136|,688062,C,CTT,50,74,67.57%,4.0113E-25
1635,ref|NC_001136|,733497,A,AT,10,118,8.47%,7.9624E-4
1635,ref|NC_001136|,746353,C,CA,6,87,6.9%,1.4214E-2
1635,ref|NC_001136|,748524,T,TA,13,96,13.54%,7.4819E-5
1635,ref|NC_001136|,748977,T,A,6,94,6.38%,1.4392E-2
1635,ref|NC_001136|,757631,G,C,67,67,100%,6.6743E-40
1635,ref|NC_001136|,758310,T,C,50,50,100%,9.9117E-30
1635,ref|NC_001136|,781986,CT,C,5,96,5.21%,2.9627E-2
1635,ref|NC_001136|,815066,TA,T,6,109,5.5%,1.456E-2
1635,ref|NC_001136|,816631,TA,T,6,109,5.5%,1.4499E-2
1635,ref|NC_001136|,817531,T,TA,76,92,82.61%,1.8261E-37
1635,ref|NC_001136|,835638,GA,G,11,116,9.48%,3.7735E-4
1635,ref|NC_001136|,840422,AAT,A,9,78,11.54%,1.5196E-3
1635,ref|NC_001136|,851116,T,TA,9,94,9.57%,1.587E-3
1635,ref|NC_001136|,864867,CAT,C,10,75,13.33%,6.9515E-4
1635,ref|NC_001136|,870706,C,CT,8,95,8.42%,3.327E-3
1635,ref|NC_001136|,870950,G,GT,5,87,5.75%,2.9439E-2
1635,ref|NC_001136|,878397,G,A,5,66,7.58%,2.8892E-2
1635,ref|NC_001136|,880697,A,G,72,72,100%,6.7558E-43
1635,ref|NC_001136|,884572,CT,C,12,93,12.9%,1.3976E-4
1635,ref|NC_001136|,887046,A,AT,5,83,6.02%,2.9303E-2
1635,ref|NC_001136|,887096,GA,G,7,94,7.45%,6.9217E-3
1635,ref|NC_001136|,892698,G,GT,5,62,8.06%,2.8569E-2
1635,ref|NC_001136|,900853,A,AT,7,137,5.11%,7.2183E-3
1635,ref|NC_001136|,909727,AT,A,11,88,12.5%,3.3788E-4
1635,ref|NC_001136|,912341,GA,G,9,100,9%,1.6118E-3
1635,ref|NC_001136|,921813,CA,C,11,57,19.3%,2.6374E-4
1635,ref|NC_001136|,929454,G,GA,7,110,6.36%,7.0392E-3
1635,ref|NC_001136|,930964,CAT,C,16,80,20%,5.8954E-6
1635,ref|NC_001136|,955986,G,GA,8,76,10.53%,3.1516E-3
1635,ref|NC_001136|,957628,C,CT,12,113,10.62%,1.7787E-4
1635,ref|NC_001136|,960412,CT,C,5,93,5.38%,2.948E-2
1635,ref|NC_001136|,966520,TA,T,21,65,32.31%,5.1992E-8
1635,ref|NC_001136|,979184,G,GA,9,121,7.44%,1.674E-3
1635,ref|NC_001136|,987244,G,A,61,62,98.39%,4.1425E-35
1635,ref|NC_001136|,1002291,AT,A,8,107,7.48%,3.3824E-3
1635,ref|NC_001136|,1007254,C,G,12,87,13.79%,1.6259E-4
1635,ref|NC_001136|,1015989,G,GA,15,105,14.29%,1.6879E-5
1635,ref|NC_001136|,1016710,T,TC,7,119,5.88%,7.1293E-3
1635,ref|NC_001136|,1046392,A,G,26,79,32.91%,1.2627E-9
1635,ref|NC_001136|,1054847,AT,A,7,103,6.8%,6.9846E-3
1635,ref|NC_001136|,1079010,AT,A,26,115,22.61%,2E-9
1635,ref|NC_001136|,1084521,G,GA,10,87,11.49%,7.2112E-4
1635,ref|NC_001136|,1084685,GA,G,10,110,9.09%,7.8361E-4
1635,ref|NC_001136|,1088590,T,A,5,98,5.1%,2.966E-2
1635,ref|NC_001136|,1090113,G,GA,13,119,10.92%,7.9774E-5
1635,ref|NC_001136|,1101983,CT,C,7,114,6.14%,7.0672E-3
1635,ref|NC_001136|,1105909,A,AT,9,100,9%,1.5832E-3
1635,ref|NC_001136|,1108600,G,GA,16,140,11.43%,9.3748E-6
1635,ref|NC_001136|,1130880,A,AT,5,99,5.05%,2.961E-2
1635,ref|NC_001136|,1135689,GA,G,10,110,9.09%,7.8017E-4
1635,ref|NC_001136|,1147231,C,CT,8,84,9.52%,3.2807E-3
1635,ref|NC_001136|,1150910,A,AG,110,117,94.02%,5.2332E-59
1635,ref|NC_001136|,1156096,C,CT,7,89,7.87%,6.8597E-3
1635,ref|NC_001136|,1156518,T,TA,7,103,6.8%,7.0243E-3
1635,ref|NC_001136|,1173812,A,G,24,75,32%,6.6408E-9
1635,ref|NC_001136|,1178330,CT,C,17,116,14.66%,3.802E-6
1635,ref|NC_001136|,1191893,T,TA,6,118,5.08%,1.4615E-2
1635,ref|NC_001136|,1202177,CA,C,14,101,13.86%,3.6641E-5
1635,ref|NC_001136|,1222749,C,CA,8,114,7.02%,3.4363E-3
1635,ref|NC_001136|,1224545,AAT,A,11,93,11.83%,3.5425E-4
1635,ref|NC_001136|,1237589,C,CT,8,116,6.9%,3.4153E-3
1635,ref|NC_001136|,1240959,G,GA,7,99,7.07%,6.9217E-3
1635,ref|NC_001136|,1253397,T,C,119,119,100%,4.3819E-71
1635,ref|NC_001136|,1254534,A,AT,10,113,8.85%,7.8528E-4
1635,ref|NC_001136|,1272102,CT,C,6,92,6.52%,1.4231E-2
1635,ref|NC_001136|,1305680,TG,T,105,112,93.75%,3.9019E-56
1635,ref|NC_001136|,1307967,T,C,16,18,88.89%,2.0936E-8
1635,ref|NC_001136|,1308047,T,C,10,11,90.91%,1.7011E-5
1635,ref|NC_001136|,1321982,CAT,C,6,82,7.32%,1.4084E-2
1635,ref|NC_001136|,1341641,TC,T,19,114,16.67%,8.0843E-7
1635,ref|NC_001136|,1357474,A,AT,6,72,8.33%,1.3903E-2
1635,ref|NC_001136|,1385471,CAT,C,13,89,14.61%,6.9736E-5
1635,ref|NC_001136|,1402305,C,T,158,158,100%,1.6702E-94
1635,ref|NC_001136|,1412225,GA,G,17,101,16.83%,3.448E-6
1635,ref|NC_001136|,1418469,CAT,C,12,99,12.12%,1.7001E-4
1635,ref|NC_001136|,1431852,G,C,10,82,12.2%,7.2967E-4
1635,ref|NC_001136|,1433710,A,T,145,145,100%,1.0738E-86
1635,ref|NC_001136|,1443538,G,GA,10,132,7.63%,8.0467E-4
1635,ref|NC_001136|,1451259,GT,G,7,85,8.24%,6.7486E-3
1635,ref|NC_001136|,1466418,G,GT,23,134,17.16%,3.127E-8
1635,ref|NC_001136|,1468506,C,CA,14,134,10.45%,4.1396E-5
1635,ref|NC_001136|,1474784,AT,A,17,101,16.83%,3.0285E-6
1635,ref|NC_001136|,1494413,CA,C,8,119,6.72%,3.4239E-3
1635,ref|NC_001136|,1498015,AT,A,17,145,11.72%,4.5339E-6
1635,ref|NC_001136|,1498616,G,A,8,151,5.3%,3.5519E-3
1635,ref|NC_001136|,1501055,G,GA,8,128,6.25%,3.4868E-3
1635,ref|NC_001136|,1513956,CT,C,9,153,5.88%,1.7262E-3
1635,ref|NC_001136|,1515034,TA,T,169,191,88.48%,1.8665E-86
1635,ref|NC_001136|,1517680,G,GT,7,111,6.31%,7.0604E-3
1635,ref|NC_001136|,1518948,G,GT,75,116,64.66%,7.1851E-33
1635,ref|NC_001136|,1522515,C,CT,8,150,5.33%,3.5351E-3
1635,ref|NC_001136|,1524974,A,G,126,126,100%,2.7519E-75
1635,ref|NC_001137|,14724,CA,C,14,109,12.84%,3.6849E-5
1635,ref|NC_001137|,16072,A,AT,11,126,8.73%,3.8088E-4
1635,ref|NC_001137|,19574,C,CA,8,143,5.59%,3.511E-3
1635,ref|NC_001137|,21321,TA,T,17,92,18.48%,2.7475E-6
1635,ref|NC_001137|,23230,AT,A,11,108,10.19%,3.7058E-4
1635,ref|NC_001137|,31460,CAT,C,22,116,18.97%,7.6889E-8
1635,ref|NC_001137|,33475,CT,C,12,126,9.52%,1.8378E-4
1635,ref|NC_001137|,36289,G,GT,12,102,11.76%,1.6497E-4
1635,ref|NC_001137|,48384,T,C,132,132,100%,6.8763E-79
1635,ref|NC_001137|,52435,CA,C,13,105,12.38%,8.0142E-5
1635,ref|NC_001137|,59359,G,GT,7,119,5.88%,7.1118E-3
1635,ref|NC_001137|,59372,CT,C,9,125,7.2%,1.65E-3
1635,ref|NC_001137|,61686,C,CT,9,103,8.74%,1.6016E-3
1635,ref|NC_001137|,64154,CT,C,11,117,9.4%,3.7915E-4
1635,ref|NC_001137|,65293,GA,G,17,106,16.04%,3.1403E-6
1635,ref|NC_001137|,86488,C,CA,22,81,27.16%,2.9084E-8
1635,ref|NC_001137|,86522,T,C,5,77,6.49%,2.9228E-2
1635,ref|NC_001137|,100573,TA,T,14,99,14.14%,3.4099E-5
1635,ref|NC_001137|,116028,G,A,40,40,100%,9.3017E-24
1635,ref|NC_001137|,116086,G,A,64,64,100%,4.1752E-38
1635,ref|NC_001137|,116577,G,A,105,105,100%,1.1051E-62
1635,ref|NC_001137|,116644,G,T,95,95,100%,1.1023E-56
1635,ref|NC_001137|,118577,CAT,C,6,95,6.32%,1.4214E-2
1635,ref|NC_001137|,122728,G,GA,17,101,16.83%,3.1765E-6
1635,ref|NC_001137|,126489,G,GT,9,101,8.91%,1.5793E-3
1635,ref|NC_001137|,131558,TA,T,6,96,6.25%,1.4379E-2
1635,ref|NC_001137|,132565,CAT,C,9,100,9%,1.5981E-3
1635,ref|NC_001137|,148091,GA,G,24,118,20.34%,1.3082E-8
1635,ref|NC_001137|,152924,GA,G,8,129,6.2%,3.4899E-3
1635,ref|NC_001137|,154531,T,A,120,120,100%,1.1001E-71
1635,ref|NC_001137|,159027,CA,C,29,108,26.85%,1.4411E-10
1635,ref|NC_001137|,172598,GAT,G,7,75,9.33%,6.7486E-3
1635,ref|NC_001137|,196609,T,TA,11,90,12.22%,3.2718E-4
1635,ref|NC_001137|,198592,GTA,G,18,123,14.63%,1.8553E-6
1635,ref|NC_001137|,217691,TA,T,7,86,8.14%,6.8253E-3
1635,ref|NC_001137|,221394,TA,T,8,101,7.92%,3.3722E-3
1635,ref|NC_001137|,225400,G,GA,6,117,5.13%,1.4606E-2
1635,ref|NC_001137|,225782,TTA,T,11,94,11.7%,3.5154E-4
1635,ref|NC_001137|,243665,G,GA,16,98,16.33%,6.7162E-6
1635,ref|NC_001137|,251561,G,GA,11,138,7.97%,3.9166E-4
1635,ref|NC_001137|,256303,GTA,G,15,109,13.76%,1.721E-5
1635,ref|NC_001137|,258177,G,GA,17,129,13.18%,4.0801E-6
1635,ref|NC_001137|,261333,A,AT,8,102,7.84%,3.3505E-3
1635,ref|NC_001137|,261464,C,CA,23,86,26.74%,1.3659E-8
1635,ref|NC_001137|,268335,G,GA,20,102,19.61%,2.9965E-7
1635,ref|NC_001137|,269159,GA,G,8,104,7.69%,3.3722E-3
1635,ref|NC_001137|,272558,GT,G,57,77,74.03%,3.0016E-26
1635,ref|NC_001137|,274360,C,CT,6,103,5.83%,1.4465E-2
1635,ref|NC_001137|,279779,TA,T,9,111,8.11%,1.6474E-3
1635,ref|NC_001137|,284428,CGT,C,5,47,10.64%,2.7874E-2
1635,ref|NC_001137|,289244,AT,A,18,90,20%,1.3957E-6
1635,ref|NC_001137|,305701,CA,C,6,105,5.71%,1.4454E-2
1635,ref|NC_001137|,305799,C,CT,14,92,15.22%,3.2767E-5
1635,ref|NC_001137|,316709,AT,A,7,83,8.43%,6.7755E-3
1635,ref|NC_001137|,335941,A,G,20,105,19.05%,3.5115E-7
1635,ref|NC_001137|,352394,A,G,96,96,100%,2.7702E-57
1635,ref|NC_001137|,357894,CT,C,11,145,7.59%,3.9872E-4
1635,ref|NC_001137|,374816,C,CA,13,132,9.85%,8.86E-5
1635,ref|NC_001137|,378700,G,C,5,67,7.46%,2.8892E-2
1635,ref|NC_001137|,382298,A,AT,13,50,26%,2.9583E-5
1635,ref|NC_001137|,382523,CA,C,15,84,17.86%,1.337E-5
1635,ref|NC_001137|,386143,GA,G,10,133,7.52%,8.1826E-4
1635,ref|NC_001137|,390254,C,CA,12,135,8.89%,1.8718E-4
1635,ref|NC_001137|,395202,CA,C,7,100,7%,6.9406E-3
1635,ref|NC_001137|,400988,CT,C,8,155,5.16%,3.5496E-3
1635,ref|NC_001137|,404488,C,CT,14,103,13.59%,3.3043E-5
1635,ref|NC_001137|,406418,C,CT,7,124,5.65%,7.1459E-3
1635,ref|NC_001137|,407127,G,GA,7,117,5.98%,7.1118E-3
1635,ref|NC_001137|,413363,TA,T,9,79,11.39%,1.4912E-3
1635,ref|NC_001137|,415753,CT,C,11,131,8.4%,3.8807E-4
1635,ref|NC_001137|,422990,CA,C,6,102,5.88%,1.4417E-2
1635,ref|NC_001137|,425041,CA,C,6,119,5.04%,1.4606E-2
1635,ref|NC_001137|,462951,C,CT,14,142,9.86%,4.193E-5
1635,ref|NC_001137|,468982,CT,C,7,120,5.83%,7.1177E-3
1635,ref|NC_001137|,492181,C,CA,13,125,10.4%,8.6623E-5
1635,ref|NC_001137|,503930,CA,C,12,134,8.96%,1.8553E-4
1635,ref|NC_001137|,510328,CA,C,9,158,5.7%,1.7333E-3
1635,ref|NC_001137|,516594,G,GT,8,157,5.1%,3.5587E-3
1635,ref|NC_001137|,517529,T,C,112,112,100%,6.9655E-67
1635,ref|NC_001137|,520781,GA,G,16,121,13.22%,8.1217E-6
1635,ref|NC_001137|,522970,A,AT,14,117,11.97%,3.784E-5
1635,ref|NC_001137|,541505,A,AT,10,125,8%,8.0467E-4
1635,ref|NC_001137|,545186,AG,A,6,35,17.14%,1.1977E-2
1635,ref|NC_001137|,545373,T,TA,14,83,16.87%,3.2767E-5
1635,ref|NC_001137|,555344,CA,C,17,131,12.98%,4.1266E-6
1635,ref|NC_001138|,689,A,T,6,93,6.45%,1.4379E-2
1635,ref|NC_001138|,8304,TA,T,25,123,20.49%,6.6998E-9
1635,ref|NC_001138|,8640,G,GT,15,112,13.39%,1.7925E-5
1635,ref|NC_001138|,11068,CT,C,23,166,13.86%,4.9097E-8
1635,ref|NC_001138|,12416,T,A,70,189,37.04%,3.1536E-25
1635,ref|NC_001138|,14286,CA,C,12,150,8%,1.9262E-4
1635,ref|NC_001138|,31532,A,AT,9,122,7.38%,1.674E-3
1635,ref|NC_001138|,54494,G,GT,13,157,8.28%,9.215E-5
1635,ref|NC_001138|,57967,TA,T,6,90,6.67%,1.4197E-2
1635,ref|NC_001138|,58005,GAT,G,12,92,13.04%,1.5831E-4
1635,ref|NC_001138|,68948,CAT,C,10,124,8.06%,8.06E-4
1635,ref|NC_001138|,75912,CT,C,17,134,12.69%,4.1719E-6
1635,ref|NC_001138|,78010,CAT,C,9,92,9.78%,1.5627E-3
1635,ref|NC_001138|,95460,A,AT,10,115,8.7%,7.8855E-4
1635,ref|NC_001138|,97505,CA,C,16,129,12.4%,8.9371E-6
1635,ref|NC_001138|,97617,TA,T,11,117,9.4%,3.685E-4
1635,ref|NC_001138|,97864,C,CTT,96,121,79.34%,6.671E-49
1635,ref|NC_001138|,99153,CA,C,16,118,13.56%,8.1217E-6
1635,ref|NC_001138|,103935,T,TTA,6,109,5.5%,1.453E-2
1635,ref|NC_001138|,104558,C,CA,6,83,7.23%,1.4084E-2
1635,ref|NC_001138|,104577,TA,T,9,78,11.54%,1.4373E-3
1635,ref|NC_001138|,106277,C,CTT,95,127,74.8%,2.1111E-45
1635,ref|NC_001138|,107881,C,T,5,82,6.1%,2.9351E-2
1635,ref|NC_001138|,111477,AT,A,9,134,6.72%,1.6826E-3
1635,ref|NC_001138|,119284,GA,G,14,119,11.76%,3.9437E-5
1635,ref|NC_001138|,155985,GT,G,10,107,9.35%,7.5448E-4
1635,ref|NC_001138|,174046,CT,C,9,109,8.26%,1.6245E-3
1635,ref|NC_001138|,186224,GATA,G,12,147,8.16%,1.9127E-4
1635,ref|NC_001138|,194606,A,AT,8,113,7.08%,3.4239E-3
1635,ref|NC_001138|,199470,C,CA,7,133,5.26%,7.1913E-3
1635,ref|NC_001138|,210067,AT,A,13,111,11.71%,8.0503E-5
1635,ref|NC_001138|,210344,TTG,T,7,90,7.78%,6.8597E-3
1635,ref|NC_001138|,223119,G,GA,7,132,5.3%,7.1818E-3
1635,ref|NC_001138|,223995,TA,T,8,122,6.56%,3.4443E-3
1635,ref|NC_001138|,226131,CA,C,10,123,8.13%,7.9475E-4
1635,ref|NC_001138|,227478,CT,C,21,127,16.54%,1.6435E-7
1635,ref|NC_001138|,245165,A,AT,8,120,6.67%,3.4443E-3
1635,ref|NC_001138|,245961,A,AT,10,132,7.58%,8.1236E-4
1635,ref|NC_001138|,262244,CA,C,7,103,6.8%,7.0167E-3
1635,ref|NC_001139|,214,A,AC,94,99,94.95%,4.0422E-51
1635,ref|NC_001139|,7303,TA,T,13,136,9.56%,8.8126E-5
1635,ref|NC_001139|,8151,G,GA,145,155,93.55%,3.3043E-77
1635,ref|NC_001139|,14846,G,GA,11,105,10.48%,3.6294E-4
1635,ref|NC_001139|,20016,T,TA,7,139,5.04%,7.214E-3
1635,ref|NC_001139|,43266,CA,C,12,101,11.88%,1.6864E-4
1635,ref|NC_001139|,45353,GA,G,12,131,9.16%,1.8423E-4
1635,ref|NC_001139|,49415,CT,C,8,135,5.93%,3.4992E-3
1635,ref|NC_001139|,69352,TAC,T,10,113,8.85%,7.9014E-4
1635,ref|NC_001139|,76709,G,GA,8,129,6.2%,3.4735E-3
1635,ref|NC_001139|,77930,A,AT,7,125,5.6%,7.1566E-3
1635,ref|NC_001139|,80602,TA,T,9,68,13.24%,1.3788E-3
1635,ref|NC_001139|,80634,T,C,5,74,6.76%,2.9146E-2
1635,ref|NC_001139|,92431,TA,T,10,187,5.35%,8.6074E-4
1635,ref|NC_001139|,98776,C,CT,6,113,5.31%,1.4597E-2
1635,ref|NC_001139|,102487,T,TA,6,87,6.9%,1.4214E-2
1635,ref|NC_001139|,121032,G,GA,9,109,8.26%,1.6335E-3
1635,ref|NC_001139|,124375,G,GA,16,145,11.03%,9.4116E-6
1635,ref|NC_001139|,145503,G,C,5,66,7.58%,2.8856E-2
1635,ref|NC_001139|,154579,TA,T,16,112,14.29%,7.9565E-6
1635,ref|NC_001139|,167250,CA,C,14,106,13.21%,3.6641E-5
1635,ref|NC_001139|,167622,C,CA,21,132,15.91%,1.7133E-7
1635,ref|NC_001139|,190778,GA,G,13,131,9.92%,8.764E-5
1635,ref|NC_001139|,206341,GT,G,5,80,6.25%,2.9228E-2
1635,ref|NC_001139|,206617,AT,A,6,106,5.66%,1.452E-2
1635,ref|NC_001139|,215260,G,GA,7,103,6.8%,6.9928E-3
1635,ref|NC_001139|,245641,TCAACAACAA,T,37,98,37.76%,8.5867E-14
1635,ref|NC_001139|,272291,GAT,G,7,92,7.61%,6.8706E-3
1635,ref|NC_001139|,278779,CT,C,16,86,18.6%,5.8055E-6
1635,ref|NC_001139|,281605,AT,A,13,101,12.87%,7.7839E-5
1635,ref|NC_001139|,287219,GA,G,6,115,5.22%,1.4597E-2
1635,ref|NC_001139|,307179,CAT,C,11,88,12.5%,3.4727E-4
1635,ref|NC_001139|,307424,G,C,5,70,7.14%,2.9026E-2
1635,ref|NC_001139|,307425,T,C,10,80,12.5%,7.2404E-4
1635,ref|NC_001139|,311589,C,A,108,108,100%,1.7511E-64
1635,ref|NC_001139|,321487,CAT,C,10,81,12.35%,7.2404E-4
1635,ref|NC_001139|,323361,AT,A,16,63,25.4%,3.0122E-6
1635,ref|NC_001139|,326269,CA,C,11,96,11.46%,3.4427E-4
1635,ref|NC_001139|,326735,A,AT,5,92,5.43%,2.9538E-2
1635,ref|NC_001139|,349503,C,CA,8,114,7.02%,3.4323E-3
1635,ref|NC_001139|,366778,TA,T,14,82,17.07%,3.1303E-5
1635,ref|NC_001139|,371569,G,A,116,116,100%,2.7689E-69
1635,ref|NC_001139|,386978,C,G,131,131,100%,2.7401E-78
1635,ref|NC_001139|,386979,G,C,131,131,100%,2.7401E-78
1635,ref|NC_001139|,394900,G,GA,5,99,5.05%,2.9676E-2
1635,ref|NC_001139|,395930,T,TA,7,88,7.95%,6.8597E-3
1635,ref|NC_001139|,397834,GA,G,39,104,37.5%,1.8081E-15
1635,ref|NC_001139|,400221,TA,T,7,110,6.36%,7.0392E-3
1635,ref|NC_001139|,400450,A,AT,7,110,6.36%,7.0604E-3
1635,ref|NC_001139|,400550,G,GT,30,85,35.29%,1.1519E-11
1635,ref|NC_001139|,401674,C,A,104,104,100%,4.3992E-62
1635,ref|NC_001139|,401698,T,A,107,107,100%,6.972E-64
1635,ref|NC_001139|,404474,A,AG,87,88,98.86%,1.5472E-50
1635,ref|NC_001139|,404522,T,TG,84,85,98.82%,9.4042E-49
1635,ref|NC_001139|,404935,C,G,88,88,100%,1.7384E-52
1635,ref|NC_001139|,404936,G,C,88,88,100%,1.7384E-52
1635,ref|NC_001139|,405085,CG,C,105,107,98.13%,4.1037E-60
1635,ref|NC_001139|,413966,G,GA,14,105,13.33%,3.8397E-5
1635,ref|NC_001139|,415848,G,GA,6,118,5.08%,1.4615E-2
1635,ref|NC_001139|,428255,CT,C,7,103,6.8%,6.9761E-3
1635,ref|NC_001139|,433855,T,TA,8,106,7.55%,3.397E-3
1635,ref|NC_001139|,438696,C,CA,12,125,9.6%,1.8378E-4
1635,ref|NC_001139|,438823,A,AT,8,107,7.48%,3.4017E-3
1635,ref|NC_001139|,440441,CA,C,6,84,7.14%,1.4142E-2
1635,ref|NC_001139|,484095,CT,C,6,97,6.19%,1.4352E-2
1635,ref|NC_001139|,485884,T,TA,7,121,5.79%,7.0934E-3
1635,ref|NC_001139|,496729,T,TA,77,114,67.54%,2.1973E-33
1635,ref|NC_001139|,502764,C,CT,6,92,6.52%,1.4263E-2
1635,ref|NC_001139|,511487,TAG,T,7,130,5.38%,7.1866E-3
1635,ref|NC_001139|,523519,G,GT,5,81,6.17%,2.9201E-2
1635,ref|NC_001139|,526818,TA,T,10,96,10.42%,7.6099E-4
1635,ref|NC_001139|,527468,A,AT,9,103,8.74%,1.6215E-3
1635,ref|NC_001139|,530016,A,C,8,38,21.05%,2.5935E-3
1635,ref|NC_001139|,530034,A,C,21,39,53.85%,1.1402E-8
1635,ref|NC_001139|,531844,CAT,C,8,64,12.5%,2.9874E-3
1635,ref|NC_001139|,548070,CT,C,6,109,5.5%,1.452E-2
1635,ref|NC_001139|,555212,C,CT,8,114,7.02%,3.4323E-3
1635,ref|NC_001139|,555981,CA,C,5,60,8.33%,2.8079E-2
1635,ref|NC_001139|,567012,A,T,5,10,50%,1.6254E-2
1635,ref|NC_001139|,576672,GT,G,7,100,7%,6.9846E-3
1635,ref|NC_001139|,582530,TA,T,16,91,17.58%,6.7911E-6
1635,ref|NC_001139|,598999,G,GA,9,92,9.78%,1.5832E-3
1635,ref|NC_001139|,609109,T,TA,12,93,12.9%,1.592E-4
1635,ref|NC_001139|,609314,G,GA,5,86,5.81%,2.9439E-2
1635,ref|NC_001139|,611579,CT,C,6,80,7.5%,1.4124E-2
1635,ref|NC_001139|,616171,A,AT,17,116,14.66%,3.5726E-6
1635,ref|NC_001139|,617452,T,TA,10,107,9.35%,7.7292E-4
1635,ref|NC_001139|,627186,CT,C,6,49,12.24%,1.186E-2
1635,ref|NC_001139|,627256,C,A,5,67,7.46%,2.8927E-2
1635,ref|NC_001139|,630972,TA,T,5,82,6.1%,2.9351E-2
1635,ref|NC_001139|,639673,GA,G,10,78,12.82%,6.7609E-4
1635,ref|NC_001139|,640617,CT,C,15,75,20%,1.2069E-5
1635,ref|NC_001139|,646945,GA,G,6,119,5.04%,1.4632E-2
1635,ref|NC_001139|,649555,G,GT,15,99,15.15%,1.5383E-5
1635,ref|NC_001139|,650957,G,GA,17,136,12.5%,4.3626E-6
1635,ref|NC_001139|,653228,C,CT,8,83,9.64%,3.2002E-3
1635,ref|NC_001139|,662344,C,T,7,66,10.61%,6.6083E-3
1635,ref|NC_001139|,675526,AAT,A,5,82,6.1%,2.9303E-2
1635,ref|NC_001139|,676341,A,AT,14,116,12.07%,3.9601E-5
1635,ref|NC_001139|,678070,CT,C,20,82,24.39%,2.2117E-7
1635,ref|NC_001139|,700000,AT,A,14,85,16.47%,3.0024E-5
1635,ref|NC_001139|,706852,CA,C,7,94,7.45%,6.8917E-3
1635,ref|NC_001139|,707041,C,CA,7,86,8.14%,6.8253E-3
1635,ref|NC_001139|,707064,C,CA,5,87,5.75%,2.9459E-2
1635,ref|NC_001139|,715716,GA,G,12,117,10.26%,1.7563E-4
1635,ref|NC_001139|,726535,C,CT,7,97,7.22%,6.9675E-3
1635,ref|NC_001139|,733109,AT,A,16,76,21.05%,4.4899E-6
1635,ref|NC_001139|,742157,C,CT,14,91,15.38%,2.8994E-5
1635,ref|NC_001139|,746575,CT,C,9,50,18%,1.1442E-3
1635,ref|NC_001139|,765774,GA,G,7,117,5.98%,7.0934E-3
1635,ref|NC_001139|,774308,C,G,8,55,14.55%,2.9718E-3
1635,ref|NC_001139|,777514,AT,A,7,106,6.6%,7.0243E-3
1635,ref|NC_001139|,784027,G,GT,7,100,7%,6.9675E-3
1635,ref|NC_001139|,784113,GT,G,5,95,5.26%,2.961E-2
1635,ref|NC_001139|,805050,G,GT,6,96,6.25%,1.4379E-2
1635,ref|NC_001139|,807865,CA,C,16,86,18.6%,5.8055E-6
1635,ref|NC_001139|,808386,CTA,C,6,82,7.32%,1.4161E-2
1635,ref|NC_001139|,811733,C,T,6,15,40%,8.4291E-3
1635,ref|NC_001139|,823795,A,AT,9,83,10.84%,1.5446E-3
1635,ref|NC_001139|,831598,A,T,6,97,6.19%,1.4417E-2
1635,ref|NC_001139|,836852,GA,G,6,88,6.82%,1.4231E-2
1635,ref|NC_001139|,840600,G,GA,9,106,8.49%,1.5981E-3
1635,ref|NC_001139|,848540,GA,G,16,87,18.39%,6.156E-6
1635,ref|NC_001139|,856430,C,CA,16,105,15.24%,7.6032E-6
1635,ref|NC_001139|,871561,G,GA,6,100,6%,1.4405E-2
1635,ref|NC_001139|,872555,G,A,9,90,10%,1.5832E-3
1635,ref|NC_001139|,899782,TA,T,8,93,8.6%,3.2735E-3
1635,ref|NC_001139|,910112,C,CT,19,66,28.79%,3.3862E-7
1635,ref|NC_001139|,914928,GA,G,18,142,12.68%,2.0599E-6
1635,ref|NC_001139|,920914,G,GA,7,127,5.51%,7.1618E-3
1635,ref|NC_001139|,938050,C,G,8,82,9.76%,3.2585E-3
1635,ref|NC_001139|,959779,AAT,A,9,134,6.72%,1.6846E-3
1635,ref|NC_001139|,968722,AT,A,12,91,13.19%,1.6259E-4
1635,ref|NC_001139|,968891,C,CT,7,102,6.86%,6.9675E-3
1635,ref|NC_001139|,974302,GA,G,8,121,6.61%,3.4519E-3
1635,ref|NC_001139|,977899,TA,T,13,118,11.02%,8.3185E-5
1635,ref|NC_001139|,982259,G,GA,13,153,8.5%,9.0577E-5
1635,ref|NC_001139|,985722,AT,A,23,85,27.06%,1.315E-8
1635,ref|NC_001139|,987105,G,GT,7,89,7.87%,6.8917E-3
1635,ref|NC_001139|,989675,AT,A,11,93,11.83%,3.4115E-4
1635,ref|NC_001139|,994378,G,GT,8,124,6.45%,3.4769E-3
1635,ref|NC_001139|,999559,TA,T,13,119,10.92%,8.2868E-5
1635,ref|NC_001139|,1002673,A,G,119,119,100%,4.3819E-71
1635,ref|NC_001139|,1004507,AAT,A,13,103,12.62%,7.9021E-5
1635,ref|NC_001139|,1006277,G,C,104,106,98.11%,1.6038E-59
1635,ref|NC_001139|,1006278,C,G,104,106,98.11%,1.6038E-59
1635,ref|NC_001139|,1006279,G,C,104,106,98.11%,4.3992E-62
1635,ref|NC_001139|,1010897,C,CT,13,157,8.28%,9.2336E-5
1635,ref|NC_001139|,1010989,G,GA,9,144,6.25%,1.7138E-3
1635,ref|NC_001139|,1011080,GA,G,8,134,5.97%,3.4735E-3
1635,ref|NC_001139|,1011803,G,GT,9,103,8.74%,1.5627E-3
1635,ref|NC_001139|,1021962,CT,C,13,124,10.48%,8.5266E-5
1635,ref|NC_001139|,1024876,G,GA,8,141,5.67%,3.5194E-3
1635,ref|NC_001139|,1043766,CAT,C,8,85,9.41%,3.1909E-3
1635,ref|NC_001139|,1048639,G,GA,9,108,8.33%,1.6085E-3
1635,ref|NC_001139|,1050199,GA,G,8,108,7.41%,3.3824E-3
1635,ref|NC_001139|,1050785,A,AT,9,156,5.77%,1.7262E-3
1635,ref|NC_001139|,1051832,CT,C,9,119,7.56%,1.6551E-3
1635,ref|NC_001139|,1073937,CA,C,8,131,6.11%,3.4665E-3
1635,ref|NC_001139|,1081039,A,AT,17,148,11.49%,4.4788E-6
1635,ref|NC_001140|,93,TA,T,34,40,85%,1.6239E-17
1635,ref|NC_001140|,1846,A,G,23,82,28.05%,1.9793E-8
1635,ref|NC_001140|,2292,G,GC,52,87,59.77%,2.5717E-21
1635,ref|NC_001140|,11865,CT,C,12,107,11.21%,1.7385E-4
1635,ref|NC_001140|,17534,A,AT,103,140,73.57%,8.9491E-49
1635,ref|NC_001140|,36134,C,CT,8,149,5.37%,3.5425E-3
1635,ref|NC_001140|,36227,GA,G,7,132,5.3%,7.1618E-3
1635,ref|NC_001140|,38647,CT,C,9,108,8.33%,1.6245E-3
1635,ref|NC_001140|,48099,GA,G,9,154,5.84%,1.7186E-3
1635,ref|NC_001140|,50980,CT,C,15,128,11.72%,1.9307E-5
1635,ref|NC_001140|,56206,GA,G,11,98,11.22%,3.6177E-4
1635,ref|NC_001140|,58900,C,CT,10,104,9.62%,7.6307E-4
1635,ref|NC_001140|,59082,A,AT,10,109,9.17%,7.7841E-4
1635,ref|NC_001140|,63926,C,CT,10,126,7.94%,7.977E-4
1635,ref|NC_001140|,70108,A,AT,7,119,5.88%,7.1177E-3
1635,ref|NC_001140|,71906,CT,C,13,133,9.77%,8.4695E-5
1635,ref|NC_001140|,75976,AAT,A,17,93,18.28%,3.2121E-6
1635,ref|NC_001140|,78674,CA,C,6,116,5.17%,1.4606E-2
1635,ref|NC_001140|,81858,CA,C,10,73,13.89%,6.3967E-4
1635,ref|NC_001140|,85273,G,GA,10,154,6.49%,8.3729E-4
1635,ref|NC_001140|,85508,TTA,T,111,118,94.07%,1.3918E-59
1635,ref|NC_001140|,97651,CG,C,6,116,5.17%,1.4624E-2
1635,ref|NC_001140|,98248,AT,A,18,129,13.95%,1.9516E-6
1635,ref|NC_001140|,100505,A,AT,8,122,6.56%,3.4557E-3
1635,ref|NC_001140|,111530,CTA,C,8,67,11.94%,3.0712E-3
1635,ref|NC_001140|,115390,A,AT,8,107,7.48%,3.397E-3
1635,ref|NC_001140|,120062,G,GT,12,105,11.43%,1.6793E-4
1635,ref|NC_001140|,122057,G,GA,8,111,7.21%,3.4196E-3
1635,ref|NC_001140|,123958,G,GA,5,87,5.75%,2.9417E-2
1635,ref|NC_001140|,125832,GA,G,12,78,15.38%,1.2806E-4
1635,ref|NC_001140|,126150,G,GT,8,86,9.3%,3.2264E-3
1635,ref|NC_001140|,139199,GT,G,7,137,5.11%,7.2226E-3
1635,ref|NC_001140|,141525,C,CT,10,134,7.46%,8.1113E-4
1635,ref|NC_001140|,150670,C,CA,8,124,6.45%,3.4519E-3
1635,ref|NC_001140|,167627,CAT,C,5,88,5.68%,2.9459E-2
1635,ref|NC_001140|,168456,C,G,15,71,21.13%,1.337E-5
1635,ref|NC_001140|,170619,TA,T,5,98,5.1%,2.9575E-2
1635,ref|NC_001140|,173119,G,GA,9,121,7.44%,1.6718E-3
1635,ref|NC_001140|,173136,TA,T,6,108,5.56%,1.4488E-2
1635,ref|NC_001140|,173152,T,C,6,109,5.5%,1.456E-2
1635,ref|NC_001140|,176845,TA,T,12,123,9.76%,1.7385E-4
1635,ref|NC_001140|,187029,GA,G,10,80,12.5%,6.3967E-4
1635,ref|NC_001140|,187814,G,GA,6,104,5.77%,1.4454E-2
1635,ref|NC_001140|,189097,GA,G,11,129,8.53%,3.8088E-4
1635,ref|NC_001140|,192694,C,CA,10,133,7.52%,8.0988E-4
1635,ref|NC_001140|,193544,AT,A,6,101,5.94%,1.4417E-2
1635,ref|NC_001140|,198474,GT,G,6,113,5.31%,1.457E-2
1635,ref|NC_001140|,210269,A,AT,7,114,6.14%,7.0672E-3
1635,ref|NC_001140|,214256,CT,C,119,995,11.96%,1.9526E-38
1635,ref|NC_001140|,214678,T,A,5,83,6.02%,2.9373E-2
1635,ref|NC_001140|,229199,GA,G,15,83,18.07%,1.1245E-5
1635,ref|NC_001140|,234753,AT,A,15,104,14.42%,1.6533E-5
1635,ref|NC_001140|,236957,TA,T,9,67,13.43%,1.4297E-3
1635,ref|NC_001140|,237735,C,CT,8,81,9.88%,3.1718E-3
1635,ref|NC_001140|,238967,C,CA,10,117,8.55%,7.9014E-4
1635,ref|NC_001140|,255909,GA,G,8,109,7.34%,3.3874E-3
1635,ref|NC_001140|,262100,CT,C,6,104,5.77%,1.4488E-2
1635,ref|NC_001140|,271769,GT,G,6,83,7.23%,1.4124E-2
1635,ref|NC_001140|,293075,GA,G,9,106,8.49%,1.6276E-3
1635,ref|NC_001140|,293272,TA,T,12,68,17.65%,1.3121E-4
1635,ref|NC_001140|,298814,CT,C,17,102,16.67%,3.448E-6
1635,ref|NC_001140|,340058,TTA,T,10,83,12.05%,6.9153E-4
1635,ref|NC_001140|,368026,CT,C,9,145,6.21%,1.7054E-3
1635,ref|NC_001140|,370543,AAT,A,17,104,16.35%,3.5726E-6
1635,ref|NC_001140|,384944,G,GA,8,108,7.41%,3.4063E-3
1635,ref|NC_001140|,387090,AT,A,14,97,14.43%,3.0992E-5
1635,ref|NC_001140|,396945,GA,G,29,115,25.22%,1.0363E-10
1635,ref|NC_001140|,417054,G,A,140,140,100%,1.0805E-83
1635,ref|NC_001140|,436963,A,AT,6,104,5.77%,1.4499E-2
1635,ref|NC_001140|,458755,C,CA,6,116,5.17%,1.4615E-2
1635,ref|NC_001140|,459034,T,C,88,88,100%,1.7384E-52
1635,ref|NC_001140|,469177,GA,G,6,105,5.71%,1.452E-2
1635,ref|NC_001140|,472611,CT,C,9,117,7.69%,1.6474E-3
1635,ref|NC_001140|,473318,C,CA,7,106,6.6%,7.0464E-3
1635,ref|NC_001140|,475549,CA,C,10,106,9.43%,7.6307E-4
1635,ref|NC_001140|,475931,TTA,T,77,101,76.24%,5.2354E-37
1635,ref|NC_001140|,508800,C,CA,12,73,16.44%,1.3273E-4
1635,ref|NC_001140|,511255,C,T,127,127,100%,6.9069E-76
1635,ref|NC_001140|,512211,GA,G,15,95,15.79%,1.5383E-5
1635,ref|NC_001140|,514829,CTA,C,9,79,11.39%,1.4657E-3
1635,ref|NC_001140|,517407,G,GA,10,137,7.3%,8.205E-4
1635,ref|NC_001140|,518745,C,CA,8,121,6.61%,3.4481E-3
1635,ref|NC_001140|,519048,CA,C,9,116,7.76%,1.65E-3
1635,ref|NC_001140|,522934,C,CT,11,136,8.09%,3.9234E-4
1635,ref|NC_001140|,528882,A,AT,7,122,5.74%,7.1177E-3
1635,ref|NC_001140|,529350,CA,C,14,130,10.77%,4.0537E-5
1635,ref|NC_001140|,532813,A,G,36,159,22.64%,1.5554E-12
1635,ref|NC_001140|,545305,T,C,6,68,8.82%,1.3928E-2
1635,ref|NC_001140|,549762,C,CTT,5,54,9.26%,2.7945E-2
1635,ref|NC_001140|,551717,TA,T,15,82,18.29%,1.3711E-5
1635,ref|NC_001140|,554072,TA,T,18,117,15.38%,1.6625E-6
1635,ref|NC_001140|,556877,T,TGTG,5,81,6.17%,2.9303E-2
1635,ref|NC_001140|,562225,T,C,20,222,9.01%,6.0946E-7
1635,ref|NC_001140|,562354,C,T,18,244,7.38%,2.7555E-6
1635,ref|NC_001140|,562374,G,A,46,254,18.11%,1.5107E-15
1635,ref|NC_001140|,562385,AT,A,53,249,21.29%,4.1216E-18
1635,ref|NC_001140|,562440,A,G,53,260,20.38%,5.7887E-18
1635,ref|NC_001140|,562443,A,G,52,261,19.92%,1.3183E-17
1635,ref|NC_001140|,562466,GGT,G,21,298,7.05%,3.3061E-7
1635,ref|NC_001140|,562484,T,TG,58,178,33.33%,9.5769E-21
1635,ref|NC_001140|,562485,GT,G,11,116,9.73%,3.7826E-4
1635,ref|NC_001140|,562486,T,G,17,182,10.37%,4.8872E-6
1635,ref|NC_001140|,562498,GT,G,57,201,28.5%,6.5199E-20
1635,ref|NC_001140|,562505,G,GT,14,207,6.76%,4.8345E-5
1635,ref|NC_001140|,562511,G,GT,17,158,10.76%,4.7683E-6
1635,ref|NC_001140|,562515,TG,T,18,159,11.39%,2.2602E-6
1635,ref|NC_001140|,562517,G,GT,11,153,7.19%,4.0483E-4
1635,ref|NC_001140|,562527,T,TG,23,194,11.98%,5.8247E-8
1635,ref|NC_001140|,562538,TG,T,13,204,6.5%,9.9495E-5
1635,ref|NC_001140|,562540,GT,G,20,190,10.58%,5.612E-7
1635,ref|NC_001140|,562552,GGT,G,21,187,11.35%,2.5772E-7
1635,ref|NC_001140|,562559,GGGTGT,G,21,139,15.11%,2.1077E-7
1635,ref|NC_001140|,562564,T,TG,11,125,8.8%,3.8578E-4
1635,ref|NC_001140|,562565,G,GGT,9,104,8.65%,1.6276E-3
1635,ref|NC_001140|,562575,T,TG,33,104,32.35%,5.0672E-12
1635,ref|NC_001140|,562578,TGTG,T,11,109,10.19%,3.7358E-4
1635,ref|NC_001140|,562581,GGT,G,5,89,5.68%,2.948E-2
1635,ref|NC_001140|,562582,GT,G,14,72,19.72%,2.9687E-5
1635,ref|NC_001140|,562587,TG,T,6,83,7.32%,1.4214E-2
1635,ref|NC_001140|,562589,GGT,G,23,101,23.23%,2.6678E-8
1635,ref|NC_001140|,562591,T,TGTG,6,79,7.69%,1.4084E-2
1635,ref|NC_001140|,562601,T,TG,19,91,20.88%,6.4243E-7
1635,ref|NC_001140|,562606,T,TG,7,81,8.97%,6.7056E-3
1635,ref|NC_001140|,562608,GT,G,9,52,18.37%,1.3055E-3
1635,ref|NC_001140|,562619,T,TG,5,70,7.25%,2.8819E-2
1635,ref|NC_001141|,21252,CA,C,6,109,5.5%,1.4509E-2
1635,ref|NC_001141|,22273,T,TC,25,30,83.33%,2.745E-12
1635,ref|NC_001141|,23082,TG,T,38,42,90.48%,9.7197E-20
1635,ref|NC_001141|,23282,TC,T,10,10,100%,5.4125E-6
1635,ref|NC_001141|,25376,C,T,10,141,7.09%,8.2788E-4
1635,ref|NC_001141|,25418,T,C,28,181,15.47%,1.2018E-9
1635,ref|NC_001141|,25586,T,C,70,207,33.82%,7.2852E-25
1635,ref|NC_001141|,25593,C,T,63,199,31.66%,3.1059E-22
1635,ref|NC_001141|,25594,T,A,61,195,31.28%,1.5719E-21
1635,ref|NC_001141|,30811,G,GA,7,140,5%,7.2309E-3
1635,ref|NC_001141|,39373,T,TA,86,107,80.37%,1.2652E-40
1635,ref|NC_001141|,45872,G,A,8,77,10.39%,3.2264E-3
1635,ref|NC_001141|,45874,T,C,18,87,20.69%,1.4322E-6
1635,ref|NC_001141|,51552,C,CT,11,114,9.65%,3.726E-4
1635,ref|NC_001141|,57277,C,CA,57,88,64.77%,2.7688E-25
1635,ref|NC_001141|,76013,C,CT,15,110,13.64%,1.7628E-5
1635,ref|NC_001141|,102536,CT,C,7,128,5.47%,7.1618E-3
1635,ref|NC_001141|,105433,A,AAAT,98,114,85.96%,5.337E-48
1635,ref|NC_001141|,105767,GATA,G,8,81,9.88%,3.2508E-3
1635,ref|NC_001141|,117410,C,CT,6,94,6.38%,1.4392E-2
1635,ref|NC_001141|,122089,GT,G,7,90,7.78%,6.9119E-3
1635,ref|NC_001141|,127338,G,GT,8,88,9.09%,3.2661E-3
1635,ref|NC_001141|,133980,A,AT,11,117,9.4%,3.7643E-4
1635,ref|NC_001141|,137906,GA,G,14,103,13.59%,3.7054E-5
1635,ref|NC_001141|,138429,AC,A,5,65,7.69%,2.8658E-2
1635,ref|NC_001141|,142373,A,AT,7,111,6.31%,7.0464E-3
1635,ref|NC_001141|,144117,TTA,T,6,79,7.59%,1.4124E-2
1635,ref|NC_001141|,149075,G,GA,8,105,7.62%,3.4017E-3
1635,ref|NC_001141|,151193,G,GA,7,120,5.83%,7.1118E-3
1635,ref|NC_001141|,155945,GA,G,7,123,5.69%,7.1405E-3
1635,ref|NC_001141|,160362,G,GA,10,106,9.43%,7.7479E-4
1635,ref|NC_001141|,160843,TA,T,10,136,7.35%,8.1595E-4
1635,ref|NC_001141|,163245,AT,A,20,100,20%,2.3595E-7
1635,ref|NC_001141|,168640,C,G,14,66,21.21%,2.7899E-5
1635,ref|NC_001141|,177466,CAT,C,7,71,9.86%,6.6083E-3
1635,ref|NC_001141|,183251,C,CT,11,91,12.09%,3.4273E-4
1635,ref|NC_001141|,187821,T,G,13,98,13.27%,7.9774E-5
1635,ref|NC_001141|,187822,GAA,G,12,115,10.43%,1.6259E-4
1635,ref|NC_001141|,195445,G,GT,9,103,8.74%,1.6085E-3
1635,ref|NC_001141|,203507,AT,A,7,112,6.25%,7.074E-3
1635,ref|NC_001141|,204781,TA,T,10,107,9.35%,7.7103E-4
1635,ref|NC_001141|,241032,G,GA,25,78,32.05%,1.5975E-9
1635,ref|NC_001141|,245962,CT,C,30,72,41.67%,3.6885E-12
1635,ref|NC_001141|,249625,CT,C,11,111,9.91%,3.6955E-4
1635,ref|NC_001141|,254003,TA,T,100,130,76.92%,6.5116E-47
1635,ref|NC_001141|,257480,C,CA,13,147,8.84%,9.1962E-5
1635,ref|NC_001141|,267870,TA,T,13,92,14.13%,7.2906E-5
1635,ref|NC_001141|,287755,AT,A,8,110,7.27%,3.4063E-3
1635,ref|NC_001141|,290193,GA,G,16,108,14.81%,7.7245E-6
1635,ref|NC_001141|,292280,CT,C,11,124,8.87%,3.85E-4
1635,ref|NC_001141|,314032,G,C,6,78,7.69%,1.4124E-2
1635,ref|NC_001141|,318694,T,A,130,130,100%,1.0919E-77
1635,ref|NC_001141|,339225,C,CT,21,86,24.42%,7.6659E-8
1635,ref|NC_001141|,363071,CT,C,9,113,7.96%,1.6447E-3
1635,ref|NC_001141|,370195,AT,A,23,100,23%,2.0803E-8
1635,ref|NC_001141|,375747,A,T,121,123,98.37%,2.7616E-72
1635,ref|NC_001141|,379890,T,TA,8,125,6.4%,3.463E-3
1635,ref|NC_001141|,380935,GA,G,9,120,7.5%,1.6215E-3
1635,ref|NC_001141|,384315,C,CA,10,142,7.04%,8.205E-4
1635,ref|NC_001141|,385640,A,AT,20,132,15.15%,3.6562E-7
1635,ref|NC_001141|,387143,CA,C,6,70,8.57%,1.3458E-2
1635,ref|NC_001141|,389257,G,GA,11,116,9.48%,3.716E-4
1635,ref|NC_001141|,427307,C,CT,7,113,6.19%,7.0805E-3
1635,ref|NC_001142|,28946,C,CT,13,136,9.56%,8.86E-5
1635,ref|NC_001142|,33209,CT,C,7,137,5.11%,7.214E-3
1635,ref|NC_001142|,33346,CT,C,7,114,6.14%,7.074E-3
1635,ref|NC_001142|,37825,GT,G,7,134,5.22%,7.1818E-3
1635,ref|NC_001142|,47026,CT,C,7,131,5.34%,7.1566E-3
1635,ref|NC_001142|,59054,GA,G,32,116,27.59%,1.2484E-11
1635,ref|NC_001142|,60682,GT,G,5,94,5.32%,2.95E-2
1635,ref|NC_001142|,75588,CT,C,10,106,9.43%,7.7479E-4
1635,ref|NC_001142|,76562,GAT,G,14,106,13.21%,3.7255E-5
1635,ref|NC_001142|,85527,C,CT,7,129,5.43%,7.1618E-3
1635,ref|NC_001142|,97478,G,A,122,122,100%,6.9324E-73
1635,ref|NC_001142|,99491,AT,A,7,102,6.86%,7.0009E-3
1635,ref|NC_001142|,99519,A,AT,7,113,6.19%,7.0318E-3
1635,ref|NC_001142|,104611,TA,T,9,77,11.69%,1.4657E-3
1635,ref|NC_001142|,113474,AT,A,9,97,9.28%,1.5793E-3
1635,ref|NC_001142|,123779,GA,G,9,125,7.2%,1.6672E-3
1635,ref|NC_001142|,134112,GA,G,23,93,24.73%,1.9285E-8
1635,ref|NC_001142|,134179,G,GA,9,101,8.91%,1.5908E-3
1635,ref|NC_001142|,136911,GA,G,22,103,21.36%,5.1106E-8
1635,ref|NC_001142|,145019,GA,G,8,115,6.96%,3.4281E-3
1635,ref|NC_001142|,147243,C,T,133,133,100%,1.7256E-79
1635,ref|NC_001142|,159429,CA,C,9,96,9.47%,1.5753E-3
1635,ref|NC_001142|,161835,TA,T,10,101,9.9%,7.6909E-4
1635,ref|NC_001142|,173179,GT,G,6,83,7.32%,1.4042E-2
1635,ref|NC_001142|,173273,GA,G,6,89,6.74%,1.4263E-2
1635,ref|NC_001142|,173515,TA,T,6,87,6.9%,1.4279E-2
1635,ref|NC_001142|,177924,AAT,A,9,116,7.76%,1.6576E-3
1635,ref|NC_001142|,196083,CT,C,10,105,9.52%,7.7103E-4
1635,ref|NC_001142|,199170,A,C,80,80,100%,1.0864E-47
1635,ref|NC_001142|,200219,A,G,77,77,100%,6.8219E-46
1635,ref|NC_001142|,207747,GA,G,6,111,5.41%,1.452E-2
1635,ref|NC_001142|,247164,CA,C,8,115,6.96%,3.4239E-3
1635,ref|NC_001142|,265872,GT,G,24,71,33.8%,2.5383E-9
1635,ref|NC_001142|,268747,AT,A,15,124,12.1%,1.8115E-5
1635,ref|NC_001142|,269905,T,TA,5,93,5.38%,2.95E-2
1635,ref|NC_001142|,280770,C,CT,10,80,12.5%,6.9515E-4
1635,ref|NC_001142|,283419,A,AT,6,114,5.26%,1.4597E-2
1635,ref|NC_001142|,285171,T,C,5,90,5.56%,2.9519E-2
1635,ref|NC_001142|,289587,TA,T,22,74,29.73%,2.9084E-8
1635,ref|NC_001142|,306395,A,T,5,100,5%,2.9692E-2
1635,ref|NC_001142|,315657,G,GA,9,111,8.11%,1.6276E-3
1635,ref|NC_001142|,317080,GTA,G,6,92,6.52%,1.4338E-2
1635,ref|NC_001142|,318778,G,A,5,96,5.21%,2.9627E-2
1635,ref|NC_001142|,342348,AT,A,19,82,23.17%,4.1996E-7
1635,ref|NC_001142|,358212,GT,G,12,81,14.81%,1.4234E-4
1635,ref|NC_001142|,359824,GA,G,9,126,7.14%,1.6695E-3
1635,ref|NC_001142|,376292,TA,T,6,108,5.56%,1.452E-2
1635,ref|NC_001142|,385321,G,C,5,65,7.69%,2.8856E-2
1635,ref|NC_001142|,388260,CA,C,12,94,12.77%,1.5831E-4
1635,ref|NC_001142|,390996,G,GA,6,109,5.5%,1.455E-2
1635,ref|NC_001142|,393823,GA,G,20,92,21.74%,2.5505E-7
1635,ref|NC_001142|,393850,T,C,5,82,6.1%,2.9351E-2
1635,ref|NC_001142|,419705,GA,G,10,109,9.26%,7.7292E-4
1635,ref|NC_001142|,424172,GAT,G,15,86,17.44%,1.5103E-5
1635,ref|NC_001142|,424906,C,CT,23,95,24.21%,1.5706E-8
1635,ref|NC_001142|,436624,GT,G,6,75,8%,1.4042E-2
1635,ref|NC_001142|,457663,A,T,5,96,5.21%,2.9627E-2
1635,ref|NC_001142|,457903,CA,C,15,84,18.07%,1.1665E-5
1635,ref|NC_001142|,470130,GTAA,G,64,107,59.81%,2.2904E-27
1635,ref|NC_001142|,471047,G,GA,9,85,10.59%,1.5248E-3
1635,ref|NC_001142|,472080,AT,A,12,104,11.54%,1.6793E-4
1635,ref|NC_001142|,478375,A,C,9,61,14.75%,1.4219E-3
1635,ref|NC_001142|,478376,T,C,9,61,14.75%,1.4219E-3
1635,ref|NC_001142|,497098,A,AAT,66,98,67.35%,6.4837E-29
1635,ref|NC_001142|,497303,AAT,A,8,102,7.84%,3.3616E-3
1635,ref|NC_001142|,511783,T,A,7,130,5.38%,7.1913E-3
1635,ref|NC_001142|,519255,CGT,C,9,89,10.11%,1.5793E-3
1635,ref|NC_001142|,523904,T,TA,12,87,13.79%,1.5356E-4
1635,ref|NC_001142|,524684,CA,C,8,118,6.78%,3.4519E-3
1635,ref|NC_001142|,525702,GA,G,15,86,17.44%,1.3711E-5
1635,ref|NC_001142|,525781,AT,A,5,77,6.49%,2.9174E-2
1635,ref|NC_001142|,533912,TA,T,6,87,6.9%,1.4279E-2
1635,ref|NC_001142|,538633,A,AT,12,89,13.48%,1.574E-4
1635,ref|NC_001142|,550151,C,CT,13,117,11.11%,8.3803E-5
1635,ref|NC_001142|,550204,A,C,6,116,5.17%,1.4624E-2
1635,ref|NC_001142|,568755,T,TA,11,116,9.48%,3.726E-4
1635,ref|NC_001142|,570599,G,GT,9,101,8.91%,1.6151E-3
1635,ref|NC_001142|,572214,A,AT,8,133,6.02%,3.4992E-3
1635,ref|NC_001142|,575252,GA,G,8,124,6.45%,3.4481E-3
1635,ref|NC_001142|,577025,A,AAT,7,92,7.61%,6.8917E-3
1635,ref|NC_001142|,577187,GA,G,6,113,5.31%,1.4579E-2
1635,ref|NC_001142|,580248,CT,C,12,114,10.53%,1.7134E-4
1635,ref|NC_001142|,585633,C,CA,8,154,5.19%,3.5587E-3
1635,ref|NC_001142|,586417,CA,C,13,121,10.74%,8.3185E-5
1635,ref|NC_001142|,606715,C,T,6,118,5.08%,1.464E-2
1635,ref|NC_001142|,618031,AT,A,7,103,6.8%,7.0089E-3
1635,ref|NC_001142|,620488,GA,G,7,111,6.31%,7.074E-3
1635,ref|NC_001142|,620581,CT,C,8,128,6.25%,3.4769E-3
1635,ref|NC_001142|,636995,C,CA,10,128,7.81%,8.0195E-4
1635,ref|NC_001142|,639198,CT,C,15,84,17.86%,1.2459E-5
1635,ref|NC_001142|,639990,AAC,A,8,88,9.09%,3.2807E-3
1635,ref|NC_001142|,640784,G,GA,107,118,90.68%,1.4538E-55
1635,ref|NC_001142|,641890,TA,T,8,132,6.06%,3.4735E-3
1635,ref|NC_001142|,649224,AT,A,9,136,6.62%,1.6867E-3
1635,ref|NC_001142|,667224,GTA,G,10,120,8.33%,7.9624E-4
1635,ref|NC_001142|,697010,CT,C,13,137,9.49%,9.0158E-5
1635,ref|NC_001142|,715068,G,A,6,66,9.09%,1.3877E-2
1635,ref|NC_001142|,715072,G,T,5,61,8.2%,2.87E-2
1635,ref|NC_001142|,715081,T,G,11,55,20%,2.8065E-4
1635,ref|NC_001142|,715087,A,G,12,51,23.53%,1.1751E-4
1635,ref|NC_001142|,715095,G,A,20,35,57.14%,2.0063E-8
1635,ref|NC_001142|,715099,G,T,20,36,55.56%,2.3419E-8
1635,ref|NC_001142|,715108,A,T,11,29,37.93%,1.5195E-4
1635,ref|NC_001142|,715114,G,A,7,31,22.58%,5.3469E-3
1635,ref|NC_001142|,715141,A,G,15,54,27.78%,9.8829E-6
1635,ref|NC_001142|,717235,TA,T,7,132,5.3%,7.1769E-3
1635,ref|NC_001142|,738075,G,T,69,203,33.99%,1.5454E-24
1635,ref|NC_001142|,743850,C,G,22,22,100%,4.7526E-13
1635,ref|NC_001142|,743851,G,C,23,23,100%,1.2146E-13
1635,ref|NC_001143|,457,C,CA,104,111,93.69%,1.4624E-55
1635,ref|NC_001143|,8331,T,TA,11,121,9.09%,3.8257E-4
1635,ref|NC_001143|,22040,CA,C,5,64,7.81%,2.8371E-2
1635,ref|NC_001143|,26591,CAT,C,15,86,17.44%,1.404E-5
1635,ref|NC_001143|,36588,CAT,C,17,90,18.89%,3.1765E-6
1635,ref|NC_001143|,67773,CT,C,13,79,16.46%,6.0557E-5
1635,ref|NC_001143|,68454,G,GCC,120,124,96.77%,4.6598E-67
1635,ref|NC_001143|,68468,T,TG,115,116,99.14%,3.2397E-67
1635,ref|NC_001143|,78799,TTA,T,5,92,5.43%,2.9417E-2
1635,ref|NC_001143|,93419,C,CT,8,144,5.56%,3.5194E-3
1635,ref|NC_001143|,114774,CAT,C,7,128,5.47%,7.1769E-3
1635,ref|NC_001143|,126103,GGAA,G,10,115,8.7%,7.9624E-4
1635,ref|NC_001143|,134467,AT,A,18,111,16.22%,1.7067E-6
1635,ref|NC_001143|,136103,CAT,C,16,113,14.16%,8.228E-6
1635,ref|NC_001143|,164844,CTA,C,9,70,12.86%,1.3788E-3
1635,ref|NC_001143|,179248,TTA,T,10,143,6.99%,8.2986E-4
1635,ref|NC_001143|,196211,G,GA,20,108,18.52%,3.2429E-7
1635,ref|NC_001143|,208022,TA,T,9,89,10.11%,1.5446E-3
1635,ref|NC_001143|,217107,G,GA,15,96,15.62%,1.4812E-5
1635,ref|NC_001143|,223175,T,TA,7,125,5.6%,7.1513E-3
1635,ref|NC_001143|,231612,G,GA,5,94,5.32%,2.9538E-2
1635,ref|NC_001143|,234032,C,CA,7,116,6.03%,7.1177E-3
1635,ref|NC_001143|,234262,A,AT,12,106,11.32%,1.7001E-4
1635,ref|NC_001143|,242787,C,CT,6,85,7.06%,1.4161E-2
1635,ref|NC_001143|,246028,A,AT,12,108,11.11%,1.7134E-4
1635,ref|NC_001143|,255584,CT,C,8,124,6.45%,3.4665E-3
1635,ref|NC_001143|,260979,GA,G,8,142,5.63%,3.511E-3
1635,ref|NC_001143|,266089,TA,T,9,110,8.18%,1.6276E-3
1635,ref|NC_001143|,277040,A,AT,6,106,5.66%,1.4442E-2
1635,ref|NC_001143|,280940,GAT,G,6,85,7.06%,1.4263E-2
1635,ref|NC_001143|,285019,GA,G,7,100,7%,6.9675E-3
1635,ref|NC_001143|,286448,TA,T,14,99,14.14%,3.5315E-5
1635,ref|NC_001143|,309693,G,GT,5,100,5%,2.9592E-2
1635,ref|NC_001143|,310035,GA,G,7,132,5.3%,7.196E-3
1635,ref|NC_001143|,320823,GT,G,14,62,22.58%,2.2741E-5
1635,ref|NC_001143|,323019,A,T,78,78,100%,1.7165E-46
1635,ref|NC_001143|,327725,AT,A,6,116,5.17%,1.457E-2
1635,ref|NC_001143|,335103,G,GA,15,95,15.79%,1.5654E-5
1635,ref|NC_001143|,342593,C,CT,7,106,6.6%,7.0392E-3
1635,ref|NC_001143|,355182,GA,G,12,107,11.21%,1.7001E-4
1635,ref|NC_001143|,356511,CT,C,6,116,5.17%,1.4588E-2
1635,ref|NC_001143|,358106,C,G,104,104,100%,4.3992E-62
1635,ref|NC_001143|,358455,C,CT,7,126,5.56%,7.1459E-3
1635,ref|NC_001143|,365321,G,GA,7,112,6.25%,7.0934E-3
1635,ref|NC_001143|,369769,G,C,5,82,6.1%,2.9351E-2
1635,ref|NC_001143|,382560,ATAT,A,5,93,5.38%,2.9575E-2
1635,ref|NC_001143|,384845,C,CAT,58,70,82.86%,8.8305E-28
1635,ref|NC_001143|,385103,C,CTT,12,47,25.53%,5.8193E-5
1635,ref|NC_001143|,385587,GT,G,8,91,8.79%,3.2947E-3
1635,ref|NC_001143|,428783,GA,G,8,98,8.16%,3.3448E-3
1635,ref|NC_001143|,432846,G,GA,7,90,7.78%,6.9119E-3
1635,ref|NC_001143|,445220,C,CT,5,97,5.15%,2.9592E-2
1635,ref|NC_001143|,448910,C,T,6,65,9.23%,1.3824E-2
1635,ref|NC_001143|,451568,GGAACAC,G,90,103,87.38%,9.636E-45
1635,ref|NC_001143|,463261,CT,C,12,71,17.14%,1.23E-4
1635,ref|NC_001143|,465172,G,GTATA,39,59,66.1%,4.144E-18
1635,ref|NC_001143|,489841,TA,T,7,111,6.31%,7.0604E-3
1635,ref|NC_001143|,518072,C,CT,7,81,8.64%,6.801E-3
1635,ref|NC_001143|,518111,C,CT,11,82,13.41%,2.925E-4
1635,ref|NC_001143|,519367,GA,G,5,86,5.81%,2.9327E-2
1635,ref|NC_001143|,524035,AT,A,19,77,24.68%,4.4235E-7
1635,ref|NC_001143|,556431,G,GA,9,136,6.62%,1.6887E-3
1635,ref|NC_001143|,557487,G,GA,7,119,5.88%,7.1118E-3
1635,ref|NC_001143|,581078,GA,G,10,103,9.71%,7.567E-4
1635,ref|NC_001143|,613990,GA,G,5,84,5.95%,2.9327E-2
1635,ref|NC_001143|,617557,C,CT,15,86,17.44%,1.3194E-5
1635,ref|NC_001143|,618946,G,GA,11,124,8.87%,3.8257E-4
1635,ref|NC_001143|,626626,G,GT,9,136,6.62%,1.6964E-3
1635,ref|NC_001143|,632832,CA,C,12,135,8.89%,1.851E-4
1635,ref|NC_001143|,635468,CT,C,7,90,7.78%,6.801E-3
1635,ref|NC_001143|,638422,A,AT,16,107,14.95%,8.0674E-6
1635,ref|NC_001143|,645204,C,CA,13,129,10.08%,8.5266E-5
1635,ref|NC_001143|,660577,CA,C,13,132,9.85%,8.8365E-5
1635,ref|NC_001143|,661401,GA,G,10,123,8.13%,7.9624E-4
1635,ref|NC_001143|,666556,GT,G,76,76,100%,2.711E-45
1635,ref|NC_001143|,666702,GGT,G,28,49,57.14%,1.5129E-11
1635,ref|NC_001143|,666707,GT,G,4,16,25%,4.9808E-2
1635,ref|NC_001143|,666721,T,TG,5,20,25%,2.2727E-2
1635,ref|NC_001143|,666747,GGTGT,G,5,28,17.86%,2.531E-2
1635,ref|NC_001144|,28,A,AC,6,25,24%,1.1145E-2
1635,ref|NC_001144|,134,TA,T,8,151,5.3%,3.5326E-3
1635,ref|NC_001144|,161,T,C,8,141,5.67%,3.5274E-3
1635,ref|NC_001144|,5699,C,CA,9,172,5.23%,1.7544E-3
1635,ref|NC_001144|,5741,T,C,9,158,5.7%,1.7373E-3
1635,ref|NC_001144|,5757,A,T,10,172,5.81%,8.5362E-4
1635,ref|NC_001144|,5808,T,C,10,182,5.49%,8.6013E-4
1635,ref|NC_001144|,10965,T,C,30,63,47.62%,9.545E-12
1635,ref|NC_001144|,11225,CA,C,83,129,64.34%,1.7872E-34
1635,ref|NC_001144|,14561,AT,A,9,153,5.88%,1.7186E-3
1635,ref|NC_001144|,19914,CT,C,18,167,10.78%,2.2187E-6
1635,ref|NC_001144|,32319,C,CA,12,158,7.59%,1.957E-4
1635,ref|NC_001144|,36723,G,GA,11,185,5.95%,4.1792E-4
1635,ref|NC_001144|,41223,CAT,C,14,61,22.95%,2.1224E-5
1635,ref|NC_001144|,48673,TA,T,12,171,7.02%,1.992E-4
1635,ref|NC_001144|,48855,CA,C,18,139,12.95%,1.7211E-6
1635,ref|NC_001144|,52019,AAT,A,10,129,7.75%,8.1236E-4
1635,ref|NC_001144|,52618,C,CT,9,143,6.29%,1.7037E-3
1635,ref|NC_001144|,63982,CA,C,19,170,11.18%,1.0562E-6
1635,ref|NC_001144|,66619,CT,C,10,175,5.71%,8.4862E-4
1635,ref|NC_001144|,84519,CT,C,10,151,6.62%,8.2788E-4
1635,ref|NC_001144|,86724,TA,T,10,123,8.13%,7.7292E-4
1635,ref|NC_001144|,95382,A,AT,8,128,6.25%,3.4802E-3
1635,ref|NC_001144|,105616,T,TA,11,115,9.57%,3.755E-4
1635,ref|NC_001144|,112176,G,GA,11,166,6.63%,4.0585E-4
1635,ref|NC_001144|,122008,GA,G,13,119,10.92%,7.9021E-5
1635,ref|NC_001144|,124986,GT,G,8,151,5.3%,3.5326E-3
1635,ref|NC_001144|,125399,TTA,T,6,88,6.82%,1.4294E-2
1635,ref|NC_001144|,129214,CA,C,8,131,6.11%,3.4835E-3
1635,ref|NC_001144|,130903,CT,C,12,172,6.98%,1.9711E-4
1635,ref|NC_001144|,161651,TA,T,26,168,15.48%,4.6313E-9
1635,ref|NC_001144|,170682,CAT,C,22,125,17.6%,8.1884E-8
1635,ref|NC_001144|,172018,AAT,A,24,114,21.05%,1.3947E-8
1635,ref|NC_001144|,179752,A,AT,8,139,5.76%,3.4992E-3
1635,ref|NC_001144|,179897,CT,C,10,146,6.85%,8.2687E-4
1635,ref|NC_001144|,187137,AT,A,145,151,96.03%,5.0518E-80
1635,ref|NC_001144|,196591,AT,A,14,150,9.33%,4.3484E-5
1635,ref|NC_001144|,196750,AT,A,8,115,6.96%,3.4153E-3
1635,ref|NC_001144|,201844,TA,T,11,142,7.75%,3.9751E-4
1635,ref|NC_001144|,204043,GA,G,13,207,6.28%,9.9388E-5
1635,ref|NC_001144|,229572,G,A,8,103,7.77%,3.3922E-3
1635,ref|NC_001144|,243827,CAT,C,11,105,10.48%,3.6955E-4
1635,ref|NC_001144|,245256,AAT,A,23,144,15.97%,4.2114E-8
1635,ref|NC_001144|,248700,AT,A,10,128,7.81%,8.1113E-4
1635,ref|NC_001144|,251194,GA,G,24,156,15.38%,1.8519E-8
1635,ref|NC_001144|,253093,G,GA,13,174,7.47%,9.6054E-5
1635,ref|NC_001144|,263307,C,CA,12,143,8.39%,1.8911E-4
1635,ref|NC_001144|,264076,AT,A,17,99,17.17%,2.6179E-6
1635,ref|NC_001144|,266819,G,A,17,110,15.45%,3.9078E-6
1635,ref|NC_001144|,268086,C,T,5,93,5.38%,2.9575E-2
1635,ref|NC_001144|,280996,G,GA,17,148,11.49%,4.4022E-6
1635,ref|NC_001144|,282693,A,AT,8,113,7.08%,3.4323E-3
1635,ref|NC_001144|,289357,C,CT,9,125,7.2%,1.6625E-3
1635,ref|NC_001144|,291384,A,G,154,154,100%,4.2213E-92
1635,ref|NC_001144|,291386,A,G,154,154,100%,4.2213E-92
1635,ref|NC_001144|,292024,GA,G,19,156,12.18%,9.9129E-7
1635,ref|NC_001144|,315793,C,CT,8,130,6.15%,3.4899E-3
1635,ref|NC_001144|,320335,GA,G,7,131,5.34%,7.1618E-3
1635,ref|NC_001144|,322104,A,AT,14,159,8.81%,4.4519E-5
1635,ref|NC_001144|,343851,GT,G,9,105,8.57%,1.6276E-3
1635,ref|NC_001144|,345042,C,G,18,80,22.5%,1.2803E-6
1635,ref|NC_001144|,348735,C,CA,16,155,10.32%,9.7893E-6
1635,ref|NC_001144|,348919,GT,G,23,100,23%,2.28E-8
1635,ref|NC_001144|,370487,A,AT,11,140,7.86%,3.9302E-4
1635,ref|NC_001144|,393993,TA,T,8,141,5.67%,3.511E-3
1635,ref|NC_001144|,394693,G,GA,20,144,13.89%,4.3527E-7
1635,ref|NC_001144|,402737,A,AT,13,116,11.21%,8.4695E-5
1635,ref|NC_001144|,415651,GT,G,5,97,5.15%,2.961E-2
1635,ref|NC_001144|,415698,TA,T,8,86,9.3%,3.2661E-3
1635,ref|NC_001144|,421496,AG,A,5,76,6.58%,2.9117E-2
1635,ref|NC_001144|,423554,CT,C,10,128,7.81%,7.9914E-4
1635,ref|NC_001144|,426662,CA,C,10,138,7.25%,8.1113E-4
1635,ref|NC_001144|,432143,C,CA,11,139,7.91%,3.9628E-4
1635,ref|NC_001144|,441523,CT,C,11,187,5.88%,4.1403E-4
1635,ref|NC_001144|,451539,GA,G,6,41,14.63%,1.2702E-2
1635,ref|NC_001144|,459249,C,A,21,270,7.78%,3.1825E-7
1635,ref|NC_001144|,459564,T,C,448,6674,6.71%,1.3348E-127
1635,ref|NC_001144|,459803,CT,C,1324,11971,11.07%,0E0
1635,ref|NC_001144|,460002,CA,C,1698,15507,10.95%,0E0
1635,ref|NC_001144|,460103,T,C,955,16479,5.8%,1.4032E-264
1635,ref|NC_001144|,460152,T,G,1011,17320,5.84%,5.8321E-280
1635,ref|NC_001144|,460262,G,GTA,979,17379,5.63%,3.9246E-270
1635,ref|NC_001144|,460383,TA,T,3112,15656,19.88%,0E0
1635,ref|NC_001144|,460477,AT,A,1229,16637,7.39%,0E0
1635,ref|NC_001144|,460621,T,C,1034,13502,7.66%,3.509E-295
1635,ref|NC_001144|,489468,C,CT,9,114,7.89%,1.6183E-3
1635,ref|NC_001144|,495309,CT,C,8,150,5.33%,3.5425E-3
1635,ref|NC_001144|,506065,GT,G,8,157,5.1%,3.5609E-3
1635,ref|NC_001144|,513997,C,CA,17,123,13.82%,3.9586E-6
1635,ref|NC_001144|,514965,C,CT,12,147,8.16%,1.9228E-4
1635,ref|NC_001144|,522257,C,CA,10,128,7.81%,8.06E-4
1635,ref|NC_001144|,527967,CT,C,11,144,7.64%,3.9751E-4
1635,ref|NC_001144|,528749,T,A,177,177,100%,6.4306E-106
1635,ref|NC_001144|,535172,C,CA,9,143,6.29%,1.7037E-3
1635,ref|NC_001144|,539598,C,CT,7,131,5.34%,7.1719E-3
1635,ref|NC_001144|,545933,C,CT,13,145,8.97%,9.0369E-5
1635,ref|NC_001144|,550360,C,CA,15,126,11.9%,1.9151E-5
1635,ref|NC_001144|,568017,CT,C,20,144,13.89%,4.3808E-7
1635,ref|NC_001144|,585920,GA,G,16,103,15.53%,6.2401E-6
1635,ref|NC_001144|,612158,GA,G,13,105,12.38%,7.7016E-5
1635,ref|NC_001144|,626434,G,GA,8,134,5.97%,3.4868E-3
1635,ref|NC_001144|,636551,G,GT,11,95,11.7%,3.3271E-4
1635,ref|NC_001144|,641311,G,GA,15,125,12%,1.848E-5
1635,ref|NC_001144|,645231,TA,T,14,136,10.29%,4.1532E-5
1635,ref|NC_001144|,646385,GA,G,16,173,9.25%,1.0314E-5
1635,ref|NC_001144|,657175,C,T,141,141,100%,2.7109E-84
1635,ref|NC_001144|,687472,GA,G,15,115,13.04%,1.7827E-5
1635,ref|NC_001144|,687587,GTA,G,8,95,8.42%,3.327E-3
1635,ref|NC_001144|,699939,GA,G,24,121,19.83%,1.0611E-8
1635,ref|NC_001144|,704138,TA,T,26,117,22.22%,2.2986E-9
1635,ref|NC_001144|,712186,GT,G,11,121,9.09%,3.7826E-4
1635,ref|NC_001144|,718114,TA,T,10,136,7.35%,8.1826E-4
1635,ref|NC_001144|,722481,GT,G,14,126,11.11%,4.0537E-5
1635,ref|NC_001144|,723168,CA,C,10,99,10.1%,7.4758E-4
1635,ref|NC_001144|,723209,G,GT,8,68,11.76%,3.1077E-3
1635,ref|NC_001144|,734923,A,AT,19,128,14.84%,8.8669E-7
1635,ref|NC_001144|,751291,A,AT,7,124,5.65%,7.1513E-3
1635,ref|NC_001144|,766503,TA,T,11,90,12.22%,3.3953E-4
1635,ref|NC_001144|,769162,CAT,C,14,122,11.48%,4.0685E-5
1635,ref|NC_001144|,777943,G,GT,8,146,5.48%,3.5274E-3
1635,ref|NC_001144|,784382,G,GC,129,132,97.73%,2.7574E-73
1635,ref|NC_001144|,784895,GA,G,16,156,10.26%,1.0064E-5
1635,ref|NC_001144|,793997,A,AT,14,131,10.69%,4.1666E-5
1635,ref|NC_001144|,802485,AT,A,10,146,6.85%,8.216E-4
1635,ref|NC_001144|,819069,C,CT,10,182,5.49%,8.5565E-4
1635,ref|NC_001144|,823515,A,C,5,55,9.09%,2.8423E-2
1635,ref|NC_001144|,828903,C,T,150,150,100%,1.0666E-89
1635,ref|NC_001144|,829405,GTA,G,10,114,8.77%,7.9324E-4
1635,ref|NC_001144|,833744,AT,A,9,131,6.87%,1.6718E-3
1635,ref|NC_001144|,837516,CAT,C,12,95,12.63%,1.6721E-4
1635,ref|NC_001144|,837956,GA,G,9,128,7.03%,1.674E-3
1635,ref|NC_001144|,867102,CT,C,11,163,6.75%,4.0431E-4
1635,ref|NC_001144|,881947,C,CAT,61,94,64.89%,1.8265E-27
1635,ref|NC_001144|,931046,A,AT,11,129,8.53%,3.8655E-4
1635,ref|NC_001144|,937372,T,TA,14,166,8.43%,4.5526E-5
1635,ref|NC_001144|,941045,T,TA,15,142,10.56%,2.0358E-5
1635,ref|NC_001144|,944238,C,A,64,65,100%,4.1752E-38
1635,ref|NC_001144|,950305,C,CT,11,156,7.05%,4.0216E-4
1635,ref|NC_001144|,981461,A,G,10,121,8.26%,8.0467E-4
1635,ref|NC_001144|,993397,C,T,6,118,5.08%,1.464E-2
1635,ref|NC_001144|,1002214,GA,G,28,166,16.87%,7.7104E-10
1635,ref|NC_001144|,1011372,C,CT,11,146,7.53%,3.95E-4
1635,ref|NC_001144|,1012324,C,CG,145,152,95.39%,2.9918E-79
1635,ref|NC_001144|,1012328,A,AGCC,140,146,95.89%,4.1755E-77
1635,ref|NC_001144|,1015482,AAT,A,23,162,14.2%,5.0889E-8
1635,ref|NC_001144|,1019116,GA,G,20,160,12.5%,4.9561E-7
1635,ref|NC_001144|,1024980,AT,A,17,101,16.83%,2.9901E-6
1635,ref|NC_001144|,1025009,G,GT,8,95,8.42%,3.3014E-3
1635,ref|NC_001144|,1026686,C,CT,19,174,10.92%,1.0562E-6
1635,ref|NC_001144|,1039435,T,A,187,187,100%,6.3033E-112
1635,ref|NC_001144|,1053293,A,AT,26,164,15.85%,4.02E-9
1635,ref|NC_001144|,1059677,T,TA,29,161,18.01%,3.742E-10
1635,ref|NC_001144|,1065078,GGT,G,9,121,7.44%,1.674E-3
1635,ref|NC_001145|,9528,A,AT,17,129,13.18%,4.2378E-6
1635,ref|NC_001145|,21958,GTA,G,15,83,18.07%,1.4663E-5
1635,ref|NC_001145|,26551,AT,A,17,113,15.04%,3.8556E-6
1635,ref|NC_001145|,26716,AT,A,19,92,20.65%,5.9651E-7
1635,ref|NC_001145|,34017,TA,T,10,106,9.43%,7.6512E-4
1635,ref|NC_001145|,34473,T,G,139,139,100%,4.3066E-83
1635,ref|NC_001145|,41950,GA,G,33,127,25.98%,5.2582E-12
1635,ref|NC_001145|,43866,CT,C,8,111,7.21%,3.397E-3
1635,ref|NC_001145|,49837,CT,C,9,141,6.38%,1.7019E-3
1635,ref|NC_001145|,58770,A,AT,10,151,6.62%,8.2986E-4
1635,ref|NC_001145|,81005,CT,C,8,147,5.44%,3.5194E-3
1635,ref|NC_001145|,86950,CTATTAT,C,14,74,18.92%,2.9687E-5
1635,ref|NC_001145|,94308,A,AT,12,144,8.33%,1.8911E-4
1635,ref|NC_001145|,95588,C,CA,10,137,7.3%,8.216E-4
1635,ref|NC_001145|,95727,CTA,C,9,108,8.33%,1.6364E-3
1635,ref|NC_001145|,97782,GT,G,8,142,5.63%,3.5194E-3
1635,ref|NC_001145|,99274,C,CA,10,118,8.47%,7.917E-4
1635,ref|NC_001145|,118616,C,T,5,67,7.46%,2.8892E-2
1635,ref|NC_001145|,129676,G,GA,6,119,5.04%,1.4624E-2
1635,ref|NC_001145|,158396,T,TA,9,58,15.52%,1.2935E-3
1635,ref|NC_001145|,159852,CAT,C,7,103,6.8%,6.9846E-3
1635,ref|NC_001145|,164392,GT,G,10,91,10.99%,6.7609E-4
1635,ref|NC_001145|,165422,CT,C,15,90,16.67%,1.42E-5
1635,ref|NC_001145|,169058,CT,C,7,115,6.09%,7.0805E-3
1635,ref|NC_001145|,191990,AT,A,14,67,20.9%,2.3225E-5
1635,ref|NC_001145|,192469,CT,C,9,139,6.47%,1.7019E-3
1635,ref|NC_001145|,192743,GTA,G,15,127,11.81%,1.9608E-5
1635,ref|NC_001145|,209069,CT,C,9,109,8.26%,1.6335E-3
1635,ref|NC_001145|,234752,A,AT,6,94,6.38%,1.4294E-2
1635,ref|NC_001145|,236652,CT,C,7,96,7.29%,6.9217E-3
1635,ref|NC_001145|,238763,CT,C,12,66,18.18%,1.2122E-4
1635,ref|NC_001145|,239353,CAT,C,7,65,10.77%,6.377E-3
1635,ref|NC_001145|,241854,CT,C,9,109,8.26%,1.6276E-3
1635,ref|NC_001145|,245885,G,A,7,59,11.86%,6.4707E-3
1635,ref|NC_001145|,251661,G,GA,19,153,12.42%,9.9129E-7
1635,ref|NC_001145|,305685,GT,G,10,98,10.2%,7.4273E-4
1635,ref|NC_001145|,325905,T,A,103,103,100%,1.7512E-61
1635,ref|NC_001145|,337473,CA,C,8,102,7.84%,3.3616E-3
1635,ref|NC_001145|,348566,CT,C,10,80,12.5%,6.9515E-4
1635,ref|NC_001145|,361550,G,A,89,89,100%,4.3706E-53
1635,ref|NC_001145|,361725,A,G,41,153,26.8%,2.0474E-14
1635,ref|NC_001145|,370618,CA,C,8,110,7.27%,3.4153E-3
1635,ref|NC_001145|,380311,G,GA,15,101,14.85%,1.6766E-5
1635,ref|NC_001145|,387095,AT,A,13,86,15.12%,6.6777E-5
1635,ref|NC_001145|,388684,TTA,T,7,79,8.86%,6.7203E-3
1635,ref|NC_001145|,406257,T,TA,10,92,10.87%,7.3507E-4
1635,ref|NC_001145|,409001,C,CA,5,94,5.32%,2.9592E-2
1635,ref|NC_001145|,411379,C,CT,8,108,7.41%,3.3922E-3
1635,ref|NC_001145|,411461,G,GT,9,102,8.82%,1.5945E-3
1635,ref|NC_001145|,416400,C,CT,6,115,5.22%,1.4615E-2
1635,ref|NC_001145|,431536,GT,G,7,113,6.19%,7.0318E-3
1635,ref|NC_001145|,433068,G,GA,5,97,5.15%,2.9627E-2
1635,ref|NC_001145|,448333,G,A,99,99,100%,4.3954E-59
1635,ref|NC_001145|,448334,A,G,99,99,100%,4.3954E-59
1635,ref|NC_001145|,468258,AT,A,6,108,5.56%,1.4454E-2
1635,ref|NC_001145|,472637,G,GA,8,109,7.34%,3.3874E-3
1635,ref|NC_001145|,475726,GA,G,15,116,12.93%,1.7526E-5
1635,ref|NC_001145|,483743,GA,G,21,96,21.88%,8.6393E-8
1635,ref|NC_001145|,497919,G,GA,8,96,8.33%,3.3448E-3
1635,ref|NC_001145|,511585,C,CT,5,97,5.15%,2.9644E-2
1635,ref|NC_001145|,512087,GT,G,5,90,5.56%,2.9459E-2
1635,ref|NC_001145|,514073,A,AT,6,106,5.66%,1.452E-2
1635,ref|NC_001145|,514293,AT,A,5,92,5.43%,2.9519E-2
1635,ref|NC_001145|,538559,C,CA,7,76,9.21%,6.7203E-3
1635,ref|NC_001145|,538607,GCA,G,5,87,5.75%,2.9327E-2
1635,ref|NC_001145|,558682,C,CA,7,97,7.22%,6.9406E-3
1635,ref|NC_001145|,559980,CT,C,7,108,6.48%,6.9846E-3
1635,ref|NC_001145|,561877,AAT,A,10,73,13.7%,6.9153E-4
1635,ref|NC_001145|,571250,CA,C,10,106,9.43%,7.5886E-4
1635,ref|NC_001145|,587638,CTAT,C,6,90,6.67%,1.4338E-2
1635,ref|NC_001145|,622168,GTA,G,16,85,18.82%,6.404E-6
1635,ref|NC_001145|,630505,A,G,101,101,100%,2.7747E-60
1635,ref|NC_001145|,646855,CAT,C,11,71,15.49%,3.1263E-4
1635,ref|NC_001145|,651263,TA,T,98,100,98%,5.6887E-56
1635,ref|NC_001145|,652533,CT,C,15,105,14.29%,1.7102E-5
1635,ref|NC_001145|,667202,C,CA,11,71,15.49%,2.9794E-4
1635,ref|NC_001145|,672129,T,C,89,89,100%,4.3706E-53
1635,ref|NC_001145|,674863,GA,G,10,93,10.75%,7.324E-4
1635,ref|NC_001145|,680936,T,C,96,96,100%,2.7702E-57
1635,ref|NC_001145|,680940,C,T,96,96,100%,2.7702E-57
1635,ref|NC_001145|,687366,GT,G,13,81,16.05%,6.7394E-5
1635,ref|NC_001145|,698679,TA,T,9,67,13.43%,1.3694E-3
1635,ref|NC_001145|,751670,TA,T,13,103,12.62%,7.7839E-5
1635,ref|NC_001145|,752958,A,AT,7,110,6.36%,7.0535E-3
1635,ref|NC_001145|,756824,GT,G,12,84,14.29%,1.4713E-4
1635,ref|NC_001145|,772664,CT,C,16,98,16.33%,6.404E-6
1635,ref|NC_001145|,774724,C,CA,7,116,6.03%,7.1118E-3
1635,ref|NC_001145|,775114,G,GA,5,78,6.41%,2.9174E-2
1635,ref|NC_001145|,775885,C,CA,7,114,6.14%,7.0996E-3
1635,ref|NC_001145|,809198,A,G,114,114,100%,4.392E-68
1635,ref|NC_001145|,815480,C,CA,16,105,15.24%,7.7838E-6
1635,ref|NC_001145|,822589,CT,C,6,83,7.23%,1.3976E-2
1635,ref|NC_001145|,822630,A,C,7,69,10.29%,6.6257E-3
1635,ref|NC_001145|,822635,G,T,8,45,17.78%,2.6808E-3
1635,ref|NC_001145|,851713,GA,G,14,119,11.76%,3.6849E-5
1635,ref|NC_001145|,854478,CT,C,13,105,12.38%,7.9021E-5
1635,ref|NC_001145|,860894,C,CT,9,145,6.21%,1.7054E-3
1635,ref|NC_001145|,861167,G,GA,7,132,5.3%,7.1866E-3
1635,ref|NC_001145|,861205,C,CA,12,130,9.23%,1.8378E-4
1635,ref|NC_001145|,867234,G,GA,10,139,7.19%,8.1939E-4
1635,ref|NC_001145|,874559,CT,C,40,143,27.97%,1.2838E-14
1635,ref|NC_001145|,877494,G,A,8,84,9.52%,3.2735E-3
1635,ref|NC_001145|,892823,GA,G,9,137,6.57%,1.7037E-3
1635,ref|NC_001145|,908196,G,C,8,20,40%,1.638E-3
1635,ref|NC_001145|,908198,G,T,8,22,36.36%,1.8042E-3
1635,ref|NC_001145|,908203,G,A,9,23,39.13%,7.4174E-4
1635,ref|NC_001145|,908218,C,T,13,25,52%,1.4654E-5
1635,ref|NC_001145|,908275,G,A,7,60,11.67%,6.4922E-3
1635,ref|NC_001145|,908359,A,G,12,124,9.68%,1.8467E-4
1635,ref|NC_001145|,908365,A,G,14,131,10.69%,4.2312E-5
1635,ref|NC_001145|,908558,T,TCAA,38,201,18.91%,5.2134E-13
1635,ref|NC_001145|,908611,G,A,9,169,5.33%,1.751E-3
1635,ref|NC_001145|,914827,GT,G,12,125,9.68%,1.7945E-4
1635,ref|NC_001145|,918120,C,CT,18,88,20.45%,1.2803E-6
1635,ref|NC_001145|,921418,CT,C,95,127,74.8%,1.4612E-43
1635,ref|NC_001145|,924341,G,T,39,44,88.64%,7.2647E-20
1635,ref|NC_001145|,924352,G,GGT,26,41,63.41%,3.8262E-11
1635,ref|NC_001145|,924388,G,GT,12,19,63.16%,1.1285E-5
1635,ref|NC_001145|,924392,T,TG,12,17,70.59%,1.1285E-5
1635,ref|NC_001146|,6631,CCA,C,5,51,9.8%,2.8203E-2
1635,ref|NC_001146|,6650,A,C,10,46,21.74%,5.4972E-4
1635,ref|NC_001146|,6652,C,A,10,43,23.26%,5.4148E-4
1635,ref|NC_001146|,6682,C,CA,5,37,13.51%,2.706E-2
1635,ref|NC_001146|,7478,A,AT,101,106,95.28%,3.5575E-55
1635,ref|NC_001146|,10214,T,TA,13,107,12.15%,8.0142E-5
1635,ref|NC_001146|,12975,C,CTT,65,97,67.01%,2.7247E-29
1635,ref|NC_001146|,14333,G,GC,52,61,85.25%,1.6967E-25
1635,ref|NC_001146|,28420,G,GT,9,106,8.49%,1.6151E-3
1635,ref|NC_001146|,43278,AAT,A,16,139,11.51%,9.5547E-6
1635,ref|NC_001146|,66362,TA,T,8,124,6.45%,3.463E-3
1635,ref|NC_001146|,71554,GT,G,6,120,5%,1.464E-2
1635,ref|NC_001146|,84037,AT,A,9,106,8.49%,1.6183E-3
1635,ref|NC_001146|,86089,C,CT,6,105,5.71%,1.4488E-2
1635,ref|NC_001146|,89323,C,CT,12,113,10.62%,1.762E-4
1635,ref|NC_001146|,107294,GA,G,11,104,10.58%,3.6057E-4
1635,ref|NC_001146|,118987,GA,G,22,117,18.8%,6.5155E-8
1635,ref|NC_001146|,154923,GA,G,20,97,20.62%,2.3107E-7
1635,ref|NC_001146|,172354,C,CT,16,116,13.79%,8.1217E-6
1635,ref|NC_001146|,172492,C,CA,12,105,11.43%,1.6864E-4
1635,ref|NC_001146|,175206,CA,C,8,130,6.15%,3.4665E-3
1635,ref|NC_001146|,181308,C,CA,6,116,5.17%,1.4579E-2
1635,ref|NC_001146|,187639,G,GA,20,113,17.7%,3.795E-7
1635,ref|NC_001146|,191300,C,CT,8,118,6.78%,3.4323E-3
1635,ref|NC_001146|,196150,CT,C,23,110,20.91%,2.5244E-8
1635,ref|NC_001146|,198236,AT,A,7,88,7.95%,6.8706E-3
1635,ref|NC_001146|,198789,C,G,9,76,11.84%,1.5196E-3
1635,ref|NC_001146|,235956,CT,C,6,98,6.12%,1.4324E-2
1635,ref|NC_001146|,251874,A,AT,7,117,5.98%,7.0672E-3
1635,ref|NC_001146|,263349,AT,A,9,98,9.18%,1.6016E-3
1635,ref|NC_001146|,263555,GA,G,6,118,5.08%,1.4579E-2
1635,ref|NC_001146|,270971,A,AT,5,89,5.62%,2.95E-2
1635,ref|NC_001146|,281884,GA,G,16,152,10.53%,9.8529E-6
1635,ref|NC_001146|,282303,C,CT,6,90,6.67%,1.4309E-2
1635,ref|NC_001146|,282400,G,C,35,87,40.23%,3.9107E-13
1635,ref|NC_001146|,282401,T,C,21,75,28%,9.3573E-8
1635,ref|NC_001146|,300929,TA,T,8,56,14.29%,2.6808E-3
1635,ref|NC_001146|,307228,CT,C,14,97,14.43%,3.5315E-5
1635,ref|NC_001146|,312328,AACG,A,115,121,95.04%,1.4276E-62
1635,ref|NC_001146|,321979,AT,A,11,94,11.7%,3.5291E-4
1635,ref|NC_001146|,357012,C,CT,6,55,10.91%,1.3188E-2
1635,ref|NC_001146|,368427,C,CT,6,104,5.77%,1.4509E-2
1635,ref|NC_001146|,377887,G,T,126,126,100%,2.7519E-75
1635,ref|NC_001146|,380954,G,GA,11,100,11%,3.5685E-4
1635,ref|NC_001146|,392467,G,GT,10,107,9.35%,7.7479E-4
1635,ref|NC_001146|,412653,GA,G,9,108,8.33%,1.6306E-3
1635,ref|NC_001146|,413448,C,CT,11,46,23.91%,2.3046E-4
1635,ref|NC_001146|,415054,C,CT,8,51,15.69%,2.8658E-3
1635,ref|NC_001146|,415071,C,CT,8,17,47.06%,1.2236E-3
1635,ref|NC_001146|,415096,CT,C,5,66,7.58%,2.87E-2
1635,ref|NC_001146|,416686,CT,C,5,86,5.81%,2.9327E-2
1635,ref|NC_001146|,429547,C,CA,8,97,8.25%,3.3561E-3
1635,ref|NC_001146|,429776,TTA,T,9,93,9.68%,1.5908E-3
1635,ref|NC_001146|,439397,G,GT,109,117,93.16%,8.1768E-58
1635,ref|NC_001146|,444651,CT,C,15,104,14.42%,1.6533E-5
1635,ref|NC_001146|,471767,A,G,86,86,100%,2.7498E-51
1635,ref|NC_001146|,479459,AT,A,22,96,22.92%,3.694E-8
1635,ref|NC_001146|,483236,CA,C,6,111,5.41%,1.453E-2
1635,ref|NC_001146|,486552,TA,T,15,56,26.79%,7.5306E-6
1635,ref|NC_001146|,490188,AT,A,6,97,6.19%,1.4417E-2
1635,ref|NC_001146|,493053,TA,T,22,88,25%,4.5762E-8
1635,ref|NC_001146|,498360,GT,G,21,114,18.42%,1.4568E-7
1635,ref|NC_001146|,499556,G,GA,8,142,5.63%,3.5166E-3
1635,ref|NC_001146|,503013,C,CA,7,103,6.8%,6.9761E-3
1635,ref|NC_001146|,503040,C,CT,8,98,8.16%,3.3145E-3
1635,ref|NC_001146|,504803,C,T,6,84,7.14%,1.4247E-2
1635,ref|NC_001146|,510328,CT,C,13,112,11.61%,8.1207E-5
1635,ref|NC_001146|,512460,CAT,C,12,93,12.9%,1.634E-4
1635,ref|NC_001146|,515710,TA,T,7,122,5.74%,7.1459E-3
1635,ref|NC_001146|,524023,T,C,8,57,14.04%,3.0025E-3
1635,ref|NC_001146|,532584,G,GA,7,105,6.67%,7.0243E-3
1635,ref|NC_001146|,568313,TA,T,5,93,5.38%,2.948E-2
1635,ref|NC_001146|,570509,T,C,18,18,100%,1.1019E-10
1635,ref|NC_001146|,581648,A,AT,5,92,5.43%,2.9538E-2
1635,ref|NC_001146|,599586,C,T,9,130,6.92%,1.6926E-3
1635,ref|NC_001146|,601112,T,G,91,206,44.17%,9.98E-34
1635,ref|NC_001146|,601202,T,C,120,242,49.59%,1.6214E-45
1635,ref|NC_001146|,605720,CTA,C,7,51,13.73%,6.0738E-3
1635,ref|NC_001146|,609910,G,GA,7,117,5.98%,7.1235E-3
1635,ref|NC_001146|,616826,A,G,27,88,30.68%,7.0331E-10
1635,ref|NC_001146|,635717,GT,G,6,112,5.36%,1.452E-2
1635,ref|NC_001146|,644217,CTA,C,24,111,21.62%,1.416E-8
1635,ref|NC_001146|,647314,AT,A,7,106,6.6%,7.0167E-3
1635,ref|NC_001146|,651857,AT,A,17,105,16.19%,3.3161E-6
1635,ref|NC_001146|,654648,AT,A,16,139,11.51%,9.484E-6
1635,ref|NC_001146|,662768,G,GA,16,115,13.91%,8.228E-6
1635,ref|NC_001146|,667324,CT,C,8,66,12.12%,2.8851E-3
1635,ref|NC_001146|,667351,A,C,8,72,11.11%,3.1815E-3
1635,ref|NC_001146|,667354,A,C,7,73,9.59%,6.7203E-3
1635,ref|NC_001146|,668101,CA,C,12,124,9.68%,1.784E-4
1635,ref|NC_001146|,678603,GA,G,12,111,10.81%,1.762E-4
1635,ref|NC_001146|,687218,C,CA,16,122,13.11%,8.6707E-6
1635,ref|NC_001146|,690071,AT,A,11,113,9.73%,3.716E-4
1635,ref|NC_001146|,692520,C,CA,15,116,12.93%,1.8115E-5
1635,ref|NC_001146|,694240,CAT,C,15,106,14.15%,1.6292E-5
1635,ref|NC_001146|,694966,CTA,C,9,117,7.69%,1.6576E-3
1635,ref|NC_001146|,711232,A,AT,6,96,6.25%,1.4392E-2
1635,ref|NC_001146|,713938,GT,G,8,98,8.16%,3.3505E-3
1635,ref|NC_001146|,716416,CT,C,7,97,7.22%,6.9217E-3
1635,ref|NC_001146|,721034,CA,C,6,105,5.71%,1.4499E-2
1635,ref|NC_001146|,721059,G,GA,7,118,5.93%,7.1118E-3
1635,ref|NC_001146|,721791,G,GA,8,146,5.48%,3.53E-3
1635,ref|NC_001146|,721916,TA,T,13,130,10%,8.6093E-5
1635,ref|NC_001146|,722274,CA,C,15,115,13.04%,1.665E-5
1635,ref|NC_001146|,764741,GAT,G,17,111,15.32%,3.8556E-6
1635,ref|NC_001146|,772612,CA,C,21,120,17.5%,1.3155E-7
1635,ref|NC_001146|,774549,AT,A,23,154,14.94%,4.3184E-8
1635,ref|NC_001146|,777553,AAT,A,11,83,13.25%,3.1486E-4
1635,ref|NC_001146|,782404,G,A,6,101,5.94%,1.4477E-2
1635,ref|NC_001146|,784106,GGT,G,12,142,8.45%,1.9057E-4
1635,ref|NC_001146|,784138,GGT,G,11,123,9.17%,3.7915E-4
1635,ref|NC_001146|,784142,T,TG,28,104,27.45%,4.019E-10
1635,ref|NC_001146|,784163,T,TG,17,134,13.08%,4.2592E-6
1635,ref|NC_001146|,784166,TGTG,T,10,114,8.93%,7.9014E-4
1635,ref|NC_001146|,784169,G,GGT,6,99,6.32%,1.4309E-2
1635,ref|NC_001146|,784170,GT,G,9,86,10.98%,1.5446E-3
1635,ref|NC_001146|,784181,TG,T,31,145,21.53%,7.6203E-11
1635,ref|NC_001146|,784183,G,GT,11,115,9.65%,3.7643E-4
1635,ref|NC_001146|,784187,TG,T,12,137,8.76%,1.8911E-4
1635,ref|NC_001146|,784194,GGT,G,14,131,10.77%,4.1532E-5
1635,ref|NC_001146|,784208,T,TG,13,130,10.08%,8.764E-5
1635,ref|NC_001146|,784219,T,TG,6,92,6.52%,1.4309E-2
1635,ref|NC_001146|,784235,GT,G,9,90,10.11%,1.5712E-3
1635,ref|NC_001146|,784239,GT,G,21,81,26.58%,1.0063E-7
1635,ref|NC_001146|,784242,GT,G,7,59,12.07%,6.4016E-3
1635,ref|NC_001146|,784245,T,TG,7,61,11.86%,6.4484E-3
1635,ref|NC_001146|,784246,GT,G,8,55,15.38%,2.8851E-3
1635,ref|NC_001146|,784247,T,G,9,61,18%,1.3055E-3
1635,ref|NC_001146|,784257,TG,T,6,73,8.22%,1.4042E-2
1635,ref|NC_001146|,784271,GT,G,8,62,12.9%,3.0712E-3
1635,ref|NC_001146|,784288,T,TG,6,65,9.52%,1.3767E-2
1635,ref|NC_001146|,784290,GT,G,5,49,10.2%,2.8079E-2
1635,ref|NC_001146|,784303,GT,G,6,45,13.33%,1.3082E-2
1635,ref|NC_001147|,21727,GA,G,7,94,7.45%,6.8813E-3
1635,ref|NC_001147|,27928,T,A,26,158,16.46%,4.861E-9
1635,ref|NC_001147|,28352,T,C,29,170,17.06%,5.0075E-10
1635,ref|NC_001147|,33840,AT,A,8,152,5.26%,3.5519E-3
1635,ref|NC_001147|,50002,C,T,137,137,100%,6.8409E-82
1635,ref|NC_001147|,50010,A,T,138,138,100%,1.7164E-82
1635,ref|NC_001147|,50012,C,T,140,140,100%,1.0805E-83
1635,ref|NC_001147|,60061,GT,G,12,99,12.12%,1.6419E-4
1635,ref|NC_001147|,60213,CT,C,18,95,18.95%,1.1117E-6
1635,ref|NC_001147|,60240,C,T,67,67,100%,6.6743E-40
1635,ref|NC_001147|,79297,C,G,102,102,100%,6.9709E-61
1635,ref|NC_001147|,79304,A,T,98,99,98.99%,1.7493E-58
1635,ref|NC_001147|,79305,T,A,100,100,100%,1.1044E-59
1635,ref|NC_001147|,85382,C,CT,13,103,12.62%,7.9021E-5
1635,ref|NC_001147|,94613,G,GA,13,154,8.44%,9.1772E-5
1635,ref|NC_001147|,94815,AC,A,11,70,15.71%,2.8674E-4
1635,ref|NC_001147|,102256,TA,T,9,169,5.33%,1.7486E-3
1635,ref|NC_001147|,118032,A,C,104,275,37.82%,1.0503E-37
1635,ref|NC_001147|,118287,C,A,11,67,16.42%,3.1263E-4
1635,ref|NC_001147|,129212,CT,C,12,147,8.16%,1.9161E-4
1635,ref|NC_001147|,141471,GA,G,18,112,16.07%,1.6166E-6
1635,ref|NC_001147|,145176,CT,C,11,135,8.15%,3.9025E-4
1635,ref|NC_001147|,161403,A,T,138,273,50.55%,1.6182E-52
1635,ref|NC_001147|,161617,T,C,138,255,54.12%,1.4849E-53
1635,ref|NC_001147|,161762,T,C,98,236,41.53%,8.3785E-36
1635,ref|NC_001147|,193675,C,CT,8,142,5.63%,3.5138E-3
1635,ref|NC_001147|,194895,C,CA,8,96,8.33%,3.327E-3
1635,ref|NC_001147|,200339,CT,C,16,76,21.05%,4.0256E-6
1635,ref|NC_001147|,204570,CT,C,13,86,15.12%,6.2773E-5
1635,ref|NC_001147|,213870,C,CA,16,124,12.9%,8.3312E-6
1635,ref|NC_001147|,216898,AT,A,8,53,15.09%,2.624E-3
1635,ref|NC_001147|,218455,TC,T,5,97,5.15%,2.9644E-2
1635,ref|NC_001147|,227300,CGAT,C,7,99,7.07%,6.9928E-3
1635,ref|NC_001147|,230020,CT,C,18,110,16.36%,1.5361E-6
1635,ref|NC_001147|,232303,GA,G,7,127,5.51%,7.1618E-3
1635,ref|NC_001147|,238354,AAT,A,8,87,9.2%,3.2947E-3
1635,ref|NC_001147|,259218,C,CT,9,97,9.28%,1.5832E-3
1635,ref|NC_001147|,288064,TA,T,10,111,9.01%,7.8855E-4
1635,ref|NC_001147|,290573,CT,C,10,127,7.87%,8.0056E-4
1635,ref|NC_001147|,315630,CT,C,18,128,14.06%,1.7631E-6
1635,ref|NC_001147|,326195,CAT,C,15,78,19.23%,1.3542E-5
1635,ref|NC_001147|,333432,G,GA,8,96,8.33%,3.3331E-3
1635,ref|NC_001147|,355083,AAT,A,19,90,21.11%,5.9651E-7
1635,ref|NC_001147|,372140,GA,G,9,106,8.49%,1.6118E-3
1635,ref|NC_001147|,383126,GA,G,5,88,5.68%,2.9417E-2
1635,ref|NC_001147|,384807,AT,A,9,98,9.18%,1.587E-3
1635,ref|NC_001147|,389237,T,G,101,101,100%,2.7747E-60
1635,ref|NC_001147|,404121,G,GT,7,78,8.97%,6.7203E-3
1635,ref|NC_001147|,412675,AT,A,12,105,11.43%,1.6864E-4
1635,ref|NC_001147|,423003,C,A,6,108,5.56%,1.455E-2
1635,ref|NC_001147|,426603,G,GA,12,85,14.12%,1.5647E-4
1635,ref|NC_001147|,430159,GA,G,6,81,7.41%,1.3851E-2
1635,ref|NC_001147|,437763,T,A,104,104,100%,4.3992E-62
1635,ref|NC_001147|,444498,AT,A,21,107,19.63%,1.2091E-7
1635,ref|NC_001147|,448670,TA,T,5,62,8.06%,2.8423E-2
1635,ref|NC_001147|,453009,T,C,28,79,35.44%,2.0126E-10
1635,ref|NC_001147|,475132,C,CA,9,114,7.89%,1.6447E-3
1635,ref|NC_001147|,479259,A,AT,8,80,10%,3.2179E-3
1635,ref|NC_001147|,489778,CAT,C,5,84,5.95%,2.9373E-2
1635,ref|NC_001147|,491013,CA,C,13,97,13.4%,7.7016E-5
1635,ref|NC_001147|,519639,A,T,113,113,100%,1.7491E-67
1635,ref|NC_001147|,520950,G,GA,6,103,5.83%,1.4454E-2
1635,ref|NC_001147|,522811,G,GA,12,72,16.67%,1.23E-4
1635,ref|NC_001147|,536839,CT,C,6,96,6.25%,1.4379E-2
1635,ref|NC_001147|,537056,TTA,T,6,54,11.11%,1.3285E-2
1635,ref|NC_001147|,537259,AT,A,8,79,10.13%,3.1815E-3
1635,ref|NC_001147|,550529,AT,A,7,86,8.14%,6.837E-3
1635,ref|NC_001147|,550563,A,AT,7,90,7.78%,6.8917E-3
1635,ref|NC_001147|,560809,G,GA,7,116,6.03%,7.0672E-3
1635,ref|NC_001147|,572170,G,GT,7,85,8.24%,6.8597E-3
1635,ref|NC_001147|,581669,C,CA,11,96,11.46%,3.5154E-4
1635,ref|NC_001147|,646740,C,T,5,49,10.2%,2.8079E-2
1635,ref|NC_001147|,667564,GAT,G,6,48,12.5%,1.3188E-2
1635,ref|NC_001147|,667734,TA,T,6,95,6.32%,1.4324E-2
1635,ref|NC_001147|,670723,G,GA,5,92,5.43%,2.95E-2
1635,ref|NC_001147|,670767,G,GA,19,96,19.79%,5.7739E-7
1635,ref|NC_001147|,672547,T,TA,6,99,6.06%,1.443E-2
1635,ref|NC_001147|,673205,AT,A,9,98,9.18%,1.6118E-3
1635,ref|NC_001147|,675324,CT,C,10,85,11.76%,6.9515E-4
1635,ref|NC_001147|,681098,C,CA,6,98,6.12%,1.4352E-2
1635,ref|NC_001147|,698289,AT,A,13,107,12.15%,8.1888E-5
1635,ref|NC_001147|,708819,G,C,52,147,35.37%,8.9853E-19
1635,ref|NC_001147|,708878,T,C,29,80,36.25%,8.2907E-11
1635,ref|NC_001147|,709617,T,C,5,83,6.02%,2.9373E-2
1635,ref|NC_001147|,720202,G,GA,7,94,7.45%,6.9217E-3
1635,ref|NC_001147|,738211,G,GA,6,100,6%,1.4465E-2
1635,ref|NC_001147|,745306,CA,C,11,104,10.58%,3.6409E-4
1635,ref|NC_001147|,746559,C,CA,11,87,12.64%,3.3091E-4
1635,ref|NC_001147|,752139,A,G,7,60,11.67%,6.4922E-3
1635,ref|NC_001147|,761551,G,GA,5,98,5.1%,2.966E-2
1635,ref|NC_001147|,768266,GA,G,6,103,5.83%,1.4465E-2
1635,ref|NC_001147|,768281,TA,T,10,87,11.49%,7.2404E-4
1635,ref|NC_001147|,769891,G,GT,13,108,12.26%,7.4819E-5
1635,ref|NC_001147|,770624,GT,G,12,80,15%,1.3705E-4
1635,ref|NC_001147|,785519,CA,C,8,86,9.3%,3.2807E-3
1635,ref|NC_001147|,798499,G,GA,7,132,5.3%,7.196E-3
1635,ref|NC_001147|,804922,AT,A,13,104,12.5%,7.9021E-5
1635,ref|NC_001147|,822924,GTGT,G,6,120,5%,1.4632E-2
1635,ref|NC_001147|,830833,CT,C,6,83,7.23%,1.4161E-2
1635,ref|NC_001147|,840683,G,A,62,120,51.67%,4.3621E-24
1635,ref|NC_001147|,854995,AAT,A,7,108,6.48%,7.0604E-3
1635,ref|NC_001147|,875965,G,GA,11,119,9.24%,3.7643E-4
1635,ref|NC_001147|,877096,T,TA,7,108,6.48%,7.0392E-3
1635,ref|NC_001147|,882623,CT,C,15,90,16.67%,1.337E-5
1635,ref|NC_001147|,888848,GT,G,14,92,15.22%,2.9687E-5
1635,ref|NC_001147|,889748,T,TA,16,97,16.49%,6.64E-6
1635,ref|NC_001147|,892648,GT,G,5,89,5.62%,2.95E-2
1635,ref|NC_001147|,894338,A,AT,13,129,10.08%,8.6093E-5
1635,ref|NC_001147|,895762,AT,A,9,111,8.11%,1.65E-3
1635,ref|NC_001147|,909060,T,G,5,97,5.15%,2.9644E-2
1635,ref|NC_001147|,909076,GT,G,9,72,12.5%,1.3968E-3
1635,ref|NC_001147|,911748,CAT,C,7,123,5.69%,7.1566E-3
1635,ref|NC_001147|,923126,GAT,G,10,99,10.1%,7.6712E-4
1635,ref|NC_001147|,925072,CA,C,14,138,10.14%,4.1666E-5
1635,ref|NC_001147|,944458,C,CT,5,79,6.33%,2.9174E-2
1635,ref|NC_001147|,944473,CT,C,16,84,19.05%,6.2401E-6
1635,ref|NC_001147|,954141,CT,C,13,89,14.61%,6.2051E-5
1635,ref|NC_001147|,960775,TA,T,7,87,8.05%,6.7884E-3
1635,ref|NC_001147|,967942,AT,A,16,109,14.68%,7.7245E-6
1635,ref|NC_001147|,977029,C,CT,9,93,9.68%,1.5945E-3
1635,ref|NC_001147|,978149,C,CA,10,123,8.13%,8.0056E-4
1635,ref|NC_001147|,980936,C,G,122,122,100%,6.9324E-73
1635,ref|NC_001147|,989706,G,GA,8,131,6.11%,3.4802E-3
1635,ref|NC_001147|,998345,AAT,A,6,106,5.66%,1.4499E-2
1635,ref|NC_001147|,1000974,A,AT,10,92,10.87%,7.2404E-4
1635,ref|NC_001147|,1004258,G,GT,11,109,10.09%,3.6522E-4
1635,ref|NC_001147|,1005040,CT,C,6,96,6.25%,1.4417E-2
1635,ref|NC_001147|,1006918,A,AT,10,118,8.47%,7.9475E-4
1635,ref|NC_001147|,1013025,CTA,C,7,104,6.73%,7.0318E-3
1635,ref|NC_001147|,1019588,C,CT,15,139,10.79%,1.9534E-5
1635,ref|NC_001147|,1031381,CT,C,11,67,16.42%,2.7081E-4
1635,ref|NC_001147|,1036615,G,GT,7,87,8.05%,6.8133E-3
1635,ref|NC_001147|,1048412,C,CT,9,165,5.45%,1.7373E-3
1635,ref|NC_001147|,1058879,AT,A,7,139,5.04%,7.214E-3
1635,ref|NC_001147|,1061185,C,CA,10,144,6.94%,8.2986E-4
1635,ref|NC_001147|,1071028,T,TA,8,138,5.8%,3.5052E-3
1635,ref|NC_001147|,1077950,CT,C,22,130,16.92%,7.3413E-8
1635,ref|NC_001147|,1090818,TATA,T,5,18,27.78%,2.2727E-2
1635,ref|NC_001147|,1091201,AT,A,5,68,7.35%,2.8856E-2
1635,ref|NC_001148|,9510,T,G,12,91,13.19%,1.6573E-4
1635,ref|NC_001148|,12828,T,TA,9,111,8.11%,1.6306E-3
1635,ref|NC_001148|,13174,TA,T,8,158,5.06%,3.5425E-3
1635,ref|NC_001148|,16931,A,AT,11,115,9.57%,3.716E-4
1635,ref|NC_001148|,16995,CT,C,18,106,16.98%,1.5526E-6
1635,ref|NC_001148|,44495,TA,T,11,144,7.64%,3.9751E-4
1635,ref|NC_001148|,46594,AT,A,12,101,11.88%,1.6648E-4
1635,ref|NC_001148|,74183,T,TA,12,127,9.45%,1.7893E-4
1635,ref|NC_001148|,85402,CA,C,15,111,13.51%,1.6991E-5
1635,ref|NC_001148|,108395,AT,A,10,107,9.35%,7.8191E-4
1635,ref|NC_001148|,132456,T,TA,18,102,17.65%,1.585E-6
1635,ref|NC_001148|,138809,A,AT,8,123,6.5%,3.4735E-3
1635,ref|NC_001148|,144689,AGGAAACGTC,A,71,102,69.61%,1.3114E-30
1635,ref|NC_001148|,153278,GA,G,9,80,11.25%,1.4972E-3
1635,ref|NC_001148|,162374,GTA,G,24,94,25.53%,8.7514E-9
1635,ref|NC_001148|,164219,CA,C,6,120,5%,1.4624E-2
1635,ref|NC_001148|,165721,G,T,5,85,5.88%,2.9417E-2
1635,ref|NC_001148|,166006,G,GT,5,92,5.43%,2.948E-2
1635,ref|NC_001148|,181192,G,GT,16,76,21.05%,5.6213E-6
1635,ref|NC_001148|,191944,C,T,130,130,100%,1.0919E-77
1635,ref|NC_001148|,192966,CA,C,23,106,21.7%,1.9793E-8
1635,ref|NC_001148|,197949,C,CA,10,82,12.2%,7.2112E-4
1635,ref|NC_001148|,209962,A,AT,5,89,5.62%,2.9417E-2
1635,ref|NC_001148|,212823,GAT,G,8,90,8.89%,3.308E-3
1635,ref|NC_001148|,212901,TA,T,18,88,20.45%,1.3198E-6
1635,ref|NC_001148|,215689,G,GA,8,105,7.62%,3.3448E-3
1635,ref|NC_001148|,239118,GTA,G,11,94,11.7%,3.5425E-4
1635,ref|NC_001148|,244248,TTA,T,17,95,17.89%,3.448E-6
1635,ref|NC_001148|,246835,GA,G,9,96,9.38%,1.567E-3
1635,ref|NC_001148|,247938,C,T,6,118,5.08%,1.464E-2
1635,ref|NC_001148|,260986,C,CT,9,110,8.18%,1.6335E-3
1635,ref|NC_001148|,282651,CT,C,7,87,8.05%,6.8597E-3
1635,ref|NC_001148|,287448,G,C,5,62,8.06%,2.8741E-2
1635,ref|NC_001148|,296837,C,CT,14,111,12.61%,3.8214E-5
1635,ref|NC_001148|,302892,C,CT,5,84,5.95%,2.9351E-2
1635,ref|NC_001148|,312942,GTA,G,13,63,20.63%,5.6497E-5
1635,ref|NC_001148|,320648,T,A,6,116,5.17%,1.4624E-2
1635,ref|NC_001148|,321077,AT,A,6,112,5.36%,1.456E-2
1635,ref|NC_001148|,354069,C,T,12,63,19.05%,1.3705E-4
1635,ref|NC_001148|,359487,G,GT,9,84,10.71%,1.4972E-3
1635,ref|NC_001148|,373417,A,AT,9,101,8.91%,1.6118E-3
1635,ref|NC_001148|,381848,GTA,G,16,80,20%,5.7142E-6
1635,ref|NC_001148|,386559,A,AT,9,84,10.71%,1.5539E-3
1635,ref|NC_001148|,402529,T,C,8,78,10.26%,3.2264E-3
1635,ref|NC_001148|,404759,GT,G,11,51,21.57%,2.2064E-4
1635,ref|NC_001148|,425229,G,GA,17,113,15.04%,3.802E-6
1635,ref|NC_001148|,427833,C,CA,7,110,6.36%,7.0392E-3
1635,ref|NC_001148|,429750,GA,G,7,102,6.86%,7.0009E-3
1635,ref|NC_001148|,462244,GA,G,20,96,20.83%,2.0088E-7
1635,ref|NC_001148|,481304,AT,A,92,112,82.14%,2.0314E-44
1635,ref|NC_001148|,485926,TCA,T,7,107,6.54%,7.0604E-3
1635,ref|NC_001148|,491804,CT,C,5,100,5%,2.961E-2
1635,ref|NC_001148|,502679,CA,C,9,68,13.24%,1.3495E-3
1635,ref|NC_001148|,503385,GA,G,16,84,19.05%,5.4307E-6
1635,ref|NC_001148|,528959,CT,C,9,90,10%,1.567E-3
1635,ref|NC_001148|,558033,A,AT,7,87,8.05%,6.8597E-3
1635,ref|NC_001148|,572996,GA,G,5,89,5.62%,2.948E-2
1635,ref|NC_001148|,575156,CAT,C,18,89,20.22%,1.4677E-6
1635,ref|NC_001148|,581338,G,GA,14,79,17.72%,2.5055E-5
1635,ref|NC_001148|,586599,G,GA,8,111,7.21%,3.4017E-3
1635,ref|NC_001148|,588390,C,T,127,128,99.22%,2.2362E-74
1635,ref|NC_001148|,589896,CT,C,11,124,8.87%,3.8002E-4
1635,ref|NC_001148|,591720,CAT,C,25,101,24.75%,5.1517E-9
1635,ref|NC_001148|,592129,G,GA,13,126,10.32%,8.4695E-5
1635,ref|NC_001148|,600560,GA,G,8,74,10.81%,3.1718E-3
1635,ref|NC_001148|,607467,G,GA,10,104,9.62%,7.6712E-4
1635,ref|NC_001148|,607820,CT,C,9,112,8.04%,1.6335E-3
1635,ref|NC_001148|,607997,CT,C,12,108,11.11%,1.6793E-4
1635,ref|NC_001148|,615257,TA,T,13,71,18.31%,5.7349E-5
1635,ref|NC_001148|,620255,CA,C,11,107,10.28%,3.6409E-4
1635,ref|NC_001148|,621903,C,CA,6,112,5.36%,1.454E-2
1635,ref|NC_001148|,626058,T,A,5,93,5.38%,2.9575E-2
1635,ref|NC_001148|,637259,C,G,8,67,11.94%,3.1191E-3
1635,ref|NC_001148|,639136,GA,G,8,157,5.1%,3.5449E-3
1635,ref|NC_001148|,643570,C,CT,7,81,8.64%,6.7884E-3
1635,ref|NC_001148|,643732,GA,G,9,104,8.65%,1.6118E-3
1635,ref|NC_001148|,646234,CT,C,6,105,5.71%,1.443E-2
1635,ref|NC_001148|,648520,GA,G,14,114,12.28%,3.9101E-5
1635,ref|NC_001148|,648653,C,CA,6,106,5.66%,1.4488E-2
1635,ref|NC_001148|,650129,TA,T,7,107,6.54%,7.0089E-3
1635,ref|NC_001148|,653959,A,AT,7,104,6.73%,7.0009E-3
1635,ref|NC_001148|,655079,G,GA,16,105,15.24%,7.0087E-6
1635,ref|NC_001148|,657438,G,GA,6,107,5.61%,1.4509E-2
1635,ref|NC_001148|,667520,T,G,100,100,100%,1.1044E-59
1635,ref|NC_001148|,677053,C,CT,6,117,5.13%,1.4615E-2
1635,ref|NC_001148|,677102,A,G,105,105,100%,1.1051E-62
1635,ref|NC_001148|,679448,GT,G,8,113,7.08%,3.4017E-3
1635,ref|NC_001148|,695616,TA,T,15,113,13.27%,1.7628E-5
1635,ref|NC_001148|,698526,GA,G,12,94,12.77%,1.5455E-4
1635,ref|NC_001148|,753245,GC,G,7,90,7.78%,6.837E-3
1635,ref|NC_001148|,754378,TG,T,11,144,7.64%,3.9872E-4
1635,ref|NC_001148|,759400,T,G,114,114,100%,4.392E-68
1635,ref|NC_001148|,775718,TA,T,6,105,5.71%,1.4499E-2
1635,ref|NC_001148|,802209,GA,G,14,126,11.11%,3.9437E-5
1635,ref|NC_001148|,819664,A,AT,6,107,5.61%,1.4488E-2
1635,ref|NC_001148|,821515,C,CT,7,137,5.11%,7.2006E-3
1635,ref|NC_001148|,829699,CT,C,8,84,9.52%,3.2585E-3
1635,ref|NC_001148|,837643,AT,A,9,137,6.57%,1.6887E-3
1635,ref|NC_001148|,840627,AT,A,19,80,23.75%,4.0861E-7
1635,ref|NC_001148|,852115,T,A,5,34,14.71%,2.6693E-2
1635,ref|NC_001148|,857189,GT,G,17,109,15.6%,3.5726E-6
1635,ref|NC_001148|,868371,A,AT,15,122,12.3%,1.8115E-5
1635,ref|NC_001148|,876243,CTA,C,9,110,8.18%,1.6392E-3
1635,ref|NC_001148|,886454,G,GT,17,121,14.05%,3.7747E-6
1635,ref|NC_001148|,887933,AT,A,18,124,14.52%,1.8426E-6
1635,ref|NC_001148|,890346,T,A,129,129,100%,4.3506E-77
1635,ref|NC_001148|,897094,CAAT,C,7,119,5.88%,7.1177E-3
1635,ref|NC_001148|,909717,TA,T,8,121,6.61%,3.4481E-3
1635,ref|NC_001148|,939183,GA,G,14,120,11.67%,3.927E-5
1635,ref|NC_001224|,1162,TTA,T,55,1039,5.29%,3.8691E-16
1635,ref|NC_001224|,3340,AAT,A,56,842,6.65%,5.2239E-18
1635,ref|NC_001224|,11246,AAT,A,39,736,5.3%,1.0695E-12
1635,ref|NC_001224|,12871,AAT,A,54,1055,5.12%,7.8624E-16
1635,ref|NC_001224|,20345,GA,G,2646,2742,96.53%,0E0
1635,ref|NC_001224|,20934,T,G,3414,3414,100%,0E0
1635,ref|NC_001224|,33467,T,C,1730,1730,100%,0E0
1635,ref|NC_001224|,33618,T,TTC,887,1025,86.54%,0E0
1635,ref|NC_001224|,33779,AC,A,1168,1414,82.6%,0E0
1635,ref|NC_001224|,39517,G,T,2595,2597,99.92%,0E0
1635,ref|NC_001224|,43084,A,AT,2068,2295,90.11%,0E0
1635,ref|NC_001224|,44795,A,AT,1905,2111,90.24%,0E0
1635,ref|NC_001224|,49500,A,T,1338,1338,100%,0E0
1635,ref|NC_001224|,55436,GC,G,1217,1268,95.98%,0E0
1635,ref|NC_001224|,62646,AAT,A,88,935,9.41%,3.5701E-28
1635,ref|NC_001224|,63656,C,CG,103,1896,5.43%,1.1899E-30
1635,ref|NC_001224|,65917,C,CG,74,1367,5.41%,7.305E-22
1635,ref|NC_001224|,71026,TA,T,65,1202,5.41%,3.7955E-19
1635,ref|NC_001224|,73114,AG,A,997,1083,92.06%,0E0
1635,ref|NC_001224|,73136,TC,T,1033,1076,96%,0E0
1635,ref|NC_001224|,73518,AT,A,159,1832,8.68%,2.5659E-48
1635,ref|NC_001224|,82253,T,TA,1424,1616,88.12%,0E0
1635,ref|NC_001224|,82507,T,A,1166,1166,100%,0E0
1638,ref|NC_001133|,5068,A,AT,10,135,7.41%,8.1358E-4
1638,ref|NC_001133|,6736,C,CAA,50,132,37.88%,2.0818E-20
1638,ref|NC_001133|,12529,A,G,20,135,14.81%,4.4634E-7
1638,ref|NC_001133|,12566,C,T,19,164,11.59%,1.0973E-6
1638,ref|NC_001133|,12570,C,T,19,167,11.38%,1.1089E-6
1638,ref|NC_001133|,12594,A,T,23,207,11.11%,6.2445E-8
1638,ref|NC_001133|,12620,T,C,73,250,29.2%,2.1984E-25
1638,ref|NC_001133|,12642,T,A,18,293,6.14%,2.9145E-6
1638,ref|NC_001133|,12662,T,C,16,299,5.35%,1.2418E-5
1638,ref|NC_001133|,12666,T,C,18,304,5.92%,2.9439E-6
1638,ref|NC_001133|,12668,T,C,103,296,34.8%,1.9892E-36
1638,ref|NC_001133|,12690,A,T,147,264,55.68%,1.3913E-57
1638,ref|NC_001133|,12716,C,T,72,280,25.71%,1.1099E-24
1638,ref|NC_001133|,12762,T,C,16,234,6.84%,1.1704E-5
1638,ref|NC_001133|,12764,T,C,21,231,9.09%,2.9629E-7
1638,ref|NC_001133|,12786,T,A,9,165,5.45%,1.7462E-3
1638,ref|NC_001133|,12791,C,T,9,152,5.92%,1.7291E-3
1638,ref|NC_001133|,23239,C,CT,12,144,8.33%,1.8797E-4
1638,ref|NC_001133|,23712,C,CA,30,99,30.3%,4.1158E-11
1638,ref|NC_001133|,25340,C,A,132,132,100%,6.8763E-79
1638,ref|NC_001133|,25488,G,A,14,14,100%,2.4927E-8
1638,ref|NC_001133|,25872,G,C,52,52,100%,6.3169E-31
1638,ref|NC_001133|,25926,G,A,9,81,11.11%,1.5446E-3
1638,ref|NC_001133|,25968,T,C,9,65,13.85%,1.4519E-3
1638,ref|NC_001133|,26193,T,C,17,38,44.74%,7.5297E-7
1638,ref|NC_001133|,26196,G,A,10,57,17.54%,6.345E-4
1638,ref|NC_001133|,26373,C,T,41,152,26.97%,1.9994E-14
1638,ref|NC_001133|,26391,A,G,23,89,25.84%,2.3293E-8
1638,ref|NC_001133|,26412,G,C,57,57,100%,6.4572E-34
1638,ref|NC_001133|,26508,C,T,7,14,50%,2.8986E-3
1638,ref|NC_001133|,26901,T,G,7,52,13.46%,6.2977E-3
1638,ref|NC_001133|,27126,T,C,24,24,100%,3.101E-14
1638,ref|NC_001133|,27129,C,G,25,25,100%,7.9107E-15
1638,ref|NC_001133|,30097,A,AT,7,102,6.86%,7.0089E-3
1638,ref|NC_001133|,31122,CAT,C,18,110,16.36%,1.7211E-6
1638,ref|NC_001133|,35113,GA,G,9,111,8.11%,1.6151E-3
1638,ref|NC_001133|,42085,GA,G,6,112,5.36%,1.455E-2
1638,ref|NC_001133|,42838,GA,G,8,147,5.44%,3.53E-3
1638,ref|NC_001133|,45359,AG,A,12,114,10.53%,1.784E-4
1638,ref|NC_001133|,45634,CT,C,16,118,13.56%,7.7245E-6
1638,ref|NC_001133|,65614,AT,A,8,124,6.45%,3.4594E-3
1638,ref|NC_001133|,68128,C,CT,8,132,6.06%,3.4802E-3
1638,ref|NC_001133|,69828,CT,C,8,105,7.62%,3.3669E-3
1638,ref|NC_001133|,70906,GA,G,15,97,15.46%,1.337E-5
1638,ref|NC_001133|,74999,AT,A,11,102,10.78%,3.6294E-4
1638,ref|NC_001133|,92602,CT,C,10,122,8.2%,7.977E-4
1638,ref|NC_001133|,100007,A,AT,12,113,10.62%,1.7385E-4
1638,ref|NC_001133|,101281,C,CA,23,99,23.23%,1.6219E-8
1638,ref|NC_001133|,108747,G,GT,11,120,9.17%,3.7915E-4
1638,ref|NC_001133|,126880,C,CTT,49,107,45.79%,2.1026E-20
1638,ref|NC_001133|,128103,A,AT,12,109,11.01%,1.7001E-4
1638,ref|NC_001133|,141135,A,T,114,114,100%,4.392E-68
1638,ref|NC_001133|,152105,CT,C,17,104,16.35%,3.383E-6
1638,ref|NC_001133|,154817,G,GT,8,114,7.02%,3.4281E-3
1638,ref|NC_001133|,161128,C,T,8,50,16%,2.8851E-3
1638,ref|NC_001133|,161379,G,A,6,91,6.59%,1.4352E-2
1638,ref|NC_001133|,161401,G,A,12,87,13.79%,1.6259E-4
1638,ref|NC_001133|,183387,AC,A,128,131,97.71%,1.0743E-72
1638,ref|NC_001133|,188881,G,C,23,162,14.2%,5.1468E-8
1638,ref|NC_001133|,188939,A,G,27,162,16.67%,2.2862E-9
1638,ref|NC_001133|,189245,A,G,10,132,7.58%,8.1826E-4
1638,ref|NC_001133|,192551,C,CA,16,117,13.68%,8.4808E-6
1638,ref|NC_001133|,193631,A,T,136,136,100%,2.7264E-81
1638,ref|NC_001133|,196460,C,CA,11,126,8.73%,3.8732E-4
1638,ref|NC_001133|,199811,T,G,97,97,100%,6.9615E-58
1638,ref|NC_001133|,199908,CT,C,25,112,22.32%,3.9703E-9
1638,ref|NC_001133|,205403,A,G,9,21,42.86%,6.592E-4
1638,ref|NC_001133|,206126,T,C,43,43,100%,1.5066E-25
1638,ref|NC_001133|,206129,A,C,43,43,100%,1.5066E-25
1638,ref|NC_001133|,206132,G,T,43,43,100%,1.5066E-25
1638,ref|NC_001133|,206144,C,T,38,38,100%,1.4508E-22
1638,ref|NC_001133|,206177,G,C,35,35,100%,8.9137E-21
1638,ref|NC_001133|,206178,C,A,35,35,100%,8.9137E-21
1638,ref|NC_001133|,206179,A,C,35,35,100%,8.9137E-21
1638,ref|NC_001133|,208278,AT,A,9,112,8.04%,1.6447E-3
1638,ref|NC_001133|,210818,A,T,146,146,100%,2.6938E-87
1638,ref|NC_001133|,211019,T,C,109,109,100%,4.3979E-65
1638,ref|NC_001133|,225080,TA,T,22,85,25.88%,4.1385E-8
1638,ref|NC_001133|,226914,AT,A,23,107,21.5%,2.947E-8
1638,ref|NC_001133|,227423,CA,C,8,142,5.63%,3.5194E-3
1638,ref|NC_001134|,1187,C,T,35,174,20.11%,4.3453E-12
1638,ref|NC_001134|,1254,T,C,20,143,13.99%,4.6719E-7
1638,ref|NC_001134|,1675,A,G,14,166,8.43%,4.5863E-5
1638,ref|NC_001134|,5983,C,G,126,126,100%,2.7519E-75
1638,ref|NC_001134|,6440,G,C,91,91,100%,2.7621E-54
1638,ref|NC_001134|,7510,G,A,111,111,100%,2.7737E-66
1638,ref|NC_001134|,7511,G,A,110,110,100%,1.1045E-65
1638,ref|NC_001134|,7912,GA,G,118,129,91.47%,2.9496E-61
1638,ref|NC_001134|,9017,T,G,5,94,5.32%,2.9592E-2
1638,ref|NC_001134|,9022,G,GA,43,107,40.19%,8.3232E-17
1638,ref|NC_001134|,15101,T,G,135,135,100%,1.0865E-80
1638,ref|NC_001134|,15510,G,T,124,124,100%,4.368E-74
1638,ref|NC_001134|,15518,A,G,127,127,100%,6.9069E-76
1638,ref|NC_001134|,16380,C,T,142,142,100%,6.8012E-85
1638,ref|NC_001134|,16392,A,G,138,138,100%,1.7164E-82
1638,ref|NC_001134|,28695,C,CT,12,133,9.02%,1.8595E-4
1638,ref|NC_001134|,30012,C,T,115,115,100%,1.1028E-68
1638,ref|NC_001134|,30050,A,G,102,102,100%,6.9709E-61
1638,ref|NC_001134|,30210,T,C,31,31,100%,2.1486E-18
1638,ref|NC_001134|,30658,G,T,26,26,100%,2.0165E-15
1638,ref|NC_001134|,30660,T,C,26,26,100%,2.0165E-15
1638,ref|NC_001134|,30723,G,A,23,23,100%,1.2146E-13
1638,ref|NC_001134|,30754,G,A,28,28,100%,1.3074E-16
1638,ref|NC_001134|,30848,C,G,47,47,100%,6.1512E-28
1638,ref|NC_001134|,34298,G,A,68,68,100%,1.6809E-40
1638,ref|NC_001134|,35485,C,T,92,92,100%,6.9429E-55
1638,ref|NC_001134|,38968,GT,G,6,110,5.45%,1.455E-2
1638,ref|NC_001134|,40590,CAT,C,5,87,5.75%,2.9303E-2
1638,ref|NC_001134|,43104,CT,C,6,87,6.9%,1.4104E-2
1638,ref|NC_001134|,45219,C,CT,8,105,7.62%,3.3824E-3
1638,ref|NC_001134|,45241,G,GA,6,108,5.56%,1.452E-2
1638,ref|NC_001134|,45956,A,AT,9,101,8.91%,1.6016E-3
1638,ref|NC_001134|,51505,C,T,55,125,44%,1.2601E-20
1638,ref|NC_001134|,59755,T,C,117,117,100%,6.952E-70
1638,ref|NC_001134|,69628,CA,C,8,141,5.67%,3.511E-3
1638,ref|NC_001134|,71825,C,CT,7,108,6.48%,7.0167E-3
1638,ref|NC_001134|,75103,T,TA,6,120,5%,1.4624E-2
1638,ref|NC_001134|,84398,CA,C,13,102,12.75%,7.9401E-5
1638,ref|NC_001134|,88125,C,CT,7,108,6.48%,7.0318E-3
1638,ref|NC_001134|,88484,GGAGAA,G,64,73,87.67%,4.9836E-32
1638,ref|NC_001134|,101340,C,CA,11,119,9.24%,3.8339E-4
1638,ref|NC_001134|,105333,C,CT,7,86,8.14%,6.8597E-3
1638,ref|NC_001134|,115437,GA,G,17,85,20%,2.4824E-6
1638,ref|NC_001134|,122587,AT,A,13,90,14.44%,7.2404E-5
1638,ref|NC_001134|,127636,CT,C,8,89,8.99%,3.2508E-3
1638,ref|NC_001134|,133870,CAT,C,10,101,9.9%,7.567E-4
1638,ref|NC_001134|,136467,AAT,A,5,94,5.32%,2.9592E-2
1638,ref|NC_001134|,137659,TA,T,8,49,16.33%,2.5282E-3
1638,ref|NC_001134|,138274,AT,A,6,75,8%,1.3952E-2
1638,ref|NC_001134|,143864,GA,G,10,85,11.76%,7.2967E-4
1638,ref|NC_001134|,165010,C,CT,9,101,8.91%,1.6151E-3
1638,ref|NC_001134|,165902,C,CT,20,66,30.3%,1.0949E-7
1638,ref|NC_001134|,167978,C,CA,50,85,58.82%,1.0673E-21
1638,ref|NC_001134|,174714,AT,A,14,89,15.73%,3.3043E-5
1638,ref|NC_001134|,192232,C,CT,5,97,5.15%,2.9557E-2
1638,ref|NC_001134|,196362,G,GA,5,97,5.15%,2.9644E-2
1638,ref|NC_001134|,207021,GT,G,5,63,7.94%,2.8473E-2
1638,ref|NC_001134|,221288,AGT,A,75,85,88.24%,1.105E-37
1638,ref|NC_001134|,242639,AT,A,7,106,6.6%,7.0089E-3
1638,ref|NC_001134|,251593,CT,C,8,66,12.12%,3.045E-3
1638,ref|NC_001134|,258993,CAT,C,6,83,7.23%,1.4214E-2
1638,ref|NC_001134|,259764,C,T,33,33,100%,1.3852E-19
1638,ref|NC_001134|,263144,GC,G,35,35,100%,8.9137E-21
1638,ref|NC_001134|,263153,C,T,31,31,100%,2.1486E-18
1638,ref|NC_001134|,263158,CG,C,28,32,87.5%,3.2142E-14
1638,ref|NC_001134|,263168,CG,C,33,33,100%,1.3852E-19
1638,ref|NC_001134|,265382,G,T,62,62,100%,6.5755E-37
1638,ref|NC_001134|,270660,G,GA,7,97,7.22%,6.9406E-3
1638,ref|NC_001134|,274224,C,CT,12,93,12.9%,1.634E-4
1638,ref|NC_001134|,292097,G,GA,6,86,6.98%,1.4231E-2
1638,ref|NC_001134|,294163,TA,T,6,90,6.67%,1.4324E-2
1638,ref|NC_001134|,296125,A,AT,10,54,18.52%,5.4148E-4
1638,ref|NC_001134|,316631,T,G,5,69,7.25%,2.8994E-2
1638,ref|NC_001134|,316949,CA,C,10,57,17.54%,5.7985E-4
1638,ref|NC_001134|,320222,G,C,10,59,16.95%,6.4469E-4
1638,ref|NC_001134|,351230,C,CA,5,93,5.38%,2.9557E-2
1638,ref|NC_001134|,353485,CA,C,5,66,7.58%,2.87E-2
1638,ref|NC_001134|,369788,C,CT,9,90,10%,1.5493E-3
1638,ref|NC_001134|,383176,C,CG,75,84,89.29%,4.1824E-38
1638,ref|NC_001134|,386207,CA,C,12,72,16.67%,1.23E-4
1638,ref|NC_001134|,389421,GCT,G,62,66,93.94%,2.4296E-33
1638,ref|NC_001134|,393340,G,GA,5,98,5.1%,2.9644E-2
1638,ref|NC_001134|,415764,C,CT,20,89,22.47%,2.3595E-7
1638,ref|NC_001134|,426983,TA,T,9,66,13.64%,1.4373E-3
1638,ref|NC_001134|,434300,C,CA,9,102,8.82%,1.6051E-3
1638,ref|NC_001134|,452435,CT,C,12,91,13.19%,1.5647E-4
1638,ref|NC_001134|,477089,GTA,G,8,89,8.99%,3.2807E-3
1638,ref|NC_001134|,477609,G,GT,5,84,5.95%,2.9396E-2
1638,ref|NC_001134|,479272,C,CA,12,101,11.88%,1.6648E-4
1638,ref|NC_001134|,485927,GT,G,8,68,11.76%,3.045E-3
1638,ref|NC_001134|,492950,GA,G,9,74,12.16%,1.3694E-3
1638,ref|NC_001134|,499536,CA,C,16,61,26.23%,4.0256E-6
1638,ref|NC_001134|,505412,C,CA,13,97,13.4%,7.7431E-5
1638,ref|NC_001134|,516059,T,C,5,80,6.25%,2.9303E-2
1638,ref|NC_001134|,539226,GA,G,6,81,7.41%,1.4084E-2
1638,ref|NC_001134|,539347,A,T,5,86,5.81%,2.9439E-2
1638,ref|NC_001134|,559762,CAT,C,12,69,17.39%,1.4106E-4
1638,ref|NC_001134|,561222,GA,G,9,69,13.04%,1.3391E-3
1638,ref|NC_001134|,563031,G,GT,16,85,18.82%,6.156E-6
1638,ref|NC_001134|,571328,CA,C,10,86,11.63%,7.0548E-4
1638,ref|NC_001134|,576030,TA,T,6,65,9.23%,1.3767E-2
1638,ref|NC_001134|,581558,AT,A,8,73,10.96%,3.1411E-3
1638,ref|NC_001134|,586331,T,TA,5,91,5.49%,2.9439E-2
1638,ref|NC_001134|,604913,C,CT,5,79,6.33%,2.9254E-2
1638,ref|NC_001134|,628558,G,GT,9,80,11.25%,1.4724E-3
1638,ref|NC_001134|,642993,C,CA,7,108,6.48%,7.0464E-3
1638,ref|NC_001134|,646111,CAT,C,6,64,9.38%,1.3737E-2
1638,ref|NC_001134|,680339,T,TA,5,82,6.1%,2.9303E-2
1638,ref|NC_001134|,681991,CA,C,9,88,10.23%,1.535E-3
1638,ref|NC_001134|,684840,A,AT,6,104,5.77%,1.4465E-2
1638,ref|NC_001134|,698075,G,GA,18,72,25%,8.2591E-7
1638,ref|NC_001134|,700169,A,AT,11,87,12.64%,3.3788E-4
1638,ref|NC_001134|,702006,CATAT,C,8,33,24.24%,2.188E-3
1638,ref|NC_001134|,704438,T,TA,9,92,9.78%,1.5583E-3
1638,ref|NC_001134|,720641,CT,C,6,89,6.74%,1.4309E-2
1638,ref|NC_001134|,721265,G,GA,7,130,5.38%,7.1349E-3
1638,ref|NC_001134|,723663,C,CA,61,91,67.03%,7.2527E-28
1638,ref|NC_001134|,744718,G,GT,6,97,6.19%,1.4417E-2
1638,ref|NC_001134|,746362,CATCTGCA,C,106,115,92.17%,1.5648E-55
1638,ref|NC_001134|,751216,CA,C,14,117,11.97%,3.8577E-5
1638,ref|NC_001134|,757162,AAT,A,6,108,5.56%,1.455E-2
1638,ref|NC_001134|,774669,C,CA,10,114,8.77%,7.7479E-4
1638,ref|NC_001134|,777906,AT,A,7,125,5.6%,7.1293E-3
1638,ref|NC_001134|,781022,G,A,5,76,6.58%,2.9201E-2
1638,ref|NC_001134|,784713,C,CT,6,116,5.17%,1.457E-2
1638,ref|NC_001134|,784824,G,GA,8,130,6.15%,3.4769E-3
1638,ref|NC_001134|,785854,AT,A,10,101,9.9%,7.6712E-4
1638,ref|NC_001134|,796545,CT,C,7,97,7.22%,6.9313E-3
1638,ref|NC_001134|,809484,C,CT,6,97,6.19%,1.4379E-2
1638,ref|NC_001134|,809794,AT,A,45,106,42.45%,1.1762E-18
1638,ref|NC_001135|,89,AC,A,13,29,46.43%,1.9812E-5
1638,ref|NC_001135|,97,CCA,C,12,52,23.08%,1.1939E-4
1638,ref|NC_001135|,102,CA,C,6,51,11.76%,1.3375E-2
1638,ref|NC_001135|,110,CCA,C,8,68,11.76%,3.0712E-3
1638,ref|NC_001135|,129,A,AC,6,28,21.43%,1.1603E-2
1638,ref|NC_001135|,133,AC,A,5,32,15.62%,2.5917E-2
1638,ref|NC_001135|,141,C,CCA,8,62,12.9%,2.9874E-3
1638,ref|NC_001135|,146,CA,C,5,51,9.8%,2.8203E-2
1638,ref|NC_001135|,154,CCA,C,5,93,5.38%,2.9459E-2
1638,ref|NC_001135|,160,A,C,8,70,11.94%,3.0583E-3
1638,ref|NC_001135|,171,CCA,C,7,103,6.86%,7.0089E-3
1638,ref|NC_001135|,175,A,AC,8,88,9.3%,3.2807E-3
1638,ref|NC_001135|,184,A,AC,10,99,10.2%,7.6712E-4
1638,ref|NC_001135|,231,ACC,A,6,71,8.57%,1.3851E-2
1638,ref|NC_001135|,245,CA,C,5,80,6.33%,2.9279E-2
1638,ref|NC_001135|,272,A,AC,5,40,12.5%,2.7273E-2
1638,ref|NC_001135|,278,C,A,5,36,13.89%,2.6693E-2
1638,ref|NC_001135|,1904,CA,C,12,187,6.42%,2.0201E-4
1638,ref|NC_001135|,8353,CT,C,20,208,9.62%,5.5615E-7
1638,ref|NC_001135|,8575,C,CA,33,215,15.35%,2.2236E-11
1638,ref|NC_001135|,9181,AT,A,24,189,12.7%,2.5577E-8
1638,ref|NC_001135|,27658,T,TA,35,129,27.13%,9.5926E-13
1638,ref|NC_001135|,42005,CA,C,35,148,23.65%,2.1072E-12
1638,ref|NC_001135|,44541,GA,G,43,212,20.28%,4.6471E-15
1638,ref|NC_001135|,50320,AAT,A,21,138,15.22%,1.9226E-7
1638,ref|NC_001135|,54924,C,CA,16,186,8.6%,1.0635E-5
1638,ref|NC_001135|,57055,T,TA,9,122,7.38%,1.6625E-3
1638,ref|NC_001135|,57221,CA,C,15,120,12.5%,1.721E-5
1638,ref|NC_001135|,62748,CAT,C,12,169,7.1%,1.9511E-4
1638,ref|NC_001135|,84421,G,A,81,83,97.59%,6.1724E-46
1638,ref|NC_001135|,99797,G,A,51,145,35.17%,2.0799E-18
1638,ref|NC_001135|,101876,C,CT,26,157,16.56%,3.5829E-9
1638,ref|NC_001135|,107899,GA,G,10,161,6.21%,8.4156E-4
1638,ref|NC_001135|,127804,CT,C,11,148,7.43%,3.9628E-4
1638,ref|NC_001135|,142665,G,GA,16,151,10.6%,9.5547E-6
1638,ref|NC_001135|,143131,T,C,162,162,100%,6.6062E-97
1638,ref|NC_001135|,155207,GA,G,11,182,6.04%,4.1524E-4
1638,ref|NC_001135|,162361,T,C,144,144,100%,4.2805E-86
1638,ref|NC_001135|,162396,G,C,152,152,100%,6.7102E-91
1638,ref|NC_001135|,162640,T,G,161,161,100%,2.6343E-96
1638,ref|NC_001135|,162694,G,A,181,181,100%,2.5401E-108
1638,ref|NC_001135|,162712,TA,T,155,178,87.08%,2.5388E-77
1638,ref|NC_001135|,163059,T,C,156,156,100%,2.6554E-93
1638,ref|NC_001135|,163163,G,GA,134,162,82.72%,9.6127E-65
1638,ref|NC_001135|,163192,A,AT,156,158,98.73%,2.1245E-90
1638,ref|NC_001135|,199081,G,A,90,94,95.74%,1.5844E-49
1638,ref|NC_001135|,209788,CA,C,18,177,10.17%,2.3373E-6
1638,ref|NC_001135|,211722,G,GA,19,185,10.27%,1.1202E-6
1638,ref|NC_001135|,223344,C,CT,10,186,5.38%,8.5761E-4
1638,ref|NC_001135|,224773,TTA,T,14,132,10.61%,4.1532E-5
1638,ref|NC_001135|,229272,CA,C,12,144,8.33%,1.8985E-4
1638,ref|NC_001135|,231005,C,CT,23,145,15.86%,3.6367E-8
1638,ref|NC_001135|,236778,GT,G,7,122,5.74%,7.1118E-3
1638,ref|NC_001135|,236804,CT,C,9,149,6.04%,1.7105E-3
1638,ref|NC_001135|,242447,A,AT,18,149,12.08%,2.0287E-6
1638,ref|NC_001135|,247980,GTA,G,30,175,17.14%,2.2269E-10
1638,ref|NC_001135|,260025,GTA,G,11,150,7.33%,4.0104E-4
1638,ref|NC_001135|,273025,GA,G,27,173,15.61%,2.041E-9
1638,ref|NC_001135|,279451,CT,C,8,160,5%,3.5673E-3
1638,ref|NC_001135|,291227,CA,C,8,136,5.88%,3.5052E-3
1638,ref|NC_001135|,292572,AAT,A,18,194,9.28%,2.5008E-6
1638,ref|NC_001135|,293126,AAT,A,11,98,11.22%,3.6177E-4
1638,ref|NC_001135|,308240,C,CT,9,167,5.39%,1.7373E-3
1638,ref|NC_001135|,313479,T,TA,17,202,8.42%,5.2146E-6
1638,ref|NC_001135|,315517,CTA,C,13,139,9.35%,8.7885E-5
1638,ref|NC_001136|,7721,C,CA,57,62,91.94%,6.3504E-30
1638,ref|NC_001136|,13937,G,A,50,108,46.3%,5.0636E-19
1638,ref|NC_001136|,20525,CTA,C,13,54,24.07%,4.324E-5
1638,ref|NC_001136|,26389,T,TA,8,114,7.02%,3.4063E-3
1638,ref|NC_001136|,27734,C,T,24,96,25%,1.1524E-8
1638,ref|NC_001136|,27741,C,T,5,83,6.02%,2.9373E-2
1638,ref|NC_001136|,27742,A,G,13,91,14.29%,7.7016E-5
1638,ref|NC_001136|,27743,C,G,14,86,16.28%,3.4351E-5
1638,ref|NC_001136|,27747,A,G,14,89,15.73%,3.508E-5
1638,ref|NC_001136|,27750,C,T,5,81,6.17%,2.9327E-2
1638,ref|NC_001136|,43856,CT,C,23,99,23.23%,2.1305E-8
1638,ref|NC_001136|,43887,GA,G,8,117,6.84%,3.4153E-3
1638,ref|NC_001136|,57073,G,GA,9,117,7.69%,1.6474E-3
1638,ref|NC_001136|,66048,GA,G,13,125,10.4%,8.4402E-5
1638,ref|NC_001136|,76735,A,AT,6,96,6.25%,1.4392E-2
1638,ref|NC_001136|,82419,A,AT,8,122,6.56%,3.4557E-3
1638,ref|NC_001136|,92682,GA,G,13,91,14.29%,5.9784E-5
1638,ref|NC_001136|,95791,G,GT,9,96,9.38%,1.5981E-3
1638,ref|NC_001136|,99407,G,GA,11,116,9.48%,3.726E-4
1638,ref|NC_001136|,105479,C,T,7,63,11.11%,6.5529E-3
1638,ref|NC_001136|,106907,AT,A,13,113,11.5%,8.0858E-5
1638,ref|NC_001136|,116123,C,CA,6,107,5.61%,1.4509E-2
1638,ref|NC_001136|,123792,T,TA,9,85,10.59%,1.5299E-3
1638,ref|NC_001136|,126537,C,CT,17,53,32.08%,9.9678E-7
1638,ref|NC_001136|,135456,CT,C,13,85,15.29%,7.0291E-5
1638,ref|NC_001136|,149013,GAGA,G,7,103,6.8%,7.0318E-3
1638,ref|NC_001136|,157978,C,CT,7,93,7.53%,6.9119E-3
1638,ref|NC_001136|,170348,C,T,6,109,5.5%,1.456E-2
1638,ref|NC_001136|,177226,T,C,5,96,5.21%,2.9627E-2
1638,ref|NC_001136|,194466,G,GT,6,103,5.83%,1.4465E-2
1638,ref|NC_001136|,211214,GA,G,5,93,5.38%,2.9519E-2
1638,ref|NC_001136|,212440,GT,G,10,70,14.29%,6.6774E-4
1638,ref|NC_001136|,226816,CAT,C,6,32,18.75%,1.1309E-2
1638,ref|NC_001136|,232306,G,GT,6,80,7.5%,1.4142E-2
1638,ref|NC_001136|,240138,CAT,C,10,71,14.08%,6.6774E-4
1638,ref|NC_001136|,273629,GTT,G,31,84,36.9%,4.8717E-12
1638,ref|NC_001136|,286882,C,CT,11,85,12.94%,3.362E-4
1638,ref|NC_001136|,300038,G,GA,9,103,8.74%,1.6151E-3
1638,ref|NC_001136|,302323,G,GA,5,57,8.77%,2.8473E-2
1638,ref|NC_001136|,307156,T,A,6,94,6.38%,1.4365E-2
1638,ref|NC_001136|,315072,CT,C,5,92,5.43%,2.9519E-2
1638,ref|NC_001136|,321870,C,CT,6,86,6.98%,1.4214E-2
1638,ref|NC_001136|,323677,GAT,G,10,51,19.61%,5.5766E-4
1638,ref|NC_001136|,329641,T,TTA,5,64,7.81%,2.8741E-2
1638,ref|NC_001136|,334455,G,T,6,73,8.22%,1.4042E-2
1638,ref|NC_001136|,336148,C,CT,7,86,8.14%,6.837E-3
1638,ref|NC_001136|,336206,CT,C,23,71,32.39%,1.1634E-8
1638,ref|NC_001136|,344004,G,GTA,26,57,45.61%,2.7171E-10
1638,ref|NC_001136|,355508,C,CT,7,89,7.87%,6.8917E-3
1638,ref|NC_001136|,358277,AT,A,9,116,7.76%,1.6576E-3
1638,ref|NC_001136|,364962,T,TA,12,91,13.19%,1.574E-4
1638,ref|NC_001136|,369259,CA,C,9,73,12.5%,1.4138E-3
1638,ref|NC_001136|,369453,TA,T,5,86,5.81%,2.9373E-2
1638,ref|NC_001136|,392110,GT,G,6,74,8.11%,1.3877E-2
1638,ref|NC_001136|,392146,GAC,G,5,90,5.56%,2.95E-2
1638,ref|NC_001136|,394573,T,C,27,80,33.75%,5.2813E-10
1638,ref|NC_001136|,403511,G,GT,67,78,85.9%,2.7293E-33
1638,ref|NC_001136|,408171,CA,C,5,79,6.33%,2.9201E-2
1638,ref|NC_001136|,410887,AT,A,5,75,6.67%,2.9026E-2
1638,ref|NC_001136|,413191,TA,T,7,101,6.93%,7.0009E-3
1638,ref|NC_001136|,427105,C,CT,8,88,9.09%,3.2661E-3
1638,ref|NC_001136|,428805,AT,A,10,106,9.43%,7.7661E-4
1638,ref|NC_001136|,436198,CT,C,13,72,18.06%,6.1313E-5
1638,ref|NC_001136|,450188,GTA,G,13,70,18.57%,6.2773E-5
1638,ref|NC_001136|,463860,A,G,5,96,5.21%,2.9627E-2
1638,ref|NC_001136|,482472,GA,G,15,104,14.42%,1.6413E-5
1638,ref|NC_001136|,486783,CA,C,6,113,5.31%,1.456E-2
1638,ref|NC_001136|,489441,AAT,A,6,73,8.22%,1.3999E-2
1638,ref|NC_001136|,503381,G,GT,5,90,5.56%,2.948E-2
1638,ref|NC_001136|,506937,T,TA,5,98,5.1%,2.961E-2
1638,ref|NC_001136|,519899,G,GT,9,66,13.64%,1.3283E-3
1638,ref|NC_001136|,523025,CT,C,6,103,5.83%,1.4454E-2
1638,ref|NC_001136|,525021,T,A,5,80,6.25%,2.9303E-2
1638,ref|NC_001136|,525256,CT,C,6,71,8.45%,1.3903E-2
1638,ref|NC_001136|,525613,C,CA,6,94,6.38%,1.4309E-2
1638,ref|NC_001136|,527738,C,T,6,110,5.45%,1.457E-2
1638,ref|NC_001136|,538733,GTATA,G,10,56,17.86%,5.4972E-4
1638,ref|NC_001136|,542558,CA,C,5,72,6.94%,2.8994E-2
1638,ref|NC_001136|,548546,G,GT,21,59,35.59%,2.6363E-8
1638,ref|NC_001136|,551819,C,CA,9,98,9.18%,1.5793E-3
1638,ref|NC_001136|,558164,C,CT,6,108,5.56%,1.453E-2
1638,ref|NC_001136|,560035,G,GT,7,107,6.54%,7.0604E-3
1638,ref|NC_001136|,560869,C,CA,6,100,6%,1.4417E-2
1638,ref|NC_001136|,563497,C,CA,9,87,10.34%,1.5627E-3
1638,ref|NC_001136|,578295,G,GA,5,97,5.15%,2.961E-2
1638,ref|NC_001136|,587839,CT,C,14,71,19.72%,2.2741E-5
1638,ref|NC_001136|,592981,GT,G,5,76,6.58%,2.9117E-2
1638,ref|NC_001136|,607042,G,GA,9,68,13.24%,1.4054E-3
1638,ref|NC_001136|,621879,G,GA,12,68,17.65%,1.2122E-4
1638,ref|NC_001136|,628654,AT,A,7,73,9.59%,6.6905E-3
1638,ref|NC_001136|,630833,G,GT,7,76,9.21%,6.5333E-3
1638,ref|NC_001136|,645102,GA,G,13,104,12.5%,7.9774E-5
1638,ref|NC_001136|,658113,CT,C,7,106,6.6%,7.0243E-3
1638,ref|NC_001136|,668949,TA,T,15,107,14.02%,1.6991E-5
1638,ref|NC_001136|,680128,CT,C,5,90,5.56%,2.9417E-2
1638,ref|NC_001136|,688062,C,CTT,35,56,62.5%,5.1164E-17
1638,ref|NC_001136|,701909,C,T,5,94,5.32%,2.9592E-2
1638,ref|NC_001136|,708326,TA,T,5,79,6.33%,2.9279E-2
1638,ref|NC_001136|,717188,G,T,5,90,5.56%,2.9519E-2
1638,ref|NC_001136|,733497,A,AT,8,75,10.67%,3.2002E-3
1638,ref|NC_001136|,746353,CA,C,5,68,7.35%,2.8856E-2
1638,ref|NC_001136|,748524,T,TA,11,81,13.58%,3.2124E-4
1638,ref|NC_001136|,757631,G,C,77,77,100%,6.8219E-46
1638,ref|NC_001136|,758310,T,C,47,47,100%,6.1512E-28
1638,ref|NC_001136|,778757,GTAT,G,5,78,6.41%,2.9146E-2
1638,ref|NC_001136|,791925,C,CA,6,90,6.67%,1.4309E-2
1638,ref|NC_001136|,801680,CTCT,C,5,87,5.75%,2.9459E-2
1638,ref|NC_001136|,810472,TTA,T,5,79,6.33%,2.9228E-2
1638,ref|NC_001136|,812962,CAT,C,6,84,7.14%,1.4231E-2
1638,ref|NC_001136|,817531,T,TA,49,66,74.24%,2.2511E-22
1638,ref|NC_001136|,818014,G,A,6,84,7.14%,1.4247E-2
1638,ref|NC_001136|,818116,T,TC,5,80,6.25%,2.9228E-2
1638,ref|NC_001136|,835253,A,G,5,73,6.85%,2.9117E-2
1638,ref|NC_001136|,835638,GA,G,6,85,7.06%,1.4161E-2
1638,ref|NC_001136|,840422,AAT,A,10,72,13.89%,6.8782E-4
1638,ref|NC_001136|,851116,T,TA,7,88,7.95%,6.837E-3
1638,ref|NC_001136|,870706,C,CT,9,83,10.84%,1.535E-3
1638,ref|NC_001136|,872837,T,C,22,47,46.81%,9.3895E-9
1638,ref|NC_001136|,880697,A,G,43,43,100%,1.5066E-25
1638,ref|NC_001136|,884286,AT,A,6,94,6.38%,1.4392E-2
1638,ref|NC_001136|,884572,C,CT,11,65,16.92%,2.7081E-4
1638,ref|NC_001136|,887096,GA,G,7,86,8.14%,6.8485E-3
1638,ref|NC_001136|,892532,C,CA,13,92,14.13%,7.4354E-5
1638,ref|NC_001136|,894993,CA,C,5,88,5.68%,2.9396E-2
1638,ref|NC_001136|,900853,AT,A,8,103,7.77%,3.3722E-3
1638,ref|NC_001136|,909727,AT,A,15,65,23.08%,9.3931E-6
1638,ref|NC_001136|,915100,A,G,20,64,31.25%,1.6397E-7
1638,ref|NC_001136|,917142,A,T,5,100,5%,2.9692E-2
1638,ref|NC_001136|,921813,CA,C,17,68,25%,1.7118E-6
1638,ref|NC_001136|,929184,AT,A,5,71,7.04%,2.8927E-2
1638,ref|NC_001136|,929454,GA,G,8,86,9.3%,3.2347E-3
1638,ref|NC_001136|,930964,CAT,C,16,61,26.23%,4.3766E-6
1638,ref|NC_001136|,955986,GA,G,13,91,14.29%,7.1369E-5
1638,ref|NC_001136|,957628,C,CT,11,70,15.71%,3.1034E-4
1638,ref|NC_001136|,960412,C,CT,6,85,7.06%,1.4197E-2
1638,ref|NC_001136|,966520,TA,T,13,70,18.57%,5.7349E-5
1638,ref|NC_001136|,979184,G,GA,7,89,7.87%,6.8706E-3
1638,ref|NC_001136|,987244,G,A,49,49,100%,3.925E-29
1638,ref|NC_001136|,1007254,C,G,11,58,18.97%,2.8966E-4
1638,ref|NC_001136|,1015989,G,GA,8,108,7.41%,3.3669E-3
1638,ref|NC_001136|,1016710,T,TC,7,98,7.14%,6.9761E-3
1638,ref|NC_001136|,1054847,A,AT,6,99,6.06%,1.443E-2
1638,ref|NC_001136|,1079010,AT,A,15,83,18.07%,1.337E-5
1638,ref|NC_001136|,1084521,GA,G,6,91,6.59%,1.4214E-2
1638,ref|NC_001136|,1084685,GA,G,11,86,12.79%,3.3788E-4
1638,ref|NC_001136|,1090113,G,GA,19,102,18.63%,6.6006E-7
1638,ref|NC_001136|,1101684,T,C,8,80,10%,3.2264E-3
1638,ref|NC_001136|,1101983,CT,C,7,79,8.86%,6.6257E-3
1638,ref|NC_001136|,1105909,A,AT,6,69,8.7%,1.3851E-2
1638,ref|NC_001136|,1108600,GA,G,8,96,8.33%,3.308E-3
1638,ref|NC_001136|,1109876,GAT,G,7,69,10.14%,6.6257E-3
1638,ref|NC_001136|,1116168,T,A,5,100,5%,2.9692E-2
1638,ref|NC_001136|,1130880,A,AT,9,94,9.57%,1.587E-3
1638,ref|NC_001136|,1147231,CT,C,5,92,5.43%,2.9459E-2
1638,ref|NC_001136|,1150910,A,AG,94,97,96.91%,1.1257E-52
1638,ref|NC_001136|,1156457,TA,T,6,104,5.77%,1.4442E-2
1638,ref|NC_001136|,1173811,A,G,6,55,10.91%,1.3535E-2
1638,ref|NC_001136|,1173812,A,G,18,64,28.12%,9.4974E-7
1638,ref|NC_001136|,1173814,C,T,5,51,9.8%,2.8142E-2
1638,ref|NC_001136|,1178330,CT,C,12,81,14.81%,1.4937E-4
1638,ref|NC_001136|,1222069,G,T,5,99,5.05%,2.9676E-2
1638,ref|NC_001136|,1222749,C,CA,5,87,5.75%,2.9373E-2
1638,ref|NC_001136|,1239031,AATAT,A,7,76,9.21%,6.7056E-3
1638,ref|NC_001136|,1240959,GA,G,9,102,8.82%,1.6016E-3
1638,ref|NC_001136|,1241111,GA,G,10,89,11.24%,7.324E-4
1638,ref|NC_001136|,1242276,G,GA,8,89,8.99%,3.3014E-3
1638,ref|NC_001136|,1253397,T,C,82,82,100%,6.8742E-49
1638,ref|NC_001136|,1266255,C,CT,7,90,7.78%,6.8917E-3
1638,ref|NC_001136|,1272102,C,CT,7,104,6.73%,7.0318E-3
1638,ref|NC_001136|,1305680,TG,T,70,73,95.89%,1.1955E-38
1638,ref|NC_001136|,1307967,T,C,15,17,88.24%,7.3277E-8
1638,ref|NC_001136|,1308047,T,C,12,12,100%,3.698E-7
1638,ref|NC_001136|,1321982,CAT,C,5,78,6.41%,2.9146E-2
1638,ref|NC_001136|,1340778,A,AT,5,92,5.43%,2.9538E-2
1638,ref|NC_001136|,1341641,T,TC,9,108,8.33%,1.6215E-3
1638,ref|NC_001136|,1357474,A,AT,7,60,11.67%,6.3251E-3
1638,ref|NC_001136|,1366917,A,AT,8,107,7.48%,3.4017E-3
1638,ref|NC_001136|,1375253,C,A,5,98,5.1%,2.966E-2
1638,ref|NC_001136|,1375474,C,T,8,53,15.09%,2.9389E-3
1638,ref|NC_001136|,1385471,CAT,C,10,64,15.62%,6.6774E-4
1638,ref|NC_001136|,1388815,A,AT,6,93,6.45%,1.4379E-2
1638,ref|NC_001136|,1388828,T,TA,5,93,5.38%,2.9557E-2
1638,ref|NC_001136|,1396361,TACC,T,5,96,5.21%,2.9627E-2
1638,ref|NC_001136|,1402305,C,T,101,101,100%,2.7747E-60
1638,ref|NC_001136|,1412225,GA,G,9,88,10.23%,1.535E-3
1638,ref|NC_001136|,1417859,A,G,11,76,14.47%,3.3091E-4
1638,ref|NC_001136|,1417861,C,T,5,71,7.04%,2.9058E-2
1638,ref|NC_001136|,1418469,CAT,C,5,82,6.1%,2.9254E-2
1638,ref|NC_001136|,1427866,A,G,15,82,18.29%,1.5103E-5
1638,ref|NC_001136|,1431852,G,C,9,70,12.86%,1.4851E-3
1638,ref|NC_001136|,1433710,A,T,108,108,100%,1.7511E-64
1638,ref|NC_001136|,1443538,G,GA,6,109,5.5%,1.4509E-2
1638,ref|NC_001136|,1466418,GT,G,17,103,16.5%,3.383E-6
1638,ref|NC_001136|,1468506,C,CA,11,126,8.73%,3.8257E-4
1638,ref|NC_001136|,1474784,AT,A,19,87,21.84%,5.1739E-7
1638,ref|NC_001136|,1494413,CA,C,10,136,7.35%,8.1113E-4
1638,ref|NC_001136|,1498015,AT,A,11,116,9.48%,3.7455E-4
1638,ref|NC_001136|,1513956,CT,C,10,122,8.2%,7.9324E-4
1638,ref|NC_001136|,1515034,TA,T,94,111,84.68%,1.4974E-46
1638,ref|NC_001136|,1518948,G,GT,73,95,76.84%,4.6072E-34
1638,ref|NC_001136|,1521818,CA,C,8,144,5.56%,3.5274E-3
1638,ref|NC_001136|,1524974,A,G,116,116,100%,2.7689E-69
1638,ref|NC_001136|,1525313,T,G,22,22,100%,4.7526E-13
1638,ref|NC_001137|,14724,C,CA,10,74,13.51%,6.7197E-4
1638,ref|NC_001137|,16072,A,AT,6,107,5.61%,1.4477E-2
1638,ref|NC_001137|,19574,C,CA,7,118,5.93%,7.0934E-3
1638,ref|NC_001137|,21321,TA,T,15,111,13.51%,1.665E-5
1638,ref|NC_001137|,23230,A,AT,7,114,6.14%,7.0805E-3
1638,ref|NC_001137|,31460,CAT,C,14,108,12.96%,3.6641E-5
1638,ref|NC_001137|,33475,CT,C,14,126,11.11%,4.0387E-5
1638,ref|NC_001137|,36289,G,GT,10,84,11.9%,7.0212E-4
1638,ref|NC_001137|,48384,T,C,112,112,100%,6.9655E-67
1638,ref|NC_001137|,52435,C,CA,7,102,6.86%,6.9761E-3
1638,ref|NC_001137|,59359,GT,G,6,95,6.32%,1.4309E-2
1638,ref|NC_001137|,59372,CT,C,11,116,9.48%,3.6522E-4
1638,ref|NC_001137|,61686,CT,C,7,99,7.07%,6.9313E-3
1638,ref|NC_001137|,64154,CT,C,9,102,8.82%,1.5908E-3
1638,ref|NC_001137|,65293,GA,G,19,99,19.19%,5.4789E-7
1638,ref|NC_001137|,86488,C,CA,10,75,13.33%,6.2917E-4
1638,ref|NC_001137|,100573,TA,T,7,62,11.29%,6.2977E-3
1638,ref|NC_001137|,115989,C,T,22,22,100%,4.7526E-13
1638,ref|NC_001137|,115997,T,C,27,27,100%,5.1363E-16
1638,ref|NC_001137|,116028,G,A,64,64,100%,4.1752E-38
1638,ref|NC_001137|,116086,G,A,101,101,100%,2.7747E-60
1638,ref|NC_001137|,116577,G,A,196,196,100%,2.4616E-117
1638,ref|NC_001137|,116644,G,T,204,204,100%,3.8319E-122
1638,ref|NC_001137|,118577,CAT,C,12,71,16.9%,1.3565E-4
1638,ref|NC_001137|,122728,G,GA,11,87,12.64%,3.3271E-4
1638,ref|NC_001137|,125178,C,T,6,98,6.12%,1.4442E-2
1638,ref|NC_001137|,126489,G,GT,7,90,7.78%,6.8706E-3
1638,ref|NC_001137|,132565,CAT,C,9,68,13.24%,1.4657E-3
1638,ref|NC_001137|,148091,G,GA,11,80,13.75%,3.2124E-4
1638,ref|NC_001137|,152924,G,GA,8,117,6.84%,3.4363E-3
1638,ref|NC_001137|,154531,T,A,92,92,100%,6.9429E-55
1638,ref|NC_001137|,159027,CA,C,18,70,25.71%,9.0099E-7
1638,ref|NC_001137|,172598,GAT,G,6,92,6.52%,1.4352E-2
1638,ref|NC_001137|,196609,T,TA,15,85,17.65%,1.404E-5
1638,ref|NC_001137|,198592,GTA,G,10,85,11.76%,7.2404E-4
1638,ref|NC_001137|,209817,T,A,5,96,5.21%,2.9627E-2
1638,ref|NC_001137|,210720,T,A,7,102,6.86%,7.0243E-3
1638,ref|NC_001137|,221394,TA,T,7,83,8.43%,6.7755E-3
1638,ref|NC_001137|,225782,TTA,T,6,62,9.68%,1.3767E-2
1638,ref|NC_001137|,241578,GA,G,6,86,6.98%,1.4247E-2
1638,ref|NC_001137|,242410,T,A,5,81,6.17%,2.9303E-2
1638,ref|NC_001137|,243665,G,GA,16,80,20%,5.2337E-6
1638,ref|NC_001137|,251561,GA,G,10,99,10.1%,7.5448E-4
1638,ref|NC_001137|,256303,GTA,G,14,79,17.72%,3.0992E-5
1638,ref|NC_001137|,261464,C,CA,18,66,27.27%,8.2591E-7
1638,ref|NC_001137|,272557,TG,T,7,73,9.59%,6.7203E-3
1638,ref|NC_001137|,272558,GT,G,52,59,88.14%,1.2485E-27
1638,ref|NC_001137|,284384,AAT,A,6,36,16.67%,1.1736E-2
1638,ref|NC_001137|,289244,AT,A,10,96,10.42%,7.4758E-4
1638,ref|NC_001137|,291632,CT,C,14,106,13.21%,3.7648E-5
1638,ref|NC_001137|,303524,A,AT,10,101,9.9%,7.6512E-4
1638,ref|NC_001137|,305701,CA,C,5,87,5.75%,2.9327E-2
1638,ref|NC_001137|,305799,C,CT,15,114,13.16%,1.8115E-5
1638,ref|NC_001137|,309003,C,T,5,71,7.04%,2.9058E-2
1638,ref|NC_001137|,316709,A,AT,5,79,6.33%,2.9201E-2
1638,ref|NC_001137|,335941,A,G,12,86,13.95%,1.6177E-4
1638,ref|NC_001137|,337452,GA,G,6,91,6.59%,1.4309E-2
1638,ref|NC_001137|,352394,A,G,86,86,100%,2.7498E-51
1638,ref|NC_001137|,374816,C,CA,15,89,16.85%,1.4812E-5
1638,ref|NC_001137|,382298,A,AT,7,46,15.22%,5.6095E-3
1638,ref|NC_001137|,382523,C,CA,17,80,21.25%,2.3408E-6
1638,ref|NC_001137|,386143,GA,G,5,92,5.43%,2.9538E-2
1638,ref|NC_001137|,390254,CA,C,13,103,12.62%,7.7431E-5
1638,ref|NC_001137|,395202,CA,C,5,90,5.56%,2.9459E-2
1638,ref|NC_001137|,404488,CT,C,22,80,27.5%,3.133E-8
1638,ref|NC_001137|,406418,CT,C,6,115,5.22%,1.4588E-2
1638,ref|NC_001137|,413363,TA,T,8,77,10.39%,3.1815E-3
1638,ref|NC_001137|,415753,C,CT,5,100,5%,2.9644E-2
1638,ref|NC_001137|,425041,C,CA,5,98,5.1%,2.9592E-2
1638,ref|NC_001137|,430559,CA,C,13,116,11.21%,8.222E-5
1638,ref|NC_001137|,433011,C,CT,7,106,6.6%,7.0243E-3
1638,ref|NC_001137|,441153,C,CT,6,100,6%,1.4465E-2
1638,ref|NC_001137|,462951,C,CT,8,102,7.84%,3.3616E-3
1638,ref|NC_001137|,492181,C,CA,10,110,9.09%,7.7841E-4
1638,ref|NC_001137|,503930,CA,C,8,106,7.55%,3.3773E-3
1638,ref|NC_001137|,517529,T,C,106,106,100%,2.7758E-63
1638,ref|NC_001137|,520781,G,GA,18,99,18.18%,1.5193E-6
1638,ref|NC_001137|,522970,AT,A,10,101,9.9%,7.5886E-4
1638,ref|NC_001137|,541505,AT,A,6,99,6.06%,1.4392E-2
1638,ref|NC_001137|,544413,G,C,96,96,100%,2.7702E-57
1638,ref|NC_001137|,545186,AG,A,10,46,21.74%,5.3293E-4
1638,ref|NC_001137|,555344,CA,C,13,115,11.3%,8.2868E-5
1638,ref|NC_001138|,8304,TA,T,19,90,21.11%,5.7739E-7
1638,ref|NC_001138|,11068,CT,C,30,149,20.13%,1.5651E-10
1638,ref|NC_001138|,12416,T,A,57,192,29.69%,5.1788E-20
1638,ref|NC_001138|,14286,CA,C,12,140,8.57%,1.8948E-4
1638,ref|NC_001138|,31532,AT,A,6,115,5.22%,1.457E-2
1638,ref|NC_001138|,54494,GT,G,7,91,7.69%,6.8485E-3
1638,ref|NC_001138|,57967,TA,T,13,95,13.68%,7.5722E-5
1638,ref|NC_001138|,58005,GAT,G,12,87,13.79%,1.574E-4
1638,ref|NC_001138|,75912,C,CT,14,122,11.48%,3.9922E-5
1638,ref|NC_001138|,78010,CAT,C,9,83,10.84%,1.5299E-3
1638,ref|NC_001138|,95460,AT,A,7,119,5.88%,7.087E-3
1638,ref|NC_001138|,97505,C,CA,8,105,7.62%,3.3773E-3
1638,ref|NC_001138|,97617,T,TA,14,98,14.29%,3.3842E-5
1638,ref|NC_001138|,97864,C,CTT,80,110,72.73%,1.2961E-38
1638,ref|NC_001138|,99153,C,CA,19,86,22.09%,5.4789E-7
1638,ref|NC_001138|,104558,C,CA,5,82,6.1%,2.9303E-2
1638,ref|NC_001138|,104577,T,TA,7,71,9.86%,6.5131E-3
1638,ref|NC_001138|,106277,C,CTT,62,97,63.92%,1.338E-27
1638,ref|NC_001138|,107684,TA,T,8,114,7.02%,3.4153E-3
1638,ref|NC_001138|,111477,A,AT,9,105,8.57%,1.6151E-3
1638,ref|NC_001138|,119284,GA,G,10,107,9.35%,7.6909E-4
1638,ref|NC_001138|,148941,C,CT,10,99,10.1%,7.6712E-4
1638,ref|NC_001138|,155985,G,GT,11,97,11.34%,3.4579E-4
1638,ref|NC_001138|,174046,CT,C,10,97,10.31%,7.5448E-4
1638,ref|NC_001138|,186224,GATA,G,8,119,6.72%,3.4403E-3
1638,ref|NC_001138|,194606,A,AT,13,122,10.66%,8.6093E-5
1638,ref|NC_001138|,210067,AT,A,17,108,15.74%,3.7189E-6
1638,ref|NC_001138|,210344,TTG,T,10,86,11.63%,7.0548E-4
1638,ref|NC_001138|,223995,T,TA,7,111,6.31%,7.0464E-3
1638,ref|NC_001138|,226131,C,CA,12,132,9.09%,1.8241E-4
1638,ref|NC_001138|,227478,CT,C,17,106,16.04%,2.9511E-6
1638,ref|NC_001138|,245165,AT,A,7,99,7.07%,6.9313E-3
1638,ref|NC_001138|,245961,A,AT,6,117,5.13%,1.4588E-2
1638,ref|NC_001138|,262244,CA,C,7,105,6.67%,6.9928E-3
1638,ref|NC_001139|,214,A,AC,78,80,97.5%,3.608E-44
1638,ref|NC_001139|,8151,G,GA,107,114,93.86%,2.7731E-57
1638,ref|NC_001139|,9807,TA,T,10,128,7.81%,8.1236E-4
1638,ref|NC_001139|,14846,G,GA,7,93,7.53%,6.8597E-3
1638,ref|NC_001139|,43266,CA,C,12,82,14.63%,1.5356E-4
1638,ref|NC_001139|,46077,T,C,11,80,13.75%,3.3788E-4
1638,ref|NC_001139|,56225,C,CT,11,103,10.68%,3.6057E-4
1638,ref|NC_001139|,76709,GA,G,11,97,11.34%,3.5425E-4
1638,ref|NC_001139|,77930,A,AT,7,102,6.86%,6.9928E-3
1638,ref|NC_001139|,79002,GTA,G,5,34,14.71%,2.6257E-2
1638,ref|NC_001139|,80602,TA,T,13,74,17.57%,5.2873E-5
1638,ref|NC_001139|,80634,T,C,7,97,7.22%,6.9846E-3
1638,ref|NC_001139|,84763,C,CT,10,102,9.8%,7.6307E-4
1638,ref|NC_001139|,89733,C,CA,6,93,6.45%,1.4352E-2
1638,ref|NC_001139|,102487,T,TA,7,101,6.93%,6.9928E-3
1638,ref|NC_001139|,124375,G,GA,8,110,7.27%,3.397E-3
1638,ref|NC_001139|,140313,T,TA,7,49,14.29%,5.7727E-3
1638,ref|NC_001139|,140337,C,A,6,56,12.5%,1.3237E-2
1638,ref|NC_001139|,154579,TA,T,9,88,10.23%,1.5539E-3
1638,ref|NC_001139|,156115,GTA,G,7,63,11.11%,6.4484E-3
1638,ref|NC_001139|,163039,G,GT,6,85,7.06%,1.4263E-2
1638,ref|NC_001139|,167250,C,CA,7,80,8.75%,6.6426E-3
1638,ref|NC_001139|,167622,C,CA,14,92,15.22%,3.1607E-5
1638,ref|NC_001139|,190778,G,GA,6,102,5.88%,1.4417E-2
1638,ref|NC_001139|,206341,GT,G,6,56,10.71%,1.3285E-2
1638,ref|NC_001139|,213859,GT,G,6,87,6.9%,1.4263E-2
1638,ref|NC_001139|,215260,GA,G,5,96,5.21%,2.9557E-2
1638,ref|NC_001139|,272291,GAT,G,7,60,11.67%,6.4254E-3
1638,ref|NC_001139|,274698,CTA,C,6,78,7.69%,1.4104E-2
1638,ref|NC_001139|,278779,CT,C,9,76,11.84%,1.4519E-3
1638,ref|NC_001139|,281605,AT,A,12,88,13.64%,1.574E-4
1638,ref|NC_001139|,302669,C,T,5,100,5%,2.9692E-2
1638,ref|NC_001139|,307425,T,C,5,56,8.93%,2.8473E-2
1638,ref|NC_001139|,311589,C,A,102,102,100%,6.9709E-61
1638,ref|NC_001139|,323361,AT,A,9,43,20.93%,1.1061E-3
1638,ref|NC_001139|,326269,CA,C,15,66,22.73%,9.1412E-6
1638,ref|NC_001139|,326735,A,AT,5,85,5.88%,2.9417E-2
1638,ref|NC_001139|,364146,AT,A,5,63,7.94%,2.87E-2
1638,ref|NC_001139|,366778,TA,T,22,96,22.92%,4.1385E-8
1638,ref|NC_001139|,371569,G,A,95,95,100%,1.1023E-56
1638,ref|NC_001139|,382923,T,A,5,94,5.32%,2.9592E-2
1638,ref|NC_001139|,386978,C,G,83,83,100%,1.729E-49
1638,ref|NC_001139|,386979,G,C,83,83,100%,1.729E-49
1638,ref|NC_001139|,397834,GA,G,40,81,49.38%,4.7824E-17
1638,ref|NC_001139|,400221,TA,T,7,78,8.97%,6.7755E-3
1638,ref|NC_001139|,400243,A,AT,5,82,6.1%,2.9279E-2
1638,ref|NC_001139|,400550,G,GT,28,74,37.84%,8.2552E-11
1638,ref|NC_001139|,401674,C,A,72,72,100%,6.7558E-43
1638,ref|NC_001139|,401698,T,A,77,77,100%,6.8219E-46
1638,ref|NC_001139|,404474,A,AG,41,41,100%,2.3541E-24
1638,ref|NC_001139|,404522,T,TG,44,46,95.65%,2.7459E-24
1638,ref|NC_001139|,404935,C,G,73,73,100%,1.7006E-43
1638,ref|NC_001139|,404936,G,C,73,73,100%,1.7006E-43
1638,ref|NC_001139|,405085,CG,C,83,83,100%,1.729E-49
1638,ref|NC_001139|,422403,A,AT,6,90,6.67%,1.4294E-2
1638,ref|NC_001139|,428255,CT,C,6,96,6.25%,1.4324E-2
1638,ref|NC_001139|,438823,AT,A,8,94,8.51%,3.3208E-3
1638,ref|NC_001139|,465811,G,GT,6,77,7.79%,1.4064E-2
1638,ref|NC_001139|,469037,GA,G,9,117,7.69%,1.6576E-3
1638,ref|NC_001139|,484095,C,CT,6,87,6.9%,1.4197E-2
1638,ref|NC_001139|,485884,TA,T,5,90,5.56%,2.95E-2
1638,ref|NC_001139|,496729,T,TA,70,88,79.55%,5.2156E-33
1638,ref|NC_001139|,502764,C,CT,10,102,9.8%,7.6712E-4
1638,ref|NC_001139|,523519,GT,G,7,75,9.33%,6.7056E-3
1638,ref|NC_001139|,526778,G,GA,5,65,7.69%,2.8856E-2
1638,ref|NC_001139|,527468,A,AT,8,85,9.41%,3.2508E-3
1638,ref|NC_001139|,530016,A,C,5,26,19.23%,2.531E-2
1638,ref|NC_001139|,530034,A,C,10,16,62.5%,1.2413E-4
1638,ref|NC_001139|,531844,CAT,C,11,58,18.97%,2.8065E-4
1638,ref|NC_001139|,576672,G,GT,6,75,8%,1.4084E-2
1638,ref|NC_001139|,582530,TA,T,10,75,13.33%,6.6338E-4
1638,ref|NC_001139|,582558,A,C,5,66,7.58%,2.8892E-2
1638,ref|NC_001139|,589583,TA,T,5,86,5.81%,2.9351E-2
1638,ref|NC_001139|,593361,CAT,C,9,97,9.28%,1.6051E-3
1638,ref|NC_001139|,601519,C,CT,9,73,12.33%,1.4851E-3
1638,ref|NC_001139|,609109,TA,T,10,78,12.82%,7.0212E-4
1638,ref|NC_001139|,610237,AT,A,6,92,6.52%,1.4365E-2
1638,ref|NC_001139|,611510,CA,C,6,73,8.22%,1.3903E-2
1638,ref|NC_001139|,611579,CT,C,9,69,13.04%,1.4724E-3
1638,ref|NC_001139|,616171,A,AT,16,88,18.18%,5.8055E-6
1638,ref|NC_001139|,627186,CT,C,5,45,11.11%,2.6412E-2
1638,ref|NC_001139|,637679,AT,A,5,79,6.33%,2.9146E-2
1638,ref|NC_001139|,639673,G,GA,13,62,20.97%,4.6702E-5
1638,ref|NC_001139|,640617,CT,C,10,60,16.67%,5.6532E-4
1638,ref|NC_001139|,649555,G,GT,15,91,16.48%,1.5103E-5
1638,ref|NC_001139|,650957,G,GA,9,104,8.65%,1.6183E-3
1638,ref|NC_001139|,653228,C,CT,13,92,14.13%,7.4354E-5
1638,ref|NC_001139|,662342,A,G,5,54,9.26%,2.8371E-2
1638,ref|NC_001139|,662344,C,T,7,52,13.46%,6.2977E-3
1638,ref|NC_001139|,676341,A,AT,20,89,22.47%,2.3595E-7
1638,ref|NC_001139|,700000,AT,A,12,51,23.53%,9.0046E-5
1638,ref|NC_001139|,702711,A,AT,13,111,11.71%,8.2868E-5
1638,ref|NC_001139|,704101,G,A,5,78,6.41%,2.9254E-2
1638,ref|NC_001139|,707064,C,CA,5,88,5.68%,2.9373E-2
1638,ref|NC_001139|,715716,G,GA,6,73,8.22%,1.3952E-2
1638,ref|NC_001139|,723052,C,T,5,98,5.1%,2.966E-2
1638,ref|NC_001139|,733109,AT,A,15,79,18.99%,1.1245E-5
1638,ref|NC_001139|,742157,CT,C,11,73,15.07%,2.7081E-4
1638,ref|NC_001139|,746575,CT,C,10,65,15.38%,5.7985E-4
1638,ref|NC_001139|,779195,A,T,5,91,5.49%,2.9538E-2
1638,ref|NC_001139|,784113,GT,G,15,84,17.86%,1.404E-5
1638,ref|NC_001139|,785333,G,GA,5,83,6.02%,2.9373E-2
1638,ref|NC_001139|,805050,G,GT,9,108,8.33%,1.6306E-3
1638,ref|NC_001139|,807865,CA,C,13,66,19.7%,5.5625E-5
1638,ref|NC_001139|,808386,CTA,C,7,72,9.72%,6.659E-3
1638,ref|NC_001139|,823734,AT,A,7,90,7.78%,6.9119E-3
1638,ref|NC_001139|,840600,GA,G,8,94,8.51%,3.3014E-3
1638,ref|NC_001139|,840615,C,A,5,76,6.67%,2.9174E-2
1638,ref|NC_001139|,848452,A,AT,5,75,6.67%,2.9117E-2
1638,ref|NC_001139|,848540,GA,G,6,61,9.84%,1.3535E-2
1638,ref|NC_001139|,850800,GA,G,5,95,5.26%,2.9538E-2
1638,ref|NC_001139|,853509,AT,A,11,108,10.19%,3.6409E-4
1638,ref|NC_001139|,856430,C,CA,8,89,8.99%,3.2735E-3
1638,ref|NC_001139|,871561,G,GA,6,104,5.77%,1.443E-2
1638,ref|NC_001139|,899782,T,TA,5,92,5.43%,2.9417E-2
1638,ref|NC_001139|,910112,C,CT,10,50,20%,5.3293E-4
1638,ref|NC_001139|,914928,GA,G,7,113,6.19%,7.0535E-3
1638,ref|NC_001139|,949251,C,CTA,7,71,9.86%,6.5904E-3
1638,ref|NC_001139|,959779,AAT,A,5,90,5.56%,2.9417E-2
1638,ref|NC_001139|,968891,C,CT,7,93,7.53%,6.9019E-3
1638,ref|NC_001139|,974302,GA,G,8,100,8%,3.327E-3
1638,ref|NC_001139|,977899,T,TA,8,100,8%,3.339E-3
1638,ref|NC_001139|,982259,G,GA,19,125,15.2%,8.6177E-7
1638,ref|NC_001139|,985722,A,AT,17,92,18.48%,2.5282E-6
1638,ref|NC_001139|,987105,G,GT,6,99,6.06%,1.4392E-2
1638,ref|NC_001139|,989675,A,AT,11,67,16.42%,3.0055E-4
1638,ref|NC_001139|,990314,G,GA,9,111,8.11%,1.6447E-3
1638,ref|NC_001139|,999559,TA,T,9,98,9.18%,1.5945E-3
1638,ref|NC_001139|,1002673,A,G,85,85,100%,1.0935E-50
1638,ref|NC_001139|,1004507,AAT,A,6,93,6.45%,1.4263E-2
1638,ref|NC_001139|,1006277,G,C,96,96,100%,2.7702E-57
1638,ref|NC_001139|,1006278,C,G,96,96,100%,2.7702E-57
1638,ref|NC_001139|,1006279,G,C,96,96,100%,2.7702E-57
1638,ref|NC_001139|,1010897,CT,C,14,111,12.61%,3.7255E-5
1638,ref|NC_001139|,1010989,G,GA,8,107,7.48%,3.397E-3
1638,ref|NC_001139|,1011002,C,A,5,101,5%,2.9692E-2
1638,ref|NC_001139|,1011803,G,GT,8,97,8.25%,3.2585E-3
1638,ref|NC_001139|,1012394,G,GA,8,116,6.9%,3.4481E-3
1638,ref|NC_001139|,1012425,TA,T,8,118,6.78%,3.4481E-3
1638,ref|NC_001139|,1021962,CT,C,7,97,7.22%,6.9217E-3
1638,ref|NC_001139|,1024876,G,GA,8,112,7.14%,3.4108E-3
1638,ref|NC_001139|,1038760,CT,C,11,116,9.48%,3.7915E-4
1638,ref|NC_001139|,1043766,CAT,C,8,74,10.81%,3.1191E-3
1638,ref|NC_001139|,1048639,GA,G,15,116,12.93%,1.7728E-5
1638,ref|NC_001139|,1050785,AT,A,9,114,7.89%,1.6447E-3
1638,ref|NC_001139|,1051832,C,CT,15,124,12.1%,1.8568E-5
1638,ref|NC_001139|,1054988,G,A,126,126,100%,2.7519E-75
1638,ref|NC_001139|,1063414,AAT,A,6,89,6.74%,1.4309E-2
1638,ref|NC_001139|,1073937,C,CA,13,161,8.07%,9.4237E-5
1638,ref|NC_001139|,1081039,AT,A,15,112,13.39%,1.6879E-5
1638,ref|NC_001140|,93,TA,T,31,40,79.49%,1.6935E-15
1638,ref|NC_001140|,1846,A,G,26,81,32.1%,1.3586E-9
1638,ref|NC_001140|,2256,C,T,6,75,8%,1.4084E-2
1638,ref|NC_001140|,17534,A,AT,88,114,77.19%,3.8554E-41
1638,ref|NC_001140|,36134,CT,C,5,93,5.38%,2.9519E-2
1638,ref|NC_001140|,38647,C,CT,8,124,6.45%,3.4665E-3
1638,ref|NC_001140|,48099,G,GA,7,132,5.3%,7.1866E-3
1638,ref|NC_001140|,50980,CT,C,10,124,8.06%,8.0467E-4
1638,ref|NC_001140|,56206,GA,G,9,133,6.77%,1.6887E-3
1638,ref|NC_001140|,58900,CT,C,10,110,9.09%,7.6307E-4
1638,ref|NC_001140|,59082,A,AT,5,86,5.81%,2.9351E-2
1638,ref|NC_001140|,63926,C,CT,10,93,10.75%,7.3507E-4
1638,ref|NC_001140|,67613,GA,G,7,133,5.26%,7.2006E-3
1638,ref|NC_001140|,71906,C,CT,13,86,15.12%,6.7998E-5
1638,ref|NC_001140|,75976,AAT,A,8,69,11.59%,3.0837E-3
1638,ref|NC_001140|,81858,CA,C,7,52,13.46%,5.8219E-3
1638,ref|NC_001140|,85508,TTA,T,117,127,92.13%,3.1671E-61
1638,ref|NC_001140|,94715,A,AT,9,99,9.09%,1.6118E-3
1638,ref|NC_001140|,100505,AT,A,11,95,11.58%,3.5014E-4
1638,ref|NC_001140|,111530,CTA,C,14,80,17.5%,3.2198E-5
1638,ref|NC_001140|,115390,AT,A,7,114,6.14%,7.0934E-3
1638,ref|NC_001140|,120062,GT,G,8,84,9.52%,3.2508E-3
1638,ref|NC_001140|,123958,G,GA,7,54,12.96%,6.2092E-3
1638,ref|NC_001140|,125832,GA,G,12,68,17.65%,1.0032E-4
1638,ref|NC_001140|,126150,GT,G,6,74,8.11%,1.3903E-2
1638,ref|NC_001140|,135679,AT,A,5,98,5.1%,2.966E-2
1638,ref|NC_001140|,141525,CT,C,6,90,6.67%,1.4279E-2
1638,ref|NC_001140|,141650,GA,G,7,91,7.69%,6.9019E-3
1638,ref|NC_001140|,150670,C,CA,5,99,5.05%,2.9676E-2
1638,ref|NC_001140|,150915,G,A,13,68,19.12%,6.4842E-5
1638,ref|NC_001140|,167627,CAT,C,6,86,6.98%,1.4279E-2
1638,ref|NC_001140|,168456,C,G,5,47,10.87%,2.7874E-2
1638,ref|NC_001140|,170619,TA,T,9,89,10.11%,1.5539E-3
1638,ref|NC_001140|,173679,GCT,G,5,91,5.49%,2.9519E-2
1638,ref|NC_001140|,176845,TA,T,13,78,16.67%,6.7998E-5
1638,ref|NC_001140|,187029,GA,G,12,63,19.05%,1.05E-4
1638,ref|NC_001140|,187814,GA,G,6,96,6.25%,1.4365E-2
1638,ref|NC_001140|,189097,G,GA,8,93,8.6%,3.308E-3
1638,ref|NC_001140|,192694,CA,C,6,82,7.32%,1.4124E-2
1638,ref|NC_001140|,198474,GT,G,5,83,6.02%,2.9201E-2
1638,ref|NC_001140|,208953,C,A,7,117,5.98%,7.1235E-3
1638,ref|NC_001140|,214256,C,CT,95,791,12.01%,7.345E-31
1638,ref|NC_001140|,216123,C,T,54,54,100%,4.0229E-32
1638,ref|NC_001140|,221382,GA,G,5,79,6.33%,2.9228E-2
1638,ref|NC_001140|,229199,GA,G,13,74,17.57%,5.5625E-5
1638,ref|NC_001140|,233314,GA,G,8,85,9.41%,3.2429E-3
1638,ref|NC_001140|,234753,AT,A,9,105,8.57%,1.6016E-3
1638,ref|NC_001140|,236957,T,TA,8,83,9.64%,3.2508E-3
1638,ref|NC_001140|,236993,T,C,11,57,19.3%,2.8674E-4
1638,ref|NC_001140|,237735,CT,C,7,81,8.64%,6.6426E-3
1638,ref|NC_001140|,255909,GA,G,8,83,9.64%,3.2735E-3
1638,ref|NC_001140|,271769,G,GT,12,85,14.12%,1.5552E-4
1638,ref|NC_001140|,282569,CT,C,8,80,10%,3.1815E-3
1638,ref|NC_001140|,293075,G,GA,5,73,6.85%,2.8994E-2
1638,ref|NC_001140|,293272,TA,T,8,54,14.81%,2.653E-3
1638,ref|NC_001140|,298814,C,CT,5,98,5.1%,2.9575E-2
1638,ref|NC_001140|,323234,GA,G,5,61,8.2%,2.8522E-2
1638,ref|NC_001140|,340058,TTA,T,8,61,13.11%,2.9557E-3
1638,ref|NC_001140|,360784,GA,G,6,96,6.25%,1.4365E-2
1638,ref|NC_001140|,361910,A,AT,6,83,7.23%,1.4142E-2
1638,ref|NC_001140|,368026,C,CT,7,83,8.43%,6.8133E-3
1638,ref|NC_001140|,370543,AAT,A,8,56,14.29%,2.9389E-3
1638,ref|NC_001140|,375406,G,A,6,61,9.84%,1.3641E-2
1638,ref|NC_001140|,379942,GA,G,5,71,7.04%,2.8994E-2
1638,ref|NC_001140|,384357,G,T,5,99,5.05%,2.9676E-2
1638,ref|NC_001140|,387090,AT,A,15,85,17.65%,1.3016E-5
1638,ref|NC_001140|,390061,T,C,5,72,6.94%,2.9088E-2
1638,ref|NC_001140|,396945,GA,G,22,93,23.66%,3.3578E-8
1638,ref|NC_001140|,417054,G,A,107,107,100%,6.972E-64
1638,ref|NC_001140|,458755,C,CA,5,88,5.68%,2.9459E-2
1638,ref|NC_001140|,472611,C,CT,5,93,5.38%,2.95E-2
1638,ref|NC_001140|,475549,CA,C,14,102,13.73%,3.5772E-5
1638,ref|NC_001140|,475931,TTA,T,73,94,77.66%,3.5468E-35
1638,ref|NC_001140|,508800,C,CA,12,82,14.63%,1.4358E-4
1638,ref|NC_001140|,511255,C,T,89,89,100%,4.3706E-53
1638,ref|NC_001140|,512211,G,GA,16,89,17.98%,5.8954E-6
1638,ref|NC_001140|,514829,CTA,C,6,85,7.06%,1.4104E-2
1638,ref|NC_001140|,518745,C,CA,7,108,6.48%,7.0243E-3
1638,ref|NC_001140|,528882,A,AT,12,128,9.38%,1.8287E-4
1638,ref|NC_001140|,529350,CA,C,6,115,5.22%,1.455E-2
1638,ref|NC_001140|,532813,A,G,42,158,26.58%,9.7565E-15
1638,ref|NC_001140|,541637,CA,C,7,52,13.46%,6.2693E-3
1638,ref|NC_001140|,545154,G,A,5,82,6.1%,2.9351E-2
1638,ref|NC_001140|,545305,T,C,7,80,8.75%,6.8133E-3
1638,ref|NC_001140|,549805,A,C,6,48,12.5%,1.3237E-2
1638,ref|NC_001140|,551717,TA,T,16,87,18.39%,6.5626E-6
1638,ref|NC_001140|,554072,TA,T,7,114,6.14%,7.0604E-3
1638,ref|NC_001140|,556967,G,GT,10,64,15.62%,6.6338E-4
1638,ref|NC_001140|,562137,G,A,7,96,7.29%,6.9761E-3
1638,ref|NC_001140|,562225,T,C,11,186,5.91%,4.1936E-4
1638,ref|NC_001140|,562374,G,A,37,196,18.88%,1.1139E-12
1638,ref|NC_001140|,562385,AT,A,39,195,20%,1.7269E-13
1638,ref|NC_001140|,562424,A,T,10,181,5.52%,8.5951E-4
1638,ref|NC_001140|,562425,G,A,13,183,7.1%,9.7896E-5
1638,ref|NC_001140|,562440,A,G,37,186,19.89%,9.9556E-13
1638,ref|NC_001140|,562443,A,G,34,188,18.09%,1.1176E-11
1638,ref|NC_001140|,562468,TGTGTG,T,10,189,5.38%,8.6195E-4
1638,ref|NC_001140|,562484,T,TG,41,140,29.93%,1.2927E-14
1638,ref|NC_001140|,562485,GT,G,22,115,19.64%,7.6031E-8
1638,ref|NC_001140|,562486,T,G,9,153,6.98%,1.6887E-3
1638,ref|NC_001140|,562498,GT,G,36,159,22.64%,1.5554E-12
1638,ref|NC_001140|,562503,TGG,T,10,167,5.99%,8.4787E-4
1638,ref|NC_001140|,562509,TG,T,15,170,8.93%,2.1922E-5
1638,ref|NC_001140|,562511,G,GT,17,145,11.72%,4.6388E-6
1638,ref|NC_001140|,562515,TG,T,24,149,16.11%,2.1131E-8
1638,ref|NC_001140|,562517,G,GT,8,128,6.25%,3.4835E-3
1638,ref|NC_001140|,562521,TG,T,15,169,8.88%,2.2012E-5
1638,ref|NC_001140|,562527,T,TG,10,166,6.1%,8.4558E-4
1638,ref|NC_001140|,562539,GGT,G,14,173,8.19%,4.6106E-5
1638,ref|NC_001140|,562540,GT,G,8,153,5.3%,3.5519E-3
1638,ref|NC_001140|,562552,GGT,G,23,139,16.55%,4.3535E-8
1638,ref|NC_001140|,562553,GT,G,11,113,9.73%,3.7826E-4
1638,ref|NC_001140|,562564,T,TG,9,112,8.18%,1.6335E-3
1638,ref|NC_001140|,562565,G,GGT,7,94,7.69%,6.9119E-3
1638,ref|NC_001140|,562575,T,TG,15,87,17.44%,1.5244E-5
1638,ref|NC_001140|,562578,TGTG,T,9,82,10.98%,1.5493E-3
1638,ref|NC_001140|,562580,TG,T,7,69,10.14%,6.6257E-3
1638,ref|NC_001140|,562582,GT,G,10,54,18.52%,6.1215E-4
1638,ref|NC_001140|,562589,GGT,G,15,76,19.74%,1.404E-5
1638,ref|NC_001140|,562600,G,GT,5,83,6.02%,2.9373E-2
1638,ref|NC_001140|,562601,T,TG,7,78,8.97%,6.7486E-3
1638,ref|NC_001140|,562606,TG,T,13,56,23.21%,4.9906E-5
1638,ref|NC_001140|,562608,GT,G,15,35,42.86%,4.5018E-6
1638,ref|NC_001141|,22273,T,TC,27,27,100%,5.1363E-16
1638,ref|NC_001141|,23082,TG,T,29,31,93.55%,1.1344E-15
1638,ref|NC_001141|,25418,T,C,28,141,19.86%,8.4112E-10
1638,ref|NC_001141|,25586,T,C,63,152,41.45%,3.0389E-23
1638,ref|NC_001141|,25593,C,T,54,149,36.24%,1.5202E-19
1638,ref|NC_001141|,25594,T,A,51,142,35.92%,1.8081E-18
1638,ref|NC_001141|,39373,T,TA,97,110,88.18%,1.4941E-51
1638,ref|NC_001141|,41698,G,GT,5,82,6.1%,2.9327E-2
1638,ref|NC_001141|,45872,G,A,8,66,12.12%,3.1191E-3
1638,ref|NC_001141|,45874,T,C,18,81,22.22%,1.3198E-6
1638,ref|NC_001141|,45875,G,A,6,68,8.82%,1.3903E-2
1638,ref|NC_001141|,51552,CT,C,6,96,6.25%,1.4324E-2
1638,ref|NC_001141|,57277,C,CA,56,94,59.57%,6.3917E-24
1638,ref|NC_001141|,76013,C,CT,10,100,10%,7.5886E-4
1638,ref|NC_001141|,102536,C,CT,7,103,6.8%,7.0009E-3
1638,ref|NC_001141|,105433,A,AAAT,73,84,86.9%,3.3953E-36
1638,ref|NC_001141|,125862,A,AT,9,114,7.89%,1.6551E-3
1638,ref|NC_001141|,127338,GT,G,5,81,6.17%,2.9228E-2
1638,ref|NC_001141|,128876,C,T,5,100,5%,2.9692E-2
1638,ref|NC_001141|,133980,A,AT,12,99,12.12%,1.6933E-4
1638,ref|NC_001141|,137906,GA,G,5,90,5.56%,2.9417E-2
1638,ref|NC_001141|,138429,AC,A,9,59,15.25%,1.3968E-3
1638,ref|NC_001141|,142373,A,AT,10,98,10.2%,7.6099E-4
1638,ref|NC_001141|,149075,G,GA,17,109,15.6%,3.6026E-6
1638,ref|NC_001141|,151193,G,GA,5,78,6.41%,2.9146E-2
1638,ref|NC_001141|,160843,TA,T,7,70,10%,6.659E-3
1638,ref|NC_001141|,163245,AT,A,11,72,15.28%,2.925E-4
1638,ref|NC_001141|,168640,C,G,14,86,16.28%,3.3581E-5
1638,ref|NC_001141|,171637,G,GA,6,102,5.88%,1.4454E-2
1638,ref|NC_001141|,183251,CT,C,20,90,22.22%,2.0601E-7
1638,ref|NC_001141|,187822,GAA,G,9,66,13.64%,1.3694E-3
1638,ref|NC_001141|,200940,A,G,5,81,6.17%,2.9327E-2
1638,ref|NC_001141|,202146,A,AT,6,79,7.59%,1.4104E-2
1638,ref|NC_001141|,204781,TA,T,9,77,11.69%,1.503E-3
1638,ref|NC_001141|,213716,C,T,5,98,5.1%,2.966E-2
1638,ref|NC_001141|,233034,C,CT,6,110,5.45%,1.454E-2
1638,ref|NC_001141|,241032,G,GA,18,71,25.35%,6.9602E-7
1638,ref|NC_001141|,245962,CT,C,31,84,36.9%,2.9394E-12
1638,ref|NC_001141|,249625,CT,C,7,75,9.33%,6.7056E-3
1638,ref|NC_001141|,254003,TA,T,62,76,81.58%,2.4504E-29
1638,ref|NC_001141|,257480,CA,C,6,89,6.74%,1.4247E-2
1638,ref|NC_001141|,267870,TA,T,11,75,14.67%,3.1917E-4
1638,ref|NC_001141|,280120,A,AT,5,88,5.68%,2.9396E-2
1638,ref|NC_001141|,287755,AT,A,5,98,5.1%,2.9538E-2
1638,ref|NC_001141|,290193,GA,G,13,123,10.57%,8.4695E-5
1638,ref|NC_001141|,295609,A,T,5,91,5.49%,2.9538E-2
1638,ref|NC_001141|,318694,T,A,101,101,100%,2.7747E-60
1638,ref|NC_001141|,339225,C,CT,19,74,26.03%,3.2669E-7
1638,ref|NC_001141|,347776,G,GA,10,115,8.7%,7.917E-4
1638,ref|NC_001141|,370195,AT,A,12,86,13.95%,1.4598E-4
1638,ref|NC_001141|,375748,T,C,6,110,5.45%,1.457E-2
1638,ref|NC_001141|,379890,TA,T,7,101,6.93%,6.9587E-3
1638,ref|NC_001141|,380935,GA,G,22,106,20.75%,6.0303E-8
1638,ref|NC_001141|,384315,C,CA,8,120,6.67%,3.4403E-3
1638,ref|NC_001141|,385640,A,AT,18,117,15.38%,1.5689E-6
1638,ref|NC_001141|,387143,C,CA,13,84,15.66%,6.2051E-5
1638,ref|NC_001141|,389257,GA,G,8,106,7.55%,3.3669E-3
1638,ref|NC_001141|,427307,CT,C,9,104,8.65%,1.6306E-3
1638,ref|NC_001141|,432527,A,T,9,146,6.16%,1.7202E-3
1638,ref|NC_001141|,436125,C,CA,8,100,8%,3.3669E-3
1638,ref|NC_001142|,28946,C,CT,12,121,9.92%,1.8096E-4
1638,ref|NC_001142|,33346,CT,C,6,101,5.94%,1.4417E-2
1638,ref|NC_001142|,37825,G,GT,8,110,7.27%,3.4017E-3
1638,ref|NC_001142|,47026,C,CT,8,101,7.92%,3.3669E-3
1638,ref|NC_001142|,50370,G,GA,12,120,10%,1.7945E-4
1638,ref|NC_001142|,59054,GA,G,26,124,20.97%,2.1993E-9
1638,ref|NC_001142|,60682,G,GT,11,103,10.68%,3.5556E-4
1638,ref|NC_001142|,75588,CT,C,7,124,5.65%,7.1293E-3
1638,ref|NC_001142|,85527,C,CT,9,105,8.57%,1.6118E-3
1638,ref|NC_001142|,97478,G,A,121,122,100%,2.7616E-72
1638,ref|NC_001142|,99505,A,AT,5,87,5.75%,2.9351E-2
1638,ref|NC_001142|,99519,AT,A,5,84,5.95%,2.9254E-2
1638,ref|NC_001142|,101045,G,GA,7,103,6.8%,7.0167E-3
1638,ref|NC_001142|,104611,TA,T,10,90,11.11%,7.3507E-4
1638,ref|NC_001142|,113474,AT,A,6,88,6.82%,1.4231E-2
1638,ref|NC_001142|,123779,GA,G,7,102,6.86%,7.0009E-3
1638,ref|NC_001142|,134112,GA,G,9,81,11.11%,1.4912E-3
1638,ref|NC_001142|,136911,GA,G,13,71,18.31%,5.473E-5
1638,ref|NC_001142|,147243,C,T,118,118,100%,1.7454E-70
1638,ref|NC_001142|,159429,C,CA,11,87,12.64%,3.3447E-4
1638,ref|NC_001142|,173179,GT,G,11,73,15.07%,3.1263E-4
1638,ref|NC_001142|,173273,GA,G,6,90,6.67%,1.4309E-2
1638,ref|NC_001142|,177924,AAT,A,10,74,13.51%,7.0548E-4
1638,ref|NC_001142|,196083,CT,C,7,87,8.05%,6.801E-3
1638,ref|NC_001142|,199170,A,C,64,64,100%,4.1752E-38
1638,ref|NC_001142|,200219,A,G,47,47,100%,6.1512E-28
1638,ref|NC_001142|,207747,GA,G,10,90,11.11%,7.3768E-4
1638,ref|NC_001142|,212690,A,G,5,70,7.14%,2.9026E-2
1638,ref|NC_001142|,236880,C,CT,5,69,7.25%,2.8961E-2
1638,ref|NC_001142|,247164,C,CA,5,90,5.56%,2.9459E-2
1638,ref|NC_001142|,262215,AT,A,8,107,7.48%,3.4063E-3
1638,ref|NC_001142|,265708,CA,C,6,73,8.22%,1.4021E-2
1638,ref|NC_001142|,265872,GT,G,9,59,15.25%,1.3055E-3
1638,ref|NC_001142|,266558,TA,T,5,89,5.62%,2.95E-2
1638,ref|NC_001142|,268747,AT,A,12,89,13.48%,1.5552E-4
1638,ref|NC_001142|,280770,C,CT,5,60,8.33%,2.8473E-2
1638,ref|NC_001142|,289587,T,TA,11,75,14.86%,3.1486E-4
1638,ref|NC_001142|,315657,GA,G,6,103,5.83%,1.4442E-2
1638,ref|NC_001142|,342348,AT,A,9,49,18.37%,1.1442E-3
1638,ref|NC_001142|,358212,GT,G,14,67,20.9%,2.3698E-5
1638,ref|NC_001142|,359824,GA,G,7,82,8.54%,6.7486E-3
1638,ref|NC_001142|,388260,CA,C,8,78,10.26%,3.1815E-3
1638,ref|NC_001142|,393823,GA,G,9,64,14.06%,1.3596E-3
1638,ref|NC_001142|,419705,G,GA,7,92,7.61%,6.9019E-3
1638,ref|NC_001142|,424172,GAT,G,13,58,22.41%,5.2873E-5
1638,ref|NC_001142|,424906,CT,C,11,69,15.94%,2.7081E-4
1638,ref|NC_001142|,436624,G,GT,6,70,8.57%,1.3877E-2
1638,ref|NC_001142|,456066,GAT,G,7,47,14.89%,5.7727E-3
1638,ref|NC_001142|,457903,C,CA,13,68,19.12%,5.1909E-5
1638,ref|NC_001142|,470130,GTAA,G,53,83,63.86%,1.7099E-22
1638,ref|NC_001142|,471047,GA,G,13,76,17.11%,6.2051E-5
1638,ref|NC_001142|,472080,A,AT,5,64,7.81%,2.8614E-2
1638,ref|NC_001142|,478375,A,C,8,66,12.12%,3.1191E-3
1638,ref|NC_001142|,478376,T,C,8,66,12.12%,3.1191E-3
1638,ref|NC_001142|,490992,T,C,15,65,23.08%,1.2266E-5
1638,ref|NC_001142|,497098,A,AAT,70,84,83.33%,1.469E-34
1638,ref|NC_001142|,497275,GA,G,6,77,7.79%,1.4104E-2
1638,ref|NC_001142|,497303,AAT,A,8,80,10%,3.2429E-3
1638,ref|NC_001142|,512449,G,A,5,91,5.49%,2.9538E-2
1638,ref|NC_001142|,519255,CGT,C,11,69,15.94%,3.1034E-4
1638,ref|NC_001142|,523904,TA,T,10,74,13.51%,6.7197E-4
1638,ref|NC_001142|,525702,G,GA,5,47,10.64%,2.7721E-2
1638,ref|NC_001142|,525750,GA,G,6,54,11.11%,1.3458E-2
1638,ref|NC_001142|,550151,C,CT,8,110,7.27%,3.397E-3
1638,ref|NC_001142|,580248,CT,C,7,93,7.53%,6.7755E-3
1638,ref|NC_001142|,586417,C,CA,6,90,6.67%,1.4214E-2
1638,ref|NC_001142|,608565,A,AT,6,118,5.08%,1.4606E-2
1638,ref|NC_001142|,636995,C,CA,13,106,12.26%,8.1207E-5
1638,ref|NC_001142|,640784,G,GA,92,109,84.4%,1.1268E-46
1638,ref|NC_001142|,643653,A,C,5,98,5.1%,2.966E-2
1638,ref|NC_001142|,649224,A,AT,8,105,7.62%,3.3874E-3
1638,ref|NC_001142|,667224,GTA,G,9,106,8.49%,1.6335E-3
1638,ref|NC_001142|,697010,CT,C,8,120,6.67%,3.4594E-3
1638,ref|NC_001142|,715068,G,A,8,57,14.04%,3.0025E-3
1638,ref|NC_001142|,715072,G,T,6,51,11.76%,1.3375E-2
1638,ref|NC_001142|,715081,T,G,9,50,18%,1.3171E-3
1638,ref|NC_001142|,715087,A,G,9,47,19.15%,1.2811E-3
1638,ref|NC_001142|,715095,G,A,24,37,64.86%,2.0323E-10
1638,ref|NC_001142|,715099,G,T,22,35,62.86%,1.7197E-9
1638,ref|NC_001142|,715108,A,T,13,27,48.15%,1.81E-5
1638,ref|NC_001142|,715114,G,A,9,33,27.27%,1.042E-3
1638,ref|NC_001142|,715141,A,G,8,44,18.18%,2.7573E-3
1638,ref|NC_001142|,717235,TA,T,8,107,7.48%,3.3922E-3
1638,ref|NC_001142|,738075,G,T,54,178,30.34%,4.7761E-19
1638,ref|NC_001142|,743850,C,G,30,30,100%,8.4556E-18
1638,ref|NC_001142|,743851,G,C,30,30,100%,8.4556E-18
1638,ref|NC_001142|,745710,GT,G,13,14,92.86%,3.7391E-7
1638,ref|NC_001143|,457,C,CA,110,113,97.35%,4.4333E-62
1638,ref|NC_001143|,8331,T,TA,6,101,5.94%,1.4379E-2
1638,ref|NC_001143|,21664,CA,C,10,105,9.52%,7.8017E-4
1638,ref|NC_001143|,22040,CA,C,8,76,10.53%,2.9874E-3
1638,ref|NC_001143|,26591,CAT,C,17,86,19.77%,2.3887E-6
1638,ref|NC_001143|,36588,CAT,C,16,85,18.82%,5.8954E-6
1638,ref|NC_001143|,67773,CT,C,16,75,21.33%,4.4899E-6
1638,ref|NC_001143|,68454,G,GCC,95,101,94.06%,5.0145E-51
1638,ref|NC_001143|,68468,T,TG,106,109,97.25%,1.0024E-59
1638,ref|NC_001143|,78799,TTA,T,7,91,7.69%,6.9019E-3
1638,ref|NC_001143|,78838,TA,T,6,90,6.67%,1.4309E-2
1638,ref|NC_001143|,80905,CT,C,8,107,7.48%,3.3669E-3
1638,ref|NC_001143|,93419,C,CT,7,134,5.22%,7.196E-3
1638,ref|NC_001143|,114232,A,G,6,108,5.56%,1.455E-2
1638,ref|NC_001143|,114774,CAT,C,6,106,5.66%,1.452E-2
1638,ref|NC_001143|,134467,A,AT,8,97,8.25%,3.3208E-3
1638,ref|NC_001143|,164844,CTA,C,14,54,25.93%,2.0696E-5
1638,ref|NC_001143|,179248,TTA,T,7,78,8.97%,6.7884E-3
1638,ref|NC_001143|,196211,G,GA,10,85,11.76%,7.1508E-4
1638,ref|NC_001143|,208022,TA,T,9,78,11.54%,1.5142E-3
1638,ref|NC_001143|,217107,GA,G,11,111,9.91%,3.5936E-4
1638,ref|NC_001143|,223175,TA,T,6,72,8.33%,1.3928E-2
1638,ref|NC_001143|,232203,CA,C,5,79,6.33%,2.9254E-2
1638,ref|NC_001143|,234262,AT,A,5,84,5.95%,2.9254E-2
1638,ref|NC_001143|,242787,C,CT,11,82,13.41%,3.362E-4
1638,ref|NC_001143|,251494,C,CA,5,99,5.05%,2.9644E-2
1638,ref|NC_001143|,260979,G,GA,9,111,8.11%,1.6392E-3
1638,ref|NC_001143|,277040,AT,A,9,70,12.86%,1.4054E-3
1638,ref|NC_001143|,280162,G,GA,14,101,13.86%,3.6429E-5
1638,ref|NC_001143|,280940,GAT,G,5,54,9.26%,2.8371E-2
1638,ref|NC_001143|,286448,TA,T,15,96,15.62%,1.5786E-5
1638,ref|NC_001143|,309693,G,GT,5,74,6.76%,2.8961E-2
1638,ref|NC_001143|,320823,GT,G,13,50,27.08%,2.8029E-5
1638,ref|NC_001143|,323019,A,T,93,93,100%,1.7451E-55
1638,ref|NC_001143|,335103,GA,G,12,73,16.44%,1.3273E-4
1638,ref|NC_001143|,341027,G,GA,5,79,6.33%,2.9228E-2
1638,ref|NC_001143|,342593,C,CT,6,84,7.14%,1.4247E-2
1638,ref|NC_001143|,355182,G,GA,9,79,11.39%,1.4972E-3
1638,ref|NC_001143|,358106,C,G,72,72,100%,6.7558E-43
1638,ref|NC_001143|,358417,G,GA,6,101,5.94%,1.4454E-2
1638,ref|NC_001143|,364491,GT,G,5,75,6.67%,2.9058E-2
1638,ref|NC_001143|,369769,G,C,5,61,8.2%,2.87E-2
1638,ref|NC_001143|,382677,GT,G,5,60,8.33%,2.8473E-2
1638,ref|NC_001143|,384845,C,CAT,45,55,81.82%,4.6948E-22
1638,ref|NC_001143|,385103,C,CTT,13,56,23.21%,2.6443E-5
1638,ref|NC_001143|,428955,G,GA,5,85,5.88%,2.9351E-2
1638,ref|NC_001143|,448909,C,G,6,72,8.33%,1.4021E-2
1638,ref|NC_001143|,451568,GGAACAC,G,95,112,84.82%,4.9337E-46
1638,ref|NC_001143|,463261,CT,C,12,60,20%,1.0724E-4
1638,ref|NC_001143|,465172,G,GTATA,29,50,58%,4.43E-13
1638,ref|NC_001143|,518072,CT,C,11,63,17.46%,2.8966E-4
1638,ref|NC_001143|,518111,CT,C,10,57,17.54%,5.4148E-4
1638,ref|NC_001143|,519367,G,GA,5,86,5.81%,2.9373E-2
1638,ref|NC_001143|,524035,AT,A,17,84,20.24%,2.3408E-6
1638,ref|NC_001143|,556431,GA,G,7,103,6.8%,7.0009E-3
1638,ref|NC_001143|,576492,ATCG,A,6,101,5.94%,1.4477E-2
1638,ref|NC_001143|,581078,GA,G,9,85,10.59%,1.5493E-3
1638,ref|NC_001143|,613990,G,GA,5,98,5.1%,2.9592E-2
1638,ref|NC_001143|,617557,CT,C,15,91,16.48%,1.42E-5
1638,ref|NC_001143|,618946,G,GA,13,100,13%,7.7839E-5
1638,ref|NC_001143|,631098,T,TA,6,77,7.79%,1.4064E-2
1638,ref|NC_001143|,632832,CA,C,11,107,10.28%,3.5556E-4
1638,ref|NC_001143|,635448,AT,A,6,92,6.52%,1.4279E-2
1638,ref|NC_001143|,635468,CT,C,17,100,17%,3.282E-6
1638,ref|NC_001143|,638422,AT,A,11,115,9.57%,3.716E-4
1638,ref|NC_001143|,639998,C,CA,7,130,5.38%,7.1818E-3
1638,ref|NC_001143|,645204,C,CA,10,111,9.01%,7.7292E-4
1638,ref|NC_001143|,650388,C,CT,5,92,5.43%,2.95E-2
1638,ref|NC_001143|,658095,C,CA,5,97,5.15%,2.961E-2
1638,ref|NC_001143|,660577,C,CA,9,117,7.69%,1.642E-3
1638,ref|NC_001143|,661401,G,GA,9,114,7.89%,1.6276E-3
1638,ref|NC_001143|,666556,GT,G,53,54,98.15%,2.2126E-30
1638,ref|NC_001143|,666683,T,TGTG,5,41,12.5%,2.7273E-2
1638,ref|NC_001143|,666702,GGT,G,16,35,45.71%,1.364E-6
1638,ref|NC_001143|,666789,T,G,5,12,41.67%,1.8634E-2
1638,ref|NC_001144|,28,A,AC,7,17,41.18%,3.6151E-3
1638,ref|NC_001144|,134,TAA,T,9,112,8.04%,1.6447E-3
1638,ref|NC_001144|,161,T,C,10,109,9.17%,7.8693E-4
1638,ref|NC_001144|,5704,A,AC,6,113,5.31%,1.4597E-2
1638,ref|NC_001144|,5741,T,C,10,119,8.4%,8.0195E-4
1638,ref|NC_001144|,10965,T,C,17,50,34%,1.4808E-6
1638,ref|NC_001144|,11225,CA,C,79,108,73.15%,7.4948E-35
1638,ref|NC_001144|,14561,AT,A,10,149,6.71%,8.2986E-4
1638,ref|NC_001144|,19914,CT,C,9,147,6.12%,1.7019E-3
1638,ref|NC_001144|,41223,CAT,C,12,52,23.08%,1.027E-4
1638,ref|NC_001144|,46573,C,CA,6,119,5.04%,1.464E-2
1638,ref|NC_001144|,48855,C,CA,15,106,14.15%,1.4663E-5
1638,ref|NC_001144|,52019,AAT,A,17,107,15.89%,3.7189E-6
1638,ref|NC_001144|,52618,CT,C,11,130,8.46%,3.8257E-4
1638,ref|NC_001144|,63982,C,CA,13,124,10.48%,8.6883E-5
1638,ref|NC_001144|,65534,A,AT,8,120,6.67%,3.4594E-3
1638,ref|NC_001144|,66619,C,CT,14,185,7.57%,4.6418E-5
1638,ref|NC_001144|,81387,T,TA,8,131,6.11%,3.4868E-3
1638,ref|NC_001144|,84519,CT,C,9,120,7.5%,1.6649E-3
1638,ref|NC_001144|,86724,TA,T,18,115,15.65%,1.6775E-6
1638,ref|NC_001144|,105616,T,TA,9,87,10.34%,1.5583E-3
1638,ref|NC_001144|,108046,C,CT,12,138,8.7%,1.8797E-4
1638,ref|NC_001144|,112176,G,GA,13,124,10.48%,8.5546E-5
1638,ref|NC_001144|,122008,GA,G,12,71,16.9%,1.23E-4
1638,ref|NC_001144|,125399,TTA,T,6,84,7.14%,1.4231E-2
1638,ref|NC_001144|,129214,CA,C,7,109,6.42%,7.0392E-3
1638,ref|NC_001144|,130903,C,CT,8,130,6.15%,3.4769E-3
1638,ref|NC_001144|,161651,T,TA,20,124,16.13%,3.3605E-7
1638,ref|NC_001144|,165897,C,T,5,77,6.49%,2.9228E-2
1638,ref|NC_001144|,170682,CAT,C,9,99,9.09%,1.6051E-3
1638,ref|NC_001144|,172018,AAT,A,12,83,14.46%,1.5045E-4
1638,ref|NC_001144|,179752,A,AT,6,100,6%,1.4392E-2
1638,ref|NC_001144|,179897,C,CT,5,92,5.43%,2.9538E-2
1638,ref|NC_001144|,187137,AT,A,110,112,98.21%,4.4865E-63
1638,ref|NC_001144|,196591,AT,A,8,88,9.09%,3.2429E-3
1638,ref|NC_001144|,196750,AT,A,9,84,10.71%,1.5299E-3
1638,ref|NC_001144|,204043,GA,G,11,125,8.8%,3.8339E-4
1638,ref|NC_001144|,243827,CAT,C,13,87,14.94%,7.4354E-5
1638,ref|NC_001144|,245256,AAT,A,13,76,17.11%,6.6146E-5
1638,ref|NC_001144|,246210,G,GT,9,92,9.78%,1.567E-3
1638,ref|NC_001144|,248700,A,AT,10,123,8.13%,7.9624E-4
1638,ref|NC_001144|,251194,GA,G,18,85,21.18%,1.0894E-6
1638,ref|NC_001144|,253093,G,GA,10,96,10.42%,7.5223E-4
1638,ref|NC_001144|,253323,G,GA,6,115,5.22%,1.4606E-2
1638,ref|NC_001144|,259721,C,CT,7,100,7%,7.0009E-3
1638,ref|NC_001144|,263307,C,CA,10,122,8.2%,7.9914E-4
1638,ref|NC_001144|,264076,A,AT,7,57,12.28%,6.1442E-3
1638,ref|NC_001144|,266819,G,A,12,65,18.46%,1.3976E-4
1638,ref|NC_001144|,280996,G,GA,11,97,11.34%,3.4872E-4
1638,ref|NC_001144|,289357,C,CT,7,101,6.93%,6.9498E-3
1638,ref|NC_001144|,291384,A,G,100,100,100%,1.1044E-59
1638,ref|NC_001144|,291386,A,G,100,100,100%,1.1044E-59
1638,ref|NC_001144|,292024,GA,G,20,108,18.52%,3.1625E-7
1638,ref|NC_001144|,306620,TA,T,5,84,5.95%,2.9351E-2
1638,ref|NC_001144|,315793,CT,C,6,120,5%,1.4624E-2
1638,ref|NC_001144|,320335,G,GA,6,106,5.66%,1.4499E-2
1638,ref|NC_001144|,322104,A,AT,10,104,9.62%,7.6712E-4
1638,ref|NC_001144|,339676,T,TTA,6,101,5.94%,1.4417E-2
1638,ref|NC_001144|,345042,C,G,9,63,14.29%,1.4373E-3
1638,ref|NC_001144|,348735,C,CA,9,99,9.09%,1.587E-3
1638,ref|NC_001144|,348919,GT,G,7,42,16.67%,5.4855E-3
1638,ref|NC_001144|,369387,A,AT,6,117,5.13%,1.4597E-2
1638,ref|NC_001144|,370487,A,AT,9,91,9.89%,1.567E-3
1638,ref|NC_001144|,371365,G,GA,7,120,5.83%,7.0996E-3
1638,ref|NC_001144|,392810,G,GT,7,116,6.03%,7.1118E-3
1638,ref|NC_001144|,394693,G,GA,14,117,11.97%,3.9101E-5
1638,ref|NC_001144|,402737,AT,A,6,117,5.13%,1.4579E-2
1638,ref|NC_001144|,408382,G,GT,9,120,7.5%,1.6718E-3
1638,ref|NC_001144|,415651,G,GT,6,78,7.69%,1.4064E-2
1638,ref|NC_001144|,415698,T,TA,7,66,10.61%,6.5529E-3
1638,ref|NC_001144|,417178,G,GA,6,113,5.31%,1.4588E-2
1638,ref|NC_001144|,423554,CT,C,14,97,14.43%,3.4842E-5
1638,ref|NC_001144|,426662,CA,C,11,100,11%,3.5425E-4
1638,ref|NC_001144|,441523,CT,C,12,106,11.32%,1.6721E-4
1638,ref|NC_001144|,449594,CT,C,10,121,8.26%,8.0332E-4
1638,ref|NC_001144|,449950,C,CT,6,94,6.38%,1.4365E-2
1638,ref|NC_001144|,451539,GA,G,5,34,14.71%,2.6257E-2
1638,ref|NC_001144|,459564,T,C,371,5974,6.21%,1.2487E-105
1638,ref|NC_001144|,459803,CT,C,1182,10343,11.45%,0E0
1638,ref|NC_001144|,460002,CA,C,1522,13399,11.36%,0E0
1638,ref|NC_001144|,460262,G,GTA,775,14957,5.18%,5.6341E-213
1638,ref|NC_001144|,460383,TA,T,2756,13449,20.49%,0E0
1638,ref|NC_001144|,460477,AT,A,873,14078,6.2%,6.043E-245
1638,ref|NC_001144|,460621,T,C,1052,12090,8.7%,1.4825E-303
1638,ref|NC_001144|,468933,GT,G,6,71,8.45%,1.3928E-2
1638,ref|NC_001144|,489468,CT,C,5,88,5.68%,2.9351E-2
1638,ref|NC_001144|,491513,CT,C,8,99,8.08%,3.3448E-3
1638,ref|NC_001144|,506065,GT,G,7,119,5.88%,7.1293E-3
1638,ref|NC_001144|,513143,CAT,C,6,95,6.32%,1.4379E-2
1638,ref|NC_001144|,513997,C,CA,8,113,7.08%,3.3922E-3
1638,ref|NC_001144|,514965,CT,C,8,140,5.71%,3.5138E-3
1638,ref|NC_001144|,522257,C,CA,9,124,7.26%,1.6762E-3
1638,ref|NC_001144|,527967,CT,C,7,95,7.37%,6.9217E-3
1638,ref|NC_001144|,528749,T,A,111,111,100%,2.7737E-66
1638,ref|NC_001144|,535172,C,CA,7,116,6.03%,7.0996E-3
1638,ref|NC_001144|,545933,C,CT,14,85,16.47%,3.0353E-5
1638,ref|NC_001144|,550360,C,CA,10,99,10.1%,7.567E-4
1638,ref|NC_001144|,556468,CAT,C,16,90,17.78%,7.0087E-6
1638,ref|NC_001144|,560601,G,GT,6,118,5.08%,1.4606E-2
1638,ref|NC_001144|,585920,GA,G,11,93,11.83%,3.2327E-4
1638,ref|NC_001144|,612158,G,GA,9,98,9.18%,1.5753E-3
1638,ref|NC_001144|,619523,G,A,5,96,5.21%,2.9627E-2
1638,ref|NC_001144|,625064,T,TA,8,113,7.08%,3.4239E-3
1638,ref|NC_001144|,626434,G,GA,16,109,14.68%,8.1752E-6
1638,ref|NC_001144|,636551,G,GT,16,89,17.98%,6.0706E-6
1638,ref|NC_001144|,641311,GA,G,7,78,8.97%,6.7486E-3
1638,ref|NC_001144|,645231,TA,T,8,101,7.92%,3.339E-3
1638,ref|NC_001144|,646385,GA,G,5,100,5%,2.9592E-2
1638,ref|NC_001144|,657175,C,T,117,118,99.15%,2.077E-68
1638,ref|NC_001144|,672979,A,AT,5,97,5.15%,2.9592E-2
1638,ref|NC_001144|,687472,GA,G,8,111,7.21%,3.3874E-3
1638,ref|NC_001144|,687587,GTA,G,6,92,6.52%,1.4352E-2
1638,ref|NC_001144|,699939,GA,G,20,106,18.87%,2.6432E-7
1638,ref|NC_001144|,704138,TA,T,14,78,17.95%,2.9344E-5
1638,ref|NC_001144|,704440,C,CT,5,85,5.88%,2.9373E-2
1638,ref|NC_001144|,704451,A,AT,6,84,7.14%,1.4247E-2
1638,ref|NC_001144|,712186,GT,G,7,89,7.87%,6.8597E-3
1638,ref|NC_001144|,718114,TA,T,5,96,5.21%,2.9538E-2
1638,ref|NC_001144|,719563,AT,A,9,85,10.59%,1.5539E-3
1638,ref|NC_001144|,722481,G,GT,8,105,7.62%,3.3616E-3
1638,ref|NC_001144|,723168,C,CA,9,86,10.47%,1.5399E-3
1638,ref|NC_001144|,723209,GT,G,5,71,7.04%,2.8741E-2
1638,ref|NC_001144|,734923,AT,A,10,94,10.64%,7.4758E-4
1638,ref|NC_001144|,743995,GA,G,9,126,7.14%,1.6762E-3
1638,ref|NC_001144|,766503,T,TA,9,72,12.5%,1.3788E-3
1638,ref|NC_001144|,769162,CAT,C,6,89,6.74%,1.4247E-2
1638,ref|NC_001144|,777943,GT,G,8,105,7.62%,3.3561E-3
1638,ref|NC_001144|,784382,G,GC,92,98,93.88%,2.6543E-49
1638,ref|NC_001144|,784895,GA,G,8,84,9.52%,3.2585E-3
1638,ref|NC_001144|,793997,A,AT,6,82,7.32%,1.4142E-2
1638,ref|NC_001144|,798405,G,GA,5,89,5.62%,2.95E-2
1638,ref|NC_001144|,802485,AT,A,6,96,6.25%,1.4405E-2
1638,ref|NC_001144|,819069,C,CT,8,114,7.02%,3.4239E-3
1638,ref|NC_001144|,828903,C,T,111,111,100%,2.7737E-66
1638,ref|NC_001144|,829405,GTA,G,7,94,7.45%,6.8917E-3
1638,ref|NC_001144|,833744,A,AT,10,116,8.62%,7.8361E-4
1638,ref|NC_001144|,837516,CAT,C,9,91,9.89%,1.5712E-3
1638,ref|NC_001144|,837956,GA,G,7,90,7.78%,6.9217E-3
1638,ref|NC_001144|,852137,G,GT,7,77,9.09%,6.7622E-3
1638,ref|NC_001144|,867102,C,CT,6,96,6.25%,1.4392E-2
1638,ref|NC_001144|,881947,C,CAT,41,66,62.12%,9.148E-18
1638,ref|NC_001144|,931046,AT,A,8,120,6.67%,3.4403E-3
1638,ref|NC_001144|,943956,GACATT,G,5,26,19.23%,2.531E-2
1638,ref|NC_001144|,944238,C,A,65,65,100%,1.0519E-38
1638,ref|NC_001144|,950305,C,CT,6,110,5.45%,1.453E-2
1638,ref|NC_001144|,981357,T,C,9,124,7.26%,1.6805E-3
1638,ref|NC_001144|,981461,A,G,14,105,13.33%,3.8397E-5
1638,ref|NC_001144|,1002214,GA,G,18,104,17.31%,1.2803E-6
1638,ref|NC_001144|,1011372,CT,C,10,120,8.33%,7.9014E-4
1638,ref|NC_001144|,1012324,C,CG,99,101,98.02%,1.4575E-56
1638,ref|NC_001144|,1012328,A,AGCC,95,102,93.14%,2.0771E-50
1638,ref|NC_001144|,1015482,AAT,A,21,97,21.65%,1.3772E-7
1638,ref|NC_001144|,1019116,GA,G,24,117,20.51%,1.5206E-8
1638,ref|NC_001144|,1024980,AT,A,22,91,24.18%,4.3584E-8
1638,ref|NC_001144|,1025009,GT,G,8,77,10.53%,3.1516E-3
1638,ref|NC_001144|,1026686,C,CT,12,125,9.6%,1.7945E-4
1638,ref|NC_001144|,1027909,G,A,108,108,100%,1.7511E-64
1638,ref|NC_001144|,1039435,T,A,121,121,100%,2.7616E-72
1638,ref|NC_001144|,1053293,AT,A,19,109,17.43%,7.186E-7
1638,ref|NC_001144|,1059123,T,TA,10,158,6.33%,8.3816E-4
1638,ref|NC_001144|,1059677,T,TA,14,109,12.84%,3.6849E-5
1638,ref|NC_001145|,9528,AT,A,7,125,5.6%,7.1513E-3
1638,ref|NC_001145|,21958,GTA,G,13,79,16.46%,6.859E-5
1638,ref|NC_001145|,26551,AT,A,6,109,5.5%,1.4509E-2
1638,ref|NC_001145|,26591,C,CT,8,97,8.25%,3.327E-3
1638,ref|NC_001145|,26716,AT,A,17,95,17.89%,3.0663E-6
1638,ref|NC_001145|,34473,T,G,128,128,100%,1.7335E-76
1638,ref|NC_001145|,41950,GA,G,32,113,28.32%,1.079E-11
1638,ref|NC_001145|,43866,CT,C,17,131,12.98%,4.1719E-6
1638,ref|NC_001145|,43908,AT,A,6,117,5.13%,1.4597E-2
1638,ref|NC_001145|,49837,CT,C,8,114,7.02%,3.4017E-3
1638,ref|NC_001145|,56529,CT,C,7,134,5.22%,7.1818E-3
1638,ref|NC_001145|,58770,AT,A,9,128,7.03%,1.674E-3
1638,ref|NC_001145|,86950,CTATTAT,C,11,67,16.42%,3.1034E-4
1638,ref|NC_001145|,94308,A,AT,6,102,5.88%,1.443E-2
1638,ref|NC_001145|,95588,CA,C,5,84,5.95%,2.9279E-2
1638,ref|NC_001145|,95727,C,CTA,8,75,10.67%,3.1618E-3
1638,ref|NC_001145|,97782,GT,G,6,98,6.12%,1.4405E-2
1638,ref|NC_001145|,99274,CA,C,6,104,5.77%,1.4488E-2
1638,ref|NC_001145|,129676,GA,G,6,119,5.04%,1.4624E-2
1638,ref|NC_001145|,158396,TA,T,6,60,10%,1.3497E-2
1638,ref|NC_001145|,159852,CAT,C,12,75,16%,1.4234E-4
1638,ref|NC_001145|,164392,G,GT,10,72,13.89%,6.1215E-4
1638,ref|NC_001145|,165422,CT,C,16,90,17.78%,6.484E-6
1638,ref|NC_001145|,169058,CT,C,6,79,7.59%,1.4084E-2
1638,ref|NC_001145|,191990,A,AT,12,65,18.46%,1.1153E-4
1638,ref|NC_001145|,192469,CT,C,6,109,5.5%,1.452E-2
1638,ref|NC_001145|,192743,GTA,G,13,105,12.38%,8.155E-5
1638,ref|NC_001145|,209069,CT,C,7,74,9.46%,6.7056E-3
1638,ref|NC_001145|,232746,T,A,5,91,5.49%,2.9538E-2
1638,ref|NC_001145|,236652,C,CT,7,87,8.05%,6.837E-3
1638,ref|NC_001145|,238763,CT,C,10,63,15.87%,5.8675E-4
1638,ref|NC_001145|,239353,CAT,C,9,53,16.98%,1.2935E-3
1638,ref|NC_001145|,241854,CT,C,9,70,12.86%,1.4589E-3
1638,ref|NC_001145|,245885,G,A,7,62,11.29%,6.5333E-3
1638,ref|NC_001145|,251661,GA,G,6,100,6%,1.4417E-2
1638,ref|NC_001145|,293844,CT,C,5,98,5.1%,2.966E-2
1638,ref|NC_001145|,305685,GT,G,5,81,6.17%,2.9254E-2
1638,ref|NC_001145|,309395,TA,T,5,98,5.1%,2.966E-2
1638,ref|NC_001145|,321328,CAT,C,12,80,15%,1.5552E-4
1638,ref|NC_001145|,325905,T,A,90,90,100%,1.0988E-53
1638,ref|NC_001145|,337473,CA,C,6,83,7.23%,1.4124E-2
1638,ref|NC_001145|,348566,CT,C,6,62,9.68%,1.3571E-2
1638,ref|NC_001145|,353678,AT,A,5,82,6.1%,2.9254E-2
1638,ref|NC_001145|,361550,G,A,60,60,100%,1.035E-35
1638,ref|NC_001145|,361725,A,G,37,125,29.6%,3.1657E-13
1638,ref|NC_001145|,370618,C,CA,11,81,13.58%,3.3271E-4
1638,ref|NC_001145|,380311,G,GA,6,104,5.77%,1.4477E-2
1638,ref|NC_001145|,387095,AT,A,14,58,24.14%,2.0696E-5
1638,ref|NC_001145|,390765,GT,G,6,82,7.32%,1.4124E-2
1638,ref|NC_001145|,406257,T,TA,6,62,9.68%,1.3674E-2
1638,ref|NC_001145|,411379,CT,C,6,90,6.67%,1.4309E-2
1638,ref|NC_001145|,411461,G,GT,8,90,8.89%,3.3014E-3
1638,ref|NC_001145|,412518,AT,A,8,96,8.33%,3.3561E-3
1638,ref|NC_001145|,433068,G,GA,5,94,5.32%,2.9592E-2
1638,ref|NC_001145|,448333,G,A,104,104,100%,4.3992E-62
1638,ref|NC_001145|,448334,A,G,104,104,100%,4.3992E-62
1638,ref|NC_001145|,462693,CT,C,9,80,11.25%,1.5086E-3
1638,ref|NC_001145|,468258,AT,A,5,98,5.1%,2.961E-2
1638,ref|NC_001145|,472637,GA,G,9,94,9.57%,1.5583E-3
1638,ref|NC_001145|,475726,GA,G,9,88,10.23%,1.5086E-3
1638,ref|NC_001145|,483743,GA,G,10,69,14.49%,6.3967E-4
1638,ref|NC_001145|,500730,GA,G,5,77,6.49%,2.9228E-2
1638,ref|NC_001145|,512087,GT,G,7,97,7.22%,6.9498E-3
1638,ref|NC_001145|,513823,T,C,5,77,6.49%,2.9201E-2
1638,ref|NC_001145|,514293,AT,A,6,78,7.69%,1.4042E-2
1638,ref|NC_001145|,538559,C,CA,5,67,7.46%,2.8892E-2
1638,ref|NC_001145|,538607,GCA,G,7,76,9.21%,6.7346E-3
1638,ref|NC_001145|,541036,C,T,9,51,17.65%,1.3283E-3
1638,ref|NC_001145|,554495,T,A,5,96,5.21%,2.9627E-2
1638,ref|NC_001145|,554811,AC,A,6,97,6.19%,1.443E-2
1638,ref|NC_001145|,558682,C,CA,12,88,13.64%,1.6093E-4
1638,ref|NC_001145|,559048,TA,T,11,80,13.75%,3.3271E-4
1638,ref|NC_001145|,559980,C,CT,7,90,7.78%,6.9019E-3
1638,ref|NC_001145|,561877,AAT,A,10,60,16.67%,6.2367E-4
1638,ref|NC_001145|,571250,CA,C,12,89,13.48%,1.6177E-4
1638,ref|NC_001145|,622168,GTA,G,7,60,11.67%,6.3515E-3
1638,ref|NC_001145|,625708,CT,C,13,75,17.33%,6.2773E-5
1638,ref|NC_001145|,628843,T,TA,6,94,6.38%,1.4324E-2
1638,ref|NC_001145|,630505,A,G,80,80,100%,1.0864E-47
1638,ref|NC_001145|,646855,CAT,C,6,63,9.52%,1.3458E-2
1638,ref|NC_001145|,652533,CT,C,7,74,9.46%,6.6426E-3
1638,ref|NC_001145|,654916,AAT,A,11,93,11.83%,3.5685E-4
1638,ref|NC_001145|,667202,C,CA,13,69,18.84%,5.9784E-5
1638,ref|NC_001145|,672129,T,C,114,114,100%,4.392E-68
1638,ref|NC_001145|,674863,GA,G,7,88,7.95%,6.7884E-3
1638,ref|NC_001145|,680936,T,C,65,65,100%,1.0519E-38
1638,ref|NC_001145|,680940,C,T,65,65,100%,1.0519E-38
1638,ref|NC_001145|,687366,GT,G,10,80,12.5%,6.9153E-4
1638,ref|NC_001145|,698679,T,TA,12,61,19.67%,1.1358E-4
1638,ref|NC_001145|,751670,T,TA,6,88,6.82%,1.4247E-2
1638,ref|NC_001145|,752958,AT,A,9,95,9.47%,1.5627E-3
1638,ref|NC_001145|,772664,CT,C,10,79,12.66%,6.6774E-4
1638,ref|NC_001145|,774017,A,AT,7,110,6.36%,7.0604E-3
1638,ref|NC_001145|,774724,C,CA,8,89,8.99%,3.2735E-3
1638,ref|NC_001145|,775114,GA,G,6,94,6.38%,1.4294E-2
1638,ref|NC_001145|,779300,C,CT,8,107,7.48%,3.3874E-3
1638,ref|NC_001145|,809198,A,G,97,97,100%,6.9615E-58
1638,ref|NC_001145|,815480,CA,C,13,118,11.02%,8.3496E-5
1638,ref|NC_001145|,822589,CT,C,6,49,12.24%,1.2773E-2
1638,ref|NC_001145|,822635,G,T,7,42,16.67%,5.8688E-3
1638,ref|NC_001145|,851713,G,GA,13,86,15.12%,6.2773E-5
1638,ref|NC_001145|,854478,C,CT,7,72,9.72%,6.6426E-3
1638,ref|NC_001145|,860894,CT,C,10,125,8%,8.06E-4
1638,ref|NC_001145|,867234,G,GA,12,133,9.02%,1.8287E-4
1638,ref|NC_001145|,874559,CT,C,26,98,26.53%,1.3105E-9
1638,ref|NC_001145|,877494,G,A,5,77,6.49%,2.9228E-2
1638,ref|NC_001145|,908203,G,A,6,17,35.29%,9.2021E-3
1638,ref|NC_001145|,908218,C,T,17,27,62.96%,1.7891E-7
1638,ref|NC_001145|,908275,G,A,7,70,10%,6.675E-3
1638,ref|NC_001145|,908282,G,T,5,73,6.85%,2.9117E-2
1638,ref|NC_001145|,908283,T,C,5,74,6.76%,2.9146E-2
1638,ref|NC_001145|,908365,A,G,5,98,5.1%,2.966E-2
1638,ref|NC_001145|,908558,T,TCAA,20,142,14.08%,4.6213E-7
1638,ref|NC_001145|,918033,C,CA,7,116,6.03%,7.1118E-3
1638,ref|NC_001145|,918120,C,CT,26,87,29.89%,1.0752E-9
1638,ref|NC_001145|,921418,CT,C,79,112,70.54%,1.0792E-36
1638,ref|NC_001145|,924341,G,T,37,39,94.87%,3.0128E-20
1638,ref|NC_001145|,924352,G,GGT,29,36,82.86%,2.0235E-14
1638,ref|NC_001145|,924388,G,GT,11,14,78.57%,1.6951E-5
1638,ref|NC_001145|,924392,T,TG,11,12,91.67%,4.8074E-6
1638,ref|NC_001146|,6650,A,C,7,24,29.17%,4.4505E-3
1638,ref|NC_001146|,6652,C,A,7,22,31.82%,4.4505E-3
1638,ref|NC_001146|,7478,A,AT,124,124,100%,4.368E-74
1638,ref|NC_001146|,10214,TA,T,19,93,20.43%,6.2438E-7
1638,ref|NC_001146|,12975,C,CTT,65,83,78.31%,3.291E-31
1638,ref|NC_001146|,28420,G,GT,14,108,12.96%,3.6429E-5
1638,ref|NC_001146|,43278,AAT,A,12,89,13.48%,1.6177E-4
1638,ref|NC_001146|,84037,A,AT,10,87,11.49%,7.3507E-4
1638,ref|NC_001146|,86089,CT,C,5,100,5%,2.9592E-2
1638,ref|NC_001146|,89323,CT,C,9,81,11.11%,1.5248E-3
1638,ref|NC_001146|,107294,G,GA,7,89,7.87%,6.837E-3
1638,ref|NC_001146|,116758,G,GA,5,85,5.88%,2.9396E-2
1638,ref|NC_001146|,116771,G,GA,5,94,5.32%,2.9557E-2
1638,ref|NC_001146|,118987,GA,G,9,85,10.59%,1.5142E-3
1638,ref|NC_001146|,138052,G,GA,6,92,6.52%,1.4309E-2
1638,ref|NC_001146|,154923,GA,G,12,71,16.9%,1.23E-4
1638,ref|NC_001146|,172354,CT,C,5,100,5%,2.966E-2
1638,ref|NC_001146|,172492,CA,C,6,90,6.67%,1.4247E-2
1638,ref|NC_001146|,174733,CA,C,8,102,7.84%,3.3561E-3
1638,ref|NC_001146|,187639,G,GA,7,100,7%,6.9761E-3
1638,ref|NC_001146|,193082,G,A,5,100,5%,2.9692E-2
1638,ref|NC_001146|,196150,CT,C,11,84,13.1%,3.1917E-4
1638,ref|NC_001146|,198236,AT,A,7,91,7.69%,6.8917E-3
1638,ref|NC_001146|,198789,C,G,5,47,10.64%,2.7945E-2
1638,ref|NC_001146|,235956,C,CT,16,72,22.22%,5.1326E-6
1638,ref|NC_001146|,251874,A,AT,14,103,13.59%,3.6214E-5
1638,ref|NC_001146|,263349,A,AT,9,83,10.84%,1.5446E-3
1638,ref|NC_001146|,263555,G,GA,10,107,9.35%,7.7661E-4
1638,ref|NC_001146|,281884,G,GA,6,71,8.45%,1.3877E-2
1638,ref|NC_001146|,282400,G,C,23,69,33.33%,1.315E-8
1638,ref|NC_001146|,282401,T,C,18,67,26.87%,1.0208E-6
1638,ref|NC_001146|,300929,TA,T,12,70,17.14%,1.3121E-4
1638,ref|NC_001146|,307228,CT,C,11,99,11.11%,3.5685E-4
1638,ref|NC_001146|,312328,AACG,A,84,92,91.3%,1.292E-43
1638,ref|NC_001146|,321979,A,AT,8,83,9.64%,3.2179E-3
1638,ref|NC_001146|,357012,C,CT,7,40,17.5%,5.6667E-3
1638,ref|NC_001146|,377887,G,T,70,70,100%,1.0659E-41
1638,ref|NC_001146|,380954,G,GA,5,55,9.09%,2.8317E-2
1638,ref|NC_001146|,392467,G,GT,7,70,10%,6.6083E-3
1638,ref|NC_001146|,413448,C,CT,7,46,15.22%,5.6095E-3
1638,ref|NC_001146|,415054,C,CT,7,38,18.42%,5.721E-3
1638,ref|NC_001146|,415071,C,CT,8,22,36.36%,1.5455E-3
1638,ref|NC_001146|,416686,CT,C,6,64,9.38%,1.3796E-2
1638,ref|NC_001146|,418915,GTA,G,5,88,5.68%,2.948E-2
1638,ref|NC_001146|,429776,TTA,T,5,74,6.76%,2.9146E-2
1638,ref|NC_001146|,439397,G,GT,78,85,91.76%,9.5798E-41
1638,ref|NC_001146|,444651,C,CT,9,71,12.68%,1.4657E-3
1638,ref|NC_001146|,456827,T,A,5,79,6.33%,2.9279E-2
1638,ref|NC_001146|,462386,TA,T,6,113,5.31%,1.4597E-2
1638,ref|NC_001146|,471767,A,G,106,106,100%,2.7758E-63
1638,ref|NC_001146|,479459,AT,A,18,70,25.71%,6.4267E-7
1638,ref|NC_001146|,483236,CA,C,5,69,7.25%,2.8856E-2
1638,ref|NC_001146|,486552,TA,T,10,63,15.87%,5.9987E-4
1638,ref|NC_001146|,493053,TA,T,12,68,17.65%,1.3273E-4
1638,ref|NC_001146|,498360,G,GT,10,62,16.13%,6.18E-4
1638,ref|NC_001146|,499475,A,AT,9,105,8.57%,1.6335E-3
1638,ref|NC_001146|,501129,AT,A,9,97,9.28%,1.5908E-3
1638,ref|NC_001146|,503013,CA,C,9,89,10.11%,1.5493E-3
1638,ref|NC_001146|,503040,CT,C,6,81,7.41%,1.4084E-2
1638,ref|NC_001146|,510328,CT,C,9,104,8.65%,1.5981E-3
1638,ref|NC_001146|,512460,CAT,C,13,53,24.53%,4.7798E-5
1638,ref|NC_001146|,523434,G,A,20,110,18.18%,3.6915E-7
1638,ref|NC_001146|,523441,G,T,19,106,17.92%,7.8714E-7
1638,ref|NC_001146|,568313,T,TA,6,80,7.5%,1.4064E-2
1638,ref|NC_001146|,570509,T,C,22,22,100%,4.7526E-13
1638,ref|NC_001146|,599441,T,C,5,98,5.1%,2.966E-2
1638,ref|NC_001146|,599455,G,T,5,91,5.49%,2.9538E-2
1638,ref|NC_001146|,599550,T,C,6,113,5.31%,1.4597E-2
1638,ref|NC_001146|,601112,T,G,81,178,45.51%,2.7153E-30
1638,ref|NC_001146|,601202,T,C,77,171,45.03%,9.2458E-29
1638,ref|NC_001146|,616158,C,CA,5,100,5%,2.9676E-2
1638,ref|NC_001146|,635717,G,GT,5,87,5.75%,2.9417E-2
1638,ref|NC_001146|,644217,CTA,C,9,97,9.28%,1.5627E-3
1638,ref|NC_001146|,647314,AT,A,12,109,11.01%,1.7134E-4
1638,ref|NC_001146|,651857,AT,A,9,79,11.39%,1.4788E-3
1638,ref|NC_001146|,654648,AT,A,6,80,7.5%,1.4124E-2
1638,ref|NC_001146|,662768,GA,G,9,111,8.11%,1.6183E-3
1638,ref|NC_001146|,667324,C,CT,9,51,17.65%,1.2682E-3
1638,ref|NC_001146|,668101,C,CA,7,91,7.69%,6.8706E-3
1638,ref|NC_001146|,687218,C,CA,13,93,13.98%,7.5275E-5
1638,ref|NC_001146|,690071,AT,A,10,100,10%,7.5223E-4
1638,ref|NC_001146|,692520,CA,C,12,92,13.04%,1.6008E-4
1638,ref|NC_001146|,694240,CAT,C,12,81,14.81%,1.5151E-4
1638,ref|NC_001146|,694966,CTA,C,5,94,5.32%,2.95E-2
1638,ref|NC_001146|,711232,A,AT,9,88,10.23%,1.5399E-3
1638,ref|NC_001146|,713938,GT,G,7,107,6.54%,7.0089E-3
1638,ref|NC_001146|,716416,C,CT,6,102,5.88%,1.4417E-2
1638,ref|NC_001146|,721059,G,GA,7,95,7.37%,6.9675E-3
1638,ref|NC_001146|,721791,GA,G,5,100,5%,2.966E-2
1638,ref|NC_001146|,721916,TA,T,11,93,11.83%,3.4579E-4
1638,ref|NC_001146|,722274,CA,C,11,99,11.11%,3.362E-4
1638,ref|NC_001146|,772612,CA,C,36,134,26.87%,4.5095E-13
1638,ref|NC_001146|,774549,AT,A,15,107,14.02%,1.5915E-5
1638,ref|NC_001146|,776301,AT,A,5,84,5.95%,2.9351E-2
1638,ref|NC_001146|,777553,AAT,A,16,72,22.22%,5.4307E-6
1638,ref|NC_001146|,779308,C,CAAAAAA,6,31,19.35%,1.0098E-2
1638,ref|NC_001146|,780322,AT,A,7,120,5.83%,7.1349E-3
1638,ref|NC_001146|,784074,G,GT,5,95,5.26%,2.9538E-2
1638,ref|NC_001146|,784093,GGT,G,9,98,9.28%,1.6016E-3
1638,ref|NC_001146|,784094,GT,G,5,88,5.81%,2.9439E-2
1638,ref|NC_001146|,784106,GGT,G,12,118,10.17%,1.8047E-4
1638,ref|NC_001146|,784107,GT,G,15,108,14.02%,1.8021E-5
1638,ref|NC_001146|,784118,T,TG,12,109,11.01%,1.7385E-4
1638,ref|NC_001146|,784119,G,GGT,7,100,7.07%,6.9928E-3
1638,ref|NC_001146|,784136,TG,T,6,107,5.61%,1.4465E-2
1638,ref|NC_001146|,784138,GGT,G,10,96,10.53%,7.567E-4
1638,ref|NC_001146|,784142,T,TG,19,91,21.11%,5.8701E-7
1638,ref|NC_001146|,784152,TG,T,6,111,5.45%,1.453E-2
1638,ref|NC_001146|,784158,GGGTGT,G,7,110,6.42%,7.074E-3
1638,ref|NC_001146|,784163,T,TG,11,111,10.38%,3.716E-4
1638,ref|NC_001146|,784166,TGTG,T,9,102,8.91%,1.6215E-3
1638,ref|NC_001146|,784170,GT,G,8,83,9.76%,3.2585E-3
1638,ref|NC_001146|,784177,G,GT,6,116,5.17%,1.4615E-2
1638,ref|NC_001146|,784181,TG,T,22,131,16.79%,9.1127E-8
1638,ref|NC_001146|,784183,G,GT,11,110,10.09%,3.6522E-4
1638,ref|NC_001146|,784193,T,TG,7,126,5.56%,7.1566E-3
1638,ref|NC_001146|,784194,GGT,G,6,119,5.04%,1.4606E-2
1638,ref|NC_001146|,784208,T,TG,12,118,10.17%,1.7732E-4
1638,ref|NC_001146|,784239,GT,G,15,75,20.27%,1.3877E-5
1638,ref|NC_001146|,784242,GTGT,G,5,60,8.47%,2.8473E-2
1638,ref|NC_001146|,784245,T,TG,5,54,9.43%,2.8203E-2
1638,ref|NC_001146|,784246,GT,G,10,44,23.26%,5.4148E-4
1638,ref|NC_001146|,784247,T,G,5,46,13.89%,2.6822E-2
1638,ref|NC_001146|,784263,TG,T,5,62,8.06%,2.87E-2
1638,ref|NC_001147|,1085,C,CAT,9,102,8.82%,1.5832E-3
1638,ref|NC_001147|,21727,G,GA,12,109,11.01%,1.7068E-4
1638,ref|NC_001147|,27928,T,A,33,158,20.89%,1.8005E-11
1638,ref|NC_001147|,28352,T,C,24,166,14.46%,2.4342E-8
1638,ref|NC_001147|,50002,C,T,87,87,100%,6.9142E-52
1638,ref|NC_001147|,50010,A,T,86,86,100%,2.7498E-51
1638,ref|NC_001147|,50012,C,T,86,86,100%,2.7498E-51
1638,ref|NC_001147|,60213,CT,C,15,90,16.67%,1.3542E-5
1638,ref|NC_001147|,60240,C,T,73,73,100%,1.7006E-43
1638,ref|NC_001147|,79297,C,G,101,101,100%,2.7747E-60
1638,ref|NC_001147|,79304,A,T,100,100,100%,1.1044E-59
1638,ref|NC_001147|,79305,T,A,101,101,100%,2.7747E-60
1638,ref|NC_001147|,85382,C,CT,12,111,10.81%,1.7134E-4
1638,ref|NC_001147|,94613,G,GA,8,91,8.79%,3.308E-3
1638,ref|NC_001147|,94815,AC,A,6,32,18.75%,1.1736E-2
1638,ref|NC_001147|,117547,T,C,5,99,5.05%,2.9676E-2
1638,ref|NC_001147|,118032,A,C,128,306,41.83%,5.8924E-47
1638,ref|NC_001147|,118219,C,A,6,72,8.33%,1.4021E-2
1638,ref|NC_001147|,118287,C,A,15,72,20.83%,1.3542E-5
1638,ref|NC_001147|,118473,G,A,7,34,20.59%,5.5492E-3
1638,ref|NC_001147|,129212,CT,C,7,123,5.69%,7.1459E-3
1638,ref|NC_001147|,141471,G,GA,11,120,9.17%,3.726E-4
1638,ref|NC_001147|,145176,CT,C,8,111,7.21%,3.4063E-3
1638,ref|NC_001147|,161403,A,T,186,270,68.89%,6.9963E-79
1638,ref|NC_001147|,161617,T,C,181,297,60.94%,6.5287E-73
1638,ref|NC_001147|,161762,T,C,167,265,63.02%,3.416E-68
1638,ref|NC_001147|,193675,C,CT,8,114,7.02%,3.4323E-3
1638,ref|NC_001147|,194895,C,CA,7,96,7.29%,6.9119E-3
1638,ref|NC_001147|,200339,CT,C,14,61,22.95%,1.9604E-5
1638,ref|NC_001147|,204570,C,CT,8,83,9.64%,3.1618E-3
1638,ref|NC_001147|,213870,C,CA,6,101,5.94%,1.4442E-2
1638,ref|NC_001147|,216898,A,AT,11,58,18.97%,2.5227E-4
1638,ref|NC_001147|,230020,C,CT,15,101,14.85%,1.5786E-5
1638,ref|NC_001147|,259218,C,CT,7,88,7.95%,6.8485E-3
1638,ref|NC_001147|,273543,G,A,5,79,6.33%,2.9279E-2
1638,ref|NC_001147|,290573,CT,C,9,95,9.47%,1.5793E-3
1638,ref|NC_001147|,315630,CT,C,13,79,16.46%,6.4168E-5
1638,ref|NC_001147|,318976,AT,A,5,81,6.17%,2.9327E-2
1638,ref|NC_001147|,325064,G,GT,5,51,9.8%,2.8203E-2
1638,ref|NC_001147|,326195,CAT,C,13,69,18.84%,6.3478E-5
1638,ref|NC_001147|,338193,AT,A,5,94,5.32%,2.9592E-2
1638,ref|NC_001147|,349580,GA,G,8,98,8.16%,3.3561E-3
1638,ref|NC_001147|,351179,AT,A,5,82,6.1%,2.9351E-2
1638,ref|NC_001147|,355083,A,AAT,6,61,9.84%,1.3535E-2
1638,ref|NC_001147|,372140,G,GA,7,87,8.05%,6.8253E-3
1638,ref|NC_001147|,383126,GA,G,5,93,5.38%,2.9557E-2
1638,ref|NC_001147|,384807,AT,A,5,88,5.68%,2.9459E-2
1638,ref|NC_001147|,389237,T,G,105,105,100%,1.1051E-62
1638,ref|NC_001147|,397478,G,GA,9,75,12%,1.4851E-3
1638,ref|NC_001147|,412675,A,AT,9,85,10.59%,1.5248E-3
1638,ref|NC_001147|,423979,G,GA,5,85,5.88%,2.9351E-2
1638,ref|NC_001147|,426603,G,GA,6,63,9.52%,1.3737E-2
1638,ref|NC_001147|,430159,GA,G,8,58,13.79%,2.7808E-3
1638,ref|NC_001147|,437763,T,A,99,99,100%,4.3954E-59
1638,ref|NC_001147|,444498,AT,A,18,94,19.15%,1.3771E-6
1638,ref|NC_001147|,448407,G,GA,5,65,7.69%,2.87E-2
1638,ref|NC_001147|,448670,TA,T,8,57,14.04%,2.8249E-3
1638,ref|NC_001147|,453009,T,C,15,62,24.19%,1.1665E-5
1638,ref|NC_001147|,475132,C,CA,9,99,9.09%,1.6085E-3
1638,ref|NC_001147|,479259,AT,A,16,88,18.18%,6.8648E-6
1638,ref|NC_001147|,491013,C,CA,13,74,17.57%,6.5501E-5
1638,ref|NC_001147|,514910,GA,G,9,90,10%,1.5793E-3
1638,ref|NC_001147|,519639,A,T,80,80,100%,1.0864E-47
1638,ref|NC_001147|,522344,G,A,5,97,5.15%,2.9644E-2
1638,ref|NC_001147|,522811,G,GA,11,59,18.64%,2.5227E-4
1638,ref|NC_001147|,537259,AT,A,6,63,9.52%,1.3767E-2
1638,ref|NC_001147|,550529,A,AT,5,87,5.75%,2.9417E-2
1638,ref|NC_001147|,550563,A,AT,7,100,7%,6.9928E-3
1638,ref|NC_001147|,560809,G,GA,7,79,8.86%,6.7203E-3
1638,ref|NC_001147|,581669,CA,C,7,81,8.64%,6.7486E-3
1638,ref|NC_001147|,633594,T,C,5,72,6.94%,2.9088E-2
1638,ref|NC_001147|,642885,A,T,5,82,6.1%,2.9351E-2
1638,ref|NC_001147|,662016,A,AT,6,81,7.41%,1.4124E-2
1638,ref|NC_001147|,667564,GAT,G,7,61,11.48%,6.4707E-3
1638,ref|NC_001147|,667734,T,TA,6,74,8.11%,1.3877E-2
1638,ref|NC_001147|,670723,G,GA,5,57,8.77%,2.8473E-2
1638,ref|NC_001147|,670767,GA,G,14,53,26.42%,1.407E-5
1638,ref|NC_001147|,675324,C,CT,8,60,13.33%,2.8851E-3
1638,ref|NC_001147|,681098,C,CA,11,85,12.94%,3.3788E-4
1638,ref|NC_001147|,698289,A,AT,6,77,7.79%,1.3999E-2
1638,ref|NC_001147|,708819,G,C,50,128,39.06%,2.223E-18
1638,ref|NC_001147|,708878,T,C,24,72,33.33%,5.9452E-9
1638,ref|NC_001147|,709617,T,C,7,73,9.59%,6.7203E-3
1638,ref|NC_001147|,714743,A,G,5,81,6.17%,2.9327E-2
1638,ref|NC_001147|,720202,GA,G,6,80,7.5%,1.4104E-2
1638,ref|NC_001147|,721800,AT,A,5,100,5%,2.961E-2
1638,ref|NC_001147|,724940,G,GT,6,92,6.52%,1.4352E-2
1638,ref|NC_001147|,745306,C,CA,6,84,7.14%,1.4104E-2
1638,ref|NC_001147|,746559,CA,C,8,83,9.64%,3.2179E-3
1638,ref|NC_001147|,752139,A,G,11,48,22.92%,2.5621E-4
1638,ref|NC_001147|,768266,GA,G,9,84,10.71%,1.5446E-3
1638,ref|NC_001147|,769810,T,TA,7,87,8.05%,6.8706E-3
1638,ref|NC_001147|,769891,G,T,5,60,8.33%,2.8423E-2
1638,ref|NC_001147|,770624,GT,G,15,82,18.29%,1.3542E-5
1638,ref|NC_001147|,785519,CA,C,9,76,11.84%,1.503E-3
1638,ref|NC_001147|,795455,G,GA,8,109,7.34%,3.4108E-3
1638,ref|NC_001147|,804922,AT,A,20,84,23.81%,2.2614E-7
1638,ref|NC_001147|,822924,GTGT,G,10,90,11.11%,7.4758E-4
1638,ref|NC_001147|,834319,TA,T,7,94,7.45%,6.9498E-3
1638,ref|NC_001147|,854995,A,AAT,6,61,9.84%,1.3641E-2
1638,ref|NC_001147|,875965,G,GA,10,95,10.53%,7.4993E-4
1638,ref|NC_001147|,877096,T,TA,11,76,14.47%,3.1704E-4
1638,ref|NC_001147|,882623,CT,C,17,85,20%,2.243E-6
1638,ref|NC_001147|,888848,GT,G,14,67,20.9%,1.8462E-5
1638,ref|NC_001147|,889748,T,TA,5,63,7.94%,2.8522E-2
1638,ref|NC_001147|,894338,A,AT,8,93,8.6%,3.308E-3
1638,ref|NC_001147|,895762,AT,A,7,116,6.03%,7.0934E-3
1638,ref|NC_001147|,904139,C,CA,7,90,7.78%,6.8813E-3
1638,ref|NC_001147|,909076,GT,G,6,62,9.68%,1.3417E-2
1638,ref|NC_001147|,923126,GAT,G,5,86,5.81%,2.9417E-2
1638,ref|NC_001147|,925072,CA,C,7,86,8.14%,6.801E-3
1638,ref|NC_001147|,944458,C,CT,6,71,8.45%,1.3877E-2
1638,ref|NC_001147|,954141,CT,C,12,69,17.39%,1.1751E-4
1638,ref|NC_001147|,954783,TA,T,6,105,5.71%,1.452E-2
1638,ref|NC_001147|,960775,T,TA,6,65,9.23%,1.3674E-2
1638,ref|NC_001147|,967942,AT,A,8,119,6.72%,3.4108E-3
1638,ref|NC_001147|,980936,C,G,96,96,100%,2.7702E-57
1638,ref|NC_001147|,984788,TA,T,12,114,10.53%,1.7385E-4
1638,ref|NC_001147|,989706,G,GA,6,112,5.36%,1.454E-2
1638,ref|NC_001147|,1000974,AT,A,11,85,12.94%,3.2525E-4
1638,ref|NC_001147|,1004258,G,GT,7,86,8.14%,6.8133E-3
1638,ref|NC_001147|,1006918,AT,A,7,76,9.21%,6.675E-3
1638,ref|NC_001147|,1013025,CTA,C,6,99,6.06%,1.4417E-2
1638,ref|NC_001147|,1019588,C,CT,14,111,12.61%,3.784E-5
1638,ref|NC_001147|,1031381,CT,C,20,73,27.4%,1.4228E-7
1638,ref|NC_001147|,1058879,AT,A,8,124,6.45%,3.4769E-3
1638,ref|NC_001147|,1074149,T,TA,6,101,5.94%,1.4477E-2
1638,ref|NC_001147|,1077950,CT,C,20,123,16.26%,3.3605E-7
1638,ref|NC_001147|,1078302,C,CT,7,102,6.86%,6.9846E-3
1638,ref|NC_001147|,1090818,TATA,T,12,21,57.14%,2.658E-5
1638,ref|NC_001148|,9510,T,G,9,83,10.84%,1.5539E-3
1638,ref|NC_001148|,9518,C,CA,12,97,12.37%,1.5831E-4
1638,ref|NC_001148|,12828,TA,T,7,90,7.78%,6.8917E-3
1638,ref|NC_001148|,13174,T,TA,8,124,6.45%,3.4519E-3
1638,ref|NC_001148|,16931,A,AT,16,109,14.68%,7.6643E-6
1638,ref|NC_001148|,16995,CT,C,21,110,19.09%,1.4568E-7
1638,ref|NC_001148|,19930,C,CT,6,116,5.17%,1.4597E-2
1638,ref|NC_001148|,44495,TA,T,15,134,11.19%,1.9823E-5
1638,ref|NC_001148|,46594,A,AT,9,111,8.11%,1.6276E-3
1638,ref|NC_001148|,74183,TA,T,7,101,6.93%,6.9846E-3
1638,ref|NC_001148|,76354,CCT,C,7,92,7.61%,6.9019E-3
1638,ref|NC_001148|,85402,CA,C,15,111,13.51%,1.6766E-5
1638,ref|NC_001148|,138809,A,AT,5,85,5.88%,2.9327E-2
1638,ref|NC_001148|,144689,AGGAAACGTC,A,63,93,67.74%,6.9081E-27
1638,ref|NC_001148|,153278,G,GA,11,110,10%,3.6633E-4
1638,ref|NC_001148|,162374,GTA,G,20,76,26.32%,2.0601E-7
1638,ref|NC_001148|,164219,CA,C,7,120,5.83%,7.1177E-3
1638,ref|NC_001148|,166006,G,GT,6,102,5.88%,1.4465E-2
1638,ref|NC_001148|,181192,GT,G,8,75,10.67%,3.1191E-3
1638,ref|NC_001148|,186856,A,T,5,83,6.02%,2.9373E-2
1638,ref|NC_001148|,188829,A,AT,8,114,7.02%,3.4323E-3
1638,ref|NC_001148|,191944,C,T,108,108,100%,1.7511E-64
1638,ref|NC_001148|,192966,CA,C,12,67,17.91%,1.3273E-4
1638,ref|NC_001148|,197824,GA,G,5,62,8.06%,2.87E-2
1638,ref|NC_001148|,197949,C,CA,5,71,7.04%,2.8994E-2
1638,ref|NC_001148|,212823,GAT,G,12,57,21.05%,1.2806E-4
1638,ref|NC_001148|,212901,TA,T,12,66,18.18%,1.1751E-4
1638,ref|NC_001148|,215689,G,GA,8,89,8.99%,3.2661E-3
1638,ref|NC_001148|,218610,TA,T,5,99,5.05%,2.9676E-2
1638,ref|NC_001148|,218646,C,T,5,93,5.38%,2.9575E-2
1638,ref|NC_001148|,239118,GTA,G,10,70,14.29%,6.8401E-4
1638,ref|NC_001148|,244248,TTA,T,22,102,21.57%,6.1288E-8
1638,ref|NC_001148|,246835,G,GA,12,70,17.14%,1.3565E-4
1638,ref|NC_001148|,254614,G,A,5,94,5.32%,2.9592E-2
1638,ref|NC_001148|,259609,GT,G,6,91,6.59%,1.4324E-2
1638,ref|NC_001148|,273689,TA,T,6,95,6.32%,1.4379E-2
1638,ref|NC_001148|,282651,CT,C,8,92,8.7%,3.3331E-3
1638,ref|NC_001148|,296837,C,CT,9,90,10%,1.567E-3
1638,ref|NC_001148|,298502,AAT,A,7,78,8.97%,6.7884E-3
1638,ref|NC_001148|,299725,G,GA,7,112,6.25%,7.0934E-3
1638,ref|NC_001148|,302892,CT,C,7,96,7.29%,6.9587E-3
1638,ref|NC_001148|,312942,GTA,G,15,58,25.86%,1.0121E-5
1638,ref|NC_001148|,317556,TA,T,5,88,5.68%,2.948E-2
1638,ref|NC_001148|,354069,C,T,9,51,17.65%,1.3171E-3
1638,ref|NC_001148|,354594,A,G,5,69,7.25%,2.8994E-2
1638,ref|NC_001148|,359487,G,GT,5,44,11.36%,2.7465E-2
1638,ref|NC_001148|,370796,C,CT,7,82,8.54%,6.837E-3
1638,ref|NC_001148|,381848,GTA,G,13,60,21.67%,5.3813E-5
1638,ref|NC_001148|,386559,AT,A,7,100,7%,6.9587E-3
1638,ref|NC_001148|,404759,GT,G,12,51,23.53%,7.5302E-5
1638,ref|NC_001148|,418304,TA,T,6,86,6.98%,1.4279E-2
1638,ref|NC_001148|,425229,G,GA,13,92,14.13%,7.2404E-5
1638,ref|NC_001148|,461216,T,C,5,95,5.26%,2.961E-2
1638,ref|NC_001148|,462244,GA,G,11,75,14.67%,2.9794E-4
1638,ref|NC_001148|,480281,G,GA,5,77,6.49%,2.9201E-2
1638,ref|NC_001148|,481304,AT,A,48,61,78.69%,1.5902E-22
1638,ref|NC_001148|,482409,G,GA,6,100,6%,1.4454E-2
1638,ref|NC_001148|,482775,CT,C,8,102,7.84%,3.3722E-3
1638,ref|NC_001148|,491804,C,CT,10,65,15.38%,6.345E-4
1638,ref|NC_001148|,502679,CA,C,11,69,15.94%,2.7419E-4
1638,ref|NC_001148|,503385,G,GA,8,58,13.79%,2.8457E-3
1638,ref|NC_001148|,528959,CT,C,11,91,12.09%,3.4579E-4
1638,ref|NC_001148|,548972,A,G,5,72,6.94%,2.9088E-2
1638,ref|NC_001148|,575156,CAT,C,8,89,8.99%,3.3014E-3
1638,ref|NC_001148|,586599,G,GA,5,71,7.04%,2.8856E-2
1638,ref|NC_001148|,588390,C,T,92,92,100%,6.9429E-55
1638,ref|NC_001148|,589896,C,CT,6,86,6.98%,1.4161E-2
1638,ref|NC_001148|,591720,CAT,C,15,83,18.07%,1.4663E-5
1638,ref|NC_001148|,592129,GA,G,8,73,10.96%,3.1618E-3
1638,ref|NC_001148|,604629,T,A,5,100,5%,2.9692E-2
1638,ref|NC_001148|,607467,GA,G,6,71,8.45%,1.3851E-2
1638,ref|NC_001148|,607820,C,CT,6,83,7.23%,1.4161E-2
1638,ref|NC_001148|,607997,CT,C,8,88,9.09%,3.2661E-3
1638,ref|NC_001148|,615257,TA,T,9,72,12.5%,1.4219E-3
1638,ref|NC_001148|,619193,CT,C,5,90,5.56%,2.9519E-2
1638,ref|NC_001148|,620255,CA,C,9,66,13.64%,1.4373E-3
1638,ref|NC_001148|,621903,C,CA,11,85,12.94%,3.362E-4
1638,ref|NC_001148|,623198,GA,G,5,79,6.33%,2.9201E-2
1638,ref|NC_001148|,623381,GA,G,8,97,8.25%,3.339E-3
1638,ref|NC_001148|,637259,C,G,5,55,9.09%,2.8423E-2
1638,ref|NC_001148|,639136,GA,G,5,93,5.38%,2.9538E-2
1638,ref|NC_001148|,639361,GA,G,8,107,7.48%,3.4017E-3
1638,ref|NC_001148|,643570,C,CT,5,91,5.49%,2.948E-2
1638,ref|NC_001148|,643709,GA,G,5,79,6.33%,2.9254E-2
1638,ref|NC_001148|,643732,G,GA,7,77,9.09%,6.7486E-3
1638,ref|NC_001148|,646234,C,CT,11,88,12.5%,3.3447E-4
1638,ref|NC_001148|,650390,G,GA,5,81,6.17%,2.9279E-2
1638,ref|NC_001148|,655079,GA,G,7,72,9.72%,6.4484E-3
1638,ref|NC_001148|,667520,T,G,90,90,100%,1.0988E-53
1638,ref|NC_001148|,672992,G,A,5,93,5.38%,2.9575E-2
1638,ref|NC_001148|,675808,G,GA,10,93,10.75%,7.4993E-4
1638,ref|NC_001148|,677053,C,CT,5,87,5.75%,2.9417E-2
1638,ref|NC_001148|,677102,A,G,87,87,100%,6.9142E-52
1638,ref|NC_001148|,689118,T,A,6,99,6.06%,1.4454E-2
1638,ref|NC_001148|,695616,TA,T,5,67,7.46%,2.878E-2
1638,ref|NC_001148|,698526,G,GA,11,92,11.96%,3.4872E-4
1638,ref|NC_001148|,700618,A,T,5,83,6.02%,2.9373E-2
1638,ref|NC_001148|,711293,CT,C,9,96,9.38%,1.5908E-3
1638,ref|NC_001148|,754378,T,TG,6,103,5.83%,1.4477E-2
1638,ref|NC_001148|,759400,T,G,102,102,100%,6.9709E-61
1638,ref|NC_001148|,776566,A,AT,6,91,6.59%,1.4352E-2
1638,ref|NC_001148|,802209,G,GA,8,108,7.41%,3.4063E-3
1638,ref|NC_001148|,814358,C,CA,9,116,7.76%,1.6447E-3
1638,ref|NC_001148|,818770,GA,G,5,97,5.15%,2.961E-2
1638,ref|NC_001148|,819664,AT,A,7,100,7%,6.9587E-3
1638,ref|NC_001148|,837643,AT,A,7,108,6.48%,7.0464E-3
1638,ref|NC_001148|,840627,AT,A,8,76,10.53%,2.9874E-3
1638,ref|NC_001148|,852115,T,A,18,49,36.73%,5.6162E-7
1638,ref|NC_001148|,857189,GT,G,11,87,12.64%,3.2718E-4
1638,ref|NC_001148|,860017,GT,G,5,95,5.26%,2.9575E-2
1638,ref|NC_001148|,868371,AT,A,25,119,21.01%,6.3983E-9
1638,ref|NC_001148|,876243,CTA,C,10,94,10.64%,7.5448E-4
1638,ref|NC_001148|,886454,G,GT,10,100,10%,7.4273E-4
1638,ref|NC_001148|,887933,AT,A,16,117,13.68%,8.4316E-6
1638,ref|NC_001148|,890346,T,A,122,122,100%,6.9324E-73
1638,ref|NC_001148|,939183,GA,G,11,104,10.58%,3.6057E-4
1638,ref|NC_001224|,1162,TTA,T,73,1265,5.77%,1.3888E-21
1638,ref|NC_001224|,16114,AT,A,3665,3781,96.93%,0E0
1638,ref|NC_001224|,20345,GA,G,3189,3302,96.61%,0E0
1638,ref|NC_001224|,20934,T,G,3843,3844,99.97%,0E0
1638,ref|NC_001224|,33467,T,C,1876,1876,100%,0E0
1638,ref|NC_001224|,33618,T,TTC,1082,1212,89.27%,0E0
1638,ref|NC_001224|,33779,AC,A,1325,1516,87.4%,0E0
1638,ref|NC_001224|,39517,G,T,3134,3136,99.94%,0E0
1638,ref|NC_001224|,43084,A,AT,2550,2833,90.01%,0E0
1638,ref|NC_001224|,44795,A,AT,2218,2473,89.69%,0E0
1638,ref|NC_001224|,49500,A,T,1560,1562,99.87%,0E0
1638,ref|NC_001224|,62646,AAT,A,84,1016,8.27%,8.2372E-27
1638,ref|NC_001224|,65917,C,CG,98,1726,5.68%,3.7863E-29
1638,ref|NC_001224|,73114,AG,A,1339,1446,92.6%,0E0
1638,ref|NC_001224|,73136,TC,T,1317,1380,95.43%,0E0
1638,ref|NC_001224|,73518,AT,A,157,2092,7.5%,1.7335E-47
1638,ref|NC_001224|,82253,T,TA,1550,1773,87.42%,0E0
1638,ref|NC_001224|,82507,T,A,1020,1020,100%,0E0
1667-1635,ref|NC_001133|,5068,A,AT,18,161,11.18%,2.2272E-6
1667-1635,ref|NC_001133|,6736,C,CAA,46,163,28.22%,2.4222E-17
1667-1635,ref|NC_001133|,12529,A,G,22,251,8.76%,1.474E-7
1667-1635,ref|NC_001133|,12566,C,T,23,303,7.59%,7.7261E-8
1667-1635,ref|NC_001133|,12570,C,T,22,305,7.21%,1.61E-7
1667-1635,ref|NC_001133|,12594,A,T,34,331,10.27%,2.3831E-11
1667-1635,ref|NC_001133|,12620,T,C,90,390,23.08%,2.4056E-30
1667-1635,ref|NC_001133|,12662,T,C,36,439,8.2%,6.8876E-12
1667-1635,ref|NC_001133|,12666,T,C,36,433,8.31%,6.8135E-12
1667-1635,ref|NC_001133|,12668,T,C,143,419,34.13%,3.6958E-50
1667-1635,ref|NC_001133|,12690,A,T,208,378,55.03%,5.9318E-81
1667-1635,ref|NC_001133|,12716,C,T,82,371,22.1%,1.3376E-27
1667-1635,ref|NC_001133|,12758,T,C,19,267,7.12%,1.3688E-6
1667-1635,ref|NC_001133|,12762,T,C,23,265,8.68%,7.2399E-8
1667-1635,ref|NC_001133|,12764,T,C,26,259,10.04%,7.7002E-9
1667-1635,ref|NC_001133|,12786,T,A,17,199,8.54%,5.341E-6
1667-1635,ref|NC_001133|,12791,C,T,18,183,9.84%,2.4588E-6
1667-1635,ref|NC_001133|,12793,G,A,17,183,9.29%,5.1693E-6
1667-1635,ref|NC_001133|,16863,GT,G,16,122,13.11%,8.577E-6
1667-1635,ref|NC_001133|,23239,CT,C,13,153,8.5%,9.1579E-5
1667-1635,ref|NC_001133|,23712,C,CA,47,120,39.17%,5.5539E-18
1667-1635,ref|NC_001133|,25340,C,A,147,147,100%,6.7575E-88
1667-1635,ref|NC_001133|,25488,G,A,21,21,100%,1.8578E-12
1667-1635,ref|NC_001133|,25497,G,A,12,12,100%,3.698E-7
1667-1635,ref|NC_001133|,25872,G,C,87,88,98.86%,6.9142E-52
1667-1635,ref|NC_001133|,25926,G,A,11,111,9.91%,3.7643E-4
1667-1635,ref|NC_001133|,25968,T,C,8,84,9.52%,3.2807E-3
1667-1635,ref|NC_001133|,26193,T,C,18,44,40.91%,4.2568E-7
1667-1635,ref|NC_001133|,26196,G,A,7,54,12.96%,6.3515E-3
1667-1635,ref|NC_001133|,26331,G,A,87,312,27.88%,5.95E-30
1667-1635,ref|NC_001133|,26373,C,T,53,179,29.61%,1.1932E-18
1667-1635,ref|NC_001133|,26391,A,G,41,118,34.75%,6.6517E-15
1667-1635,ref|NC_001133|,26406,G,T,9,73,12.33%,1.503E-3
1667-1635,ref|NC_001133|,26412,G,C,46,46,100%,2.4343E-27
1667-1635,ref|NC_001133|,26901,T,G,7,60,11.67%,6.4922E-3
1667-1635,ref|NC_001133|,26916,G,A,6,48,12.5%,1.3237E-2
1667-1635,ref|NC_001133|,27099,T,C,13,13,100%,9.6148E-8
1667-1635,ref|NC_001133|,27105,A,G,17,17,100%,4.2852E-10
1667-1635,ref|NC_001133|,27126,T,C,42,42,100%,5.9562E-25
1667-1635,ref|NC_001133|,27129,C,G,42,42,100%,5.9562E-25
1667-1635,ref|NC_001133|,31122,CAT,C,20,125,16%,3.795E-7
1667-1635,ref|NC_001133|,31483,CCA,C,9,129,6.98%,1.6907E-3
1667-1635,ref|NC_001133|,35113,G,GA,18,157,11.46%,2.1476E-6
1667-1635,ref|NC_001133|,42085,GA,G,8,153,5.23%,3.5449E-3
1667-1635,ref|NC_001133|,45359,AG,A,9,170,5.29%,1.7462E-3
1667-1635,ref|NC_001133|,45634,CT,C,27,161,16.77%,2.0017E-9
1667-1635,ref|NC_001133|,65614,AT,A,12,179,6.7%,2.0065E-4
1667-1635,ref|NC_001133|,69828,CT,C,14,161,8.7%,4.3913E-5
1667-1635,ref|NC_001133|,70906,GA,G,45,161,27.95%,2.6607E-16
1667-1635,ref|NC_001133|,71116,G,GA,9,162,5.56%,1.7319E-3
1667-1635,ref|NC_001133|,74999,AT,A,15,158,9.49%,2.09E-5
1667-1635,ref|NC_001133|,92602,CT,C,12,164,7.32%,1.9683E-4
1667-1635,ref|NC_001133|,100007,AT,A,11,157,7.01%,3.999E-4
1667-1635,ref|NC_001133|,101281,C,CA,31,110,28.18%,2.0312E-11
1667-1635,ref|NC_001133|,126880,C,CTT,67,149,44.97%,7.5307E-28
1667-1635,ref|NC_001133|,128103,AT,A,15,171,8.77%,2.1388E-5
1667-1635,ref|NC_001133|,141135,A,T,147,147,100%,6.7575E-88
1667-1635,ref|NC_001133|,142085,CT,C,12,162,7.41%,1.9656E-4
1667-1635,ref|NC_001133|,142298,C,CT,13,172,7.56%,9.5911E-5
1667-1635,ref|NC_001133|,143575,GA,G,14,187,7.49%,4.6863E-5
1667-1635,ref|NC_001133|,152105,CT,C,21,147,14.29%,1.9377E-7
1667-1635,ref|NC_001133|,154817,G,GT,11,149,7.38%,4.0104E-4
1667-1635,ref|NC_001133|,161128,C,T,9,55,16.36%,1.3694E-3
1667-1635,ref|NC_001133|,183387,AC,A,168,169,99.41%,7.0008E-99
1667-1635,ref|NC_001133|,188881,G,C,34,237,14.35%,1.6269E-11
1667-1635,ref|NC_001133|,188939,A,G,39,215,18.14%,2.7321E-13
1667-1635,ref|NC_001133|,192551,C,CA,17,175,9.71%,4.9431E-6
1667-1635,ref|NC_001133|,193631,A,T,166,166,100%,2.6121E-99
1667-1635,ref|NC_001133|,198906,G,GA,10,180,5.56%,8.5697E-4
1667-1635,ref|NC_001133|,199811,T,G,174,174,100%,4.0806E-104
1667-1635,ref|NC_001133|,199908,CT,C,30,175,17.14%,1.6793E-10
1667-1635,ref|NC_001133|,205403,A,G,12,25,48%,4.2836E-5
1667-1635,ref|NC_001133|,206126,T,C,62,62,100%,6.5755E-37
1667-1635,ref|NC_001133|,206129,A,C,63,63,100%,1.657E-37
1667-1635,ref|NC_001133|,206132,G,T,63,63,100%,1.657E-37
1667-1635,ref|NC_001133|,206144,C,T,57,57,100%,6.4572E-34
1667-1635,ref|NC_001133|,206177,G,C,46,47,100%,2.4343E-27
1667-1635,ref|NC_001133|,206178,C,A,46,47,97.87%,2.9526E-26
1667-1635,ref|NC_001133|,206179,A,C,45,46,97.83%,1.1441E-25
1667-1635,ref|NC_001133|,208278,A,AT,9,179,5.03%,1.751E-3
1667-1635,ref|NC_001133|,210818,A,T,169,169,100%,4.1181E-101
1667-1635,ref|NC_001133|,211019,T,C,166,166,100%,2.6121E-99
1667-1635,ref|NC_001133|,223127,C,CTT,6,31,19.35%,1.1603E-2
1667-1635,ref|NC_001133|,225080,TA,T,41,127,32.28%,5.5389E-15
1667-1635,ref|NC_001133|,226914,AT,A,20,142,14.08%,4.2668E-7
1667-1635,ref|NC_001133|,230183,G,GGT,16,25,64%,4.1493E-7
1667-1635,ref|NC_001134|,1187,C,T,43,225,19.11%,1.2348E-14
1667-1635,ref|NC_001134|,1254,T,C,23,199,11.56%,6.0747E-8
1667-1635,ref|NC_001134|,1372,G,C,29,230,12.61%,7.2645E-10
1667-1635,ref|NC_001134|,1528,G,A,12,196,6.12%,2.0526E-4
1667-1635,ref|NC_001134|,1531,A,T,11,198,5.56%,4.2335E-4
1667-1635,ref|NC_001134|,1532,G,T,11,199,5.53%,4.2366E-4
1667-1635,ref|NC_001134|,5983,C,G,165,165,100%,1.0417E-98
1667-1635,ref|NC_001134|,6440,G,C,140,141,99.29%,1.0805E-83
1667-1635,ref|NC_001134|,7510,G,A,152,152,100%,6.7102E-91
1667-1635,ref|NC_001134|,7511,G,A,152,152,100%,6.7102E-91
1667-1635,ref|NC_001134|,7912,GA,G,150,159,94.34%,9.8952E-81
1667-1635,ref|NC_001134|,9022,G,GA,45,140,32.14%,1.0125E-16
1667-1635,ref|NC_001134|,15101,T,G,170,170,100%,1.0326E-101
1667-1635,ref|NC_001134|,15510,G,T,166,166,100%,2.6121E-99
1667-1635,ref|NC_001134|,15518,A,G,169,169,100%,4.1181E-101
1667-1635,ref|NC_001134|,16380,C,T,182,182,100%,6.3678E-109
1667-1635,ref|NC_001134|,16392,A,G,178,178,100%,1.6122E-106
1667-1635,ref|NC_001134|,24053,GT,G,7,114,6.14%,7.0464E-3
1667-1635,ref|NC_001134|,28695,C,CT,9,156,5.77%,1.7262E-3
1667-1635,ref|NC_001134|,30012,C,T,129,129,100%,4.3506E-77
1667-1635,ref|NC_001134|,30050,A,G,119,119,100%,4.3819E-71
1667-1635,ref|NC_001134|,30210,T,C,53,53,100%,1.5943E-31
1667-1635,ref|NC_001134|,30658,G,T,16,16,100%,1.6637E-9
1667-1635,ref|NC_001134|,30660,T,C,16,16,100%,1.6637E-9
1667-1635,ref|NC_001134|,30723,G,A,32,32,100%,5.4567E-19
1667-1635,ref|NC_001134|,30848,C,G,59,59,100%,4.1056E-35
1667-1635,ref|NC_001134|,34298,G,A,77,77,100%,6.8219E-46
1667-1635,ref|NC_001134|,34562,G,A,5,98,5.1%,2.966E-2
1667-1635,ref|NC_001134|,34565,T,C,12,101,11.88%,1.7262E-4
1667-1635,ref|NC_001134|,35485,C,T,134,134,100%,4.3301E-80
1667-1635,ref|NC_001134|,38968,GT,G,16,151,10.6%,9.9758E-6
1667-1635,ref|NC_001134|,40590,CAT,C,12,99,12.12%,1.6573E-4
1667-1635,ref|NC_001134|,43104,C,CT,6,97,6.19%,1.4279E-2
1667-1635,ref|NC_001134|,45956,A,AT,18,157,11.46%,2.1568E-6
1667-1635,ref|NC_001134|,51505,C,T,59,169,34.91%,3.6382E-21
1667-1635,ref|NC_001134|,59755,T,C,158,158,100%,1.6702E-94
1667-1635,ref|NC_001134|,69628,CA,C,16,174,9.2%,1.026E-5
1667-1635,ref|NC_001134|,71825,C,CT,9,150,6%,1.7155E-3
1667-1635,ref|NC_001134|,84398,CA,C,11,126,8.73%,3.8655E-4
1667-1635,ref|NC_001134|,88125,C,CT,11,170,6.47%,4.0924E-4
1667-1635,ref|NC_001134|,88484,GGAGAA,G,96,119,80.67%,8.1955E-45
1667-1635,ref|NC_001134|,101340,C,CA,7,131,5.34%,7.1866E-3
1667-1635,ref|NC_001134|,105333,CT,C,8,122,6.56%,3.4665E-3
1667-1635,ref|NC_001134|,115437,GA,G,27,154,17.53%,1.7366E-9
1667-1635,ref|NC_001134|,122429,GA,G,12,149,8.05%,1.9326E-4
1667-1635,ref|NC_001134|,122587,AT,A,10,127,7.87%,7.917E-4
1667-1635,ref|NC_001134|,127636,CT,C,13,135,9.63%,8.7139E-5
1667-1635,ref|NC_001134|,133870,CAT,C,13,128,10.16%,8.5821E-5
1667-1635,ref|NC_001134|,137659,TA,T,19,79,24.05%,4.1996E-7
1667-1635,ref|NC_001134|,138274,AT,A,15,138,10.87%,1.9307E-5
1667-1635,ref|NC_001134|,143864,G,GA,8,156,5.13%,3.5565E-3
1667-1635,ref|NC_001134|,145899,GA,G,10,100,10%,7.3507E-4
1667-1635,ref|NC_001134|,151274,G,GT,12,135,8.89%,1.8758E-4
1667-1635,ref|NC_001134|,153609,AT,A,10,152,6.58%,8.2986E-4
1667-1635,ref|NC_001134|,165010,C,CT,11,150,7.33%,4.016E-4
1667-1635,ref|NC_001134|,165902,C,CT,28,97,28.87%,9.5854E-11
1667-1635,ref|NC_001134|,167275,C,CA,8,157,5.1%,3.5587E-3
1667-1635,ref|NC_001134|,167978,C,CA,85,157,54.14%,6.9661E-36
1667-1635,ref|NC_001134|,174714,A,AT,21,152,13.82%,2.0251E-7
1667-1635,ref|NC_001134|,192232,C,CT,14,134,10.45%,4.1666E-5
1667-1635,ref|NC_001134|,207021,GT,G,6,93,6.45%,1.4231E-2
1667-1635,ref|NC_001134|,212519,T,TA,7,133,5.26%,7.1818E-3
1667-1635,ref|NC_001134|,221288,AGT,A,95,100,95%,1.0664E-51
1667-1635,ref|NC_001134|,242639,A,AT,10,123,8.13%,8.0195E-4
1667-1635,ref|NC_001134|,251593,CT,C,15,119,12.61%,1.848E-5
1667-1635,ref|NC_001134|,254459,CT,C,7,128,5.47%,7.1769E-3
1667-1635,ref|NC_001134|,259764,C,T,69,69,100%,4.233E-41
1667-1635,ref|NC_001134|,263144,GC,G,48,49,97.96%,1.9625E-27
1667-1635,ref|NC_001134|,263153,C,T,53,53,100%,1.5943E-31
1667-1635,ref|NC_001134|,263158,CG,C,55,57,96.49%,1.1048E-30
1667-1635,ref|NC_001134|,263168,CG,C,63,63,100%,1.657E-37
1667-1635,ref|NC_001134|,270660,G,GA,12,125,9.6%,1.7996E-4
1667-1635,ref|NC_001134|,270744,TA,T,6,98,6.12%,1.4379E-2
1667-1635,ref|NC_001134|,270857,CT,C,11,102,10.78%,3.6409E-4
1667-1635,ref|NC_001134|,281139,GA,G,8,136,5.88%,3.5052E-3
1667-1635,ref|NC_001134|,290352,C,CA,10,128,7.81%,8.0861E-4
1667-1635,ref|NC_001134|,296125,AT,A,15,113,13.27%,1.5519E-5
1667-1635,ref|NC_001134|,300033,GA,G,10,92,10.87%,7.1196E-4
1667-1635,ref|NC_001134|,307654,AT,A,7,95,7.37%,6.9019E-3
1667-1635,ref|NC_001134|,316949,CA,C,24,110,21.82%,1.0611E-8
1667-1635,ref|NC_001134|,320222,G,C,16,72,22.22%,5.9837E-6
1667-1635,ref|NC_001134|,338222,A,AT,7,116,6.03%,7.0996E-3
1667-1635,ref|NC_001134|,342440,G,GA,11,153,7.19%,4.0271E-4
1667-1635,ref|NC_001134|,351230,C,CA,7,101,6.93%,6.9928E-3
1667-1635,ref|NC_001134|,353485,C,CA,6,82,7.32%,1.4197E-2
1667-1635,ref|NC_001134|,369788,CT,C,9,126,7.14%,1.6695E-3
1667-1635,ref|NC_001134|,383052,TA,T,9,121,7.44%,1.6625E-3
1667-1635,ref|NC_001134|,383176,C,CG,123,134,91.79%,4.3805E-64
1667-1635,ref|NC_001134|,386207,CA,C,23,127,18.11%,3.0824E-8
1667-1635,ref|NC_001134|,389421,GCT,G,97,107,90.65%,6.2187E-50
1667-1635,ref|NC_001134|,406430,G,GA,10,142,7.04%,8.205E-4
1667-1635,ref|NC_001134|,407734,C,CT,6,116,5.17%,1.4615E-2
1667-1635,ref|NC_001134|,415764,CT,C,23,130,17.69%,3.5549E-8
1667-1635,ref|NC_001134|,426983,T,TA,7,98,7.14%,6.9498E-3
1667-1635,ref|NC_001134|,434300,CA,C,11,134,8.21%,3.9025E-4
1667-1635,ref|NC_001134|,452435,CT,C,19,116,16.38%,7.6509E-7
1667-1635,ref|NC_001134|,477089,GTA,G,12,104,11.54%,1.7198E-4
1667-1635,ref|NC_001134|,479272,CA,C,12,133,9.02%,1.8467E-4
1667-1635,ref|NC_001134|,479796,C,CA,7,133,5.26%,7.2006E-3
1667-1635,ref|NC_001134|,485927,GT,G,10,89,11.24%,7.1508E-4
1667-1635,ref|NC_001134|,491090,CT,C,10,126,7.94%,8.0467E-4
1667-1635,ref|NC_001134|,492950,GA,G,15,110,13.64%,1.5786E-5
1667-1635,ref|NC_001134|,499536,CA,C,12,97,12.37%,1.5255E-4
1667-1635,ref|NC_001134|,504355,CCA,C,7,130,5.38%,7.1818E-3
1667-1635,ref|NC_001134|,505412,C,CA,11,121,9.09%,3.8002E-4
1667-1635,ref|NC_001134|,526831,GA,G,7,137,5.11%,7.2006E-3
1667-1635,ref|NC_001134|,539226,GA,G,10,114,8.77%,7.8361E-4
1667-1635,ref|NC_001134|,553512,GA,G,8,124,6.45%,3.47E-3
1667-1635,ref|NC_001134|,559762,CAT,C,11,95,11.58%,3.5291E-4
1667-1635,ref|NC_001134|,561221,T,G,6,70,8.57%,1.3976E-2
1667-1635,ref|NC_001134|,561222,G,GA,11,90,12.22%,3.1917E-4
1667-1635,ref|NC_001134|,563031,G,GT,27,116,23.28%,8.8542E-10
1667-1635,ref|NC_001134|,571328,CA,C,26,130,20%,2.692E-9
1667-1635,ref|NC_001134|,576030,TA,T,14,118,11.86%,3.8754E-5
1667-1635,ref|NC_001134|,581558,AT,A,9,138,6.52%,1.6926E-3
1667-1635,ref|NC_001134|,604913,CT,C,7,140,5%,7.214E-3
1667-1635,ref|NC_001134|,628316,TA,T,10,165,6.06%,8.44E-4
1667-1635,ref|NC_001134|,628558,GT,G,7,82,8.54%,6.659E-3
1667-1635,ref|NC_001134|,642095,A,T,6,109,5.5%,1.456E-2
1667-1635,ref|NC_001134|,646111,CAT,C,15,92,16.3%,1.5244E-5
1667-1635,ref|NC_001134|,653039,CA,C,9,144,6.25%,1.7089E-3
1667-1635,ref|NC_001134|,680339,TA,T,9,129,6.98%,1.6718E-3
1667-1635,ref|NC_001134|,681991,C,CA,9,124,7.26%,1.6625E-3
1667-1635,ref|NC_001134|,684840,A,AT,15,130,11.54%,1.9307E-5
1667-1635,ref|NC_001134|,694611,T,TA,6,120,5%,1.4632E-2
1667-1635,ref|NC_001134|,698075,G,GA,19,118,16.1%,7.6509E-7
1667-1635,ref|NC_001134|,700169,AT,A,9,149,6.04%,1.7054E-3
1667-1635,ref|NC_001134|,702006,CAT,C,10,52,19.23%,5.7272E-4
1667-1635,ref|NC_001134|,704438,TA,T,10,133,7.52%,8.0861E-4
1667-1635,ref|NC_001134|,714609,TA,T,10,182,5.49%,8.5889E-4
1667-1635,ref|NC_001134|,721265,GA,G,18,160,11.25%,2.1839E-6
1667-1635,ref|NC_001134|,723663,C,CA,84,128,65.62%,2.3504E-36
1667-1635,ref|NC_001134|,746362,CATCTGCA,C,139,154,90.26%,4.4602E-71
1667-1635,ref|NC_001134|,751216,CA,C,19,188,10.11%,1.1165E-6
1667-1635,ref|NC_001134|,767793,G,GA,9,152,5.92%,1.7186E-3
1667-1635,ref|NC_001134|,774669,C,CA,14,127,11.02%,3.8754E-5
1667-1635,ref|NC_001134|,777906,AT,A,15,142,10.56%,2.0421E-5
1667-1635,ref|NC_001134|,784713,CT,C,13,169,7.69%,9.5024E-5
1667-1635,ref|NC_001134|,784824,G,GA,8,160,5%,3.5587E-3
1667-1635,ref|NC_001134|,796621,T,TA,9,138,6.52%,1.7019E-3
1667-1635,ref|NC_001134|,809468,GA,G,8,132,6.06%,3.47E-3
1667-1635,ref|NC_001134|,809484,C,CT,16,136,11.76%,9.2614E-6
1667-1635,ref|NC_001134|,809794,AT,A,58,129,44.96%,4.4849E-24
1667-1635,ref|NC_001135|,31,CA,C,4,15,26.67%,4.9808E-2
1667-1635,ref|NC_001135|,65,A,AC,5,24,20.83%,2.4548E-2
1667-1635,ref|NC_001135|,83,CCA,C,7,52,13.73%,6.2693E-3
1667-1635,ref|NC_001135|,89,AC,A,12,46,26.67%,1.027E-4
1667-1635,ref|NC_001135|,97,CCA,C,9,64,14.29%,1.4138E-3
1667-1635,ref|NC_001135|,102,CA,C,10,64,15.87%,6.6338E-4
1667-1635,ref|NC_001135|,110,CCA,C,6,85,7.06%,1.4142E-2
1667-1635,ref|NC_001135|,118,A,AC,5,74,7.14%,2.9026E-2
1667-1635,ref|NC_001135|,129,A,AC,14,66,22.22%,2.5912E-5
1667-1635,ref|NC_001135|,133,AC,A,8,71,11.43%,3.1411E-3
1667-1635,ref|NC_001135|,141,CCA,C,7,96,7.37%,6.9587E-3
1667-1635,ref|NC_001135|,146,CA,C,8,91,8.79%,3.327E-3
1667-1635,ref|NC_001135|,147,A,AC,5,95,5.81%,2.9417E-2
1667-1635,ref|NC_001135|,154,CCA,C,7,113,6.25%,7.0318E-3
1667-1635,ref|NC_001135|,158,A,ACC,8,92,8.79%,3.3014E-3
1667-1635,ref|NC_001135|,160,A,C,11,90,12.94%,3.4115E-4
1667-1635,ref|NC_001135|,171,CCA,C,8,127,6.3%,3.4735E-3
1667-1635,ref|NC_001135|,175,A,AC,6,84,7.14%,1.4231E-2
1667-1635,ref|NC_001135|,184,A,AC,16,101,15.84%,7.9565E-6
1667-1635,ref|NC_001135|,195,A,AC,8,121,6.61%,3.4557E-3
1667-1635,ref|NC_001135|,208,CCA,C,7,134,5.26%,7.1669E-3
1667-1635,ref|NC_001135|,214,A,AC,7,120,6.03%,7.0996E-3
1667-1635,ref|NC_001135|,225,AC,A,6,104,5.83%,1.4488E-2
1667-1635,ref|NC_001135|,226,C,CA,7,101,7.22%,6.9846E-3
1667-1635,ref|NC_001135|,231,AC,A,19,101,19%,6.7728E-7
1667-1635,ref|NC_001135|,232,C,CA,6,70,8.82%,1.3928E-2
1667-1635,ref|NC_001135|,233,C,A,15,65,23.81%,1.1869E-5
1667-1635,ref|NC_001135|,234,C,CA,8,71,11.94%,3.1191E-3
1667-1635,ref|NC_001135|,240,CCA,C,8,106,7.77%,3.3773E-3
1667-1635,ref|NC_001135|,253,CCA,C,6,97,6.19%,1.4352E-2
1667-1635,ref|NC_001135|,267,CCCACACACACCCACA,C,8,85,9.52%,3.2807E-3
1667-1635,ref|NC_001135|,272,A,AC,10,55,19.61%,5.6532E-4
1667-1635,ref|NC_001135|,282,A,AC,10,57,17.54%,6.2367E-4
1667-1635,ref|NC_001135|,294,CA,C,10,89,11.24%,7.4758E-4
1667-1635,ref|NC_001135|,302,CCA,C,7,86,8.14%,6.8813E-3
1667-1635,ref|NC_001135|,8353,CT,C,20,171,11.7%,4.888E-7
1667-1635,ref|NC_001135|,8575,CA,C,34,177,19.21%,5.3867E-12
1667-1635,ref|NC_001135|,9181,A,AT,17,175,9.71%,4.8729E-6
1667-1635,ref|NC_001135|,27658,T,TA,21,113,18.58%,1.2307E-7
1667-1635,ref|NC_001135|,42005,CA,C,36,144,25%,4.8628E-13
1667-1635,ref|NC_001135|,44541,GA,G,26,141,18.44%,2.8853E-9
1667-1635,ref|NC_001135|,50320,AAT,A,15,109,13.76%,1.665E-5
1667-1635,ref|NC_001135|,54924,C,CA,12,169,7.1%,1.9656E-4
1667-1635,ref|NC_001135|,57055,TA,T,7,116,6.03%,7.0464E-3
1667-1635,ref|NC_001135|,57071,C,CA,13,110,11.93%,7.9401E-5
1667-1635,ref|NC_001135|,57221,CA,C,21,102,20.59%,1.2735E-7
1667-1635,ref|NC_001135|,62748,CAT,C,11,126,8.73%,3.85E-4
1667-1635,ref|NC_001135|,78480,CT,C,8,155,5.16%,3.5542E-3
1667-1635,ref|NC_001135|,84421,G,A,113,113,100%,1.7491E-67
1667-1635,ref|NC_001135|,99797,G,A,26,92,28.26%,1.9004E-9
1667-1635,ref|NC_001135|,101876,CT,C,14,128,10.94%,3.9763E-5
1667-1635,ref|NC_001135|,107899,G,GA,10,165,6.06%,8.44E-4
1667-1635,ref|NC_001135|,127804,CT,C,7,133,5.26%,7.1719E-3
1667-1635,ref|NC_001135|,142665,GA,G,17,155,10.97%,4.4788E-6
1667-1635,ref|NC_001135|,143131,T,C,134,134,100%,4.3301E-80
1667-1635,ref|NC_001135|,155207,GA,G,11,148,7.43%,3.969E-4
1667-1635,ref|NC_001135|,162361,T,C,142,142,100%,6.8012E-85
1667-1635,ref|NC_001135|,162396,G,C,141,141,100%,2.7109E-84
1667-1635,ref|NC_001135|,162640,T,G,117,117,100%,6.952E-70
1667-1635,ref|NC_001135|,162694,G,A,123,123,100%,1.7402E-73
1667-1635,ref|NC_001135|,162712,TA,T,116,129,89.92%,1.2634E-59
1667-1635,ref|NC_001135|,163059,T,C,152,152,100%,6.7102E-91
1667-1635,ref|NC_001135|,163163,G,GA,143,175,81.71%,1.0197E-70
1667-1635,ref|NC_001135|,163192,A,AT,167,172,97.09%,9.7742E-95
1667-1635,ref|NC_001135|,178453,C,CA,8,139,5.76%,3.5194E-3
1667-1635,ref|NC_001135|,199081,G,A,99,100,99%,1.1154E-57
1667-1635,ref|NC_001135|,205674,CT,C,10,150,6.67%,8.3083E-4
1667-1635,ref|NC_001135|,209788,C,CA,16,140,11.43%,9.0626E-6
1667-1635,ref|NC_001135|,211722,G,GA,11,137,8.03%,3.8732E-4
1667-1635,ref|NC_001135|,223344,C,CT,14,167,8.38%,4.5612E-5
1667-1635,ref|NC_001135|,224773,TTA,T,11,123,8.94%,3.7915E-4
1667-1635,ref|NC_001135|,228964,GT,G,9,114,7.89%,1.6306E-3
1667-1635,ref|NC_001135|,229272,C,CA,8,118,6.78%,3.4196E-3
1667-1635,ref|NC_001135|,231005,CT,C,22,152,14.47%,8.4286E-8
1667-1635,ref|NC_001135|,236778,G,GT,6,117,5.13%,1.4588E-2
1667-1635,ref|NC_001135|,236804,C,CT,10,138,7.25%,8.1826E-4
1667-1635,ref|NC_001135|,242447,AT,A,31,150,20.67%,6.2114E-11
1667-1635,ref|NC_001135|,247980,GTA,G,15,99,15.15%,1.6766E-5
1667-1635,ref|NC_001135|,259986,G,GT,8,128,6.25%,3.4665E-3
1667-1635,ref|NC_001135|,260025,GTA,G,11,124,8.87%,3.8088E-4
1667-1635,ref|NC_001135|,273025,GA,G,29,160,18.12%,3.0134E-10
1667-1635,ref|NC_001135|,289207,A,G,7,133,5.26%,7.2051E-3
1667-1635,ref|NC_001135|,292572,AAT,A,11,129,8.53%,3.8257E-4
1667-1635,ref|NC_001135|,304284,TA,T,15,206,7.28%,2.3173E-5
1667-1635,ref|NC_001135|,308240,CT,C,10,151,6.62%,8.3459E-4
1667-1635,ref|NC_001135|,313479,TA,T,15,183,8.2%,2.223E-5
1667-1635,ref|NC_001135|,315517,CTA,C,24,136,17.65%,1.602E-8
1667-1635,ref|NC_001136|,7721,C,CA,71,73,97.26%,4.7191E-40
1667-1635,ref|NC_001136|,12071,G,C,4,16,25%,4.9808E-2
1667-1635,ref|NC_001136|,13937,G,A,91,174,52.3%,3.5485E-35
1667-1635,ref|NC_001136|,20525,CTA,C,10,81,12.35%,7.1196E-4
1667-1635,ref|NC_001136|,27734,C,T,20,115,17.39%,3.8622E-7
1667-1635,ref|NC_001136|,27738,A,G,14,107,13.08%,3.8754E-5
1667-1635,ref|NC_001136|,27741,C,T,7,98,7.14%,6.9928E-3
1667-1635,ref|NC_001136|,27742,A,G,20,110,18.18%,3.6915E-7
1667-1635,ref|NC_001136|,27743,C,G,13,99,13.13%,8.0142E-5
1667-1635,ref|NC_001136|,27747,A,G,17,107,15.89%,3.829E-6
1667-1635,ref|NC_001136|,43856,CT,C,12,139,8.63%,1.851E-4
1667-1635,ref|NC_001136|,43887,GA,G,13,156,8.33%,9.2701E-5
1667-1635,ref|NC_001136|,50590,AT,A,8,158,5.06%,3.5565E-3
1667-1635,ref|NC_001136|,57073,GA,G,8,123,6.5%,3.4557E-3
1667-1635,ref|NC_001136|,66048,GA,G,9,156,5.77%,1.7217E-3
1667-1635,ref|NC_001136|,76825,C,CA,8,148,5.41%,3.5351E-3
1667-1635,ref|NC_001136|,92669,T,G,6,119,5.04%,1.4649E-2
1667-1635,ref|NC_001136|,92682,G,GA,22,132,16.67%,4.7918E-8
1667-1635,ref|NC_001136|,95791,G,GT,12,147,8.16%,1.8985E-4
1667-1635,ref|NC_001136|,99407,G,GA,15,186,8.06%,2.2057E-5
1667-1635,ref|NC_001136|,105479,C,T,9,93,9.68%,1.5832E-3
1667-1635,ref|NC_001136|,106907,A,AT,21,156,13.46%,2.1343E-7
1667-1635,ref|NC_001136|,116123,CA,C,12,186,6.45%,2.0157E-4
1667-1635,ref|NC_001136|,123792,T,TA,16,131,12.21%,8.8942E-6
1667-1635,ref|NC_001136|,126537,C,CT,29,86,33.72%,4.3774E-11
1667-1635,ref|NC_001136|,135456,CT,C,27,121,22.31%,1.0698E-9
1667-1635,ref|NC_001136|,164943,CT,C,11,177,6.21%,4.1236E-4
1667-1635,ref|NC_001136|,169833,GTA,G,6,90,6.67%,1.4324E-2
1667-1635,ref|NC_001136|,199083,A,G,8,122,6.56%,3.47E-3
1667-1635,ref|NC_001136|,211214,GA,G,14,129,10.85%,4.1799E-5
1667-1635,ref|NC_001136|,212440,GT,G,17,108,15.74%,3.282E-6
1667-1635,ref|NC_001136|,226816,CAT,C,7,42,16.67%,5.8688E-3
1667-1635,ref|NC_001136|,240138,CAT,C,14,123,11.38%,3.9601E-5
1667-1635,ref|NC_001136|,270194,C,CA,13,146,8.9%,9.0577E-5
1667-1635,ref|NC_001136|,273629,GTT,G,43,99,43.88%,1.3554E-18
1667-1635,ref|NC_001136|,286882,CT,C,18,134,13.43%,1.9283E-6
1667-1635,ref|NC_001136|,300038,GA,G,9,122,7.38%,1.6625E-3
1667-1635,ref|NC_001136|,302323,G,GA,9,125,7.2%,1.6784E-3
1667-1635,ref|NC_001136|,303010,A,AT,7,136,5.15%,7.2096E-3
1667-1635,ref|NC_001136|,310293,G,GA,11,142,7.75%,3.9628E-4
1667-1635,ref|NC_001136|,315072,CT,C,6,119,5.04%,1.4624E-2
1667-1635,ref|NC_001136|,323677,GAT,G,21,98,21.43%,1.2091E-7
1667-1635,ref|NC_001136|,329641,TTA,T,7,96,7.29%,6.9587E-3
1667-1635,ref|NC_001136|,336206,CT,C,22,119,18.49%,6.7976E-8
1667-1635,ref|NC_001136|,344004,G,GTA,50,97,51.55%,3.5896E-20
1667-1635,ref|NC_001136|,355508,C,CT,11,144,7.64%,3.9435E-4
1667-1635,ref|NC_001136|,356935,G,GA,7,120,5.83%,7.1349E-3
1667-1635,ref|NC_001136|,357278,G,GT,5,80,6.25%,2.9303E-2
1667-1635,ref|NC_001136|,358277,AT,A,9,145,6.21%,1.7155E-3
1667-1635,ref|NC_001136|,362378,TA,T,8,139,5.76%,3.5138E-3
1667-1635,ref|NC_001136|,364962,TA,T,9,156,5.77%,1.7186E-3
1667-1635,ref|NC_001136|,369171,GA,G,7,102,6.86%,7.0243E-3
1667-1635,ref|NC_001136|,369259,C,CA,12,76,15.79%,1.3421E-4
1667-1635,ref|NC_001136|,370877,TA,T,6,120,5%,1.4624E-2
1667-1635,ref|NC_001136|,392110,G,GT,9,102,8.82%,1.5908E-3
1667-1635,ref|NC_001136|,392146,GAC,G,13,124,10.48%,8.636E-5
1667-1635,ref|NC_001136|,394573,T,C,29,106,27.36%,2.02E-10
1667-1635,ref|NC_001136|,403511,G,GT,116,133,87.22%,1.0749E-58
1667-1635,ref|NC_001136|,408171,CA,C,11,149,7.38%,4.0104E-4
1667-1635,ref|NC_001136|,410887,AT,A,13,134,9.7%,8.7139E-5
1667-1635,ref|NC_001136|,423469,TA,T,6,119,5.04%,1.464E-2
1667-1635,ref|NC_001136|,428805,A,AT,13,119,10.92%,8.4983E-5
1667-1635,ref|NC_001136|,436198,CT,C,15,127,11.81%,1.7827E-5
1667-1635,ref|NC_001136|,450188,GTA,G,22,139,15.83%,9.4E-8
1667-1635,ref|NC_001136|,465667,CA,C,12,136,8.82%,1.8595E-4
1667-1635,ref|NC_001136|,471707,AT,A,9,143,6.29%,1.7054E-3
1667-1635,ref|NC_001136|,482472,GA,G,16,116,13.79%,8.228E-6
1667-1635,ref|NC_001136|,489441,AAT,A,11,113,9.73%,3.7358E-4
1667-1635,ref|NC_001136|,503381,GT,G,7,95,7.37%,6.9313E-3
1667-1635,ref|NC_001136|,505233,CAT,C,6,79,7.59%,1.4104E-2
1667-1635,ref|NC_001136|,506937,T,TA,8,126,6.35%,3.4665E-3
1667-1635,ref|NC_001136|,519131,A,T,5,60,8.33%,2.8658E-2
1667-1635,ref|NC_001136|,519899,GT,G,12,81,14.81%,1.4234E-4
1667-1635,ref|NC_001136|,521108,AT,A,7,127,5.51%,7.1618E-3
1667-1635,ref|NC_001136|,525256,C,CT,8,123,6.5%,3.4735E-3
1667-1635,ref|NC_001136|,538733,GTA,G,23,101,22.77%,2.1805E-8
1667-1635,ref|NC_001136|,541917,G,GA,7,126,5.56%,7.1618E-3
1667-1635,ref|NC_001136|,542558,CA,C,13,126,10.32%,8.3185E-5
1667-1635,ref|NC_001136|,548546,G,GT,26,98,26.53%,9.8403E-10
1667-1635,ref|NC_001136|,550807,TA,T,7,135,5.19%,7.2096E-3
1667-1635,ref|NC_001136|,551819,C,CA,7,126,5.56%,7.1349E-3
1667-1635,ref|NC_001136|,553071,AT,A,14,150,9.33%,4.3261E-5
1667-1635,ref|NC_001136|,587839,CT,C,15,90,16.67%,1.3542E-5
1667-1635,ref|NC_001136|,589651,T,TA,7,101,6.93%,6.9846E-3
1667-1635,ref|NC_001136|,592981,G,GT,6,115,5.22%,1.454E-2
1667-1635,ref|NC_001136|,607042,G,GA,22,128,17.19%,7.3413E-8
1667-1635,ref|NC_001136|,617341,GA,G,7,135,5.19%,7.214E-3
1667-1635,ref|NC_001136|,621879,GA,G,19,104,18.27%,6.3346E-7
1667-1635,ref|NC_001136|,628654,AT,A,10,124,8.06%,8.0467E-4
1667-1635,ref|NC_001136|,630672,C,CA,9,117,7.69%,1.6601E-3
1667-1635,ref|NC_001136|,630833,GT,G,10,100,10.1%,7.2967E-4
1667-1635,ref|NC_001136|,637094,AT,A,8,148,5.41%,3.5351E-3
1667-1635,ref|NC_001136|,645102,GA,G,16,111,14.41%,8.1217E-6
1667-1635,ref|NC_001136|,658113,CT,C,9,160,5.62%,1.7262E-3
1667-1635,ref|NC_001136|,668949,T,TA,18,111,16.22%,1.6321E-6
1667-1635,ref|NC_001136|,688062,C,CTT,57,100,57%,7.8456E-26
1667-1635,ref|NC_001136|,733497,A,AT,7,129,5.43%,7.1618E-3
1667-1635,ref|NC_001136|,746353,CA,C,11,146,7.53%,3.969E-4
1667-1635,ref|NC_001136|,748524,TA,T,8,125,6.4%,3.463E-3
1667-1635,ref|NC_001136|,757631,G,C,116,117,100%,2.7689E-69
1667-1635,ref|NC_001136|,758310,T,C,80,81,98.77%,2.241E-46
1667-1635,ref|NC_001136|,791925,CA,C,11,122,9.02%,3.7735E-4
1667-1635,ref|NC_001136|,811890,C,CT,8,137,5.84%,3.5081E-3
1667-1635,ref|NC_001136|,812962,CAT,C,10,113,8.85%,7.8693E-4
1667-1635,ref|NC_001136|,816631,T,TA,11,133,8.27%,3.8655E-4
1667-1635,ref|NC_001136|,817531,T,TA,89,117,76.07%,1.0704E-40
1667-1635,ref|NC_001136|,832717,C,CA,8,128,6.25%,3.4735E-3
1667-1635,ref|NC_001136|,840422,AAT,A,13,116,11.21%,8.4402E-5
1667-1635,ref|NC_001136|,851116,T,TA,10,158,6.33%,8.4072E-4
1667-1635,ref|NC_001136|,864867,CAT,C,9,91,9.89%,1.567E-3
1667-1635,ref|NC_001136|,870706,CT,C,8,138,5.8%,3.511E-3
1667-1635,ref|NC_001136|,872837,T,C,17,60,28.33%,2.0389E-6
1667-1635,ref|NC_001136|,879342,A,G,6,58,10.34%,1.3641E-2
1667-1635,ref|NC_001136|,879463,G,A,6,84,7.14%,1.4247E-2
1667-1635,ref|NC_001136|,880697,A,G,91,92,98.91%,6.4569E-53
1667-1635,ref|NC_001136|,884572,CTT,C,13,109,11.93%,7.4354E-5
1667-1635,ref|NC_001136|,887096,GA,G,7,91,7.69%,6.9019E-3
1667-1635,ref|NC_001136|,894993,CA,C,8,146,5.48%,3.53E-3
1667-1635,ref|NC_001136|,909727,AT,A,23,115,20%,2.9012E-8
1667-1635,ref|NC_001136|,917515,TA,T,7,111,6.31%,7.0672E-3
1667-1635,ref|NC_001136|,921813,CA,C,16,85,18.82%,5.333E-6
1667-1635,ref|NC_001136|,929454,GA,G,11,142,7.75%,3.95E-4
1667-1635,ref|NC_001136|,930964,CAT,C,13,116,11.21%,8.1207E-5
1667-1635,ref|NC_001136|,955986,GA,G,14,104,13.46%,3.5546E-5
1667-1635,ref|NC_001136|,957628,C,CT,9,98,9.18%,1.5832E-3
1667-1635,ref|NC_001136|,966520,TA,T,9,65,13.85%,1.3391E-3
1667-1635,ref|NC_001136|,979184,G,GA,10,159,6.29%,8.4156E-4
1667-1635,ref|NC_001136|,987244,G,A,71,72,98.61%,4.9317E-41
1667-1635,ref|NC_001136|,993628,A,G,6,108,5.56%,1.455E-2
1667-1635,ref|NC_001136|,1007254,C,G,24,84,28.57%,8.7514E-9
1667-1635,ref|NC_001136|,1015989,GA,G,7,122,5.74%,7.1177E-3
1667-1635,ref|NC_001136|,1016710,T,TC,9,142,6.34%,1.7054E-3
1667-1635,ref|NC_001136|,1079010,AT,A,21,115,18.26%,1.3363E-7
1667-1635,ref|NC_001136|,1079032,A,C,5,97,5.15%,2.9644E-2
1667-1635,ref|NC_001136|,1084521,G,GA,7,105,6.67%,6.9675E-3
1667-1635,ref|NC_001136|,1084685,GA,G,18,135,13.33%,1.9283E-6
1667-1635,ref|NC_001136|,1090113,G,GA,29,128,22.66%,2.0693E-10
1667-1635,ref|NC_001136|,1101983,CT,C,12,126,9.52%,1.8193E-4
1667-1635,ref|NC_001136|,1105909,AT,A,10,108,9.26%,7.6712E-4
1667-1635,ref|NC_001136|,1108600,G,GA,14,127,11.02%,4.0234E-5
1667-1635,ref|NC_001136|,1130880,A,AT,9,128,7.03%,1.6672E-3
1667-1635,ref|NC_001136|,1135689,GA,G,8,152,5.26%,3.53E-3
1667-1635,ref|NC_001136|,1150910,A,AG,119,122,97.54%,2.2028E-67
1667-1635,ref|NC_001136|,1156457,T,TA,9,117,7.69%,1.6474E-3
1667-1635,ref|NC_001136|,1173812,A,G,29,92,31.52%,1.3483E-10
1667-1635,ref|NC_001136|,1178330,CT,C,10,108,9.26%,7.4993E-4
1667-1635,ref|NC_001136|,1236280,A,AT,7,124,5.65%,7.1459E-3
1667-1635,ref|NC_001136|,1239031,AAT,A,15,77,19.48%,1.3194E-5
1667-1635,ref|NC_001136|,1240959,GA,G,14,139,10.07%,4.2312E-5
1667-1635,ref|NC_001136|,1241111,GA,G,12,143,8.39%,1.8835E-4
1667-1635,ref|NC_001136|,1242276,G,GA,15,123,12.2%,1.9151E-5
1667-1635,ref|NC_001136|,1253397,T,C,148,148,100%,1.6951E-88
1667-1635,ref|NC_001136|,1254534,AT,A,9,153,5.88%,1.7202E-3
1667-1635,ref|NC_001136|,1266255,C,CT,10,141,7.09%,8.1595E-4
1667-1635,ref|NC_001136|,1278545,G,GA,10,153,6.54%,8.2584E-4
1667-1635,ref|NC_001136|,1305680,TG,T,127,131,96.95%,3.6259E-71
1667-1635,ref|NC_001136|,1307967,T,C,24,26,92.31%,7.6222E-13
1667-1635,ref|NC_001136|,1308047,T,C,13,14,92.86%,3.7391E-7
1667-1635,ref|NC_001136|,1310265,G,GA,8,147,5.44%,3.5274E-3
1667-1635,ref|NC_001136|,1321982,CAT,C,21,136,15.44%,1.9674E-7
1667-1635,ref|NC_001136|,1341641,TC,T,11,136,8.09%,3.9234E-4
1667-1635,ref|NC_001136|,1357474,A,AT,8,109,7.34%,3.3773E-3
1667-1635,ref|NC_001136|,1385471,CAT,C,10,103,9.71%,7.4993E-4
1667-1635,ref|NC_001136|,1388815,A,AT,7,135,5.19%,7.2051E-3
1667-1635,ref|NC_001136|,1402305,C,T,163,163,100%,1.6566E-97
1667-1635,ref|NC_001136|,1412225,GA,G,9,127,7.09%,1.6649E-3
1667-1635,ref|NC_001136|,1418469,CAT,C,15,156,9.62%,2.1013E-5
1667-1635,ref|NC_001136|,1431852,G,C,18,113,15.93%,1.8298E-6
1667-1635,ref|NC_001136|,1433710,A,T,153,153,100%,1.683E-91
1667-1635,ref|NC_001136|,1451031,G,GA,8,151,5.3%,3.5519E-3
1667-1635,ref|NC_001136|,1451259,GT,G,6,89,6.74%,1.4214E-2
1667-1635,ref|NC_001136|,1466418,GT,G,21,166,12.65%,2.1859E-7
1667-1635,ref|NC_001136|,1468506,CA,C,12,143,8.39%,1.8718E-4
1667-1635,ref|NC_001136|,1470478,TA,T,10,166,6.02%,8.4635E-4
1667-1635,ref|NC_001136|,1474784,AT,A,31,141,21.99%,6.1027E-11
1667-1635,ref|NC_001136|,1487384,CA,C,10,151,6.62%,8.2986E-4
1667-1635,ref|NC_001136|,1494413,C,CA,7,132,5.3%,7.1618E-3
1667-1635,ref|NC_001136|,1498015,AT,A,17,188,9.04%,5.1103E-6
1667-1635,ref|NC_001136|,1501055,G,GA,13,189,6.88%,9.8492E-5
1667-1635,ref|NC_001136|,1515034,TA,T,130,150,86.67%,4.8107E-66
1667-1635,ref|NC_001136|,1517680,GT,G,10,135,7.41%,8.1358E-4
1667-1635,ref|NC_001136|,1518948,G,GT,99,150,66%,5.9636E-45
1667-1635,ref|NC_001136|,1524974,A,G,92,92,100%,6.9429E-55
1667-1635,ref|NC_001136|,1525313,T,G,17,17,100%,4.2852E-10
1667-1635,ref|NC_001137|,14724,C,CA,24,169,14.2%,2.0292E-8
1667-1635,ref|NC_001137|,16072,A,AT,14,151,9.27%,4.3913E-5
1667-1635,ref|NC_001137|,19574,CA,C,11,180,6.11%,4.1278E-4
1667-1635,ref|NC_001137|,21321,TA,T,17,141,12.06%,4.1035E-6
1667-1635,ref|NC_001137|,23230,AT,A,8,143,5.59%,3.511E-3
1667-1635,ref|NC_001137|,31460,CAT,C,26,159,16.35%,4.5529E-9
1667-1635,ref|NC_001137|,33475,C,CT,16,176,9.09%,1.0233E-5
1667-1635,ref|NC_001137|,36289,GT,G,22,133,16.54%,7.9419E-8
1667-1635,ref|NC_001137|,39894,TA,T,9,166,5.42%,1.736E-3
1667-1635,ref|NC_001137|,48384,T,C,142,142,100%,6.8012E-85
1667-1635,ref|NC_001137|,52435,CA,C,10,146,6.85%,8.1826E-4
1667-1635,ref|NC_001137|,59372,CT,C,9,160,5.62%,1.7202E-3
1667-1635,ref|NC_001137|,61686,C,CT,13,149,8.72%,9.1384E-5
1667-1635,ref|NC_001137|,64154,CT,C,10,150,6.67%,8.2788E-4
1667-1635,ref|NC_001137|,65293,GA,G,23,132,17.42%,3.2151E-8
1667-1635,ref|NC_001137|,70395,TA,T,5,85,5.88%,2.9396E-2
1667-1635,ref|NC_001137|,86488,C,CA,21,152,13.82%,1.7133E-7
1667-1635,ref|NC_001137|,100573,TA,T,12,95,12.63%,1.6008E-4
1667-1635,ref|NC_001137|,115997,T,C,18,18,100%,1.1019E-10
1667-1635,ref|NC_001137|,116028,G,A,38,38,100%,1.4508E-22
1667-1635,ref|NC_001137|,116086,G,A,71,71,100%,2.6835E-42
1667-1635,ref|NC_001137|,116577,G,A,142,142,100%,6.8012E-85
1667-1635,ref|NC_001137|,116644,G,T,157,157,100%,6.6597E-94
1667-1635,ref|NC_001137|,118577,CAT,C,28,110,25.45%,3.9132E-10
1667-1635,ref|NC_001137|,122728,G,GA,21,133,15.79%,1.7805E-7
1667-1635,ref|NC_001137|,126489,G,GT,15,129,11.63%,1.946E-5
1667-1635,ref|NC_001137|,130736,A,AT,7,136,5.15%,7.2051E-3
1667-1635,ref|NC_001137|,148091,GA,G,13,116,11.21%,8.2868E-5
1667-1635,ref|NC_001137|,152924,G,GA,8,135,5.93%,3.4962E-3
1667-1635,ref|NC_001137|,154531,T,A,141,141,100%,2.7109E-84
1667-1635,ref|NC_001137|,159027,CA,C,41,117,35.04%,3.6437E-15
1667-1635,ref|NC_001137|,172598,GAT,G,13,154,8.44%,9.288E-5
1667-1635,ref|NC_001137|,196609,TA,T,20,111,18.02%,3.2825E-7
1667-1635,ref|NC_001137|,198592,GTA,G,19,115,16.52%,8.0142E-7
1667-1635,ref|NC_001137|,217691,TA,T,9,111,8.11%,1.6306E-3
1667-1635,ref|NC_001137|,221394,TA,T,9,117,7.69%,1.6474E-3
1667-1635,ref|NC_001137|,225782,TTA,T,5,89,5.62%,2.948E-2
1667-1635,ref|NC_001137|,243665,GA,G,18,133,13.53%,1.8553E-6
1667-1635,ref|NC_001137|,251561,GA,G,13,166,7.83%,9.3743E-5
1667-1635,ref|NC_001137|,256303,GTA,G,12,107,11.21%,1.7198E-4
1667-1635,ref|NC_001137|,258177,GA,G,11,133,8.27%,3.85E-4
1667-1635,ref|NC_001137|,261464,C,CA,32,82,39.02%,3.125E-12
1667-1635,ref|NC_001137|,268335,G,GA,20,138,14.49%,4.2668E-7
1667-1635,ref|NC_001137|,268848,C,CT,9,163,5.52%,1.736E-3
1667-1635,ref|NC_001137|,269159,G,GA,7,137,5.11%,7.214E-3
1667-1635,ref|NC_001137|,272558,GT,G,74,100,74%,4.5732E-33
1667-1635,ref|NC_001137|,274156,GA,G,8,130,6.15%,3.4868E-3
1667-1635,ref|NC_001137|,284384,AAT,A,5,48,10.42%,2.7169E-2
1667-1635,ref|NC_001137|,289244,AT,A,15,146,10.27%,1.9962E-5
1667-1635,ref|NC_001137|,291632,CT,C,17,158,10.76%,4.7369E-6
1667-1635,ref|NC_001137|,292851,A,AT,9,127,7.09%,1.6805E-3
1667-1635,ref|NC_001137|,295243,A,AT,10,137,7.3%,8.2375E-4
1667-1635,ref|NC_001137|,305701,C,CA,13,116,11.21%,8.3496E-5
1667-1635,ref|NC_001137|,305799,CT,C,12,117,10.26%,1.7324E-4
1667-1635,ref|NC_001137|,335941,A,G,21,107,19.63%,1.6075E-7
1667-1635,ref|NC_001137|,352394,A,G,145,145,100%,1.0738E-86
1667-1635,ref|NC_001137|,382298,A,AT,15,73,20.55%,1.1457E-5
1667-1635,ref|NC_001137|,382523,C,CA,17,98,17.35%,2.9901E-6
1667-1635,ref|NC_001137|,386143,GA,G,6,114,5.26%,1.456E-2
1667-1635,ref|NC_001137|,390254,C,CA,16,171,9.36%,1.0233E-5
1667-1635,ref|NC_001137|,395202,C,CA,11,128,8.59%,3.8257E-4
1667-1635,ref|NC_001137|,400988,C,CT,8,152,5.26%,3.5401E-3
1667-1635,ref|NC_001137|,404488,CT,C,17,130,13.08%,3.9334E-6
1667-1635,ref|NC_001137|,413363,T,TA,13,117,11.11%,8.2868E-5
1667-1635,ref|NC_001137|,415753,CT,C,7,129,5.43%,7.1719E-3
1667-1635,ref|NC_001137|,422990,C,CA,13,146,8.9%,9.0369E-5
1667-1635,ref|NC_001137|,430559,CA,C,15,106,14.15%,1.665E-5
1667-1635,ref|NC_001137|,433011,C,CT,10,159,6.29%,8.3903E-4
1667-1635,ref|NC_001137|,433180,AT,A,8,106,7.55%,3.3874E-3
1667-1635,ref|NC_001137|,462951,C,CT,14,135,10.37%,4.2059E-5
1667-1635,ref|NC_001137|,468982,CT,C,8,157,5.1%,3.5565E-3
1667-1635,ref|NC_001137|,491993,A,AT,10,155,6.45%,8.355E-4
1667-1635,ref|NC_001137|,492181,C,CA,11,171,6.43%,4.1061E-4
1667-1635,ref|NC_001137|,503930,CA,C,16,142,11.27%,9.1834E-6
1667-1635,ref|NC_001137|,517529,T,C,162,162,100%,6.6062E-97
1667-1635,ref|NC_001137|,520781,G,GA,26,174,14.94%,4.4335E-9
1667-1635,ref|NC_001137|,522970,A,AT,11,127,8.73%,3.7826E-4
1667-1635,ref|NC_001137|,535248,GT,G,12,141,8.51%,1.8911E-4
1667-1635,ref|NC_001137|,541505,A,AT,10,139,7.19%,8.1477E-4
1667-1635,ref|NC_001137|,544413,G,C,47,197,23.86%,3.1371E-16
1667-1635,ref|NC_001137|,545186,AG,A,8,46,17.39%,2.653E-3
1667-1635,ref|NC_001137|,555344,C,CA,17,179,9.5%,4.9154E-6
1667-1635,ref|NC_001138|,8304,TA,T,19,135,14.07%,8.9275E-7
1667-1635,ref|NC_001138|,8640,G,GT,10,124,8.06%,8.0332E-4
1667-1635,ref|NC_001138|,11068,CT,C,51,230,22.17%,1.4735E-17
1667-1635,ref|NC_001138|,12416,T,A,72,237,30.38%,3.5748E-25
1667-1635,ref|NC_001138|,14286,CA,C,11,174,6.32%,4.0924E-4
1667-1635,ref|NC_001138|,30997,CT,C,8,135,5.93%,3.5052E-3
1667-1635,ref|NC_001138|,31532,A,AT,11,165,6.67%,4.097E-4
1667-1635,ref|NC_001138|,54494,G,GT,14,157,8.92%,4.3701E-5
1667-1635,ref|NC_001138|,57967,TA,T,14,116,12.07%,3.8754E-5
1667-1635,ref|NC_001138|,58005,GAT,G,13,109,11.93%,7.9774E-5
1667-1635,ref|NC_001138|,68948,CAT,C,7,131,5.34%,7.196E-3
1667-1635,ref|NC_001138|,74485,GA,G,13,196,6.63%,9.8836E-5
1667-1635,ref|NC_001138|,75912,C,CT,12,140,8.57%,1.8637E-4
1667-1635,ref|NC_001138|,78010,CAT,C,21,139,15.11%,1.9965E-7
1667-1635,ref|NC_001138|,95460,AT,A,10,151,6.67%,8.3179E-4
1667-1635,ref|NC_001138|,97505,C,CA,11,155,7.1%,4.0271E-4
1667-1635,ref|NC_001138|,97617,T,TA,12,149,8.05%,1.8911E-4
1667-1635,ref|NC_001138|,97864,C,CTT,143,177,80.79%,2.545E-73
1667-1635,ref|NC_001138|,99153,C,CA,19,130,14.62%,8.0843E-7
1667-1635,ref|NC_001138|,104558,CA,C,7,136,5.15%,7.1818E-3
1667-1635,ref|NC_001138|,104577,TA,T,13,113,11.5%,8.0503E-5
1667-1635,ref|NC_001138|,106277,C,CTT,107,162,66.05%,4.5708E-49
1667-1635,ref|NC_001138|,111477,A,AT,12,165,7.27%,1.9627E-4
1667-1635,ref|NC_001138|,119284,GA,G,11,162,6.79%,4.0635E-4
1667-1635,ref|NC_001138|,148941,C,CT,8,149,5.37%,3.5401E-3
1667-1635,ref|NC_001138|,155985,G,GT,22,142,15.49%,9.2576E-8
1667-1635,ref|NC_001138|,167855,A,AT,13,174,7.47%,9.5911E-5
1667-1635,ref|NC_001138|,172412,TA,T,9,168,5.36%,1.745E-3
1667-1635,ref|NC_001138|,174046,CT,C,17,157,10.83%,4.6556E-6
1667-1635,ref|NC_001138|,186224,GATA,G,8,155,5.16%,3.5519E-3
1667-1635,ref|NC_001138|,194606,A,AT,8,150,5.33%,3.5449E-3
1667-1635,ref|NC_001138|,210067,AT,A,27,142,19.01%,1.5436E-9
1667-1635,ref|NC_001138|,210344,TTG,T,7,117,5.98%,7.0464E-3
1667-1635,ref|NC_001138|,210407,A,C,6,95,6.32%,1.4405E-2
1667-1635,ref|NC_001138|,223119,G,GA,14,191,7.33%,4.7548E-5
1667-1635,ref|NC_001138|,223995,T,TA,10,173,5.78%,8.4862E-4
1667-1635,ref|NC_001138|,226131,C,CA,19,154,12.34%,9.6052E-7
1667-1635,ref|NC_001138|,227478,CT,C,25,142,17.61%,6.1948E-9
1667-1635,ref|NC_001138|,245165,A,AT,17,170,10%,4.8872E-6
1667-1635,ref|NC_001138|,245961,AT,A,9,179,5.03%,1.7555E-3
1667-1635,ref|NC_001138|,262244,CA,C,15,164,9.15%,2.1177E-5
1667-1635,ref|NC_001138|,265378,CT,C,9,175,5.14%,1.7533E-3
1667-1635,ref|NC_001139|,214,A,AC,101,105,96.19%,6.1477E-56
1667-1635,ref|NC_001139|,8151,G,GA,133,136,97.79%,1.1941E-75
1667-1635,ref|NC_001139|,9807,TA,T,15,163,9.2%,2.1639E-5
1667-1635,ref|NC_001139|,14846,G,GA,12,146,8.22%,1.9127E-4
1667-1635,ref|NC_001139|,20016,TA,T,10,153,6.54%,8.355E-4
1667-1635,ref|NC_001139|,43266,CA,C,18,122,14.75%,1.7903E-6
1667-1635,ref|NC_001139|,45353,GA,G,11,156,7.05%,4.0104E-4
1667-1635,ref|NC_001139|,56225,C,CT,16,144,11.11%,9.5894E-6
1667-1635,ref|NC_001139|,76709,GA,G,15,155,9.74%,2.0606E-5
1667-1635,ref|NC_001139|,77930,A,AT,11,153,7.19%,4.0378E-4
1667-1635,ref|NC_001139|,79002,GTA,G,9,45,20%,1.2112E-3
1667-1635,ref|NC_001139|,80602,TA,T,12,79,15.19%,1.3976E-4
1667-1635,ref|NC_001139|,84763,C,CT,16,146,10.96%,9.7242E-6
1667-1635,ref|NC_001139|,87586,CT,C,11,173,6.36%,4.1321E-4
1667-1635,ref|NC_001139|,98776,C,CT,8,155,5.16%,3.5473E-3
1667-1635,ref|NC_001139|,121032,G,GA,10,158,6.33%,8.355E-4
1667-1635,ref|NC_001139|,124375,G,GA,10,140,7.14%,8.1826E-4
1667-1635,ref|NC_001139|,140293,TA,T,7,93,7.53%,6.9217E-3
1667-1635,ref|NC_001139|,140313,T,TA,5,64,7.81%,2.8317E-2
1667-1635,ref|NC_001139|,140337,C,A,15,107,14.42%,1.7728E-5
1667-1635,ref|NC_001139|,154579,T,TA,11,115,9.57%,3.6522E-4
1667-1635,ref|NC_001139|,156115,GTA,G,7,73,9.59%,6.7203E-3
1667-1635,ref|NC_001139|,167250,CA,C,13,94,13.83%,7.2906E-5
1667-1635,ref|NC_001139|,167622,C,CA,13,115,11.3%,7.7839E-5
1667-1635,ref|NC_001139|,190778,GA,G,11,117,9.4%,3.755E-4
1667-1635,ref|NC_001139|,196620,A,AT,9,151,5.96%,1.7232E-3
1667-1635,ref|NC_001139|,206096,CA,C,10,145,6.9%,8.3083E-4
1667-1635,ref|NC_001139|,206341,GT,G,8,119,6.72%,3.4281E-3
1667-1635,ref|NC_001139|,245641,TCAACAACAA,T,40,122,32.79%,1.8845E-14
1667-1635,ref|NC_001139|,272291,GAT,G,7,98,7.14%,6.9498E-3
1667-1635,ref|NC_001139|,274400,AT,A,10,134,7.46%,8.1595E-4
1667-1635,ref|NC_001139|,274698,CTA,C,11,96,11.46%,3.6057E-4
1667-1635,ref|NC_001139|,278779,CT,C,18,104,17.31%,1.3582E-6
1667-1635,ref|NC_001139|,281605,A,AT,7,118,5.93%,7.0318E-3
1667-1635,ref|NC_001139|,307179,CAT,C,9,79,11.39%,1.4972E-3
1667-1635,ref|NC_001139|,307424,G,C,6,74,8.11%,1.4064E-2
1667-1635,ref|NC_001139|,311589,C,A,114,114,100%,4.392E-68
1667-1635,ref|NC_001139|,321487,CAT,C,15,132,11.36%,1.9823E-5
1667-1635,ref|NC_001139|,323361,AT,A,22,95,23.16%,4.1385E-8
1667-1635,ref|NC_001139|,326269,CA,C,21,126,16.67%,1.5709E-7
1667-1635,ref|NC_001139|,364146,AT,A,9,111,8.11%,1.6215E-3
1667-1635,ref|NC_001139|,366778,T,TA,19,107,17.76%,6.2438E-7
1667-1635,ref|NC_001139|,371569,G,A,104,104,100%,4.3992E-62
1667-1635,ref|NC_001139|,386978,C,G,133,133,100%,1.7256E-79
1667-1635,ref|NC_001139|,386979,G,C,134,134,100%,4.3301E-80
1667-1635,ref|NC_001139|,395930,TA,T,9,134,6.72%,1.6846E-3
1667-1635,ref|NC_001139|,397834,GA,G,51,115,44.35%,1.0711E-20
1667-1635,ref|NC_001139|,400550,G,GT,38,88,43.18%,3.2512E-15
1667-1635,ref|NC_001139|,401674,C,A,120,120,100%,1.1001E-71
1667-1635,ref|NC_001139|,401698,T,A,118,118,100%,1.7454E-70
1667-1635,ref|NC_001139|,404474,A,AG,78,80,97.5%,3.608E-44
1667-1635,ref|NC_001139|,404522,T,TG,73,74,98.65%,3.2103E-42
1667-1635,ref|NC_001139|,404935,C,G,124,124,100%,4.368E-74
1667-1635,ref|NC_001139|,404936,G,C,124,124,100%,4.368E-74
1667-1635,ref|NC_001139|,405085,CG,C,132,136,97.06%,4.1794E-74
1667-1635,ref|NC_001139|,413966,GA,G,6,117,5.13%,1.4606E-2
1667-1635,ref|NC_001139|,416009,CA,C,7,104,6.73%,7.0318E-3
1667-1635,ref|NC_001139|,433855,TA,T,8,122,6.56%,3.4594E-3
1667-1635,ref|NC_001139|,438696,C,CA,13,133,9.77%,8.8832E-5
1667-1635,ref|NC_001139|,438823,AT,A,8,123,6.5%,3.4363E-3
1667-1635,ref|NC_001139|,440441,C,CA,18,128,14.06%,1.9165E-6
1667-1635,ref|NC_001139|,483131,TA,T,19,105,18.1%,7.186E-7
1667-1635,ref|NC_001139|,484095,C,CT,9,151,5.96%,1.7155E-3
1667-1635,ref|NC_001139|,496729,T,TA,90,127,70.87%,5.4409E-40
1667-1635,ref|NC_001139|,498103,AT,A,8,146,5.48%,3.5248E-3
1667-1635,ref|NC_001139|,523519,GT,G,7,117,5.98%,7.0805E-3
1667-1635,ref|NC_001139|,527468,A,AT,12,138,8.7%,1.8835E-4
1667-1635,ref|NC_001139|,530016,A,C,13,38,34.21%,3.5456E-5
1667-1635,ref|NC_001139|,530034,A,C,29,41,70.73%,6.2804E-13
1667-1635,ref|NC_001139|,531844,CAT,C,7,64,10.94%,6.5131E-3
1667-1635,ref|NC_001139|,548070,C,CT,9,120,7.5%,1.65E-3
1667-1635,ref|NC_001139|,555981,CA,C,8,60,13.33%,2.9037E-3
1667-1635,ref|NC_001139|,573208,G,A,5,82,6.1%,2.9351E-2
1667-1635,ref|NC_001139|,582530,TA,T,8,91,8.79%,3.2661E-3
1667-1635,ref|NC_001139|,593361,CAT,C,6,117,5.13%,1.4615E-2
1667-1635,ref|NC_001139|,598999,G,GA,12,121,9.92%,1.8193E-4
1667-1635,ref|NC_001139|,600070,C,G,10,103,9.71%,7.7661E-4
1667-1635,ref|NC_001139|,609109,TA,T,13,119,10.92%,8.4105E-5
1667-1635,ref|NC_001139|,611510,C,CA,11,94,11.7%,3.4727E-4
1667-1635,ref|NC_001139|,611579,CT,C,10,123,8.13%,7.9475E-4
1667-1635,ref|NC_001139|,611744,CAT,C,12,93,12.9%,1.6419E-4
1667-1635,ref|NC_001139|,616171,AT,A,27,130,20.77%,1.1847E-9
1667-1635,ref|NC_001139|,617452,T,TA,9,134,6.72%,1.6907E-3
1667-1635,ref|NC_001139|,627186,CT,C,12,78,15.38%,1.3705E-4
1667-1635,ref|NC_001139|,637679,AT,A,8,115,6.96%,3.4153E-3
1667-1635,ref|NC_001139|,639673,G,GA,22,125,17.6%,5.8309E-8
1667-1635,ref|NC_001139|,640617,CT,C,18,101,17.82%,1.3198E-6
1667-1635,ref|NC_001139|,640642,A,C,5,84,5.95%,2.9396E-2
1667-1635,ref|NC_001139|,644787,GTA,G,6,90,6.67%,1.4338E-2
1667-1635,ref|NC_001139|,649438,G,GA,5,97,5.15%,2.961E-2
1667-1635,ref|NC_001139|,649555,GT,G,13,103,12.62%,7.7839E-5
1667-1635,ref|NC_001139|,650957,G,GA,7,125,5.6%,7.1405E-3
1667-1635,ref|NC_001139|,653228,C,CT,15,130,11.54%,1.8825E-5
1667-1635,ref|NC_001139|,662344,C,T,6,92,6.52%,1.4352E-2
1667-1635,ref|NC_001139|,675526,A,AAT,6,84,7.14%,1.4142E-2
1667-1635,ref|NC_001139|,676341,A,AT,16,120,13.33%,8.5292E-6
1667-1635,ref|NC_001139|,678070,CT,C,14,96,14.58%,3.4351E-5
1667-1635,ref|NC_001139|,692326,T,C,11,60,18.33%,2.9526E-4
1667-1635,ref|NC_001139|,700000,AT,A,18,125,14.4%,1.6321E-6
1667-1635,ref|NC_001139|,702711,AT,A,8,145,5.52%,3.5248E-3
1667-1635,ref|NC_001139|,706852,C,CA,9,126,7.14%,1.6805E-3
1667-1635,ref|NC_001139|,707041,C,CA,22,124,17.74%,7.6889E-8
1667-1635,ref|NC_001139|,715716,GA,G,10,105,9.52%,7.5886E-4
1667-1635,ref|NC_001139|,726535,C,CT,9,145,6.21%,1.7054E-3
1667-1635,ref|NC_001139|,733109,AT,A,23,109,21.1%,2.6203E-8
1667-1635,ref|NC_001139|,736553,T,TA,9,118,7.63%,1.65E-3
1667-1635,ref|NC_001139|,742157,CT,C,18,99,18.18%,1.2601E-6
1667-1635,ref|NC_001139|,746575,CT,C,8,75,10.67%,3.0313E-3
1667-1635,ref|NC_001139|,765774,GA,G,16,126,12.7%,8.8066E-6
1667-1635,ref|NC_001139|,805050,G,GT,7,137,5.11%,7.214E-3
1667-1635,ref|NC_001139|,807865,CA,C,16,106,15.09%,7.1482E-6
1667-1635,ref|NC_001139|,823795,A,AT,9,143,6.29%,1.7037E-3
1667-1635,ref|NC_001139|,836852,GA,G,9,131,6.87%,1.6846E-3
1667-1635,ref|NC_001139|,840600,GA,G,17,108,15.74%,3.5726E-6
1667-1635,ref|NC_001139|,846870,TA,T,6,118,5.08%,1.464E-2
1667-1635,ref|NC_001139|,848511,GAT,G,6,101,5.94%,1.4442E-2
1667-1635,ref|NC_001139|,848540,GA,G,12,112,10.71%,1.7385E-4
1667-1635,ref|NC_001139|,850800,G,GA,9,142,6.34%,1.6964E-3
1667-1635,ref|NC_001139|,853509,AT,A,11,169,6.51%,4.097E-4
1667-1635,ref|NC_001139|,856430,C,CA,16,143,11.19%,9.2996E-6
1667-1635,ref|NC_001139|,871561,G,GA,14,128,10.94%,4.1396E-5
1667-1635,ref|NC_001139|,872555,G,A,9,91,9.89%,1.587E-3
1667-1635,ref|NC_001139|,878684,G,GA,8,154,5.19%,3.5449E-3
1667-1635,ref|NC_001139|,899782,TA,T,9,126,7.14%,1.6576E-3
1667-1635,ref|NC_001139|,910112,C,CT,18,80,22.5%,1.1337E-6
1667-1635,ref|NC_001139|,914928,G,GA,14,154,9.09%,4.412E-5
1667-1635,ref|NC_001139|,920914,G,GA,10,144,6.94%,8.216E-4
1667-1635,ref|NC_001139|,938050,C,G,8,82,9.76%,3.2508E-3
1667-1635,ref|NC_001139|,949251,CTA,C,12,142,8.45%,1.8874E-4
1667-1635,ref|NC_001139|,951285,G,GA,7,139,5.04%,7.2309E-3
1667-1635,ref|NC_001139|,959779,AAT,A,7,115,6.09%,7.087E-3
1667-1635,ref|NC_001139|,968722,AT,A,9,123,7.32%,1.6551E-3
1667-1635,ref|NC_001139|,968891,CT,C,7,128,5.47%,7.1566E-3
1667-1635,ref|NC_001139|,974302,GA,G,8,144,5.56%,3.5274E-3
1667-1635,ref|NC_001139|,977899,T,TA,11,120,9.17%,3.8002E-4
1667-1635,ref|NC_001139|,982259,G,GA,17,161,10.56%,4.7837E-6
1667-1635,ref|NC_001139|,985722,AT,A,18,120,15%,1.5361E-6
1667-1635,ref|NC_001139|,987105,G,GT,13,131,9.92%,8.6093E-5
1667-1635,ref|NC_001139|,989675,A,AT,19,131,14.5%,8.6177E-7
1667-1635,ref|NC_001139|,999559,T,TA,22,163,13.5%,1.0393E-7
1667-1635,ref|NC_001139|,1002673,A,G,162,162,100%,6.6062E-97
1667-1635,ref|NC_001139|,1004507,AAT,A,20,132,15.15%,4.0557E-7
1667-1635,ref|NC_001139|,1006277,G,C,178,181,98.34%,2.5944E-102
1667-1635,ref|NC_001139|,1006278,C,G,178,181,98.34%,2.5944E-102
1667-1635,ref|NC_001139|,1006279,G,C,178,181,98.34%,1.6122E-106
1667-1635,ref|NC_001139|,1010897,CT,C,14,177,7.91%,4.6026E-5
1667-1635,ref|NC_001139|,1010989,G,GA,7,138,5.07%,7.2096E-3
1667-1635,ref|NC_001139|,1011080,GA,G,8,152,5.26%,3.5376E-3
1667-1635,ref|NC_001139|,1012220,A,AT,11,138,7.97%,3.9564E-4
1667-1635,ref|NC_001139|,1021962,C,CT,13,137,9.49%,8.764E-5
1667-1635,ref|NC_001139|,1024876,G,GA,14,188,7.45%,4.7006E-5
1667-1635,ref|NC_001139|,1027739,G,A,11,88,12.5%,3.5014E-4
1667-1635,ref|NC_001139|,1027743,G,C,12,94,12.77%,1.6793E-4
1667-1635,ref|NC_001139|,1038225,C,CT,10,147,6.8%,8.2888E-4
1667-1635,ref|NC_001139|,1043766,CAT,C,8,82,9.76%,3.2091E-3
1667-1635,ref|NC_001139|,1048639,GA,G,19,160,11.88%,1.006E-6
1667-1635,ref|NC_001139|,1051813,A,AT,8,145,5.52%,3.5194E-3
1667-1635,ref|NC_001139|,1051832,C,CT,14,174,8.05%,4.5174E-5
1667-1635,ref|NC_001139|,1054988,G,A,60,204,29.41%,5.2677E-21
1667-1635,ref|NC_001139|,1073937,C,CA,11,164,6.71%,4.083E-4
1667-1635,ref|NC_001139|,1081039,A,AT,18,155,11.69%,2.0901E-6
1667-1635,ref|NC_001140|,93,TA,T,31,39,79.49%,1.6935E-15
1667-1635,ref|NC_001140|,138,A,G,6,50,12%,1.3331E-2
1667-1635,ref|NC_001140|,1846,A,G,37,112,33.04%,2.0389E-13
1667-1635,ref|NC_001140|,2292,G,GC,50,64,78.12%,4.106E-24
1667-1635,ref|NC_001140|,11865,C,CT,17,138,12.32%,4.3013E-6
1667-1635,ref|NC_001140|,17534,A,AT,106,142,74.65%,2.8258E-49
1667-1635,ref|NC_001140|,36134,C,CT,12,155,7.74%,1.9511E-4
1667-1635,ref|NC_001140|,38647,CT,C,18,168,10.71%,2.292E-6
1667-1635,ref|NC_001140|,48099,GA,G,18,181,9.94%,2.3661E-6
1667-1635,ref|NC_001140|,50980,CT,C,10,134,7.46%,8.1826E-4
1667-1635,ref|NC_001140|,56206,GA,G,9,146,6.16%,1.7089E-3
1667-1635,ref|NC_001140|,58900,CT,C,15,137,10.95%,1.946E-5
1667-1635,ref|NC_001140|,59082,AT,A,9,134,6.72%,1.6805E-3
1667-1635,ref|NC_001140|,63926,C,CT,9,158,5.7%,1.7291E-3
1667-1635,ref|NC_001140|,67613,GA,G,8,158,5.06%,3.563E-3
1667-1635,ref|NC_001140|,71906,CT,C,17,130,13.08%,4.1035E-6
1667-1635,ref|NC_001140|,75976,AAT,A,20,102,19.61%,3.0803E-7
1667-1635,ref|NC_001140|,81858,CA,C,16,117,13.68%,7.0087E-6
1667-1635,ref|NC_001140|,85273,G,GA,11,166,6.63%,4.0734E-4
1667-1635,ref|NC_001140|,85508,TTA,T,125,140,89.29%,2.9395E-63
1667-1635,ref|NC_001140|,100505,AT,A,6,109,5.5%,1.4509E-2
1667-1635,ref|NC_001140|,111530,CTA,C,11,84,13.1%,3.362E-4
1667-1635,ref|NC_001140|,115390,AT,A,10,173,5.78%,8.4479E-4
1667-1635,ref|NC_001140|,116904,G,GT,8,131,6.11%,3.4931E-3
1667-1635,ref|NC_001140|,120062,GT,G,6,104,5.77%,1.4392E-2
1667-1635,ref|NC_001140|,125832,GA,G,21,111,18.92%,1.1207E-7
1667-1635,ref|NC_001140|,126150,G,GT,16,121,13.22%,8.0674E-6
1667-1635,ref|NC_001140|,138274,A,T,7,129,5.43%,7.1866E-3
1667-1635,ref|NC_001140|,141525,CT,C,12,117,10.26%,1.7732E-4
1667-1635,ref|NC_001140|,150670,C,CA,14,118,11.86%,3.9437E-5
1667-1635,ref|NC_001140|,150915,G,A,24,89,26.97%,9.9184E-9
1667-1635,ref|NC_001140|,167627,CAT,C,10,113,8.85%,7.9324E-4
1667-1635,ref|NC_001140|,168456,C,G,19,94,20.21%,6.941E-7
1667-1635,ref|NC_001140|,170619,T,TA,8,130,6.15%,3.4802E-3
1667-1635,ref|NC_001140|,173119,GA,G,8,135,5.93%,3.4899E-3
1667-1635,ref|NC_001140|,176845,TA,T,15,106,14.15%,1.6879E-5
1667-1635,ref|NC_001140|,187029,GA,G,25,120,20.83%,4.2943E-9
1667-1635,ref|NC_001140|,187717,GA,G,8,123,6.5%,3.4557E-3
1667-1635,ref|NC_001140|,187814,G,GA,7,112,6.25%,7.074E-3
1667-1635,ref|NC_001140|,189097,G,GA,7,123,5.69%,7.1235E-3
1667-1635,ref|NC_001140|,192694,C,CA,8,137,5.84%,3.4931E-3
1667-1635,ref|NC_001140|,198474,G,GT,9,100,9%,1.5753E-3
1667-1635,ref|NC_001140|,214256,CT,C,131,1163,11.26%,2.7629E-40
1667-1635,ref|NC_001140|,216123,C,T,54,54,100%,4.0229E-32
1667-1635,ref|NC_001140|,229199,GA,G,42,133,31.58%,1.6528E-15
1667-1635,ref|NC_001140|,233314,GA,G,12,114,10.53%,1.7732E-4
1667-1635,ref|NC_001140|,234753,AT,A,24,117,20.51%,1.4791E-8
1667-1635,ref|NC_001140|,236957,T,TA,9,67,13.43%,1.3968E-3
1667-1635,ref|NC_001140|,237735,CT,C,14,115,12.17%,3.6849E-5
1667-1635,ref|NC_001140|,238967,C,CA,9,123,7.32%,1.6672E-3
1667-1635,ref|NC_001140|,255909,G,GA,12,131,9.16%,1.851E-4
1667-1635,ref|NC_001140|,271769,G,GT,8,114,7.02%,3.4108E-3
1667-1635,ref|NC_001140|,282569,C,CT,7,122,5.74%,7.1118E-3
1667-1635,ref|NC_001140|,293075,GA,G,8,130,6.15%,3.4802E-3
1667-1635,ref|NC_001140|,314725,CAT,C,6,103,5.83%,1.4488E-2
1667-1635,ref|NC_001140|,340058,TTA,T,11,97,11.34%,3.4427E-4
1667-1635,ref|NC_001140|,361011,G,GA,8,147,5.44%,3.5401E-3
1667-1635,ref|NC_001140|,361910,AT,A,14,125,11.2%,4.0234E-5
1667-1635,ref|NC_001140|,370543,AAT,A,10,100,10%,7.6099E-4
1667-1635,ref|NC_001140|,375406,GA,G,10,111,9.01%,7.8361E-4
1667-1635,ref|NC_001140|,375509,T,TA,11,110,10%,3.716E-4
1667-1635,ref|NC_001140|,379942,G,GA,7,135,5.19%,7.1913E-3
1667-1635,ref|NC_001140|,381424,GA,G,6,113,5.31%,1.456E-2
1667-1635,ref|NC_001140|,384944,G,GA,7,139,5.04%,7.2183E-3
1667-1635,ref|NC_001140|,387090,AT,A,25,130,19.23%,5.5737E-9
1667-1635,ref|NC_001140|,391752,T,TA,6,118,5.08%,1.4632E-2
1667-1635,ref|NC_001140|,396945,GA,G,21,111,18.92%,1.0754E-7
1667-1635,ref|NC_001140|,417054,G,A,149,150,100%,4.252E-89
1667-1635,ref|NC_001140|,458755,CA,C,7,130,5.38%,7.1769E-3
1667-1635,ref|NC_001140|,459034,T,C,103,137,75.18%,5.7364E-46
1667-1635,ref|NC_001140|,465802,CTA,C,12,57,21.05%,1.1939E-4
1667-1635,ref|NC_001140|,472611,C,CT,10,150,6.67%,8.3083E-4
1667-1635,ref|NC_001140|,475549,CA,C,16,129,12.4%,8.577E-6
1667-1635,ref|NC_001140|,475931,TTA,T,77,113,68.14%,3.3916E-35
1667-1635,ref|NC_001140|,508800,CA,C,11,101,10.89%,3.4727E-4
1667-1635,ref|NC_001140|,511255,C,T,143,143,100%,1.7063E-85
1667-1635,ref|NC_001140|,512211,GA,G,18,131,13.74%,1.9283E-6
1667-1635,ref|NC_001140|,514829,CTA,C,14,87,16.09%,3.3315E-5
1667-1635,ref|NC_001140|,518745,C,CA,10,131,7.63%,8.1113E-4
1667-1635,ref|NC_001140|,519048,C,CA,10,162,6.17%,8.4238E-4
1667-1635,ref|NC_001140|,522934,C,CT,9,140,6.43%,1.7001E-3
1667-1635,ref|NC_001140|,528882,A,AT,18,137,13.14%,1.963E-6
1667-1635,ref|NC_001140|,529350,C,CA,12,143,8.39%,1.8677E-4
1667-1635,ref|NC_001140|,532813,A,G,52,210,24.76%,6.0057E-18
1667-1635,ref|NC_001140|,549805,A,C,5,66,7.58%,2.8892E-2
1667-1635,ref|NC_001140|,551717,TA,T,23,111,20.72%,2.6678E-8
1667-1635,ref|NC_001140|,554072,TA,T,14,145,9.66%,4.2559E-5
1667-1635,ref|NC_001140|,556858,G,GT,5,83,6.02%,2.9373E-2
1667-1635,ref|NC_001140|,556877,T,TGTG,5,81,6.33%,2.9254E-2
1667-1635,ref|NC_001140|,556887,TG,T,10,96,10.42%,7.6307E-4
1667-1635,ref|NC_001140|,556936,GT,G,5,96,5.21%,2.9627E-2
1667-1635,ref|NC_001140|,556967,G,GT,16,107,14.95%,8.228E-6
1667-1635,ref|NC_001140|,562137,G,A,12,126,9.52%,1.8553E-4
1667-1635,ref|NC_001140|,562225,T,C,27,242,11.16%,3.4579E-9
1667-1635,ref|NC_001140|,562374,G,A,34,273,12.45%,1.9465E-11
1667-1635,ref|NC_001140|,562385,AT,A,39,262,14.89%,3.5429E-13
1667-1635,ref|NC_001140|,562440,A,G,55,253,21.74%,1.0267E-18
1667-1635,ref|NC_001140|,562443,A,G,56,255,21.96%,4.6463E-19
1667-1635,ref|NC_001140|,562468,TGTGTG,T,24,280,8.63%,3.5351E-8
1667-1635,ref|NC_001140|,562484,T,TG,51,179,28.65%,6.1629E-18
1667-1635,ref|NC_001140|,562485,GT,G,20,145,13.89%,4.6719E-7
1667-1635,ref|NC_001140|,562498,GT,G,47,199,23.62%,3.2512E-16
1667-1635,ref|NC_001140|,562505,G,GT,15,205,7.32%,2.3369E-5
1667-1635,ref|NC_001140|,562509,TG,T,14,199,7.07%,4.7866E-5
1667-1635,ref|NC_001140|,562511,G,GT,10,158,6.41%,8.4156E-4
1667-1635,ref|NC_001140|,562515,TG,T,24,164,14.81%,2.3474E-8
1667-1635,ref|NC_001140|,562538,TG,T,14,208,6.73%,4.8628E-5
1667-1635,ref|NC_001140|,562553,GT,G,12,142,8.51%,1.9127E-4
1667-1635,ref|NC_001140|,562559,GGGTGT,G,26,133,19.7%,3.8044E-9
1667-1635,ref|NC_001140|,562564,T,TG,10,124,8.2%,8.0056E-4
1667-1635,ref|NC_001140|,562565,G,GGT,9,107,8.41%,1.6306E-3
1667-1635,ref|NC_001140|,562575,T,TG,21,94,22.34%,1.2735E-7
1667-1635,ref|NC_001140|,562578,TGTG,T,9,98,9.18%,1.6118E-3
1667-1635,ref|NC_001140|,562580,TG,T,5,84,5.95%,2.9351E-2
1667-1635,ref|NC_001140|,562582,GT,G,10,68,14.93%,6.7197E-4
1667-1635,ref|NC_001140|,562587,TG,T,5,68,7.35%,2.8961E-2
1667-1635,ref|NC_001140|,562589,GGT,G,24,90,26.67%,9.4531E-9
1667-1635,ref|NC_001140|,562601,T,TG,7,95,7.37%,6.9217E-3
1667-1635,ref|NC_001140|,562604,TGTG,T,6,77,7.89%,1.4104E-2
1667-1635,ref|NC_001140|,562606,T,TG,8,65,12.5%,3.0313E-3
1667-1635,ref|NC_001140|,562608,GT,G,14,40,35.9%,1.407E-5
1667-1635,ref|NC_001140|,562619,TG,T,6,63,9.52%,1.3674E-2
1667-1635,ref|NC_001141|,22273,T,TC,27,31,87.1%,1.125E-13
1667-1635,ref|NC_001141|,23082,TG,T,51,59,86.44%,2.6779E-25
1667-1635,ref|NC_001141|,23185,C,CG,15,16,93.75%,2.8282E-8
1667-1635,ref|NC_001141|,25376,C,T,10,171,5.85%,8.5293E-4
1667-1635,ref|NC_001141|,25418,T,C,60,226,26.55%,9.379E-21
1667-1635,ref|NC_001141|,25586,T,C,72,193,37.31%,5.8238E-26
1667-1635,ref|NC_001141|,25593,C,T,57,190,30%,4.8715E-20
1667-1635,ref|NC_001141|,25594,T,A,58,177,32.77%,1.2695E-20
1667-1635,ref|NC_001141|,37201,C,CT,14,174,8.05%,4.6185E-5
1667-1635,ref|NC_001141|,39373,T,TA,102,136,75%,2.8507E-46
1667-1635,ref|NC_001141|,45872,G,A,15,91,16.48%,1.6292E-5
1667-1635,ref|NC_001141|,45874,T,C,22,100,22%,6.5155E-8
1667-1635,ref|NC_001141|,45875,G,A,10,86,11.63%,7.3768E-4
1667-1635,ref|NC_001141|,51552,CT,C,8,131,6.11%,3.4802E-3
1667-1635,ref|NC_001141|,57277,C,CA,48,104,46.15%,3.2684E-19
1667-1635,ref|NC_001141|,61185,G,GT,9,144,6.25%,1.7155E-3
1667-1635,ref|NC_001141|,69689,G,GT,7,123,5.69%,7.1405E-3
1667-1635,ref|NC_001141|,76013,C,CT,11,155,7.1%,4.0271E-4
1667-1635,ref|NC_001141|,102536,CT,C,13,138,9.42%,8.764E-5
1667-1635,ref|NC_001141|,105433,A,AAAT,97,104,93.27%,1.4941E-51
1667-1635,ref|NC_001141|,122089,GT,G,7,111,6.31%,7.0167E-3
1667-1635,ref|NC_001141|,127338,G,GT,10,139,7.19%,8.1595E-4
1667-1635,ref|NC_001141|,133980,A,AT,11,134,8.21%,3.9096E-4
1667-1635,ref|NC_001141|,137906,GA,G,8,113,7.08%,3.4108E-3
1667-1635,ref|NC_001141|,138429,AC,A,11,77,14.29%,3.2124E-4
1667-1635,ref|NC_001141|,142373,A,AT,7,137,5.11%,7.2006E-3
1667-1635,ref|NC_001141|,149075,G,GA,12,151,7.95%,1.9228E-4
1667-1635,ref|NC_001141|,151193,GA,G,15,144,10.42%,2.0421E-5
1667-1635,ref|NC_001141|,160843,TA,T,7,102,6.86%,6.9675E-3
1667-1635,ref|NC_001141|,163245,AT,A,22,130,16.92%,8.1069E-8
1667-1635,ref|NC_001141|,168640,C,G,12,87,13.79%,1.6008E-4
1667-1635,ref|NC_001141|,169788,T,TC,7,137,5.11%,7.2226E-3
1667-1635,ref|NC_001141|,177466,CAT,C,6,99,6.06%,1.4392E-2
1667-1635,ref|NC_001141|,183251,CT,C,19,132,14.39%,8.3571E-7
1667-1635,ref|NC_001141|,187822,G,GA,18,129,13.95%,1.5689E-6
1667-1635,ref|NC_001141|,204781,TA,T,15,128,11.72%,1.848E-5
1667-1635,ref|NC_001141|,241032,G,GA,24,80,30%,2.3553E-9
1667-1635,ref|NC_001141|,245962,CT,C,51,113,45.13%,1.0711E-20
1667-1635,ref|NC_001141|,249625,CT,C,8,126,6.35%,3.4481E-3
1667-1635,ref|NC_001141|,254003,TA,T,100,129,77.52%,1.7999E-47
1667-1635,ref|NC_001141|,257480,CA,C,8,143,5.59%,3.5194E-3
1667-1635,ref|NC_001141|,267870,TA,T,16,133,12.03%,8.9371E-6
1667-1635,ref|NC_001141|,268328,CA,C,6,107,5.61%,1.452E-2
1667-1635,ref|NC_001141|,280120,AT,A,6,111,5.41%,1.457E-2
1667-1635,ref|NC_001141|,287755,A,AT,11,144,7.64%,3.95E-4
1667-1635,ref|NC_001141|,290193,GA,G,16,133,12.03%,8.7619E-6
1667-1635,ref|NC_001141|,292280,CT,C,11,144,7.64%,3.999E-4
1667-1635,ref|NC_001141|,310500,G,GT,12,129,9.3%,1.8333E-4
1667-1635,ref|NC_001141|,314034,G,A,7,112,6.25%,7.0934E-3
1667-1635,ref|NC_001141|,318694,T,A,183,183,100%,1.5963E-109
1667-1635,ref|NC_001141|,339225,C,CT,24,96,25%,6.6408E-9
1667-1635,ref|NC_001141|,355815,C,CA,10,140,7.14%,8.2481E-4
1667-1635,ref|NC_001141|,363043,CTA,C,9,159,5.66%,1.7333E-3
1667-1635,ref|NC_001141|,363071,CT,C,15,157,9.55%,2.0726E-5
1667-1635,ref|NC_001141|,370195,AT,A,26,130,20%,2.692E-9
1667-1635,ref|NC_001141|,375747,A,T,100,145,68.97%,7.8208E-43
1667-1635,ref|NC_001141|,380935,GA,G,10,137,7.3%,8.0861E-4
1667-1635,ref|NC_001141|,384315,C,CA,12,144,8.33%,1.9057E-4
1667-1635,ref|NC_001141|,385640,A,AT,22,140,15.71%,8.9652E-8
1667-1635,ref|NC_001141|,387143,C,CA,8,87,9.2%,3.1411E-3
1667-1635,ref|NC_001141|,389257,GA,G,13,185,7.03%,9.6472E-5
1667-1635,ref|NC_001141|,427307,C,CT,7,140,5%,7.2096E-3
1667-1635,ref|NC_001141|,433264,A,AT,9,177,5.08%,1.751E-3
1667-1635,ref|NC_001142|,28946,C,CT,21,142,14.79%,2.0251E-7
1667-1635,ref|NC_001142|,33209,CT,C,11,147,7.48%,4.0047E-4
1667-1635,ref|NC_001142|,37825,G,GT,7,111,6.31%,7.0672E-3
1667-1635,ref|NC_001142|,47026,C,CT,11,161,6.83%,4.0534E-4
1667-1635,ref|NC_001142|,47535,G,GA,10,170,5.88%,8.5009E-4
1667-1635,ref|NC_001142|,50370,GA,G,10,122,8.2%,7.977E-4
1667-1635,ref|NC_001142|,59054,G,GA,26,136,19.12%,2.5944E-9
1667-1635,ref|NC_001142|,60682,GT,G,7,119,5.88%,7.0604E-3
1667-1635,ref|NC_001142|,67697,C,CA,9,168,5.36%,1.7474E-3
1667-1635,ref|NC_001142|,71276,GA,G,9,150,6%,1.7171E-3
1667-1635,ref|NC_001142|,75588,C,CT,14,146,9.59%,4.2559E-5
1667-1635,ref|NC_001142|,76562,GAT,G,13,128,10.16%,8.7391E-5
1667-1635,ref|NC_001142|,97478,G,A,150,150,100%,1.0666E-89
1667-1635,ref|NC_001142|,99491,AT,A,7,115,6.09%,7.0604E-3
1667-1635,ref|NC_001142|,99519,AT,A,11,125,8.8%,3.85E-4
1667-1635,ref|NC_001142|,104611,TA,T,14,100,14%,3.6214E-5
1667-1635,ref|NC_001142|,113474,A,AT,19,113,16.81%,7.7252E-7
1667-1635,ref|NC_001142|,123779,GA,G,15,138,10.87%,1.9962E-5
1667-1635,ref|NC_001142|,134112,GA,G,19,134,14.18%,8.4889E-7
1667-1635,ref|NC_001142|,134179,GA,G,7,122,5.74%,7.1349E-3
1667-1635,ref|NC_001142|,136911,GA,G,21,112,18.75%,1.143E-7
1667-1635,ref|NC_001142|,145019,GA,G,9,133,6.77%,1.6926E-3
1667-1635,ref|NC_001142|,147243,C,T,133,133,100%,1.7256E-79
1667-1635,ref|NC_001142|,159429,C,CA,16,143,11.19%,9.5196E-6
1667-1635,ref|NC_001142|,173179,GT,G,7,90,7.78%,6.8597E-3
1667-1635,ref|NC_001142|,173515,TA,T,7,118,5.93%,7.1177E-3
1667-1635,ref|NC_001142|,196083,CT,C,13,139,9.35%,8.9728E-5
1667-1635,ref|NC_001142|,199170,A,C,92,92,100%,6.9429E-55
1667-1635,ref|NC_001142|,200219,A,G,142,142,100%,6.8012E-85
1667-1635,ref|NC_001142|,207747,GA,G,12,121,9.92%,1.7787E-4
1667-1635,ref|NC_001142|,217454,G,GA,10,150,6.67%,8.2788E-4
1667-1635,ref|NC_001142|,265872,GT,G,11,69,15.94%,2.6733E-4
1667-1635,ref|NC_001142|,268747,AT,A,16,112,14.29%,7.9565E-6
1667-1635,ref|NC_001142|,278038,GA,G,8,93,8.6%,3.3145E-3
1667-1635,ref|NC_001142|,280770,C,CT,10,103,9.71%,7.5448E-4
1667-1635,ref|NC_001142|,289587,TA,T,13,95,13.68%,7.1891E-5
1667-1635,ref|NC_001142|,289852,T,C,6,99,6.06%,1.4454E-2
1667-1635,ref|NC_001142|,315657,GA,G,11,130,8.46%,3.7915E-4
1667-1635,ref|NC_001142|,318742,C,T,7,76,9.21%,6.7486E-3
1667-1635,ref|NC_001142|,342348,AT,A,20,89,22.47%,2.1111E-7
1667-1635,ref|NC_001142|,358212,G,GT,16,87,18.39%,5.6213E-6
1667-1635,ref|NC_001142|,359824,G,GA,24,140,17.14%,1.7584E-8
1667-1635,ref|NC_001142|,360911,CT,C,8,123,6.5%,3.4519E-3
1667-1635,ref|NC_001142|,376292,TA,T,10,151,6.62%,8.3274E-4
1667-1635,ref|NC_001142|,385321,G,C,5,85,5.88%,2.9417E-2
1667-1635,ref|NC_001142|,388260,C,CA,14,104,13.46%,3.7054E-5
1667-1635,ref|NC_001142|,393823,GA,G,19,118,16.1%,7.4225E-7
1667-1635,ref|NC_001142|,396952,CT,C,9,128,7.03%,1.6762E-3
1667-1635,ref|NC_001142|,419705,G,GA,9,134,6.72%,1.6867E-3
1667-1635,ref|NC_001142|,424172,GAT,G,13,91,14.29%,7.4354E-5
1667-1635,ref|NC_001142|,424906,CT,C,17,120,14.17%,3.5421E-6
1667-1635,ref|NC_001142|,456066,G,GAT,8,61,13.11%,2.9216E-3
1667-1635,ref|NC_001142|,457903,C,CA,14,100,14%,3.4099E-5
1667-1635,ref|NC_001142|,469691,GA,G,7,136,5.15%,7.1866E-3
1667-1635,ref|NC_001142|,470130,GTAA,G,66,117,56.41%,1.7296E-27
1667-1635,ref|NC_001142|,471047,G,GA,11,126,8.73%,3.842E-4
1667-1635,ref|NC_001142|,497098,A,AAT,62,101,61.39%,5.9112E-27
1667-1635,ref|NC_001142|,497303,AAT,A,14,91,15.38%,3.5315E-5
1667-1635,ref|NC_001142|,519255,CGT,C,6,98,6.12%,1.4365E-2
1667-1635,ref|NC_001142|,523904,T,TA,9,93,9.68%,1.5493E-3
1667-1635,ref|NC_001142|,525702,GA,G,8,79,10.13%,3.1718E-3
1667-1635,ref|NC_001142|,525782,TA,T,11,61,18.33%,2.2563E-4
1667-1635,ref|NC_001142|,538633,A,AT,9,127,7.09%,1.6762E-3
1667-1635,ref|NC_001142|,550151,C,CT,14,154,9.09%,4.3808E-5
1667-1635,ref|NC_001142|,568755,TA,T,11,144,7.64%,3.9751E-4
1667-1635,ref|NC_001142|,570787,A,AT,6,93,6.45%,1.4324E-2
1667-1635,ref|NC_001142|,580248,CT,C,17,122,13.93%,3.829E-6
1667-1635,ref|NC_001142|,585633,C,CA,8,138,5.8%,3.5022E-3
1667-1635,ref|NC_001142|,586417,CA,C,19,148,12.84%,9.7099E-7
1667-1635,ref|NC_001142|,636995,CA,C,10,143,6.99%,8.2269E-4
1667-1635,ref|NC_001142|,639198,CT,C,17,106,16.04%,2.9901E-6
1667-1635,ref|NC_001142|,639990,A,AAC,10,84,11.9%,7.1814E-4
1667-1635,ref|NC_001142|,640784,G,GA,146,177,82.49%,9.1438E-73
1667-1635,ref|NC_001142|,663948,C,CT,9,156,5.77%,1.7232E-3
1667-1635,ref|NC_001142|,667224,GTA,G,11,118,9.32%,3.716E-4
1667-1635,ref|NC_001142|,715068,G,A,11,65,16.92%,3.0799E-4
1667-1635,ref|NC_001142|,715072,G,T,11,63,17.46%,3.031E-4
1667-1635,ref|NC_001142|,715081,T,G,18,66,27.27%,9.974E-7
1667-1635,ref|NC_001142|,715087,A,G,19,61,31.15%,3.6228E-7
1667-1635,ref|NC_001142|,715095,G,A,26,53,49.06%,2.4512E-10
1667-1635,ref|NC_001142|,715099,G,T,23,52,44.23%,5.1348E-9
1667-1635,ref|NC_001142|,715108,A,T,13,38,34.21%,3.2589E-5
1667-1635,ref|NC_001142|,715114,G,A,12,51,23.53%,1.1751E-4
1667-1635,ref|NC_001142|,738075,G,T,64,246,26.02%,4.8226E-22
1667-1635,ref|NC_001142|,740238,T,C,42,42,100%,5.9562E-25
1667-1635,ref|NC_001142|,741069,C,CA,8,159,5.03%,3.5542E-3
1667-1635,ref|NC_001142|,743850,C,G,47,47,100%,6.1512E-28
1667-1635,ref|NC_001142|,743851,G,C,47,47,100%,6.1512E-28
1667-1635,ref|NC_001142|,745710,GT,G,13,15,86.67%,8.7675E-7
1667-1635,ref|NC_001143|,457,C,CA,127,129,98.45%,3.7046E-73
1667-1635,ref|NC_001143|,21664,C,CA,11,161,6.83%,4.0534E-4
1667-1635,ref|NC_001143|,22040,CA,C,13,86,15.12%,6.9169E-5
1667-1635,ref|NC_001143|,26591,CAT,C,13,115,11.3%,7.9021E-5
1667-1635,ref|NC_001143|,36588,CAT,C,23,120,19.17%,2.9924E-8
1667-1635,ref|NC_001143|,67773,CT,C,19,108,17.59%,5.6767E-7
1667-1635,ref|NC_001143|,68454,G,GCC,103,112,91.96%,7.8688E-54
1667-1635,ref|NC_001143|,68468,T,TG,113,114,99.12%,5.0508E-66
1667-1635,ref|NC_001143|,78799,TTA,T,15,118,12.71%,1.8391E-5
1667-1635,ref|NC_001143|,93419,CT,C,12,198,6.06%,2.0488E-4
1667-1635,ref|NC_001143|,134467,AT,A,12,112,10.71%,1.7563E-4
1667-1635,ref|NC_001143|,136103,C,CAT,8,92,8.7%,3.2807E-3
1667-1635,ref|NC_001143|,164844,CTA,C,10,66,15.15%,6.6338E-4
1667-1635,ref|NC_001143|,177111,G,GA,9,149,6.04%,1.7138E-3
1667-1635,ref|NC_001143|,196211,GA,G,18,109,16.51%,1.4501E-6
1667-1635,ref|NC_001143|,201849,G,GT,6,117,5.13%,1.4632E-2
1667-1635,ref|NC_001143|,208022,TA,T,14,128,10.94%,4.0685E-5
1667-1635,ref|NC_001143|,217107,G,GA,18,158,11.39%,1.9964E-6
1667-1635,ref|NC_001143|,223175,TA,T,11,134,8.21%,3.9096E-4
1667-1635,ref|NC_001143|,234262,A,AT,9,137,6.57%,1.6926E-3
1667-1635,ref|NC_001143|,242787,C,CT,15,127,11.81%,1.8908E-5
1667-1635,ref|NC_001143|,246028,A,AT,7,138,5.07%,7.1913E-3
1667-1635,ref|NC_001143|,260979,G,GA,9,124,7.26%,1.674E-3
1667-1635,ref|NC_001143|,274411,CA,C,10,108,9.26%,7.7103E-4
1667-1635,ref|NC_001143|,280162,G,GA,16,124,12.9%,8.4808E-6
1667-1635,ref|NC_001143|,286448,TA,T,9,122,7.38%,1.6447E-3
1667-1635,ref|NC_001143|,309693,GT,G,8,111,7.21%,3.4108E-3
1667-1635,ref|NC_001143|,320823,GT,G,15,95,15.79%,1.3542E-5
1667-1635,ref|NC_001143|,320858,A,C,5,87,5.75%,2.9459E-2
1667-1635,ref|NC_001143|,323019,A,T,126,126,100%,2.7519E-75
1667-1635,ref|NC_001143|,327725,AT,A,9,122,7.38%,1.6625E-3
1667-1635,ref|NC_001143|,335103,G,GA,15,110,13.64%,1.665E-5
1667-1635,ref|NC_001143|,340673,G,GA,10,159,6.29%,8.4238E-4
1667-1635,ref|NC_001143|,351197,CT,C,8,134,5.97%,3.4835E-3
1667-1635,ref|NC_001143|,355182,G,GA,9,108,8.33%,1.6016E-3
1667-1635,ref|NC_001143|,358106,C,G,110,110,100%,1.1045E-65
1667-1635,ref|NC_001143|,358455,C,CT,19,145,13.1%,9.9129E-7
1667-1635,ref|NC_001143|,364491,G,GT,13,127,10.24%,8.7139E-5
1667-1635,ref|NC_001143|,369769,G,C,5,75,6.67%,2.9174E-2
1667-1635,ref|NC_001143|,384845,C,CAT,90,116,77.59%,1.1096E-41
1667-1635,ref|NC_001143|,385103,C,CTT,15,65,23.08%,8.3573E-6
1667-1635,ref|NC_001143|,385587,G,GT,6,99,6.06%,1.4379E-2
1667-1635,ref|NC_001143|,420396,C,CT,7,106,6.6%,7.0535E-3
1667-1635,ref|NC_001143|,432846,G,GA,8,142,5.63%,3.5248E-3
1667-1635,ref|NC_001143|,448909,C,G,14,93,15.05%,3.5995E-5
1667-1635,ref|NC_001143|,451568,GGAACAC,G,105,118,88.98%,5.0689E-53
1667-1635,ref|NC_001143|,463261,CT,C,17,94,18.09%,2.6179E-6
1667-1635,ref|NC_001143|,465172,G,GTATA,44,67,65.67%,7.4887E-20
1667-1635,ref|NC_001143|,489841,T,TA,10,125,8%,8.0332E-4
1667-1635,ref|NC_001143|,518072,CT,C,7,82,8.54%,6.7346E-3
1667-1635,ref|NC_001143|,518111,C,CT,12,80,15%,1.2806E-4
1667-1635,ref|NC_001143|,519367,GA,G,10,118,8.47%,7.9624E-4
1667-1635,ref|NC_001143|,524035,AT,A,24,129,18.6%,1.3947E-8
1667-1635,ref|NC_001143|,557487,GA,G,9,140,6.43%,1.7001E-3
1667-1635,ref|NC_001143|,581078,GA,G,13,147,8.84%,8.9945E-5
1667-1635,ref|NC_001143|,615683,A,AT,10,136,7.35%,8.216E-4
1667-1635,ref|NC_001143|,617557,CT,C,11,115,9.65%,3.6294E-4
1667-1635,ref|NC_001143|,618946,G,GA,16,155,10.32%,9.8529E-6
1667-1635,ref|NC_001143|,631098,T,TA,12,127,9.45%,1.8467E-4
1667-1635,ref|NC_001143|,632832,C,CA,11,113,9.73%,3.685E-4
1667-1635,ref|NC_001143|,635448,AT,A,6,115,5.22%,1.453E-2
1667-1635,ref|NC_001143|,635468,C,CT,17,129,13.18%,3.8819E-6
1667-1635,ref|NC_001143|,638422,AT,A,14,140,10%,4.2186E-5
1667-1635,ref|NC_001143|,644727,AT,A,9,145,6.21%,1.7122E-3
1667-1635,ref|NC_001143|,645204,C,CA,22,156,14.1%,9.4E-8
1667-1635,ref|NC_001143|,660577,CA,C,15,175,8.57%,2.1639E-5
1667-1635,ref|NC_001143|,661401,GA,G,14,144,9.72%,4.2436E-5
1667-1635,ref|NC_001143|,666556,GT,G,85,88,96.59%,2.1119E-47
1667-1635,ref|NC_001143|,666702,GGT,G,21,55,38.18%,4.2301E-8
1667-1635,ref|NC_001143|,666721,T,TG,6,18,33.33%,9.5308E-3
1667-1635,ref|NC_001144|,28,A,AC,10,26,38.46%,3.3576E-4
1667-1635,ref|NC_001144|,5699,C,CA,8,148,5.41%,3.5449E-3
1667-1635,ref|NC_001144|,5741,T,C,10,155,6.45%,8.4072E-4
1667-1635,ref|NC_001144|,5757,A,T,9,160,5.62%,1.7399E-3
1667-1635,ref|NC_001144|,10965,T,C,19,50,38%,2.2975E-7
1667-1635,ref|NC_001144|,11225,CA,C,81,125,64.8%,9.3524E-34
1667-1635,ref|NC_001144|,11251,CA,C,8,133,6.02%,3.5052E-3
1667-1635,ref|NC_001144|,14561,AT,A,11,192,5.73%,4.1679E-4
1667-1635,ref|NC_001144|,19914,CT,C,21,195,10.77%,2.5102E-7
1667-1635,ref|NC_001144|,24780,C,G,10,113,8.85%,7.917E-4
1667-1635,ref|NC_001144|,41223,CAT,C,13,66,19.7%,5.3813E-5
1667-1635,ref|NC_001144|,48673,TA,T,8,139,5.76%,3.5138E-3
1667-1635,ref|NC_001144|,48855,CA,C,31,149,20.81%,3.1481E-11
1667-1635,ref|NC_001144|,52019,AAT,A,19,160,11.88%,1.0689E-6
1667-1635,ref|NC_001144|,52618,CT,C,15,182,8.24%,2.1639E-5
1667-1635,ref|NC_001144|,63982,CA,C,19,170,11.18%,1.0562E-6
1667-1635,ref|NC_001144|,65534,A,AT,15,213,7.04%,2.3337E-5
1667-1635,ref|NC_001144|,66619,CT,C,12,175,6.86%,1.9792E-4
1667-1635,ref|NC_001144|,84519,CT,C,17,190,8.95%,5.0736E-6
1667-1635,ref|NC_001144|,86724,TA,T,24,157,15.29%,1.8702E-8
1667-1635,ref|NC_001144|,86842,AT,A,10,163,6.13%,8.44E-4
1667-1635,ref|NC_001144|,105616,T,TA,16,155,10.32%,9.8213E-6
1667-1635,ref|NC_001144|,108046,C,CT,14,188,7.45%,4.6791E-5
1667-1635,ref|NC_001144|,112176,G,GA,16,181,8.84%,1.0467E-5
1667-1635,ref|NC_001144|,121725,G,GT,8,155,5.16%,3.5425E-3
1667-1635,ref|NC_001144|,122008,GA,G,22,122,18.03%,5.3199E-8
1667-1635,ref|NC_001144|,125399,TTA,T,7,123,5.69%,7.1513E-3
1667-1635,ref|NC_001144|,129214,C,CA,10,183,5.46%,8.5631E-4
1667-1635,ref|NC_001144|,130903,C,CT,9,160,5.62%,1.7333E-3
1667-1635,ref|NC_001144|,161651,TA,T,20,156,12.82%,4.6467E-7
1667-1635,ref|NC_001144|,170682,CAT,C,10,105,9.52%,7.6712E-4
1667-1635,ref|NC_001144|,172018,AAT,A,20,97,20.62%,2.7342E-7
1667-1635,ref|NC_001144|,179752,AT,A,13,121,10.74%,8.2547E-5
1667-1635,ref|NC_001144|,179897,C,CT,13,174,7.47%,9.6194E-5
1667-1635,ref|NC_001144|,187137,AT,A,175,179,97.77%,1.8274E-99
1667-1635,ref|NC_001144|,195306,CT,C,8,148,5.41%,3.5326E-3
1667-1635,ref|NC_001144|,196591,AT,A,21,144,14.58%,2.0251E-7
1667-1635,ref|NC_001144|,196750,AT,A,9,136,6.62%,1.6846E-3
1667-1635,ref|NC_001144|,229572,G,A,7,117,5.98%,7.1235E-3
1667-1635,ref|NC_001144|,234390,A,G,18,161,11.18%,2.3074E-6
1667-1635,ref|NC_001144|,243827,CAT,C,22,150,14.67%,1.0268E-7
1667-1635,ref|NC_001144|,245256,AAT,A,22,139,15.83%,9.1854E-8
1667-1635,ref|NC_001144|,251194,GA,G,45,162,27.78%,4.1394E-16
1667-1635,ref|NC_001144|,253093,G,GA,16,160,10%,1.0006E-5
1667-1635,ref|NC_001144|,259721,C,CT,11,178,6.18%,4.1484E-4
1667-1635,ref|NC_001144|,263307,C,CA,8,155,5.16%,3.5425E-3
1667-1635,ref|NC_001144|,264076,A,AT,17,83,20.48%,1.7118E-6
1667-1635,ref|NC_001144|,266819,G,A,24,136,17.65%,1.9598E-8
1667-1635,ref|NC_001144|,268086,C,T,7,99,7.07%,7.0009E-3
1667-1635,ref|NC_001144|,280996,G,GA,25,166,15.06%,9.0237E-9
1667-1635,ref|NC_001144|,289357,C,CT,13,151,8.61%,9.1962E-5
1667-1635,ref|NC_001144|,291384,A,G,189,189,100%,3.9605E-113
1667-1635,ref|NC_001144|,291386,A,G,192,192,100%,6.2372E-115
1667-1635,ref|NC_001144|,292024,GA,G,20,157,12.74%,4.6719E-7
1667-1635,ref|NC_001144|,306620,T,TA,8,140,5.71%,3.4962E-3
1667-1635,ref|NC_001144|,320335,GA,G,16,173,9.25%,1.034E-5
1667-1635,ref|NC_001144|,322104,AT,A,9,143,6.29%,1.6983E-3
1667-1635,ref|NC_001144|,343851,GT,G,9,153,5.88%,1.7155E-3
1667-1635,ref|NC_001144|,345042,C,G,13,83,15.66%,7.3398E-5
1667-1635,ref|NC_001144|,348735,CA,C,15,176,8.52%,2.1687E-5
1667-1635,ref|NC_001144|,348919,GT,G,20,138,14.49%,4.0868E-7
1667-1635,ref|NC_001144|,369387,AT,A,10,136,7.35%,8.1939E-4
1667-1635,ref|NC_001144|,370487,A,AT,20,155,12.9%,4.6969E-7
1667-1635,ref|NC_001144|,394693,G,GA,13,183,7.1%,9.6472E-5
1667-1635,ref|NC_001144|,402737,AT,A,11,166,6.63%,4.0782E-4
1667-1635,ref|NC_001144|,415651,GT,G,7,117,5.98%,7.0996E-3
1667-1635,ref|NC_001144|,421496,A,AG,5,61,8.2%,2.8522E-2
1667-1635,ref|NC_001144|,423554,CT,C,11,127,8.66%,3.7915E-4
1667-1635,ref|NC_001144|,426662,C,CA,21,161,13.04%,2.1603E-7
1667-1635,ref|NC_001144|,432143,C,CA,8,156,5.13%,3.5565E-3
1667-1635,ref|NC_001144|,441523,CT,C,16,168,9.52%,1.0122E-5
1667-1635,ref|NC_001144|,449594,CT,C,7,124,5.65%,7.1405E-3
1667-1635,ref|NC_001144|,449950,CT,C,9,163,5.52%,1.736E-3
1667-1635,ref|NC_001144|,459249,C,A,21,260,8.08%,3.1314E-7
1667-1635,ref|NC_001144|,459564,T,C,430,7119,6.04%,2.5572E-120
1667-1635,ref|NC_001144|,459803,CT,C,1405,12179,11.55%,0E0
1667-1635,ref|NC_001144|,460002,CA,C,1791,15354,11.66%,0E0
1667-1635,ref|NC_001144|,460103,T,C,966,16113,6%,4.2413E-268
1667-1635,ref|NC_001144|,460152,T,G,957,16900,5.66%,4.8758E-265
1667-1635,ref|NC_001144|,460262,G,GTA,1016,17385,5.84%,1.7946E-281
1667-1635,ref|NC_001144|,460383,TA,T,3160,15490,20.4%,0E0
1667-1635,ref|NC_001144|,460477,AT,A,1255,16885,7.43%,0E0
1667-1635,ref|NC_001144|,460621,T,C,1050,13982,7.51%,7.1595E-300
1667-1635,ref|NC_001144|,489468,CT,C,8,148,5.41%,3.5274E-3
1667-1635,ref|NC_001144|,491513,C,CT,12,163,7.36%,1.9511E-4
1667-1635,ref|NC_001144|,495309,CT,C,10,149,6.71%,8.3274E-4
1667-1635,ref|NC_001144|,513997,C,CA,17,163,10.43%,4.6388E-6
1667-1635,ref|NC_001144|,514965,C,CT,10,150,6.67%,8.3083E-4
1667-1635,ref|NC_001144|,522257,C,CA,10,159,6.29%,8.3729E-4
1667-1635,ref|NC_001144|,527967,CT,C,15,164,9.15%,2.1336E-5
1667-1635,ref|NC_001144|,528749,T,A,162,162,100%,6.6062E-97
1667-1635,ref|NC_001144|,535172,C,CA,12,156,7.69%,1.9481E-4
1667-1635,ref|NC_001144|,544325,G,A,6,87,6.9%,1.4294E-2
1667-1635,ref|NC_001144|,545933,C,CT,13,159,8.18%,9.252E-5
1667-1635,ref|NC_001144|,550360,CA,C,10,138,7.25%,8.0861E-4
1667-1635,ref|NC_001144|,556468,CAT,C,10,126,7.94%,8.0195E-4
1667-1635,ref|NC_001144|,560601,G,GT,10,140,7.14%,8.216E-4
1667-1635,ref|NC_001144|,568017,CT,C,14,148,9.46%,4.268E-5
1667-1635,ref|NC_001144|,585920,GA,G,13,113,11.5%,7.4354E-5
1667-1635,ref|NC_001144|,612158,GA,G,9,147,6.12%,1.7072E-3
1667-1635,ref|NC_001144|,626434,GA,G,10,164,6.1%,8.3903E-4
1667-1635,ref|NC_001144|,636551,GT,G,12,96,12.5%,1.5831E-4
1667-1635,ref|NC_001144|,641311,G,GA,12,153,7.84%,1.9161E-4
1667-1635,ref|NC_001144|,645231,T,TA,10,113,8.85%,7.7103E-4
1667-1635,ref|NC_001144|,646385,G,GA,15,160,9.38%,2.09E-5
1667-1635,ref|NC_001144|,657175,C,T,143,143,100%,1.7063E-85
1667-1635,ref|NC_001144|,657926,GT,G,16,158,10.13%,9.8213E-6
1667-1635,ref|NC_001144|,672979,AT,A,8,138,5.8%,3.5052E-3
1667-1635,ref|NC_001144|,687472,GA,G,13,144,9.03%,8.9286E-5
1667-1635,ref|NC_001144|,687587,GTA,G,7,135,5.19%,7.1913E-3
1667-1635,ref|NC_001144|,699939,GA,G,16,124,12.9%,7.7838E-6
1667-1635,ref|NC_001144|,704138,TA,T,18,129,13.95%,1.7211E-6
1667-1635,ref|NC_001144|,718114,TA,T,9,144,6.25%,1.7037E-3
1667-1635,ref|NC_001144|,722481,GT,G,16,127,12.6%,8.6242E-6
1667-1635,ref|NC_001144|,723168,CA,C,20,167,11.98%,4.9109E-7
1667-1635,ref|NC_001144|,723209,G,GT,10,128,7.81%,8.0056E-4
1667-1635,ref|NC_001144|,734923,A,AT,16,135,11.85%,9.0213E-6
1667-1635,ref|NC_001144|,757478,TAG,T,8,117,6.84%,3.4519E-3
1667-1635,ref|NC_001144|,766503,T,TA,14,83,16.87%,2.7518E-5
1667-1635,ref|NC_001144|,769162,CAT,C,26,150,17.33%,4.4335E-9
1667-1635,ref|NC_001144|,777943,G,GT,10,143,6.99%,8.2584E-4
1667-1635,ref|NC_001144|,784382,G,GC,127,132,96.21%,2.5688E-70
1667-1635,ref|NC_001144|,784895,GA,G,10,143,6.99%,8.2687E-4
1667-1635,ref|NC_001144|,793997,A,AT,8,132,6.06%,3.4769E-3
1667-1635,ref|NC_001144|,802485,A,AT,15,146,10.27%,1.9962E-5
1667-1635,ref|NC_001144|,807323,TA,T,18,160,11.25%,2.2439E-6
1667-1635,ref|NC_001144|,809527,C,CT,10,173,5.78%,8.5081E-4
1667-1635,ref|NC_001144|,819069,C,CT,13,157,8.28%,9.288E-5
1667-1635,ref|NC_001144|,823442,GGA,G,6,76,7.89%,1.4084E-2
1667-1635,ref|NC_001144|,828903,C,T,150,150,100%,1.0666E-89
1667-1635,ref|NC_001144|,829405,GTA,G,25,154,16.23%,9.6941E-9
1667-1635,ref|NC_001144|,833744,A,AT,9,166,5.42%,1.736E-3
1667-1635,ref|NC_001144|,837516,CAT,C,15,127,11.81%,1.9384E-5
1667-1635,ref|NC_001144|,837956,GA,G,8,150,5.33%,3.53E-3
1667-1635,ref|NC_001144|,852137,GT,G,13,153,8.5%,9.2336E-5
1667-1635,ref|NC_001144|,867102,C,CT,10,172,5.81%,8.5009E-4
1667-1635,ref|NC_001144|,873682,AT,A,8,116,6.9%,3.4443E-3
1667-1635,ref|NC_001144|,881947,C,CAT,85,130,65.38%,7.6217E-37
1667-1635,ref|NC_001144|,941045,T,TA,13,172,7.56%,9.5475E-5
1667-1635,ref|NC_001144|,944238,C,A,86,86,100%,2.7498E-51
1667-1635,ref|NC_001144|,946113,T,C,16,93,17.2%,7.5412E-6
1667-1635,ref|NC_001144|,950305,CT,C,9,162,5.56%,1.7276E-3
1667-1635,ref|NC_001144|,981461,A,G,13,167,7.78%,9.5768E-5
1667-1635,ref|NC_001144|,1002214,GA,G,38,193,19.69%,2.8396E-13
1667-1635,ref|NC_001144|,1011372,C,CT,19,161,11.8%,1.0108E-6
1667-1635,ref|NC_001144|,1012324,C,CG,166,174,95.4%,1.0424E-90
1667-1635,ref|NC_001144|,1012328,A,AGCC,157,168,93.45%,1.8179E-83
1667-1635,ref|NC_001144|,1015482,AAT,A,30,198,15.15%,2.7073E-10
1667-1635,ref|NC_001144|,1019116,GA,G,29,196,14.8%,5.0075E-10
1667-1635,ref|NC_001144|,1024980,AT,A,25,154,16.23%,7.5761E-9
1667-1635,ref|NC_001144|,1025009,GT,G,10,115,8.7%,7.7479E-4
1667-1635,ref|NC_001144|,1026686,C,CT,37,196,18.88%,8.1819E-13
1667-1635,ref|NC_001144|,1027909,G,A,57,192,29.69%,5.1788E-20
1667-1635,ref|NC_001144|,1039210,G,GA,13,192,6.77%,9.8836E-5
1667-1635,ref|NC_001144|,1039435,T,A,193,193,100%,1.5634E-115
1667-1635,ref|NC_001144|,1053293,AT,A,27,174,15.52%,2.1373E-9
1667-1635,ref|NC_001144|,1059677,TA,T,19,179,10.61%,1.043E-6
1667-1635,ref|NC_001145|,21958,GTA,G,15,111,13.51%,1.7728E-5
1667-1635,ref|NC_001145|,26551,A,AT,8,117,6.84%,3.4153E-3
1667-1635,ref|NC_001145|,26591,C,CT,6,114,5.26%,1.4579E-2
1667-1635,ref|NC_001145|,26716,AT,A,20,140,14.29%,3.9281E-7
1667-1635,ref|NC_001145|,34473,T,G,162,162,100%,6.6062E-97
1667-1635,ref|NC_001145|,41950,GA,G,44,148,29.73%,4.889E-16
1667-1635,ref|NC_001145|,43866,CT,C,14,130,10.77%,4.1258E-5
1667-1635,ref|NC_001145|,43908,AT,A,7,126,5.56%,7.1235E-3
1667-1635,ref|NC_001145|,58770,AT,A,8,156,5.13%,3.5496E-3
1667-1635,ref|NC_001145|,86950,CTATTAT,C,26,96,27.08%,1.9004E-9
1667-1635,ref|NC_001145|,94308,A,AT,10,165,6.06%,8.4156E-4
1667-1635,ref|NC_001145|,97782,GT,G,7,140,5%,7.2183E-3
1667-1635,ref|NC_001145|,99274,CA,C,11,177,6.21%,4.1403E-4
1667-1635,ref|NC_001145|,158396,TA,T,23,114,20.18%,2.3293E-8
1667-1635,ref|NC_001145|,159852,CAT,C,7,110,6.36%,6.9675E-3
1667-1635,ref|NC_001145|,164392,GT,G,15,111,13.51%,1.5519E-5
1667-1635,ref|NC_001145|,165422,CT,C,13,95,13.68%,6.9736E-5
1667-1635,ref|NC_001145|,169058,C,CT,8,116,6.9%,3.4239E-3
1667-1635,ref|NC_001145|,184660,T,C,11,13,84.62%,1.0096E-5
1667-1635,ref|NC_001145|,191990,AT,A,16,69,23.19%,4.4899E-6
1667-1635,ref|NC_001145|,192743,GTA,G,23,132,17.42%,4.1019E-8
1667-1635,ref|NC_001145|,209069,CT,C,10,133,7.52%,8.0861E-4
1667-1635,ref|NC_001145|,234752,A,AT,7,104,6.73%,7.0089E-3
1667-1635,ref|NC_001145|,236652,C,CT,13,147,8.84%,9.0158E-5
1667-1635,ref|NC_001145|,238763,CT,C,18,107,16.82%,1.2803E-6
1667-1635,ref|NC_001145|,239353,C,CAT,13,89,14.61%,7.0836E-5
1667-1635,ref|NC_001145|,241854,C,CT,10,156,6.41%,8.3274E-4
1667-1635,ref|NC_001145|,251661,GA,G,10,134,7.46%,8.1236E-4
1667-1635,ref|NC_001145|,276374,TA,T,10,134,7.46%,8.1826E-4
1667-1635,ref|NC_001145|,305685,GT,G,7,127,5.51%,7.1405E-3
1667-1635,ref|NC_001145|,321328,CAT,C,17,133,12.78%,4.2592E-6
1667-1635,ref|NC_001145|,323216,C,CA,12,121,9.92%,1.784E-4
1667-1635,ref|NC_001145|,325905,T,A,134,134,100%,4.3301E-80
1667-1635,ref|NC_001145|,337473,C,CA,11,155,7.1%,4.0271E-4
1667-1635,ref|NC_001145|,348566,C,CT,17,124,13.71%,3.9836E-6
1667-1635,ref|NC_001145|,353678,A,AT,13,135,9.63%,8.8365E-5
1667-1635,ref|NC_001145|,361550,G,A,85,85,100%,1.0935E-50
1667-1635,ref|NC_001145|,361725,A,G,40,159,25.16%,5.4747E-14
1667-1635,ref|NC_001145|,370618,CA,C,11,136,8.09%,3.9166E-4
1667-1635,ref|NC_001145|,387095,AT,A,12,83,14.46%,1.4827E-4
1667-1635,ref|NC_001145|,388684,TTA,T,14,77,18.18%,2.9687E-5
1667-1635,ref|NC_001145|,411379,CT,C,7,129,5.43%,7.1769E-3
1667-1635,ref|NC_001145|,411461,G,GT,15,120,12.5%,1.8741E-5
1667-1635,ref|NC_001145|,426224,AT,A,7,133,5.26%,7.1669E-3
1667-1635,ref|NC_001145|,442239,CT,C,7,114,6.14%,7.0805E-3
1667-1635,ref|NC_001145|,448333,G,A,144,144,100%,4.2805E-86
1667-1635,ref|NC_001145|,448334,A,G,144,144,100%,4.2805E-86
1667-1635,ref|NC_001145|,462693,C,CT,7,120,5.83%,7.1057E-3
1667-1635,ref|NC_001145|,472637,GA,G,9,136,6.62%,1.7019E-3
1667-1635,ref|NC_001145|,475726,G,GA,15,119,12.61%,1.7628E-5
1667-1635,ref|NC_001145|,483743,GA,G,22,91,24.18%,3.133E-8
1667-1635,ref|NC_001145|,497919,G,GA,9,127,7.09%,1.6805E-3
1667-1635,ref|NC_001145|,512087,G,GT,7,112,6.25%,7.0318E-3
1667-1635,ref|NC_001145|,538607,GCA,G,9,95,9.47%,1.587E-3
1667-1635,ref|NC_001145|,541036,C,T,13,81,16.05%,7.2404E-5
1667-1635,ref|NC_001145|,558682,C,CA,14,116,12.07%,3.8929E-5
1667-1635,ref|NC_001145|,559980,C,CT,11,112,9.82%,3.726E-4
1667-1635,ref|NC_001145|,561877,AAT,A,8,83,9.64%,3.2347E-3
1667-1635,ref|NC_001145|,571250,C,CA,11,115,9.57%,3.685E-4
1667-1635,ref|NC_001145|,618182,CA,C,6,117,5.13%,1.4588E-2
1667-1635,ref|NC_001145|,622168,GTA,G,17,112,15.18%,3.7189E-6
1667-1635,ref|NC_001145|,625708,CT,C,11,89,12.36%,3.2907E-4
1667-1635,ref|NC_001145|,626754,G,GA,7,140,5%,7.2309E-3
1667-1635,ref|NC_001145|,630505,A,G,118,118,100%,1.7454E-70
1667-1635,ref|NC_001145|,646855,CAT,C,10,86,11.63%,7.2967E-4
1667-1635,ref|NC_001145|,651263,TA,T,91,122,74.59%,1.7129E-40
1667-1635,ref|NC_001145|,651984,CA,C,8,149,5.37%,3.5401E-3
1667-1635,ref|NC_001145|,652533,CT,C,10,113,8.85%,7.7841E-4
1667-1635,ref|NC_001145|,654916,AAT,A,7,118,5.93%,7.1235E-3
1667-1635,ref|NC_001145|,667202,C,CA,20,143,13.99%,3.9926E-7
1667-1635,ref|NC_001145|,672129,T,C,137,137,100%,6.8409E-82
1667-1635,ref|NC_001145|,674863,GA,G,14,115,12.17%,3.7453E-5
1667-1635,ref|NC_001145|,680936,T,C,127,127,100%,6.9069E-76
1667-1635,ref|NC_001145|,680940,C,T,126,126,100%,2.7519E-75
1667-1635,ref|NC_001145|,698679,TA,T,15,92,16.3%,1.3877E-5
1667-1635,ref|NC_001145|,751553,CA,C,7,137,5.11%,7.196E-3
1667-1635,ref|NC_001145|,751670,TA,T,8,120,6.67%,3.4481E-3
1667-1635,ref|NC_001145|,756824,GT,G,11,78,14.1%,3.0799E-4
1667-1635,ref|NC_001145|,770561,A,AT,8,150,5.33%,3.5376E-3
1667-1635,ref|NC_001145|,772664,CT,C,17,121,14.05%,3.829E-6
1667-1635,ref|NC_001145|,774724,C,CA,12,160,7.5%,1.9541E-4
1667-1635,ref|NC_001145|,779300,C,CT,13,149,8.72%,9.1186E-5
1667-1635,ref|NC_001145|,809198,A,G,148,148,100%,1.6951E-88
1667-1635,ref|NC_001145|,815480,CA,C,9,123,7.32%,1.65E-3
1667-1635,ref|NC_001145|,822589,CT,C,6,78,7.69%,1.3851E-2
1667-1635,ref|NC_001145|,822630,A,C,12,73,16.44%,1.4937E-4
1667-1635,ref|NC_001145|,822635,G,T,7,52,13.46%,6.0738E-3
1667-1635,ref|NC_001145|,851713,GA,G,26,131,19.85%,2.3482E-9
1667-1635,ref|NC_001145|,852310,GA,G,13,157,8.28%,9.3057E-5
1667-1635,ref|NC_001145|,854478,CT,C,11,140,7.86%,3.9096E-4
1667-1635,ref|NC_001145|,861205,C,CA,13,149,8.72%,9.1772E-5
1667-1635,ref|NC_001145|,867234,G,GA,15,175,8.57%,2.1876E-5
1667-1635,ref|NC_001145|,874559,CT,C,24,146,16.44%,1.5616E-8
1667-1635,ref|NC_001145|,877494,G,A,6,91,6.59%,1.4352E-2
1667-1635,ref|NC_001145|,892823,GA,G,10,185,5.41%,8.5761E-4
1667-1635,ref|NC_001145|,901415,G,GA,9,165,5.45%,1.745E-3
1667-1635,ref|NC_001145|,908196,G,C,15,32,46.88%,3.5464E-6
1667-1635,ref|NC_001145|,908198,G,T,14,30,46.67%,8.3837E-6
1667-1635,ref|NC_001145|,908203,G,A,18,35,51.43%,1.9562E-7
1667-1635,ref|NC_001145|,908218,C,T,29,46,63.04%,2.4659E-12
1667-1635,ref|NC_001145|,908234,GCAACGTCTAGCGTAGTGAGTTCAGAAGCTCCATCGT,G,6,63,9.52%,1.3796E-2
1667-1635,ref|NC_001145|,908275,G,A,10,95,10.53%,7.6099E-4
1667-1635,ref|NC_001145|,908282,G,T,10,99,10.1%,7.6909E-4
1667-1635,ref|NC_001145|,908283,T,C,10,101,9.9%,7.7292E-4
1667-1635,ref|NC_001145|,908359,A,G,7,138,5.07%,7.2268E-3
1667-1635,ref|NC_001145|,908362,T,C,9,144,6.25%,1.7171E-3
1667-1635,ref|NC_001145|,908365,A,G,13,144,9.03%,9.1962E-5
1667-1635,ref|NC_001145|,908558,T,TCAA,26,199,13.07%,6.2231E-9
1667-1635,ref|NC_001145|,914827,G,GT,9,114,7.96%,1.6306E-3
1667-1635,ref|NC_001145|,918033,C,CA,11,175,6.29%,4.1278E-4
1667-1635,ref|NC_001145|,918120,C,CT,37,131,28.24%,1.8087E-13
1667-1635,ref|NC_001145|,921418,CT,C,93,133,69.92%,1.5686E-42
1667-1635,ref|NC_001145|,924388,G,GT,15,22,68.18%,5.4994E-7
1667-1635,ref|NC_001145|,924392,T,TG,15,18,83.33%,1.4655E-7
1667-1635,ref|NC_001146|,6631,CCA,C,6,37,16.22%,1.2549E-2
1667-1635,ref|NC_001146|,6650,A,C,10,35,28.57%,4.3872E-4
1667-1635,ref|NC_001146|,6652,C,A,10,33,30.3%,4.3872E-4
1667-1635,ref|NC_001146|,7478,A,AT,156,157,99.36%,1.0522E-91
1667-1635,ref|NC_001146|,10214,TA,T,23,139,16.55%,3.8359E-8
1667-1635,ref|NC_001146|,12975,C,CTT,97,123,78.86%,7.0124E-46
1667-1635,ref|NC_001146|,14333,G,GC,73,80,91.25%,6.3484E-38
1667-1635,ref|NC_001146|,27081,C,G,6,89,6.74%,1.4309E-2
1667-1635,ref|NC_001146|,28420,GT,G,11,148,7.43%,3.9369E-4
1667-1635,ref|NC_001146|,43278,AAT,A,15,123,12.2%,1.8391E-5
1667-1635,ref|NC_001146|,86089,C,CT,9,138,6.52%,1.7001E-3
1667-1635,ref|NC_001146|,89323,CT,C,13,152,8.55%,9.2701E-5
1667-1635,ref|NC_001146|,98320,C,T,22,165,13.33%,1.1269E-7
1667-1635,ref|NC_001146|,107294,GA,G,10,152,6.58%,8.2788E-4
1667-1635,ref|NC_001146|,118987,G,GA,18,139,12.95%,1.9854E-6
1667-1635,ref|NC_001146|,145389,G,GT,7,114,6.14%,7.0996E-3
1667-1635,ref|NC_001146|,154923,GAA,G,16,116,13.79%,7.1482E-6
1667-1635,ref|NC_001146|,172354,C,CT,15,185,8.11%,2.223E-5
1667-1635,ref|NC_001146|,172492,CA,C,8,106,7.55%,3.3669E-3
1667-1635,ref|NC_001146|,175206,C,CA,18,142,12.68%,2.0901E-6
1667-1635,ref|NC_001146|,191300,C,CT,8,132,6.06%,3.4802E-3
1667-1635,ref|NC_001146|,196150,CT,C,19,109,17.43%,7.0236E-7
1667-1635,ref|NC_001146|,198236,AT,A,11,133,8.27%,3.8655E-4
1667-1635,ref|NC_001146|,198789,C,G,6,81,7.41%,1.4197E-2
1667-1635,ref|NC_001146|,235956,CT,C,10,109,9.17%,7.7479E-4
1667-1635,ref|NC_001146|,251874,A,AT,14,126,11.11%,4.0975E-5
1667-1635,ref|NC_001146|,263349,A,AT,12,128,9.38%,1.8241E-4
1667-1635,ref|NC_001146|,281884,G,GA,11,121,9.09%,3.7915E-4
1667-1635,ref|NC_001146|,282303,C,CT,6,102,5.88%,1.4442E-2
1667-1635,ref|NC_001146|,282400,G,C,31,81,38.27%,1.3131E-11
1667-1635,ref|NC_001146|,300929,TA,T,22,91,24.18%,3.8057E-8
1667-1635,ref|NC_001146|,307228,CT,C,10,117,8.55%,7.7841E-4
1667-1635,ref|NC_001146|,312328,AACG,A,125,132,94.7%,1.1732E-67
1667-1635,ref|NC_001146|,321979,AT,A,12,106,11.32%,1.7068E-4
1667-1635,ref|NC_001146|,357012,C,CT,7,86,8.14%,6.7056E-3
1667-1635,ref|NC_001146|,377887,G,T,117,117,100%,6.952E-70
1667-1635,ref|NC_001146|,380954,GA,G,20,151,13.25%,4.6213E-7
1667-1635,ref|NC_001146|,382231,TA,T,8,125,6.4%,3.4594E-3
1667-1635,ref|NC_001146|,392467,G,GT,7,103,6.8%,6.9846E-3
1667-1635,ref|NC_001146|,412653,GA,G,15,127,11.81%,1.9534E-5
1667-1635,ref|NC_001146|,413448,C,CT,19,61,31.15%,2.7841E-7
1667-1635,ref|NC_001146|,415054,C,CT,9,72,12.5%,1.4657E-3
1667-1635,ref|NC_001146|,415071,C,CT,14,26,53.85%,4.7528E-6
1667-1635,ref|NC_001146|,415096,C,CT,6,74,8.11%,1.3877E-2
1667-1635,ref|NC_001146|,416686,CT,C,11,146,7.53%,3.9812E-4
1667-1635,ref|NC_001146|,418915,GTA,G,19,137,13.87%,9.7099E-7
1667-1635,ref|NC_001146|,429776,TTA,T,8,99,8.08%,3.3669E-3
1667-1635,ref|NC_001146|,439397,G,GT,101,114,88.6%,8.354E-51
1667-1635,ref|NC_001146|,444651,C,CT,15,127,11.81%,1.8908E-5
1667-1635,ref|NC_001146|,471767,A,G,140,140,100%,1.0805E-83
1667-1635,ref|NC_001146|,479459,AT,A,18,128,14.06%,1.4501E-6
1667-1635,ref|NC_001146|,486552,TA,T,14,92,15.22%,3.0353E-5
1667-1635,ref|NC_001146|,486640,GT,G,8,84,9.52%,3.2508E-3
1667-1635,ref|NC_001146|,490188,A,AT,10,119,8.4%,7.9624E-4
1667-1635,ref|NC_001146|,493053,TA,T,16,100,16%,7.1482E-6
1667-1635,ref|NC_001146|,498360,GT,G,11,111,10%,3.6294E-4
1667-1635,ref|NC_001146|,501129,AT,A,13,103,12.62%,7.9774E-5
1667-1635,ref|NC_001146|,503013,CA,C,12,121,9.92%,1.7787E-4
1667-1635,ref|NC_001146|,503040,CT,C,10,112,8.93%,7.8191E-4
1667-1635,ref|NC_001146|,510328,CT,C,9,135,6.67%,1.6762E-3
1667-1635,ref|NC_001146|,512460,CAT,C,23,122,18.85%,3.7173E-8
1667-1635,ref|NC_001146|,515710,TA,T,7,120,5.83%,7.1235E-3
1667-1635,ref|NC_001146|,520064,A,C,6,79,7.59%,1.4161E-2
1667-1635,ref|NC_001146|,523434,G,A,14,174,8.05%,4.6494E-5
1667-1635,ref|NC_001146|,523441,G,T,11,170,6.47%,4.1321E-4
1667-1635,ref|NC_001146|,524023,T,C,11,56,19.64%,2.8374E-4
1667-1635,ref|NC_001146|,532584,G,GA,8,120,6.67%,3.4594E-3
1667-1635,ref|NC_001146|,563070,A,G,12,18,66.67%,1.4831E-5
1667-1635,ref|NC_001146|,568313,T,TA,10,141,7.09%,8.216E-4
1667-1635,ref|NC_001146|,570509,T,C,24,24,100%,3.101E-14
1667-1635,ref|NC_001146|,601112,T,G,118,265,44.53%,1.2857E-43
1667-1635,ref|NC_001146|,601202,T,C,118,254,46.46%,4.7979E-44
1667-1635,ref|NC_001146|,605720,CTA,C,6,65,9.23%,1.3706E-2
1667-1635,ref|NC_001146|,606166,AAT,A,9,113,7.96%,1.65E-3
1667-1635,ref|NC_001146|,616158,C,CA,11,157,7.01%,4.0635E-4
1667-1635,ref|NC_001146|,616826,A,G,41,103,39.81%,3.0479E-15
1667-1635,ref|NC_001146|,619611,TA,T,6,118,5.08%,1.4606E-2
1667-1635,ref|NC_001146|,635717,G,GT,9,102,8.82%,1.6085E-3
1667-1635,ref|NC_001146|,644217,CTA,C,17,150,11.33%,4.6886E-6
1667-1635,ref|NC_001146|,651857,A,AT,21,137,15.33%,1.5524E-7
1667-1635,ref|NC_001146|,662768,G,GA,26,128,20.31%,3.1699E-9
1667-1635,ref|NC_001146|,662789,A,C,7,117,5.98%,7.1235E-3
1667-1635,ref|NC_001146|,667324,CT,C,11,92,12.09%,3.2907E-4
1667-1635,ref|NC_001146|,667351,A,C,9,77,11.69%,1.5248E-3
1667-1635,ref|NC_001146|,667354,A,C,9,82,10.98%,1.5493E-3
1667-1635,ref|NC_001146|,668101,C,CA,12,147,8.16%,1.9092E-4
1667-1635,ref|NC_001146|,674780,AT,A,9,139,6.47%,1.6945E-3
1667-1635,ref|NC_001146|,678603,GA,G,12,140,8.57%,1.8718E-4
1667-1635,ref|NC_001146|,687218,CA,C,12,135,8.89%,1.8467E-4
1667-1635,ref|NC_001146|,690071,AT,A,16,169,9.47%,1.026E-5
1667-1635,ref|NC_001146|,692520,CA,C,16,131,12.21%,8.7619E-6
1667-1635,ref|NC_001146|,692960,CT,C,7,132,5.3%,7.1818E-3
1667-1635,ref|NC_001146|,694240,CAT,C,11,111,9.91%,3.6742E-4
1667-1635,ref|NC_001146|,711232,A,AT,9,114,7.89%,1.6306E-3
1667-1635,ref|NC_001146|,716416,C,CT,12,127,9.45%,1.8145E-4
1667-1635,ref|NC_001146|,716710,AT,A,10,132,7.58%,8.1595E-4
1667-1635,ref|NC_001146|,721791,GA,G,10,174,5.75%,8.4862E-4
1667-1635,ref|NC_001146|,721916,TA,T,17,146,11.64%,4.4974E-6
1667-1635,ref|NC_001146|,722274,C,CA,30,155,19.35%,1.4036E-10
1667-1635,ref|NC_001146|,764741,GAT,G,10,150,6.67%,8.3459E-4
1667-1635,ref|NC_001146|,772612,CA,C,23,131,17.56%,3.1712E-8
1667-1635,ref|NC_001146|,774549,AT,A,21,145,14.48%,1.7805E-7
1667-1635,ref|NC_001146|,777553,AAT,A,24,121,19.83%,1.4372E-8
1667-1635,ref|NC_001146|,779308,C,CAAAAAA,7,48,14.58%,5.721E-3
1667-1635,ref|NC_001146|,784074,G,GT,6,103,5.83%,1.4405E-2
1667-1635,ref|NC_001146|,784093,G,GGT,7,121,5.79%,7.1349E-3
1667-1635,ref|NC_001146|,784106,GGT,G,7,126,5.6%,7.1566E-3
1667-1635,ref|NC_001146|,784107,GT,G,11,114,9.82%,3.7735E-4
1667-1635,ref|NC_001146|,784112,TG,T,7,126,5.56%,7.1513E-3
1667-1635,ref|NC_001146|,784118,T,TG,7,137,5.19%,7.1866E-3
1667-1635,ref|NC_001146|,784119,G,GGT,7,125,5.6%,7.1459E-3
1667-1635,ref|NC_001146|,784131,GT,G,6,117,5.13%,1.4624E-2
1667-1635,ref|NC_001146|,784140,T,TGTG,6,105,5.77%,1.4499E-2
1667-1635,ref|NC_001146|,784142,T,TG,22,99,22.45%,5.6287E-8
1667-1635,ref|NC_001146|,784153,G,GGT,6,115,5.41%,1.457E-2
1667-1635,ref|NC_001146|,784163,T,TG,13,125,10.66%,8.5266E-5
1667-1635,ref|NC_001146|,784168,T,TG,6,115,5.31%,1.457E-2
1667-1635,ref|NC_001146|,784170,GT,G,8,97,8.42%,3.3448E-3
1667-1635,ref|NC_001146|,784181,TG,T,22,132,16.92%,8.9652E-8
1667-1635,ref|NC_001146|,784183,G,GT,10,99,10.2%,7.6307E-4
1667-1635,ref|NC_001146|,784187,TG,T,13,135,9.63%,9.0158E-5
1667-1635,ref|NC_001146|,784194,GGT,G,18,119,15.13%,1.8678E-6
1667-1635,ref|NC_001146|,784208,T,TG,11,114,9.73%,3.716E-4
1667-1635,ref|NC_001146|,784215,G,T,6,88,6.98%,1.4197E-2
1667-1635,ref|NC_001146|,784235,GT,G,7,64,11.11%,6.5529E-3
1667-1635,ref|NC_001146|,784239,GT,G,11,57,19.64%,2.8374E-4
1667-1635,ref|NC_001146|,784240,T,TG,6,54,13.95%,1.2841E-2
1667-1635,ref|NC_001146|,784246,GT,G,6,41,15%,1.2773E-2
1667-1635,ref|NC_001146|,784247,T,G,5,47,12.5%,2.7273E-2
1667-1635,ref|NC_001146|,784257,TG,T,7,74,9.46%,6.7346E-3
1667-1635,ref|NC_001146|,784259,G,GT,6,67,8.96%,1.3877E-2
1667-1635,ref|NC_001146|,784263,TG,T,7,68,10.29%,6.6426E-3
1667-1635,ref|NC_001147|,1085,CAT,C,11,121,9.09%,3.7826E-4
1667-1635,ref|NC_001147|,13997,C,CA,16,144,11.11%,9.3748E-6
1667-1635,ref|NC_001147|,14017,G,GA,12,163,7.36%,1.9627E-4
1667-1635,ref|NC_001147|,21727,GA,G,14,162,8.64%,4.4519E-5
1667-1635,ref|NC_001147|,27928,T,A,35,229,15.28%,7.1303E-12
1667-1635,ref|NC_001147|,28352,T,C,32,192,16.67%,5.6903E-11
1667-1635,ref|NC_001147|,50002,C,T,132,132,100%,6.8763E-79
1667-1635,ref|NC_001147|,50010,A,T,125,125,100%,1.0964E-74
1667-1635,ref|NC_001147|,50012,C,T,126,126,100%,2.7519E-75
1667-1635,ref|NC_001147|,60061,G,GT,11,123,8.94%,3.7915E-4
1667-1635,ref|NC_001147|,60213,C,CT,18,129,13.95%,1.5526E-6
1667-1635,ref|NC_001147|,60240,C,T,85,85,100%,1.0935E-50
1667-1635,ref|NC_001147|,79297,C,G,138,138,100%,1.7164E-82
1667-1635,ref|NC_001147|,79304,A,T,135,135,100%,1.0865E-80
1667-1635,ref|NC_001147|,79305,T,A,135,135,100%,1.0865E-80
1667-1635,ref|NC_001147|,81640,ATG,A,8,158,5.06%,3.5609E-3
1667-1635,ref|NC_001147|,85382,CT,C,14,160,8.75%,4.4017E-5
1667-1635,ref|NC_001147|,94613,GA,G,13,179,7.26%,9.5622E-5
1667-1635,ref|NC_001147|,94814,T,G,5,56,8.93%,2.8423E-2
1667-1635,ref|NC_001147|,94815,AC,A,12,66,18.18%,1.3121E-4
1667-1635,ref|NC_001147|,102256,TA,T,10,158,6.33%,8.4072E-4
1667-1635,ref|NC_001147|,118032,A,C,116,322,36.02%,1.7391E-41
1667-1635,ref|NC_001147|,118287,C,A,11,82,13.41%,3.4115E-4
1667-1635,ref|NC_001147|,129212,C,CT,10,163,6.13%,8.4238E-4
1667-1635,ref|NC_001147|,141471,G,GA,10,141,7.09%,8.1595E-4
1667-1635,ref|NC_001147|,145176,CT,C,11,163,6.75%,4.0877E-4
1667-1635,ref|NC_001147|,161403,A,T,149,283,52.65%,2.6426E-57
1667-1635,ref|NC_001147|,161617,T,C,165,345,47.83%,9.0813E-62
1667-1635,ref|NC_001147|,161762,T,C,142,279,50.9%,4.0212E-54
1667-1635,ref|NC_001147|,193675,C,CT,21,178,11.8%,2.5003E-7
1667-1635,ref|NC_001147|,194895,C,CA,9,125,7.2%,1.6601E-3
1667-1635,ref|NC_001147|,200339,CT,C,14,89,15.73%,2.7899E-5
1667-1635,ref|NC_001147|,204570,CT,C,17,98,17.35%,3.1036E-6
1667-1635,ref|NC_001147|,213870,C,CA,14,168,8.33%,4.5526E-5
1667-1635,ref|NC_001147|,216898,AT,A,26,90,28.89%,1.1215E-9
1667-1635,ref|NC_001147|,227542,G,GT,7,126,5.56%,7.1566E-3
1667-1635,ref|NC_001147|,230020,CT,C,14,122,11.48%,3.8214E-5
1667-1635,ref|NC_001147|,232303,GA,G,10,148,6.76%,8.3274E-4
1667-1635,ref|NC_001147|,238354,AAT,A,12,139,8.63%,1.9057E-4
1667-1635,ref|NC_001147|,259218,C,CT,9,136,6.62%,1.6945E-3
1667-1635,ref|NC_001147|,290573,CT,C,8,155,5.16%,3.5449E-3
1667-1635,ref|NC_001147|,315630,C,CT,20,122,16.39%,3.3217E-7
1667-1635,ref|NC_001147|,326195,CAT,C,18,118,15.25%,1.6922E-6
1667-1635,ref|NC_001147|,333432,G,GA,11,119,9.24%,3.8002E-4
1667-1635,ref|NC_001147|,349580,GA,G,11,143,7.69%,3.9628E-4
1667-1635,ref|NC_001147|,355083,AAT,A,6,86,6.98%,1.4104E-2
1667-1635,ref|NC_001147|,372140,G,GA,13,147,8.84%,9.0986E-5
1667-1635,ref|NC_001147|,383126,GA,G,12,120,10%,1.8145E-4
1667-1635,ref|NC_001147|,384807,AT,A,11,147,7.48%,3.9931E-4
1667-1635,ref|NC_001147|,389237,T,G,122,122,100%,6.9324E-73
1667-1635,ref|NC_001147|,397478,G,GA,13,139,9.35%,8.9728E-5
1667-1635,ref|NC_001147|,404121,GT,G,8,103,7.77%,3.3616E-3
1667-1635,ref|NC_001147|,412675,AT,A,14,133,10.53%,4.0234E-5
1667-1635,ref|NC_001147|,426603,GA,G,8,105,7.62%,3.3448E-3
1667-1635,ref|NC_001147|,430159,G,GA,11,96,11.46%,3.2718E-4
1667-1635,ref|NC_001147|,437763,T,A,99,99,100%,4.3954E-59
1667-1635,ref|NC_001147|,444498,AT,A,25,110,22.73%,4.9388E-9
1667-1635,ref|NC_001147|,448407,G,GA,5,94,5.32%,2.9575E-2
1667-1635,ref|NC_001147|,448670,TA,T,11,70,15.71%,3.0055E-4
1667-1635,ref|NC_001147|,453009,T,C,17,93,18.28%,3.4157E-6
1667-1635,ref|NC_001147|,479259,A,AT,11,98,11.22%,3.5014E-4
1667-1635,ref|NC_001147|,483090,G,GT,7,111,6.31%,7.0604E-3
1667-1635,ref|NC_001147|,486874,C,CA,6,110,5.45%,1.452E-2
1667-1635,ref|NC_001147|,489778,CAT,C,5,89,5.62%,2.9417E-2
1667-1635,ref|NC_001147|,491013,C,CA,15,126,11.9%,1.9151E-5
1667-1635,ref|NC_001147|,514910,GA,G,12,125,9.6%,1.8378E-4
1667-1635,ref|NC_001147|,519639,A,T,122,122,100%,6.9324E-73
1667-1635,ref|NC_001147|,522811,G,GA,17,88,19.32%,2.6179E-6
1667-1635,ref|NC_001147|,536839,CT,C,8,103,7.77%,3.3722E-3
1667-1635,ref|NC_001147|,537056,TTA,T,9,69,13.04%,1.4589E-3
1667-1635,ref|NC_001147|,537259,A,AT,7,92,7.61%,6.8485E-3
1667-1635,ref|NC_001147|,550529,AT,A,8,111,7.21%,3.397E-3
1667-1635,ref|NC_001147|,550563,A,AT,12,118,10.17%,1.784E-4
1667-1635,ref|NC_001147|,554687,C,CT,10,85,11.76%,7.2112E-4
1667-1635,ref|NC_001147|,560809,GA,G,6,120,5%,1.4624E-2
1667-1635,ref|NC_001147|,569695,A,AT,7,121,5.79%,7.1235E-3
1667-1635,ref|NC_001147|,581669,CA,C,15,122,12.3%,1.8115E-5
1667-1635,ref|NC_001147|,598868,G,A,12,45,26.67%,1.05E-4
1667-1635,ref|NC_001147|,609123,GT,G,5,87,5.75%,2.9417E-2
1667-1635,ref|NC_001147|,630492,CATT,C,5,94,5.32%,2.9592E-2
1667-1635,ref|NC_001147|,667564,GAT,G,9,93,9.68%,1.5753E-3
1667-1635,ref|NC_001147|,667734,T,TA,13,119,10.92%,8.5546E-5
1667-1635,ref|NC_001147|,670767,G,GA,15,113,13.27%,1.665E-5
1667-1635,ref|NC_001147|,675324,CT,C,24,113,21.24%,9.9184E-9
1667-1635,ref|NC_001147|,678393,G,GA,9,128,7.03%,1.6805E-3
1667-1635,ref|NC_001147|,679276,G,A,6,118,5.08%,1.464E-2
1667-1635,ref|NC_001147|,681098,CA,C,10,122,8.2%,7.9914E-4
1667-1635,ref|NC_001147|,698289,A,AT,9,129,6.98%,1.6762E-3
1667-1635,ref|NC_001147|,708819,G,C,77,168,45.83%,7.0843E-29
1667-1635,ref|NC_001147|,708878,T,C,28,87,32.18%,2.7793E-10
1667-1635,ref|NC_001147|,709007,A,G,30,93,32.26%,5.6848E-11
1667-1635,ref|NC_001147|,720202,G,GA,10,121,8.26%,7.9624E-4
1667-1635,ref|NC_001147|,721800,A,AT,8,138,5.8%,3.511E-3
1667-1635,ref|NC_001147|,724940,G,GT,8,118,6.78%,3.4403E-3
1667-1635,ref|NC_001147|,745306,CA,C,8,128,6.25%,3.47E-3
1667-1635,ref|NC_001147|,746559,C,CA,16,131,12.21%,9.1436E-6
1667-1635,ref|NC_001147|,752140,C,G,8,82,9.76%,3.2585E-3
1667-1635,ref|NC_001147|,761366,GA,G,7,140,5%,7.2309E-3
1667-1635,ref|NC_001147|,768281,TA,T,8,108,7.41%,3.3922E-3
1667-1635,ref|NC_001147|,769810,TA,T,7,129,5.43%,7.1719E-3
1667-1635,ref|NC_001147|,769891,G,GT,6,96,6.25%,1.4294E-2
1667-1635,ref|NC_001147|,769933,AT,A,9,126,7.14%,1.6826E-3
1667-1635,ref|NC_001147|,770624,GT,G,18,95,19.35%,1.0894E-6
1667-1635,ref|NC_001147|,785519,C,CA,6,107,5.61%,1.4488E-2
1667-1635,ref|NC_001147|,795455,GA,G,7,132,5.3%,7.1818E-3
1667-1635,ref|NC_001147|,804922,AT,A,21,124,16.94%,1.7303E-7
1667-1635,ref|NC_001147|,822924,GTGT,G,8,129,6.2%,3.4802E-3
1667-1635,ref|NC_001147|,840683,G,A,48,115,41.74%,6.8412E-18
1667-1635,ref|NC_001147|,877096,TA,T,6,113,5.36%,1.456E-2
1667-1635,ref|NC_001147|,882623,C,CT,16,96,16.67%,6.156E-6
1667-1635,ref|NC_001147|,888848,GT,G,15,112,13.39%,1.5915E-5
1667-1635,ref|NC_001147|,889748,T,TA,16,117,13.68%,7.7245E-6
1667-1635,ref|NC_001147|,894338,A,AT,20,121,16.53%,3.8953E-7
1667-1635,ref|NC_001147|,904809,C,CA,8,134,5.97%,3.4931E-3
1667-1635,ref|NC_001147|,909076,GT,G,7,111,6.31%,7.0009E-3
1667-1635,ref|NC_001147|,923126,GAT,G,8,101,7.92%,3.3616E-3
1667-1635,ref|NC_001147|,925072,CA,C,26,132,19.7%,3.5829E-9
1667-1635,ref|NC_001147|,944473,CT,C,15,90,16.67%,1.404E-5
1667-1635,ref|NC_001147|,954141,CT,C,11,85,12.94%,3.1263E-4
1667-1635,ref|NC_001147|,960775,T,TA,15,138,10.87%,1.9384E-5
1667-1635,ref|NC_001147|,967942,AT,A,17,158,10.76%,4.6388E-6
1667-1635,ref|NC_001147|,977029,CT,C,14,150,9.33%,4.3701E-5
1667-1635,ref|NC_001147|,978149,C,CA,9,162,5.56%,1.7373E-3
1667-1635,ref|NC_001147|,980936,C,G,116,116,100%,2.7689E-69
1667-1635,ref|NC_001147|,984788,T,TA,6,120,5%,1.4579E-2
1667-1635,ref|NC_001147|,989706,G,GA,11,125,8.8%,3.8339E-4
1667-1635,ref|NC_001147|,1000974,AT,A,27,117,23.08%,1.0698E-9
1667-1635,ref|NC_001147|,1000999,A,C,5,100,5%,2.9692E-2
1667-1635,ref|NC_001147|,1004258,GT,G,10,113,8.85%,7.6909E-4
1667-1635,ref|NC_001147|,1006918,A,AT,9,142,6.34%,1.6983E-3
1667-1635,ref|NC_001147|,1013025,CTA,C,12,129,9.3%,1.8595E-4
1667-1635,ref|NC_001147|,1019588,C,CT,18,155,11.61%,2.1288E-6
1667-1635,ref|NC_001147|,1031381,CT,C,32,111,28.83%,3.879E-12
1667-1635,ref|NC_001147|,1036615,G,GT,11,130,8.46%,3.8732E-4
1667-1635,ref|NC_001147|,1057968,TA,T,11,177,6.21%,4.1564E-4
1667-1635,ref|NC_001147|,1077950,C,CT,31,200,15.5%,9.8315E-11
1667-1635,ref|NC_001147|,1078302,CT,C,7,135,5.19%,7.1719E-3
1667-1635,ref|NC_001147|,1081606,CT,C,10,46,21.74%,5.5766E-4
1667-1635,ref|NC_001147|,1081635,A,C,5,34,14.71%,2.6693E-2
1667-1635,ref|NC_001147|,1083362,G,T,5,39,12.82%,2.7273E-2
1667-1635,ref|NC_001147|,1090818,TATA,T,14,32,43.75%,9.8512E-6
1667-1635,ref|NC_001147|,1091267,G,A,5,59,8.47%,2.8614E-2
1667-1635,ref|NC_001148|,9471,T,G,7,69,10.14%,6.659E-3
1667-1635,ref|NC_001148|,9518,C,CA,28,115,24.35%,3.3899E-10
1667-1635,ref|NC_001148|,12828,T,TA,12,149,8.05%,1.9057E-4
1667-1635,ref|NC_001148|,13174,T,TA,17,164,10.37%,4.7837E-6
1667-1635,ref|NC_001148|,16931,AT,A,12,151,7.95%,1.9021E-4
1667-1635,ref|NC_001148|,16995,CT,C,21,153,13.73%,2.0109E-7
1667-1635,ref|NC_001148|,44495,TA,T,15,171,8.77%,2.1922E-5
1667-1635,ref|NC_001148|,46594,AT,A,16,110,14.55%,8.0124E-6
1667-1635,ref|NC_001148|,74183,T,TA,9,126,7.14%,1.6718E-3
1667-1635,ref|NC_001148|,76354,CCT,C,8,114,7.02%,3.4403E-3
1667-1635,ref|NC_001148|,76565,C,CA,17,175,9.71%,5.0358E-6
1667-1635,ref|NC_001148|,85402,C,CA,23,155,14.84%,4.3184E-8
1667-1635,ref|NC_001148|,108395,AT,A,16,158,10.13%,1.0206E-5
1667-1635,ref|NC_001148|,132456,T,TA,15,116,12.93%,1.7628E-5
1667-1635,ref|NC_001148|,139594,GTA,G,6,114,5.26%,1.4597E-2
1667-1635,ref|NC_001148|,144689,AGGAAACGTC,A,102,137,74.45%,2.819E-45
1667-1635,ref|NC_001148|,153278,G,GA,18,169,10.65%,2.292E-6
1667-1635,ref|NC_001148|,162374,GTA,G,19,104,18.27%,7.4225E-7
1667-1635,ref|NC_001148|,164219,C,CA,9,151,5.96%,1.7217E-3
1667-1635,ref|NC_001148|,176140,GA,G,7,126,5.56%,7.1513E-3
1667-1635,ref|NC_001148|,181192,G,GT,14,87,16.09%,3.3043E-5
1667-1635,ref|NC_001148|,188829,AT,A,7,138,5.07%,7.2006E-3
1667-1635,ref|NC_001148|,191944,C,T,142,142,100%,6.8012E-85
1667-1635,ref|NC_001148|,192966,CA,C,21,113,18.58%,1.2307E-7
1667-1635,ref|NC_001148|,212823,GAT,G,15,83,18.07%,1.4357E-5
1667-1635,ref|NC_001148|,212901,TA,T,12,83,14.46%,1.4106E-4
1667-1635,ref|NC_001148|,215689,G,GA,9,121,7.44%,1.6601E-3
1667-1635,ref|NC_001148|,239118,GTA,G,10,119,8.4%,7.9475E-4
1667-1635,ref|NC_001148|,244248,TTA,T,9,104,8.65%,1.5945E-3
1667-1635,ref|NC_001148|,246835,G,GA,12,130,9.23%,1.8241E-4
1667-1635,ref|NC_001148|,260986,C,CT,10,135,7.41%,8.1939E-4
1667-1635,ref|NC_001148|,270675,G,A,5,83,6.02%,2.9373E-2
1667-1635,ref|NC_001148|,281790,C,CT,7,127,5.51%,7.1618E-3
1667-1635,ref|NC_001148|,282651,C,CT,10,112,8.93%,7.7661E-4
1667-1635,ref|NC_001148|,296837,CT,C,17,140,12.14%,4.3013E-6
1667-1635,ref|NC_001148|,302994,GA,G,8,133,6.02%,3.4962E-3
1667-1635,ref|NC_001148|,312942,GTA,G,18,98,18.37%,1.5361E-6
1667-1635,ref|NC_001148|,321077,A,AT,12,128,9.38%,1.8378E-4
1667-1635,ref|NC_001148|,359487,G,GT,9,101,8.91%,1.5832E-3
1667-1635,ref|NC_001148|,373417,A,AT,7,111,6.31%,7.074E-3
1667-1635,ref|NC_001148|,381848,GTA,G,17,107,15.89%,3.5421E-6
1667-1635,ref|NC_001148|,386559,AT,A,6,100,6%,1.4392E-2
1667-1635,ref|NC_001148|,404759,G,GT,8,62,12.9%,2.653E-3
1667-1635,ref|NC_001148|,425229,G,GA,21,137,15.33%,1.9074E-7
1667-1635,ref|NC_001148|,427833,CA,C,12,134,8.96%,1.8677E-4
1667-1635,ref|NC_001148|,451649,GA,G,6,99,6.06%,1.4442E-2
1667-1635,ref|NC_001148|,462244,GA,G,30,117,25.64%,4.8802E-11
1667-1635,ref|NC_001148|,481304,AT,A,94,112,83.93%,1.7058E-45
1667-1635,ref|NC_001148|,488902,A,AT,7,125,5.6%,7.1669E-3
1667-1635,ref|NC_001148|,491804,C,CT,11,119,9.24%,3.755E-4
1667-1635,ref|NC_001148|,502679,C,CA,16,110,14.55%,7.4782E-6
1667-1635,ref|NC_001148|,503385,GA,G,12,71,16.9%,1.23E-4
1667-1635,ref|NC_001148|,528959,CT,C,13,124,10.48%,8.5546E-5
1667-1635,ref|NC_001148|,558033,A,AT,13,113,11.5%,8.3185E-5
1667-1635,ref|NC_001148|,581338,G,GA,11,64,17.19%,2.5621E-4
1667-1635,ref|NC_001148|,586599,G,GA,10,139,7.19%,8.205E-4
1667-1635,ref|NC_001148|,588390,C,T,126,126,100%,2.7519E-75
1667-1635,ref|NC_001148|,591720,CAT,C,13,123,10.57%,8.4402E-5
1667-1635,ref|NC_001148|,607467,GA,G,16,138,11.59%,9.1436E-6
1667-1635,ref|NC_001148|,607820,CT,C,12,127,9.45%,1.8287E-4
1667-1635,ref|NC_001148|,607997,CT,C,7,110,6.36%,7.0243E-3
1667-1635,ref|NC_001148|,615257,TA,T,20,109,18.35%,3.0386E-7
1667-1635,ref|NC_001148|,620255,C,CA,7,115,6.09%,7.0604E-3
1667-1635,ref|NC_001148|,621903,C,CA,19,131,14.5%,8.9275E-7
1667-1635,ref|NC_001148|,623198,GA,G,9,104,8.65%,1.6118E-3
1667-1635,ref|NC_001148|,639361,GA,G,7,140,5%,7.214E-3
1667-1635,ref|NC_001148|,643570,C,CT,7,131,5.34%,7.1669E-3
1667-1635,ref|NC_001148|,643709,GA,G,11,138,7.97%,3.9435E-4
1667-1635,ref|NC_001148|,643732,GA,G,15,154,9.74%,2.0606E-5
1667-1635,ref|NC_001148|,646234,C,CT,16,117,13.68%,8.3818E-6
1667-1635,ref|NC_001148|,648520,GA,G,10,124,8.06%,8.0195E-4
1667-1635,ref|NC_001148|,650390,GA,G,9,126,7.14%,1.6672E-3
1667-1635,ref|NC_001148|,655079,GA,G,21,105,20%,1.2946E-7
1667-1635,ref|NC_001148|,667520,T,G,135,135,100%,1.0865E-80
1667-1635,ref|NC_001148|,675808,G,GA,15,112,13.39%,1.721E-5
1667-1635,ref|NC_001148|,677053,C,CT,9,128,7.03%,1.6846E-3
1667-1635,ref|NC_001148|,677102,A,G,109,109,100%,4.3979E-65
1667-1635,ref|NC_001148|,695616,T,TA,7,98,7.14%,6.9846E-3
1667-1635,ref|NC_001148|,698526,GA,G,17,112,15.18%,3.5111E-6
1667-1635,ref|NC_001148|,711293,C,CT,7,120,5.83%,7.1293E-3
1667-1635,ref|NC_001148|,759400,T,G,132,132,100%,6.8763E-79
1667-1635,ref|NC_001148|,767576,AT,A,7,138,5.07%,7.214E-3
1667-1635,ref|NC_001148|,802209,GA,G,10,144,6.94%,8.2375E-4
1667-1635,ref|NC_001148|,814358,C,CA,9,146,6.16%,1.7054E-3
1667-1635,ref|NC_001148|,819664,A,AT,9,145,6.25%,1.7037E-3
1667-1635,ref|NC_001148|,829699,CT,C,10,146,6.85%,8.3179E-4
1667-1635,ref|NC_001148|,837643,A,AT,10,169,5.92%,8.44E-4
1667-1635,ref|NC_001148|,840627,AT,A,14,76,18.42%,2.5912E-5
1667-1635,ref|NC_001148|,852115,T,A,11,73,15.07%,3.2525E-4
1667-1635,ref|NC_001148|,857189,GT,G,15,148,10.14%,2.0097E-5
1667-1635,ref|NC_001148|,868371,A,AT,21,170,12.35%,2.26E-7
1667-1635,ref|NC_001148|,876243,CTA,C,14,153,9.15%,4.4017E-5
1667-1635,ref|NC_001148|,886454,GT,G,11,108,10.19%,3.6177E-4
1667-1635,ref|NC_001148|,887933,A,AT,14,165,8.48%,4.4616E-5
1667-1635,ref|NC_001148|,890346,T,A,163,163,100%,1.6566E-97
1667-1635,ref|NC_001148|,897094,CAAT,C,8,108,7.41%,3.4108E-3
1667-1635,ref|NC_001148|,939183,GA,G,15,159,9.43%,2.0726E-5
1667-1635,ref|NC_001224|,3340,AAT,A,29,527,5.5%,1.2458E-9
1667-1635,ref|NC_001224|,16114,AT,A,1077,3900,27.62%,0E0
1667-1635,ref|NC_001224|,20345,GA,G,2864,2994,95.66%,0E0
1667-1635,ref|NC_001224|,20934,T,G,3364,3365,99.97%,0E0
1667-1635,ref|NC_001224|,33467,T,C,1568,1568,100%,0E0
1667-1635,ref|NC_001224|,33618,T,TTC,579,694,83.43%,1.4072E-275
1667-1635,ref|NC_001224|,33779,AC,A,917,1074,85.38%,0E0
1667-1635,ref|NC_001224|,39517,G,T,2911,2911,100%,0E0
1667-1635,ref|NC_001224|,43084,A,AT,2339,2587,90.41%,0E0
1667-1635,ref|NC_001224|,44795,A,AT,1931,2183,88.46%,0E0
1667-1635,ref|NC_001224|,49500,A,T,1441,1441,100%,0E0
1667-1635,ref|NC_001224|,55436,GC,G,952,1370,69.49%,0E0
1667-1635,ref|NC_001224|,62646,AAT,A,35,623,5.62%,1.7633E-11
1667-1635,ref|NC_001224|,63656,CG,C,111,1831,6.06%,3.6417E-33
1667-1635,ref|NC_001224|,65917,C,CG,74,1409,5.25%,7.6232E-22
1667-1635,ref|NC_001224|,73114,AG,A,828,907,91.29%,0E0
1667-1635,ref|NC_001224|,73136,TC,T,846,892,94.84%,0E0
1667-1635,ref|NC_001224|,73518,AT,A,132,1879,7.03%,1.0059E-39
1667-1635,ref|NC_001224|,82253,T,TA,1282,1462,87.69%,0E0
B4-lineage-D10,ref|NC_001133|,6736,C,CAA,19,42,45.24%,2.6715E-8
B4-lineage-D10,ref|NC_001133|,12529,A,G,5,75,6.67%,2.9174E-2
B4-lineage-D10,ref|NC_001133|,12566,C,T,6,84,7.14%,1.4247E-2
B4-lineage-D10,ref|NC_001133|,12570,C,T,8,85,9.41%,3.2878E-3
B4-lineage-D10,ref|NC_001133|,12594,A,T,13,94,13.83%,7.824E-5
B4-lineage-D10,ref|NC_001133|,12620,T,C,27,111,24.32%,1.2304E-9
B4-lineage-D10,ref|NC_001133|,12668,T,C,38,138,27.54%,1.8855E-13
B4-lineage-D10,ref|NC_001133|,12690,A,T,71,129,55.04%,3.3224E-28
B4-lineage-D10,ref|NC_001133|,12716,C,T,35,113,30.97%,1.2799E-12
B4-lineage-D10,ref|NC_001133|,12758,T,C,5,90,5.56%,2.9519E-2
B4-lineage-D10,ref|NC_001133|,12762,T,C,7,86,8.14%,6.8813E-3
B4-lineage-D10,ref|NC_001133|,12764,T,C,8,81,9.88%,3.2585E-3
B4-lineage-D10,ref|NC_001133|,12791,C,T,8,56,14.29%,2.9874E-3
B4-lineage-D10,ref|NC_001133|,12793,G,A,7,55,12.73%,6.377E-3
B4-lineage-D10,ref|NC_001133|,16863,GT,G,9,63,14.29%,1.3788E-3
B4-lineage-D10,ref|NC_001133|,23239,C,CT,7,76,9.21%,6.675E-3
B4-lineage-D10,ref|NC_001133|,23712,C,CA,9,41,21.95%,1.042E-3
B4-lineage-D10,ref|NC_001133|,25340,C,A,44,44,100%,3.8097E-26
B4-lineage-D10,ref|NC_001133|,25872,G,C,30,30,100%,8.4556E-18
B4-lineage-D10,ref|NC_001133|,26193,T,C,9,21,42.86%,6.592E-4
B4-lineage-D10,ref|NC_001133|,26196,G,A,5,24,20.83%,2.4823E-2
B4-lineage-D10,ref|NC_001133|,26331,G,A,35,125,28%,1.8184E-12
B4-lineage-D10,ref|NC_001133|,26373,C,T,23,76,30.26%,1.6732E-8
B4-lineage-D10,ref|NC_001133|,26412,G,C,20,20,100%,7.2544E-12
B4-lineage-D10,ref|NC_001133|,26508,C,T,6,12,50%,6.865E-3
B4-lineage-D10,ref|NC_001133|,26901,T,G,5,21,23.81%,2.3921E-2
B4-lineage-D10,ref|NC_001133|,27105,A,G,13,13,100%,9.6148E-8
B4-lineage-D10,ref|NC_001133|,27126,T,C,27,27,100%,5.1363E-16
B4-lineage-D10,ref|NC_001133|,27129,C,G,27,27,100%,5.1363E-16
B4-lineage-D10,ref|NC_001133|,29283,C,CT,7,73,9.59%,6.7056E-3
B4-lineage-D10,ref|NC_001133|,31122,CAT,C,6,46,13.04%,1.3082E-2
B4-lineage-D10,ref|NC_001133|,31483,CCA,C,5,64,7.81%,2.8741E-2
B4-lineage-D10,ref|NC_001133|,35113,G,GA,8,54,14.81%,2.8457E-3
B4-lineage-D10,ref|NC_001133|,45359,AG,A,6,63,9.52%,1.3767E-2
B4-lineage-D10,ref|NC_001133|,45634,CT,C,11,69,15.94%,2.9794E-4
B4-lineage-D10,ref|NC_001133|,69828,CT,C,8,70,11.43%,3.045E-3
B4-lineage-D10,ref|NC_001133|,70906,GA,G,13,57,22.81%,3.8184E-5
B4-lineage-D10,ref|NC_001133|,71116,G,GA,9,67,13.43%,1.4519E-3
B4-lineage-D10,ref|NC_001133|,84701,C,CT,7,78,8.97%,6.7755E-3
B4-lineage-D10,ref|NC_001133|,101281,C,CA,10,30,33.33%,2.9985E-4
B4-lineage-D10,ref|NC_001133|,101450,TA,T,5,48,10.42%,2.7874E-2
B4-lineage-D10,ref|NC_001133|,113158,A,T,6,63,9.52%,1.3796E-2
B4-lineage-D10,ref|NC_001133|,126880,C,CTT,29,50,58%,1.2345E-13
B4-lineage-D10,ref|NC_001133|,128103,A,AT,6,66,9.09%,1.3706E-2
B4-lineage-D10,ref|NC_001133|,141135,A,T,48,48,100%,1.554E-28
B4-lineage-D10,ref|NC_001133|,142298,C,CT,5,68,7.35%,2.8892E-2
B4-lineage-D10,ref|NC_001133|,143575,G,GA,7,68,10.29%,6.5333E-3
B4-lineage-D10,ref|NC_001133|,152105,CT,C,7,53,13.21%,5.9563E-3
B4-lineage-D10,ref|NC_001133|,172008,G,GA,5,63,7.94%,2.87E-2
B4-lineage-D10,ref|NC_001133|,183387,AC,A,64,68,94.12%,1.7293E-34
B4-lineage-D10,ref|NC_001133|,188881,G,C,22,101,21.78%,6.6103E-8
B4-lineage-D10,ref|NC_001133|,188939,A,G,25,95,26.32%,4.8319E-9
B4-lineage-D10,ref|NC_001133|,192551,CA,C,13,71,18.31%,6.4168E-5
B4-lineage-D10,ref|NC_001133|,193631,A,T,68,68,100%,1.6809E-40
B4-lineage-D10,ref|NC_001133|,199811,T,G,54,54,100%,4.0229E-32
B4-lineage-D10,ref|NC_001133|,199908,C,CT,9,66,13.64%,1.3171E-3
B4-lineage-D10,ref|NC_001133|,206126,T,C,20,20,100%,7.2544E-12
B4-lineage-D10,ref|NC_001133|,206129,A,C,20,20,100%,7.2544E-12
B4-lineage-D10,ref|NC_001133|,206132,G,T,20,20,100%,7.2544E-12
B4-lineage-D10,ref|NC_001133|,206144,C,T,18,18,100%,1.1019E-10
B4-lineage-D10,ref|NC_001133|,206177,G,C,22,24,100%,4.7526E-13
B4-lineage-D10,ref|NC_001133|,206178,C,A,22,24,91.67%,1.0078E-11
B4-lineage-D10,ref|NC_001133|,206179,A,C,22,24,91.67%,1.0078E-11
B4-lineage-D10,ref|NC_001133|,208753,CA,C,6,64,9.38%,1.3767E-2
B4-lineage-D10,ref|NC_001133|,210818,A,T,63,63,100%,1.657E-37
B4-lineage-D10,ref|NC_001133|,211019,T,C,52,52,100%,6.3169E-31
B4-lineage-D10,ref|NC_001133|,225080,TA,T,8,47,17.02%,2.7074E-3
B4-lineage-D10,ref|NC_001133|,226914,AT,A,20,73,27.4%,1.8526E-7
B4-lineage-D10,ref|NC_001134|,1187,C,T,28,95,29.47%,3.598E-10
B4-lineage-D10,ref|NC_001134|,1254,T,C,10,84,11.9%,7.3507E-4
B4-lineage-D10,ref|NC_001134|,1528,G,A,5,93,5.38%,2.9575E-2
B4-lineage-D10,ref|NC_001134|,1531,A,T,5,93,5.38%,2.9575E-2
B4-lineage-D10,ref|NC_001134|,5983,C,G,75,75,100%,1.0773E-44
B4-lineage-D10,ref|NC_001134|,6440,G,C,61,61,100%,2.609E-36
B4-lineage-D10,ref|NC_001134|,7510,G,A,68,68,100%,1.6809E-40
B4-lineage-D10,ref|NC_001134|,7511,G,A,68,68,100%,1.6809E-40
B4-lineage-D10,ref|NC_001134|,7912,GA,G,71,77,92.21%,2.5749E-37
B4-lineage-D10,ref|NC_001134|,9022,G,GA,26,60,43.33%,1.9611E-10
B4-lineage-D10,ref|NC_001134|,15101,T,G,70,70,100%,1.0659E-41
B4-lineage-D10,ref|NC_001134|,15510,G,T,69,69,100%,4.233E-41
B4-lineage-D10,ref|NC_001134|,15518,A,G,68,68,100%,1.6809E-40
B4-lineage-D10,ref|NC_001134|,16380,C,T,78,78,100%,1.7165E-46
B4-lineage-D10,ref|NC_001134|,16392,A,G,80,80,100%,1.0864E-47
B4-lineage-D10,ref|NC_001134|,28695,CT,C,6,72,8.33%,1.3952E-2
B4-lineage-D10,ref|NC_001134|,30012,C,T,54,54,100%,4.0229E-32
B4-lineage-D10,ref|NC_001134|,30050,A,G,51,51,100%,2.5024E-30
B4-lineage-D10,ref|NC_001134|,30210,T,C,24,24,100%,3.101E-14
B4-lineage-D10,ref|NC_001134|,30723,G,A,20,20,100%,7.2544E-12
B4-lineage-D10,ref|NC_001134|,30754,G,A,14,14,100%,2.4927E-8
B4-lineage-D10,ref|NC_001134|,30848,C,G,13,13,100%,9.6148E-8
B4-lineage-D10,ref|NC_001134|,34298,G,A,33,33,100%,1.3852E-19
B4-lineage-D10,ref|NC_001134|,35485,C,T,56,56,100%,2.5602E-33
B4-lineage-D10,ref|NC_001134|,45956,AT,A,11,61,18.03%,2.7419E-4
B4-lineage-D10,ref|NC_001134|,51505,C,T,43,110,39.09%,6.6792E-16
B4-lineage-D10,ref|NC_001134|,59755,T,C,82,82,100%,6.8742E-49
B4-lineage-D10,ref|NC_001134|,62776,G,GA,6,83,7.23%,1.4179E-2
B4-lineage-D10,ref|NC_001134|,68282,GTTA,G,6,57,10.53%,1.3571E-2
B4-lineage-D10,ref|NC_001134|,69628,CA,C,7,70,10%,6.5904E-3
B4-lineage-D10,ref|NC_001134|,71825,C,CT,5,82,6.1%,2.9279E-2
B4-lineage-D10,ref|NC_001134|,75103,TA,T,6,50,12%,1.3285E-2
B4-lineage-D10,ref|NC_001134|,84398,CA,C,10,61,16.39%,6.3967E-4
B4-lineage-D10,ref|NC_001134|,88125,C,CT,9,75,12%,1.4788E-3
B4-lineage-D10,ref|NC_001134|,88484,GGAGAA,G,73,78,93.59%,4.9837E-39
B4-lineage-D10,ref|NC_001134|,90326,C,A,5,68,7.35%,2.8961E-2
B4-lineage-D10,ref|NC_001134|,109292,C,A,5,77,6.49%,2.9228E-2
B4-lineage-D10,ref|NC_001134|,115437,GA,G,15,63,23.81%,1.1245E-5
B4-lineage-D10,ref|NC_001134|,122381,C,CA,5,92,5.43%,2.95E-2
B4-lineage-D10,ref|NC_001134|,122429,GA,G,10,86,11.63%,7.4023E-4
B4-lineage-D10,ref|NC_001134|,122587,AT,A,10,56,17.86%,6.18E-4
B4-lineage-D10,ref|NC_001134|,127636,C,CT,6,69,8.7%,1.3851E-2
B4-lineage-D10,ref|NC_001134|,133870,CAT,C,10,52,19.23%,5.9987E-4
B4-lineage-D10,ref|NC_001134|,136467,AAT,A,6,60,10%,1.3706E-2
B4-lineage-D10,ref|NC_001134|,137659,TA,T,7,39,17.95%,5.2713E-3
B4-lineage-D10,ref|NC_001134|,138274,A,AT,5,44,11.36%,2.764E-2
B4-lineage-D10,ref|NC_001134|,143864,GA,G,6,71,8.45%,1.3928E-2
B4-lineage-D10,ref|NC_001134|,145827,TA,T,5,61,8.2%,2.87E-2
B4-lineage-D10,ref|NC_001134|,145899,G,GA,5,45,11.11%,2.7273E-2
B4-lineage-D10,ref|NC_001134|,151274,G,GT,5,63,7.94%,2.87E-2
B4-lineage-D10,ref|NC_001134|,157319,A,T,5,50,10%,2.8142E-2
B4-lineage-D10,ref|NC_001134|,162819,A,AT,8,71,11.27%,3.1618E-3
B4-lineage-D10,ref|NC_001134|,165902,C,CT,11,35,31.43%,8.2399E-5
B4-lineage-D10,ref|NC_001134|,167978,C,CA,24,48,50%,5.5097E-10
B4-lineage-D10,ref|NC_001134|,171492,T,A,7,72,9.72%,6.7056E-3
B4-lineage-D10,ref|NC_001134|,171493,GT,G,7,72,9.72%,6.7056E-3
B4-lineage-D10,ref|NC_001134|,174714,AT,A,7,72,9.72%,6.6257E-3
B4-lineage-D10,ref|NC_001134|,180088,A,G,6,83,7.23%,1.4231E-2
B4-lineage-D10,ref|NC_001134|,220885,A,T,5,73,6.85%,2.9117E-2
B4-lineage-D10,ref|NC_001134|,221288,AGT,A,49,51,96.08%,3.4484E-27
B4-lineage-D10,ref|NC_001134|,224654,C,T,7,52,13.46%,6.2977E-3
B4-lineage-D10,ref|NC_001134|,251593,CT,C,7,57,12.28%,6.2092E-3
B4-lineage-D10,ref|NC_001134|,259764,C,T,23,23,100%,1.2146E-13
B4-lineage-D10,ref|NC_001134|,263144,GC,G,22,22,100%,4.7526E-13
B4-lineage-D10,ref|NC_001134|,263153,C,T,27,27,100%,5.1363E-16
B4-lineage-D10,ref|NC_001134|,263158,CG,C,30,30,100%,8.4556E-18
B4-lineage-D10,ref|NC_001134|,263168,CG,C,35,35,100%,8.9137E-21
B4-lineage-D10,ref|NC_001134|,265382,G,T,36,36,100%,2.2598E-21
B4-lineage-D10,ref|NC_001134|,270660,G,GA,8,71,11.27%,3.1191E-3
B4-lineage-D10,ref|NC_001134|,270744,TA,T,6,87,6.9%,1.4214E-2
B4-lineage-D10,ref|NC_001134|,270857,CT,C,5,61,8.2%,2.87E-2
B4-lineage-D10,ref|NC_001134|,274224,CT,C,11,59,18.64%,2.8674E-4
B4-lineage-D10,ref|NC_001134|,280999,CT,C,7,71,9.86%,6.675E-3
B4-lineage-D10,ref|NC_001134|,296125,AT,A,11,59,18.64%,2.6374E-4
B4-lineage-D10,ref|NC_001134|,300033,GA,G,8,52,15.38%,2.7808E-3
B4-lineage-D10,ref|NC_001134|,307654,A,AT,6,77,7.79%,1.4021E-2
B4-lineage-D10,ref|NC_001134|,316693,C,CT,5,71,7.04%,2.8961E-2
B4-lineage-D10,ref|NC_001134|,316949,CA,C,12,64,18.75%,1.1557E-4
B4-lineage-D10,ref|NC_001134|,320222,G,C,11,45,24.44%,2.4398E-4
B4-lineage-D10,ref|NC_001134|,342440,G,GA,6,61,9.84%,1.3706E-2
B4-lineage-D10,ref|NC_001134|,369788,CT,C,9,62,14.52%,1.3968E-3
B4-lineage-D10,ref|NC_001134|,383176,C,CG,48,54,88.89%,2.014E-24
B4-lineage-D10,ref|NC_001134|,386207,C,CA,14,71,19.72%,2.6327E-5
B4-lineage-D10,ref|NC_001134|,389121,G,A,5,63,7.94%,2.878E-2
B4-lineage-D10,ref|NC_001134|,389421,GCT,G,58,63,92.06%,1.7273E-30
B4-lineage-D10,ref|NC_001134|,395042,G,GA,6,63,9.52%,1.3674E-2
B4-lineage-D10,ref|NC_001134|,399896,G,T,5,86,5.81%,2.9439E-2
B4-lineage-D10,ref|NC_001134|,415764,CT,C,7,62,11.29%,6.3251E-3
B4-lineage-D10,ref|NC_001134|,425941,C,CA,8,78,10.26%,3.2002E-3
B4-lineage-D10,ref|NC_001134|,452435,C,CT,5,57,8.77%,2.8203E-2
B4-lineage-D10,ref|NC_001134|,461747,C,T,5,55,9.09%,2.8423E-2
B4-lineage-D10,ref|NC_001134|,465779,AT,A,5,68,7.35%,2.8927E-2
B4-lineage-D10,ref|NC_001134|,473731,T,A,5,54,9.26%,2.8371E-2
B4-lineage-D10,ref|NC_001134|,477089,GTA,G,7,47,14.89%,5.8688E-3
B4-lineage-D10,ref|NC_001134|,485927,GT,G,5,44,11.36%,2.7465E-2
B4-lineage-D10,ref|NC_001134|,491090,CT,C,5,69,7.25%,2.8819E-2
B4-lineage-D10,ref|NC_001134|,491216,CA,C,5,65,7.69%,2.8741E-2
B4-lineage-D10,ref|NC_001134|,492950,GA,G,7,53,13.21%,5.8688E-3
B4-lineage-D10,ref|NC_001134|,499536,CA,C,6,41,14.63%,1.2087E-2
B4-lineage-D10,ref|NC_001134|,505412,C,CA,6,70,8.57%,1.3824E-2
B4-lineage-D10,ref|NC_001134|,519134,T,C,6,72,8.33%,1.3976E-2
B4-lineage-D10,ref|NC_001134|,539226,GA,G,5,67,7.46%,2.878E-2
B4-lineage-D10,ref|NC_001134|,540563,A,T,5,61,8.2%,2.87E-2
B4-lineage-D10,ref|NC_001134|,552016,C,T,6,66,9.09%,1.3877E-2
B4-lineage-D10,ref|NC_001134|,556210,GAT,G,5,72,6.94%,2.8994E-2
B4-lineage-D10,ref|NC_001134|,561221,T,G,8,34,23.53%,2.4562E-3
B4-lineage-D10,ref|NC_001134|,561222,G,GA,5,43,11.63%,2.6693E-2
B4-lineage-D10,ref|NC_001134|,563031,G,GT,8,53,15.09%,2.6808E-3
B4-lineage-D10,ref|NC_001134|,571328,CA,C,14,42,33.33%,1.2005E-5
B4-lineage-D10,ref|NC_001134|,581558,AT,A,6,54,11.11%,1.3497E-2
B4-lineage-D10,ref|NC_001134|,586331,T,TA,8,77,10.39%,3.2002E-3
B4-lineage-D10,ref|NC_001134|,599731,G,A,5,59,8.47%,2.8614E-2
B4-lineage-D10,ref|NC_001134|,633231,A,T,5,78,6.41%,2.9254E-2
B4-lineage-D10,ref|NC_001134|,646111,CAT,C,8,45,17.78%,2.7329E-3
B4-lineage-D10,ref|NC_001134|,670444,C,A,5,82,6.1%,2.9351E-2
B4-lineage-D10,ref|NC_001134|,681456,G,T,5,76,6.58%,2.9201E-2
B4-lineage-D10,ref|NC_001134|,681991,CA,C,7,58,12.07%,6.3515E-3
B4-lineage-D10,ref|NC_001134|,684840,AT,A,9,65,13.85%,1.4219E-3
B4-lineage-D10,ref|NC_001134|,689459,GA,G,6,71,8.45%,1.3999E-2
B4-lineage-D10,ref|NC_001134|,694611,T,TA,5,47,10.64%,2.7721E-2
B4-lineage-D10,ref|NC_001134|,698075,GA,G,6,42,14.29%,1.2549E-2
B4-lineage-D10,ref|NC_001134|,700169,AT,A,5,55,9.09%,2.8203E-2
B4-lineage-D10,ref|NC_001134|,704438,T,TA,6,49,12.24%,1.3082E-2
B4-lineage-D10,ref|NC_001134|,710483,C,A,5,70,7.14%,2.9026E-2
B4-lineage-D10,ref|NC_001134|,723663,C,CA,33,67,49.25%,1.0326E-13
B4-lineage-D10,ref|NC_001134|,732523,A,AT,6,67,8.96%,1.3903E-2
B4-lineage-D10,ref|NC_001134|,745148,C,A,6,74,8.11%,1.4064E-2
B4-lineage-D10,ref|NC_001134|,746362,CATCTGCA,C,53,59,89.83%,3.3912E-27
B4-lineage-D10,ref|NC_001134|,751216,C,CA,11,64,17.19%,2.925E-4
B4-lineage-D10,ref|NC_001134|,767793,G,GA,8,51,15.69%,2.8658E-3
B4-lineage-D10,ref|NC_001134|,774669,C,CA,6,49,12.24%,1.3136E-2
B4-lineage-D10,ref|NC_001134|,777906,AT,A,5,76,6.58%,2.9058E-2
B4-lineage-D10,ref|NC_001134|,784713,CT,C,7,64,10.94%,6.5333E-3
B4-lineage-D10,ref|NC_001134|,784824,G,GA,7,79,8.86%,6.7346E-3
B4-lineage-D10,ref|NC_001134|,796545,C,CT,14,83,16.87%,3.1303E-5
B4-lineage-D10,ref|NC_001134|,796621,TA,T,6,87,6.9%,1.4279E-2
B4-lineage-D10,ref|NC_001134|,809468,G,GA,6,50,12%,1.3136E-2
B4-lineage-D10,ref|NC_001134|,809794,AT,A,25,48,52.08%,8.8326E-11
B4-lineage-D10,ref|NC_001135|,47,C,CA,4,10,40%,4.3344E-2
B4-lineage-D10,ref|NC_001135|,267,CCCACACACACCCACA,C,4,15,26.67%,4.9808E-2
B4-lineage-D10,ref|NC_001135|,8353,CT,C,9,64,14.06%,1.4219E-3
B4-lineage-D10,ref|NC_001135|,9181,A,AT,5,62,8.06%,2.8522E-2
B4-lineage-D10,ref|NC_001135|,27658,T,TA,8,28,28.57%,1.7241E-3
B4-lineage-D10,ref|NC_001135|,42005,CA,C,9,55,16.36%,1.2112E-3
B4-lineage-D10,ref|NC_001135|,44541,GA,G,16,70,22.86%,4.4899E-6
B4-lineage-D10,ref|NC_001135|,50320,AAT,A,8,50,16%,2.7573E-3
B4-lineage-D10,ref|NC_001135|,57221,CA,C,7,39,17.95%,5.4855E-3
B4-lineage-D10,ref|NC_001135|,78480,C,CT,5,56,8.93%,2.8423E-2
B4-lineage-D10,ref|NC_001135|,83035,CAAGT,C,8,40,20%,2.653E-3
B4-lineage-D10,ref|NC_001135|,83054,T,C,8,46,17.39%,2.8033E-3
B4-lineage-D10,ref|NC_001135|,83080,G,A,8,47,17.02%,2.8249E-3
B4-lineage-D10,ref|NC_001135|,84269,G,A,5,58,8.62%,2.8569E-2
B4-lineage-D10,ref|NC_001135|,84421,G,A,36,36,100%,2.2598E-21
B4-lineage-D10,ref|NC_001135|,99797,G,A,12,39,30.77%,9.0046E-5
B4-lineage-D10,ref|NC_001135|,101876,C,CT,8,59,13.56%,2.8851E-3
B4-lineage-D10,ref|NC_001135|,142665,GA,G,6,49,12.24%,1.3188E-2
B4-lineage-D10,ref|NC_001135|,143131,T,C,47,47,100%,6.1512E-28
B4-lineage-D10,ref|NC_001135|,158486,AT,A,5,65,7.69%,2.8856E-2
B4-lineage-D10,ref|NC_001135|,162361,T,C,70,70,100%,1.0659E-41
B4-lineage-D10,ref|NC_001135|,162396,G,C,74,74,100%,4.2804E-44
B4-lineage-D10,ref|NC_001135|,162640,T,G,58,58,100%,1.6283E-34
B4-lineage-D10,ref|NC_001135|,162694,G,A,48,48,100%,1.554E-28
B4-lineage-D10,ref|NC_001135|,162712,TA,T,48,54,88.89%,2.014E-24
B4-lineage-D10,ref|NC_001135|,163059,T,C,55,55,100%,1.0149E-32
B4-lineage-D10,ref|NC_001135|,163163,G,GA,36,41,87.8%,1.2627E-18
B4-lineage-D10,ref|NC_001135|,163192,A,AT,48,48,100%,1.554E-28
B4-lineage-D10,ref|NC_001135|,175429,G,A,5,82,6.1%,2.9351E-2
B4-lineage-D10,ref|NC_001135|,191533,C,T,5,65,7.69%,2.8856E-2
B4-lineage-D10,ref|NC_001135|,197955,T,A,5,82,6.1%,2.9351E-2
B4-lineage-D10,ref|NC_001135|,199081,G,A,44,44,100%,3.8097E-26
B4-lineage-D10,ref|NC_001135|,205674,CT,C,7,66,10.61%,6.5333E-3
B4-lineage-D10,ref|NC_001135|,206819,C,CA,5,56,8.93%,2.8473E-2
B4-lineage-D10,ref|NC_001135|,209788,C,CA,7,66,10.61%,6.4922E-3
B4-lineage-D10,ref|NC_001135|,211722,GA,G,5,47,10.64%,2.7721E-2
B4-lineage-D10,ref|NC_001135|,224773,TTA,T,6,55,10.91%,1.3535E-2
B4-lineage-D10,ref|NC_001135|,227010,G,A,6,108,5.56%,1.455E-2
B4-lineage-D10,ref|NC_001135|,228964,G,GT,5,52,9.62%,2.7945E-2
B4-lineage-D10,ref|NC_001135|,231005,CT,C,14,71,19.72%,2.5912E-5
B4-lineage-D10,ref|NC_001135|,236804,C,CT,7,60,11.67%,6.4484E-3
B4-lineage-D10,ref|NC_001135|,242447,A,AT,5,44,11.36%,2.7465E-2
B4-lineage-D10,ref|NC_001135|,247980,GTA,G,8,54,14.81%,2.8457E-3
B4-lineage-D10,ref|NC_001135|,260025,GTA,G,7,37,18.92%,5.721E-3
B4-lineage-D10,ref|NC_001135|,273025,GA,G,12,52,23.08%,1.0032E-4
B4-lineage-D10,ref|NC_001135|,292572,AAT,A,6,43,13.95%,1.2905E-2
B4-lineage-D10,ref|NC_001135|,308240,CT,C,5,72,6.94%,2.9088E-2
B4-lineage-D10,ref|NC_001135|,315517,CTA,C,12,47,25.53%,1.0724E-4
B4-lineage-D10,ref|NC_001136|,54,C,CA,6,12,50%,6.865E-3
B4-lineage-D10,ref|NC_001136|,61,AC,A,7,10,70%,1.1312E-3
B4-lineage-D10,ref|NC_001136|,4721,C,CT,5,74,6.76%,2.9088E-2
B4-lineage-D10,ref|NC_001136|,7721,C,CA,30,34,88.24%,3.0612E-16
B4-lineage-D10,ref|NC_001136|,13937,G,A,19,54,35.19%,2.7841E-7
B4-lineage-D10,ref|NC_001136|,20525,CTA,C,6,40,15%,1.2628E-2
B4-lineage-D10,ref|NC_001136|,26389,TA,T,6,79,7.59%,1.4104E-2
B4-lineage-D10,ref|NC_001136|,27734,C,T,10,53,18.87%,6.1215E-4
B4-lineage-D10,ref|NC_001136|,27738,A,G,6,49,12.24%,1.3285E-2
B4-lineage-D10,ref|NC_001136|,27742,A,G,14,58,24.14%,2.5055E-5
B4-lineage-D10,ref|NC_001136|,27743,C,G,5,47,10.64%,2.7945E-2
B4-lineage-D10,ref|NC_001136|,27747,A,G,8,51,15.69%,2.8851E-3
B4-lineage-D10,ref|NC_001136|,32943,G,A,5,87,5.75%,2.9459E-2
B4-lineage-D10,ref|NC_001136|,43791,C,T,5,69,7.25%,2.8994E-2
B4-lineage-D10,ref|NC_001136|,43856,CT,C,12,61,19.67%,1.2806E-4
B4-lineage-D10,ref|NC_001136|,43887,G,GA,7,68,10.29%,6.5529E-3
B4-lineage-D10,ref|NC_001136|,50859,G,A,5,89,5.62%,2.95E-2
B4-lineage-D10,ref|NC_001136|,57073,GA,G,8,72,11.11%,3.0959E-3
B4-lineage-D10,ref|NC_001136|,66048,GA,G,5,62,8.06%,2.8658E-2
B4-lineage-D10,ref|NC_001136|,76735,A,AT,5,81,6.17%,2.9303E-2
B4-lineage-D10,ref|NC_001136|,82419,AT,A,7,98,7.14%,6.9675E-3
B4-lineage-D10,ref|NC_001136|,86412,CTTTCA,C,5,99,5.05%,2.9676E-2
B4-lineage-D10,ref|NC_001136|,92682,GA,G,10,67,14.93%,4.9525E-4
B4-lineage-D10,ref|NC_001136|,95791,G,GT,11,69,15.94%,3.1486E-4
B4-lineage-D10,ref|NC_001136|,99407,GA,G,6,97,6.19%,1.4365E-2
B4-lineage-D10,ref|NC_001136|,102166,T,A,5,96,5.21%,2.9627E-2
B4-lineage-D10,ref|NC_001136|,102234,AT,A,5,73,6.85%,2.9117E-2
B4-lineage-D10,ref|NC_001136|,105479,C,T,11,48,22.92%,2.5227E-4
B4-lineage-D10,ref|NC_001136|,106907,AT,A,8,79,10.13%,3.1815E-3
B4-lineage-D10,ref|NC_001136|,116123,C,CA,5,84,5.95%,2.9303E-2
B4-lineage-D10,ref|NC_001136|,123792,TA,T,10,68,14.71%,6.5891E-4
B4-lineage-D10,ref|NC_001136|,126537,C,CT,14,48,29.17%,1.4735E-5
B4-lineage-D10,ref|NC_001136|,126569,A,C,5,42,11.9%,2.7555E-2
B4-lineage-D10,ref|NC_001136|,135456,CT,C,15,77,19.48%,1.1869E-5
B4-lineage-D10,ref|NC_001136|,137979,AT,A,6,82,7.32%,1.4214E-2
B4-lineage-D10,ref|NC_001136|,140210,T,A,6,78,7.69%,1.4142E-2
B4-lineage-D10,ref|NC_001136|,156021,A,AT,6,87,6.9%,1.4279E-2
B4-lineage-D10,ref|NC_001136|,159855,CAT,C,5,88,5.68%,2.948E-2
B4-lineage-D10,ref|NC_001136|,161234,T,A,5,70,7.14%,2.9026E-2
B4-lineage-D10,ref|NC_001136|,168382,A,T,5,95,5.26%,2.961E-2
B4-lineage-D10,ref|NC_001136|,169915,T,TA,7,43,16.28%,5.8688E-3
B4-lineage-D10,ref|NC_001136|,210813,G,GA,5,79,6.33%,2.9254E-2
B4-lineage-D10,ref|NC_001136|,211315,CAT,C,6,67,8.96%,1.3903E-2
B4-lineage-D10,ref|NC_001136|,212440,GT,G,8,64,12.5%,2.9216E-3
B4-lineage-D10,ref|NC_001136|,213615,C,A,6,79,7.59%,1.4161E-2
B4-lineage-D10,ref|NC_001136|,218921,C,T,6,99,6.06%,1.4454E-2
B4-lineage-D10,ref|NC_001136|,240138,CAT,C,10,71,14.08%,6.7197E-4
B4-lineage-D10,ref|NC_001136|,242781,T,A,5,84,5.95%,2.9396E-2
B4-lineage-D10,ref|NC_001136|,270194,CA,C,6,69,8.7%,1.3877E-2
B4-lineage-D10,ref|NC_001136|,273629,GTT,G,23,57,40.35%,7.4033E-10
B4-lineage-D10,ref|NC_001136|,278378,C,CA,5,71,7.04%,2.9058E-2
B4-lineage-D10,ref|NC_001136|,286882,CT,C,7,65,10.77%,6.5333E-3
B4-lineage-D10,ref|NC_001136|,302323,G,GA,5,66,7.58%,2.8819E-2
B4-lineage-D10,ref|NC_001136|,303010,AT,A,7,100,7%,6.9846E-3
B4-lineage-D10,ref|NC_001136|,310293,G,GA,7,82,8.54%,6.8133E-3
B4-lineage-D10,ref|NC_001136|,315072,C,CT,6,65,9.23%,1.3796E-2
B4-lineage-D10,ref|NC_001136|,323677,GAT,G,9,56,16.07%,1.3283E-3
B4-lineage-D10,ref|NC_001136|,326563,A,G,5,91,5.49%,2.9538E-2
B4-lineage-D10,ref|NC_001136|,332985,G,GA,5,74,6.76%,2.9117E-2
B4-lineage-D10,ref|NC_001136|,336206,CT,C,8,67,11.94%,3.0583E-3
B4-lineage-D10,ref|NC_001136|,344004,G,GTA,38,71,53.52%,2.4088E-15
B4-lineage-D10,ref|NC_001136|,355508,CT,C,5,64,7.81%,2.8658E-2
B4-lineage-D10,ref|NC_001136|,369171,GA,G,7,77,9.09%,6.7622E-3
B4-lineage-D10,ref|NC_001136|,369259,CA,C,6,55,10.91%,1.3285E-2
B4-lineage-D10,ref|NC_001136|,378056,GAA,G,6,73,8.22%,1.4042E-2
B4-lineage-D10,ref|NC_001136|,387137,CT,C,5,98,5.1%,2.966E-2
B4-lineage-D10,ref|NC_001136|,392146,GAC,G,6,61,9.84%,1.3641E-2
B4-lineage-D10,ref|NC_001136|,392457,C,CA,6,72,8.33%,1.3976E-2
B4-lineage-D10,ref|NC_001136|,394573,T,C,16,61,26.23%,4.9254E-6
B4-lineage-D10,ref|NC_001136|,403511,G,GT,76,88,86.36%,1.8261E-37
B4-lineage-D10,ref|NC_001136|,408171,C,CA,5,85,5.88%,2.9351E-2
B4-lineage-D10,ref|NC_001136|,418536,A,G,5,85,5.88%,2.9417E-2
B4-lineage-D10,ref|NC_001136|,427105,CT,C,6,52,11.54%,1.3285E-2
B4-lineage-D10,ref|NC_001136|,428805,A,AT,14,77,18.18%,2.8637E-5
B4-lineage-D10,ref|NC_001136|,436198,C,CT,11,64,17.19%,2.7747E-4
B4-lineage-D10,ref|NC_001136|,450188,GTA,G,8,89,8.99%,3.3014E-3
B4-lineage-D10,ref|NC_001136|,461946,G,A,114,219,52.05%,7.5391E-44
B4-lineage-D10,ref|NC_001136|,462158,A,G,525,616,85.23%,2.0438E-253
B4-lineage-D10,ref|NC_001136|,471707,A,AT,5,71,7.04%,2.8994E-2
B4-lineage-D10,ref|NC_001136|,482472,GA,G,8,63,12.7%,3.0313E-3
B4-lineage-D10,ref|NC_001136|,489441,AAT,A,8,61,13.11%,2.9718E-3
B4-lineage-D10,ref|NC_001136|,489510,G,A,5,69,7.25%,2.8994E-2
B4-lineage-D10,ref|NC_001136|,503381,G,GT,8,79,10.13%,3.1618E-3
B4-lineage-D10,ref|NC_001136|,507966,G,GA,8,77,10.39%,3.2002E-3
B4-lineage-D10,ref|NC_001136|,519899,GT,G,10,50,20%,4.9525E-4
B4-lineage-D10,ref|NC_001136|,523025,CT,C,7,82,8.54%,6.7884E-3
B4-lineage-D10,ref|NC_001136|,525256,C,CT,5,76,6.58%,2.9174E-2
B4-lineage-D10,ref|NC_001136|,525613,CA,C,6,89,6.74%,1.4309E-2
B4-lineage-D10,ref|NC_001136|,535450,G,A,7,121,5.79%,7.1459E-3
B4-lineage-D10,ref|NC_001136|,538733,GTA,G,6,58,10.34%,1.3331E-2
B4-lineage-D10,ref|NC_001136|,542558,CA,C,7,67,10.45%,6.5904E-3
B4-lineage-D10,ref|NC_001136|,544162,CT,C,5,59,8.47%,2.8522E-2
B4-lineage-D10,ref|NC_001136|,546502,C,CT,6,71,8.45%,1.3999E-2
B4-lineage-D10,ref|NC_001136|,548546,G,GT,25,60,41.67%,3.158E-10
B4-lineage-D10,ref|NC_001136|,551819,CA,C,9,69,13.04%,1.4447E-3
B4-lineage-D10,ref|NC_001136|,553071,A,AT,7,66,10.61%,6.4922E-3
B4-lineage-D10,ref|NC_001136|,558164,CT,C,5,77,6.49%,2.9146E-2
B4-lineage-D10,ref|NC_001136|,560869,C,CA,7,73,9.59%,6.6905E-3
B4-lineage-D10,ref|NC_001136|,563497,CA,C,6,81,7.41%,1.4142E-2
B4-lineage-D10,ref|NC_001136|,575609,T,C,5,52,9.62%,2.8261E-2
B4-lineage-D10,ref|NC_001136|,578295,G,GA,6,97,6.19%,1.4392E-2
B4-lineage-D10,ref|NC_001136|,578452,G,GT,6,70,8.57%,1.3976E-2
B4-lineage-D10,ref|NC_001136|,587839,CT,C,15,71,21.13%,1.0354E-5
B4-lineage-D10,ref|NC_001136|,602839,A,T,5,83,6.02%,2.9373E-2
B4-lineage-D10,ref|NC_001136|,607042,G,GA,13,78,16.67%,6.7394E-5
B4-lineage-D10,ref|NC_001136|,621879,GA,G,13,62,20.97%,4.5578E-5
B4-lineage-D10,ref|NC_001136|,628654,AT,A,5,73,6.85%,2.9026E-2
B4-lineage-D10,ref|NC_001136|,630833,G,GT,7,53,13.21%,5.9972E-3
B4-lineage-D10,ref|NC_001136|,645102,GA,G,7,90,7.78%,6.8917E-3
B4-lineage-D10,ref|NC_001136|,658113,CT,C,5,75,6.67%,2.9058E-2
B4-lineage-D10,ref|NC_001136|,668949,TA,T,12,79,15.19%,1.4106E-4
B4-lineage-D10,ref|NC_001136|,688005,GA,G,8,74,10.81%,3.1815E-3
B4-lineage-D10,ref|NC_001136|,688062,C,CTT,62,82,75.61%,2.4991E-31
B4-lineage-D10,ref|NC_001136|,692725,A,T,5,83,6.02%,2.9373E-2
B4-lineage-D10,ref|NC_001136|,724244,TAAA,T,5,77,6.49%,2.9228E-2
B4-lineage-D10,ref|NC_001136|,730418,GT,G,5,87,5.75%,2.9459E-2
B4-lineage-D10,ref|NC_001136|,733497,A,AT,5,66,7.58%,2.8819E-2
B4-lineage-D10,ref|NC_001136|,738713,G,T,5,68,7.35%,2.8961E-2
B4-lineage-D10,ref|NC_001136|,746353,C,CA,5,69,7.25%,2.8927E-2
B4-lineage-D10,ref|NC_001136|,748524,T,TA,9,65,13.85%,1.4219E-3
B4-lineage-D10,ref|NC_001136|,757631,G,C,64,64,100%,4.1752E-38
B4-lineage-D10,ref|NC_001136|,810472,T,TTA,5,80,6.25%,2.9201E-2
B4-lineage-D10,ref|NC_001136|,811890,CT,C,5,71,7.04%,2.8994E-2
B4-lineage-D10,ref|NC_001136|,815221,T,TA,5,80,6.25%,2.9303E-2
B4-lineage-D10,ref|NC_001136|,816090,G,T,7,92,7.61%,6.9406E-3
B4-lineage-D10,ref|NC_001136|,816631,TA,T,6,70,8.57%,1.3851E-2
B4-lineage-D10,ref|NC_001136|,817531,T,TA,45,58,77.59%,3.2901E-21
B4-lineage-D10,ref|NC_001136|,826709,CT,C,5,89,5.62%,2.9459E-2
B4-lineage-D10,ref|NC_001136|,840212,A,T,5,62,8.06%,2.8741E-2
B4-lineage-D10,ref|NC_001136|,840422,AAT,A,9,55,16.36%,1.3391E-3
B4-lineage-D10,ref|NC_001136|,845414,TA,T,5,81,6.17%,2.9279E-2
B4-lineage-D10,ref|NC_001136|,847272,C,T,5,79,6.33%,2.9279E-2
B4-lineage-D10,ref|NC_001136|,851116,T,TA,7,79,8.86%,6.7884E-3
B4-lineage-D10,ref|NC_001136|,870706,CT,C,5,81,6.17%,2.9279E-2
B4-lineage-D10,ref|NC_001136|,872837,T,C,5,30,16.67%,2.6093E-2
B4-lineage-D10,ref|NC_001136|,880697,A,G,61,61,100%,2.609E-36
B4-lineage-D10,ref|NC_001136|,884572,C,CT,12,66,18.18%,1.1358E-4
B4-lineage-D10,ref|NC_001136|,892532,CA,C,5,64,7.81%,2.878E-2
B4-lineage-D10,ref|NC_001136|,892698,G,GTTT,6,48,12.5%,1.3136E-2
B4-lineage-D10,ref|NC_001136|,909727,AT,A,13,46,28.26%,2.9583E-5
B4-lineage-D10,ref|NC_001136|,921813,CA,C,16,61,26.23%,3.4048E-6
B4-lineage-D10,ref|NC_001136|,950873,C,G,6,91,6.59%,1.4352E-2
B4-lineage-D10,ref|NC_001136|,955986,GA,G,10,67,14.93%,6.4469E-4
B4-lineage-D10,ref|NC_001136|,957628,CT,C,8,70,11.43%,3.1411E-3
B4-lineage-D10,ref|NC_001136|,964027,C,T,6,77,7.79%,1.4124E-2
B4-lineage-D10,ref|NC_001136|,966519,AT,A,5,87,5.75%,2.9417E-2
B4-lineage-D10,ref|NC_001136|,966520,TA,T,15,57,26.32%,7.2456E-6
B4-lineage-D10,ref|NC_001136|,974414,CA,C,6,89,6.74%,1.4309E-2
B4-lineage-D10,ref|NC_001136|,987244,G,A,36,36,100%,2.2598E-21
B4-lineage-D10,ref|NC_001136|,1002291,AT,A,7,99,7.07%,6.9406E-3
B4-lineage-D10,ref|NC_001136|,1007254,C,G,7,58,12.07%,6.4254E-3
B4-lineage-D10,ref|NC_001136|,1012097,A,AT,5,67,7.46%,2.8927E-2
B4-lineage-D10,ref|NC_001136|,1015989,G,GA,7,95,7.37%,6.9019E-3
B4-lineage-D10,ref|NC_001136|,1046392,A,G,16,59,27.12%,4.7113E-6
B4-lineage-D10,ref|NC_001136|,1066380,C,A,7,90,7.78%,6.9217E-3
B4-lineage-D10,ref|NC_001136|,1079010,AT,A,16,70,22.86%,5.0299E-6
B4-lineage-D10,ref|NC_001136|,1084521,G,GA,10,89,11.24%,7.2112E-4
B4-lineage-D10,ref|NC_001136|,1084685,GA,G,10,77,12.99%,6.8401E-4
B4-lineage-D10,ref|NC_001136|,1090113,G,GA,18,76,23.68%,9.974E-7
B4-lineage-D10,ref|NC_001136|,1101983,CT,C,6,91,6.59%,1.4231E-2
B4-lineage-D10,ref|NC_001136|,1105909,AT,A,7,60,11.67%,6.4707E-3
B4-lineage-D10,ref|NC_001136|,1108600,G,GA,5,72,6.94%,2.8856E-2
B4-lineage-D10,ref|NC_001136|,1109876,GAT,G,5,70,7.14%,2.8994E-2
B4-lineage-D10,ref|NC_001136|,1130880,A,AT,7,91,7.69%,6.9019E-3
B4-lineage-D10,ref|NC_001136|,1133688,T,A,5,86,5.81%,2.9439E-2
B4-lineage-D10,ref|NC_001136|,1135689,GA,G,9,64,14.06%,1.4054E-3
B4-lineage-D10,ref|NC_001136|,1147231,CT,C,5,81,6.17%,2.9279E-2
B4-lineage-D10,ref|NC_001136|,1150910,A,AG,68,69,98.55%,2.9631E-39
B4-lineage-D10,ref|NC_001136|,1178330,CT,C,15,130,11.54%,1.9534E-5
B4-lineage-D10,ref|NC_001136|,1184561,GA,G,6,89,6.74%,1.4294E-2
B4-lineage-D10,ref|NC_001136|,1191893,T,TA,5,95,5.26%,2.9519E-2
B4-lineage-D10,ref|NC_001136|,1224545,AAT,A,5,42,11.9%,2.7371E-2
B4-lineage-D10,ref|NC_001136|,1237589,C,CT,6,70,8.57%,1.3952E-2
B4-lineage-D10,ref|NC_001136|,1239910,TA,T,5,97,5.15%,2.9644E-2
B4-lineage-D10,ref|NC_001136|,1242276,G,GA,6,92,6.52%,1.4365E-2
B4-lineage-D10,ref|NC_001136|,1253397,T,C,65,65,100%,1.0519E-38
B4-lineage-D10,ref|NC_001136|,1263120,CT,C,5,76,6.58%,2.9146E-2
B4-lineage-D10,ref|NC_001136|,1266255,C,CT,5,65,7.69%,2.8614E-2
B4-lineage-D10,ref|NC_001136|,1268097,T,C,7,68,10.29%,6.6426E-3
B4-lineage-D10,ref|NC_001136|,1278545,G,GA,8,61,13.11%,3.0172E-3
B4-lineage-D10,ref|NC_001136|,1299414,A,G,5,90,5.56%,2.9519E-2
B4-lineage-D10,ref|NC_001136|,1302220,C,CT,5,95,5.26%,2.961E-2
B4-lineage-D10,ref|NC_001136|,1302545,T,A,5,63,7.94%,2.878E-2
B4-lineage-D10,ref|NC_001136|,1302560,A,G,5,67,7.46%,2.8927E-2
B4-lineage-D10,ref|NC_001136|,1305680,TG,T,67,72,93.06%,1.3348E-35
B4-lineage-D10,ref|NC_001136|,1325043,A,G,5,69,7.25%,2.8994E-2
B4-lineage-D10,ref|NC_001136|,1341641,TC,T,17,70,24.29%,2.5282E-6
B4-lineage-D10,ref|NC_001136|,1357474,A,AT,6,63,9.52%,1.3571E-2
B4-lineage-D10,ref|NC_001136|,1366917,A,AT,7,88,7.95%,6.837E-3
B4-lineage-D10,ref|NC_001136|,1371000,T,C,5,73,6.85%,2.9117E-2
B4-lineage-D10,ref|NC_001136|,1390833,TCC,T,5,83,6.02%,2.9373E-2
B4-lineage-D10,ref|NC_001136|,1402305,C,T,98,98,100%,1.7493E-58
B4-lineage-D10,ref|NC_001136|,1412225,G,GA,11,94,11.7%,3.4727E-4
B4-lineage-D10,ref|NC_001136|,1418469,CAT,C,7,73,9.59%,6.675E-3
B4-lineage-D10,ref|NC_001136|,1431852,G,C,9,61,14.75%,1.4219E-3
B4-lineage-D10,ref|NC_001136|,1433710,A,T,89,89,100%,4.3706E-53
B4-lineage-D10,ref|NC_001136|,1443538,GA,G,5,76,6.58%,2.9088E-2
B4-lineage-D10,ref|NC_001136|,1451259,GT,G,5,72,6.94%,2.8856E-2
B4-lineage-D10,ref|NC_001136|,1466418,GT,G,22,93,23.66%,4.7918E-8
B4-lineage-D10,ref|NC_001136|,1468506,C,CA,6,70,8.57%,1.3928E-2
B4-lineage-D10,ref|NC_001136|,1474784,AT,A,8,70,11.43%,3.045E-3
B4-lineage-D10,ref|NC_001136|,1487384,C,CA,5,91,5.49%,2.9459E-2
B4-lineage-D10,ref|NC_001136|,1489248,C,CA,6,88,6.82%,1.4309E-2
B4-lineage-D10,ref|NC_001136|,1494413,CA,C,6,86,6.98%,1.4214E-2
B4-lineage-D10,ref|NC_001136|,1498015,A,AT,10,101,9.9%,7.4993E-4
B4-lineage-D10,ref|NC_001136|,1501055,G,GA,5,77,6.49%,2.9201E-2
B4-lineage-D10,ref|NC_001136|,1515034,TA,T,63,74,85.14%,2.5632E-32
B4-lineage-D10,ref|NC_001136|,1518948,G,GT,47,63,74.6%,5.2564E-22
B4-lineage-D10,ref|NC_001136|,1524974,A,G,66,66,100%,2.6498E-39
B4-lineage-D10,ref|NC_001136|,1525313,T,G,19,19,100%,2.8292E-11
B4-lineage-D10,ref|NC_001136|,1525335,C,G,13,13,100%,9.6148E-8
B4-lineage-D10,ref|NC_001137|,14724,CA,C,5,50,10%,2.7799E-2
B4-lineage-D10,ref|NC_001137|,19574,CA,C,7,48,14.58%,6.1097E-3
B4-lineage-D10,ref|NC_001137|,21321,TA,T,8,56,14.29%,2.9037E-3
B4-lineage-D10,ref|NC_001137|,23230,AT,A,6,65,9.23%,1.3824E-2
B4-lineage-D10,ref|NC_001137|,31460,CAT,C,8,72,11.11%,3.1302E-3
B4-lineage-D10,ref|NC_001137|,33475,CT,C,7,56,12.5%,6.3515E-3
B4-lineage-D10,ref|NC_001137|,36289,G,GT,8,54,14.81%,2.9216E-3
B4-lineage-D10,ref|NC_001137|,45874,A,T,5,61,8.2%,2.87E-2
B4-lineage-D10,ref|NC_001137|,48384,T,C,60,60,100%,1.035E-35
B4-lineage-D10,ref|NC_001137|,52435,C,CA,5,55,9.09%,2.8203E-2
B4-lineage-D10,ref|NC_001137|,59372,CT,C,6,72,8.33%,1.3535E-2
B4-lineage-D10,ref|NC_001137|,59373,T,C,6,52,11.54%,1.3417E-2
B4-lineage-D10,ref|NC_001137|,61686,C,CT,8,48,16.67%,2.7329E-3
B4-lineage-D10,ref|NC_001137|,64154,CT,C,11,79,13.92%,3.2907E-4
B4-lineage-D10,ref|NC_001137|,65293,GA,G,9,54,16.67%,1.1955E-3
B4-lineage-D10,ref|NC_001137|,71806,A,T,5,53,9.43%,2.8317E-2
B4-lineage-D10,ref|NC_001137|,73474,CT,C,7,75,9.33%,6.7203E-3
B4-lineage-D10,ref|NC_001137|,86488,CAA,C,7,46,15.22%,5.2713E-3
B4-lineage-D10,ref|NC_001137|,100573,T,TA,6,44,13.64%,1.2628E-2
B4-lineage-D10,ref|NC_001137|,115997,T,C,14,14,100%,2.4927E-8
B4-lineage-D10,ref|NC_001137|,116028,G,A,21,21,100%,1.8578E-12
B4-lineage-D10,ref|NC_001137|,116086,G,A,39,39,100%,3.6742E-23
B4-lineage-D10,ref|NC_001137|,116577,G,A,56,56,100%,2.5602E-33
B4-lineage-D10,ref|NC_001137|,116644,G,T,55,55,100%,1.0149E-32
B4-lineage-D10,ref|NC_001137|,118577,CAT,C,10,56,17.86%,6.1215E-4
B4-lineage-D10,ref|NC_001137|,122728,G,GA,8,43,18.6%,2.5935E-3
B4-lineage-D10,ref|NC_001137|,154531,T,A,81,81,100%,2.7329E-48
B4-lineage-D10,ref|NC_001137|,159027,CA,C,15,48,31.25%,6.364E-6
B4-lineage-D10,ref|NC_001137|,194693,G,GA,6,54,11.11%,1.3458E-2
B4-lineage-D10,ref|NC_001137|,196609,T,TA,8,52,15.38%,2.7808E-3
B4-lineage-D10,ref|NC_001137|,198592,GTA,G,7,53,13.21%,6.2092E-3
B4-lineage-D10,ref|NC_001137|,201515,TG,T,6,75,8%,1.4084E-2
B4-lineage-D10,ref|NC_001137|,204655,A,T,5,77,6.49%,2.9228E-2
B4-lineage-D10,ref|NC_001137|,217691,T,TA,5,52,9.62%,2.8142E-2
B4-lineage-D10,ref|NC_001137|,223904,A,T,5,58,8.62%,2.8569E-2
B4-lineage-D10,ref|NC_001137|,243665,GA,G,16,58,27.59%,3.6584E-6
B4-lineage-D10,ref|NC_001137|,258177,G,GA,13,87,14.94%,7.1369E-5
B4-lineage-D10,ref|NC_001137|,261464,C,CA,15,41,36.59%,4.8188E-6
B4-lineage-D10,ref|NC_001137|,268335,GA,G,5,51,9.8%,2.7555E-2
B4-lineage-D10,ref|NC_001137|,268848,CT,C,5,69,7.25%,2.8927E-2
B4-lineage-D10,ref|NC_001137|,272558,GT,G,39,48,81.25%,1.398E-18
B4-lineage-D10,ref|NC_001137|,291632,C,CT,7,69,10.14%,6.5719E-3
B4-lineage-D10,ref|NC_001137|,295301,T,A,5,53,9.43%,2.8317E-2
B4-lineage-D10,ref|NC_001137|,305701,CA,C,5,74,6.76%,2.9058E-2
B4-lineage-D10,ref|NC_001137|,337452,GA,G,5,71,7.04%,2.9026E-2
B4-lineage-D10,ref|NC_001137|,352394,A,G,68,68,100%,1.6809E-40
B4-lineage-D10,ref|NC_001137|,364041,TC,T,5,97,5.15%,2.9644E-2
B4-lineage-D10,ref|NC_001137|,374816,C,CA,8,62,12.9%,3.045E-3
B4-lineage-D10,ref|NC_001137|,382298,A,AT,7,33,21.21%,4.5803E-3
B4-lineage-D10,ref|NC_001137|,382523,CA,C,8,61,13.11%,2.9216E-3
B4-lineage-D10,ref|NC_001137|,395202,C,CA,6,83,7.23%,1.4179E-2
B4-lineage-D10,ref|NC_001137|,400988,C,CT,6,55,10.91%,1.3375E-2
B4-lineage-D10,ref|NC_001137|,430559,C,CA,9,56,16.07%,1.3391E-3
B4-lineage-D10,ref|NC_001137|,441153,CT,C,6,66,9.09%,1.3824E-2
B4-lineage-D10,ref|NC_001137|,486130,A,G,5,55,9.09%,2.8423E-2
B4-lineage-D10,ref|NC_001137|,513297,G,A,5,46,10.87%,2.7874E-2
B4-lineage-D10,ref|NC_001137|,517529,T,C,62,62,100%,6.5755E-37
B4-lineage-D10,ref|NC_001137|,520781,G,GA,11,66,16.67%,2.9794E-4
B4-lineage-D10,ref|NC_001137|,522935,C,G,7,44,15.91%,6.0363E-3
B4-lineage-D10,ref|NC_001137|,522970,AT,A,8,54,14.81%,2.8033E-3
B4-lineage-D10,ref|NC_001137|,545186,AG,A,6,24,25%,1.0777E-2
B4-lineage-D10,ref|NC_001137|,546982,G,T,5,69,7.25%,2.8994E-2
B4-lineage-D10,ref|NC_001137|,558430,G,T,6,77,7.79%,1.4124E-2
B4-lineage-D10,ref|NC_001137|,567821,TA,T,5,67,7.46%,2.8892E-2
B4-lineage-D10,ref|NC_001138|,8304,TA,T,7,51,13.73%,6.1442E-3
B4-lineage-D10,ref|NC_001138|,11068,CT,C,11,75,14.67%,3.1917E-4
B4-lineage-D10,ref|NC_001138|,12416,T,A,56,128,43.75%,5.7897E-21
B4-lineage-D10,ref|NC_001138|,58005,GAT,G,11,37,29.73%,1.8019E-4
B4-lineage-D10,ref|NC_001138|,65512,G,A,6,65,9.23%,1.3851E-2
B4-lineage-D10,ref|NC_001138|,75912,CT,C,8,62,12.9%,2.9718E-3
B4-lineage-D10,ref|NC_001138|,95460,A,AT,5,72,6.94%,2.8994E-2
B4-lineage-D10,ref|NC_001138|,97505,C,CA,6,62,9.68%,1.3641E-2
B4-lineage-D10,ref|NC_001138|,97617,T,TA,6,50,12%,1.3188E-2
B4-lineage-D10,ref|NC_001138|,97864,C,CTT,31,45,68.89%,3.4914E-15
B4-lineage-D10,ref|NC_001138|,99153,CA,C,6,55,10.91%,1.3458E-2
B4-lineage-D10,ref|NC_001138|,104577,TA,T,9,33,27.27%,8.1542E-4
B4-lineage-D10,ref|NC_001138|,106277,C,CTT,35,50,70%,4.2437E-19
B4-lineage-D10,ref|NC_001138|,111477,A,AT,7,83,8.43%,6.801E-3
B4-lineage-D10,ref|NC_001138|,119284,GA,G,6,71,8.45%,1.3952E-2
B4-lineage-D10,ref|NC_001138|,133537,T,A,5,100,5%,2.9692E-2
B4-lineage-D10,ref|NC_001138|,155985,GT,G,7,50,14%,5.9563E-3
B4-lineage-D10,ref|NC_001138|,164820,C,CT,5,79,6.33%,2.9228E-2
B4-lineage-D10,ref|NC_001138|,172370,AT,A,6,80,7.5%,1.4179E-2
B4-lineage-D10,ref|NC_001138|,174046,CT,C,7,56,12.5%,6.2977E-3
B4-lineage-D10,ref|NC_001138|,186224,GATA,G,5,79,6.33%,2.9117E-2
B4-lineage-D10,ref|NC_001138|,203706,G,GT,5,74,6.76%,2.9146E-2
B4-lineage-D10,ref|NC_001138|,210067,AT,A,10,57,17.54%,6.2367E-4
B4-lineage-D10,ref|NC_001138|,210344,TTG,T,7,71,10%,6.675E-3
B4-lineage-D10,ref|NC_001138|,220461,CT,C,5,53,9.43%,2.8142E-2
B4-lineage-D10,ref|NC_001138|,223119,G,GA,5,71,7.04%,2.9026E-2
B4-lineage-D10,ref|NC_001138|,223995,T,TA,5,72,6.94%,2.8994E-2
B4-lineage-D10,ref|NC_001138|,226131,C,CA,9,44,20.45%,1.2112E-3
B4-lineage-D10,ref|NC_001138|,227478,CT,C,8,53,15.09%,2.7573E-3
B4-lineage-D10,ref|NC_001138|,261521,T,A,5,80,6.25%,2.9303E-2
B4-lineage-D10,ref|NC_001139|,214,A,AC,42,44,95.45%,3.9431E-23
B4-lineage-D10,ref|NC_001139|,8151,G,GA,71,73,97.26%,4.7191E-40
B4-lineage-D10,ref|NC_001139|,9807,TA,T,5,60,8.33%,2.8473E-2
B4-lineage-D10,ref|NC_001139|,14846,G,GA,12,83,14.46%,1.5356E-4
B4-lineage-D10,ref|NC_001139|,20016,TA,T,5,73,6.85%,2.8994E-2
B4-lineage-D10,ref|NC_001139|,28913,T,A,7,89,7.87%,6.9119E-3
B4-lineage-D10,ref|NC_001139|,43266,CA,C,6,57,10.53%,1.3375E-2
B4-lineage-D10,ref|NC_001139|,56225,C,CT,9,71,12.68%,1.4519E-3
B4-lineage-D10,ref|NC_001139|,65388,AT,A,6,77,7.79%,1.4042E-2
B4-lineage-D10,ref|NC_001139|,84763,C,CT,7,66,10.61%,6.5333E-3
B4-lineage-D10,ref|NC_001139|,92431,TA,T,6,86,6.98%,1.4247E-2
B4-lineage-D10,ref|NC_001139|,102487,TA,T,7,78,8.97%,6.7203E-3
B4-lineage-D10,ref|NC_001139|,154579,T,TA,5,55,9.09%,2.8079E-2
B4-lineage-D10,ref|NC_001139|,156115,GTA,G,7,40,17.5%,5.721E-3
B4-lineage-D10,ref|NC_001139|,160457,TG,T,7,97,7.22%,6.9846E-3
B4-lineage-D10,ref|NC_001139|,163944,A,T,5,85,5.88%,2.9417E-2
B4-lineage-D10,ref|NC_001139|,167622,C,CA,8,63,12.7%,3.0313E-3
B4-lineage-D10,ref|NC_001139|,190778,GA,G,12,67,17.91%,1.3565E-4
B4-lineage-D10,ref|NC_001139|,218202,A,T,5,95,5.26%,2.961E-2
B4-lineage-D10,ref|NC_001139|,248386,TA,T,5,77,6.49%,2.9228E-2
B4-lineage-D10,ref|NC_001139|,261341,T,A,5,80,6.25%,2.9303E-2
B4-lineage-D10,ref|NC_001139|,262852,T,A,5,58,8.62%,2.8569E-2
B4-lineage-D10,ref|NC_001139|,263560,G,A,5,62,8.06%,2.8741E-2
B4-lineage-D10,ref|NC_001139|,263881,C,A,5,93,5.38%,2.9575E-2
B4-lineage-D10,ref|NC_001139|,266512,T,A,6,80,7.5%,1.4179E-2
B4-lineage-D10,ref|NC_001139|,278779,C,CT,6,59,10.17%,1.3458E-2
B4-lineage-D10,ref|NC_001139|,307179,CAT,C,7,52,13.46%,6.1097E-3
B4-lineage-D10,ref|NC_001139|,307425,T,C,6,66,9.09%,1.3877E-2
B4-lineage-D10,ref|NC_001139|,311589,C,A,54,54,100%,4.0229E-32
B4-lineage-D10,ref|NC_001139|,323361,A,AT,5,41,12.2%,2.6557E-2
B4-lineage-D10,ref|NC_001139|,325696,G,T,5,96,5.21%,2.9627E-2
B4-lineage-D10,ref|NC_001139|,326269,CA,C,11,70,15.71%,3.0799E-4
B4-lineage-D10,ref|NC_001139|,340293,A,T,5,66,7.58%,2.8892E-2
B4-lineage-D10,ref|NC_001139|,346951,A,T,5,64,7.81%,2.8819E-2
B4-lineage-D10,ref|NC_001139|,364146,A,AT,7,73,9.59%,6.659E-3
B4-lineage-D10,ref|NC_001139|,366778,TA,T,11,45,24.44%,2.3046E-4
B4-lineage-D10,ref|NC_001139|,371569,G,A,57,57,100%,6.4572E-34
B4-lineage-D10,ref|NC_001139|,386978,C,G,78,78,100%,1.7165E-46
B4-lineage-D10,ref|NC_001139|,386979,G,C,79,79,100%,4.3185E-47
B4-lineage-D10,ref|NC_001139|,395930,TA,T,5,61,8.2%,2.8569E-2
B4-lineage-D10,ref|NC_001139|,397834,GA,G,28,65,43.08%,1.5129E-11
B4-lineage-D10,ref|NC_001139|,400550,G,GT,18,47,38.3%,2.432E-7
B4-lineage-D10,ref|NC_001139|,401674,C,A,51,51,100%,2.5024E-30
B4-lineage-D10,ref|NC_001139|,401698,T,A,45,45,100%,9.6314E-27
B4-lineage-D10,ref|NC_001139|,404474,A,AG,47,48,97.92%,7.6145E-27
B4-lineage-D10,ref|NC_001139|,404522,T,TG,39,43,90.7%,2.6872E-20
B4-lineage-D10,ref|NC_001139|,404935,C,G,50,50,100%,9.9117E-30
B4-lineage-D10,ref|NC_001139|,404936,G,C,50,50,100%,9.9117E-30
B4-lineage-D10,ref|NC_001139|,405085,CG,C,73,76,96.05%,2.1439E-40
B4-lineage-D10,ref|NC_001139|,433855,TA,T,6,89,6.74%,1.4231E-2
B4-lineage-D10,ref|NC_001139|,438696,C,CA,6,53,11.32%,1.3375E-2
B4-lineage-D10,ref|NC_001139|,438823,A,AT,6,57,10.53%,1.3458E-2
B4-lineage-D10,ref|NC_001139|,439362,G,T,5,74,6.76%,2.9146E-2
B4-lineage-D10,ref|NC_001139|,443332,GA,G,6,62,9.68%,1.3706E-2
B4-lineage-D10,ref|NC_001139|,484095,CT,C,7,83,8.43%,6.7755E-3
B4-lineage-D10,ref|NC_001139|,496729,T,TA,41,48,85.42%,5.7183E-21
B4-lineage-D10,ref|NC_001139|,520003,G,T,5,83,6.02%,2.9373E-2
B4-lineage-D10,ref|NC_001139|,526818,T,TA,6,47,12.77%,1.3136E-2
B4-lineage-D10,ref|NC_001139|,530034,A,C,8,16,50%,1.2236E-3
B4-lineage-D10,ref|NC_001139|,531844,CAT,C,6,36,16.67%,1.2467E-2
B4-lineage-D10,ref|NC_001139|,544541,T,A,5,88,5.68%,2.948E-2
B4-lineage-D10,ref|NC_001139|,548070,CT,C,8,96,8.33%,3.3331E-3
B4-lineage-D10,ref|NC_001139|,573116,T,A,5,85,5.88%,2.9417E-2
B4-lineage-D10,ref|NC_001139|,576672,GT,G,6,82,7.32%,1.4197E-2
B4-lineage-D10,ref|NC_001139|,582530,TA,T,7,52,13.46%,6.0738E-3
B4-lineage-D10,ref|NC_001139|,583568,T,A,5,47,10.64%,2.7945E-2
B4-lineage-D10,ref|NC_001139|,585725,AT,A,5,83,6.02%,2.9373E-2
B4-lineage-D10,ref|NC_001139|,600070,C,G,8,50,16%,2.8851E-3
B4-lineage-D10,ref|NC_001139|,609109,T,TA,8,64,12.5%,3.0313E-3
B4-lineage-D10,ref|NC_001139|,611510,CA,C,8,52,15.38%,2.8457E-3
B4-lineage-D10,ref|NC_001139|,611579,CT,C,6,50,12%,1.3237E-2
B4-lineage-D10,ref|NC_001139|,611744,CAT,C,5,55,9.09%,2.8371E-2
B4-lineage-D10,ref|NC_001139|,615583,T,C,5,76,6.58%,2.9201E-2
B4-lineage-D10,ref|NC_001139|,617452,T,TA,6,65,9.23%,1.3767E-2
B4-lineage-D10,ref|NC_001139|,622749,G,A,5,80,6.25%,2.9303E-2
B4-lineage-D10,ref|NC_001139|,639673,GA,G,5,48,10.42%,2.706E-2
B4-lineage-D10,ref|NC_001139|,640617,CT,C,10,54,18.52%,5.1483E-4
B4-lineage-D10,ref|NC_001139|,653228,C,CT,12,53,22.64%,1.1557E-4
B4-lineage-D10,ref|NC_001139|,675929,TA,T,5,73,6.85%,2.9117E-2
B4-lineage-D10,ref|NC_001139|,676341,A,AT,5,62,8.06%,2.8423E-2
B4-lineage-D10,ref|NC_001139|,678070,CT,C,8,58,13.79%,2.9037E-3
B4-lineage-D10,ref|NC_001139|,678100,A,C,5,52,9.62%,2.8261E-2
B4-lineage-D10,ref|NC_001139|,692326,T,C,7,64,10.94%,6.5719E-3
B4-lineage-D10,ref|NC_001139|,700000,AT,A,6,49,12.24%,1.2773E-2
B4-lineage-D10,ref|NC_001139|,706852,CA,C,5,70,7.14%,2.8927E-2
B4-lineage-D10,ref|NC_001139|,715716,GA,G,6,67,8.96%,1.3767E-2
B4-lineage-D10,ref|NC_001139|,726535,CT,C,6,85,7.06%,1.4197E-2
B4-lineage-D10,ref|NC_001139|,733109,AT,A,12,50,24%,9.5339E-5
B4-lineage-D10,ref|NC_001139|,736553,T,TA,8,56,14.29%,2.9216E-3
B4-lineage-D10,ref|NC_001139|,742157,CT,C,12,54,22.22%,1.0724E-4
B4-lineage-D10,ref|NC_001139|,765774,GA,G,5,75,6.67%,2.9026E-2
B4-lineage-D10,ref|NC_001139|,789454,A,T,5,80,6.25%,2.9303E-2
B4-lineage-D10,ref|NC_001139|,805050,G,GT,7,54,12.96%,6.3251E-3
B4-lineage-D10,ref|NC_001139|,807865,CA,C,15,71,21.13%,8.6234E-6
B4-lineage-D10,ref|NC_001139|,808386,CTA,C,5,54,9.26%,2.8142E-2
B4-lineage-D10,ref|NC_001139|,825892,T,C,5,64,7.81%,2.8819E-2
B4-lineage-D10,ref|NC_001139|,850800,GA,G,9,75,12%,1.4657E-3
B4-lineage-D10,ref|NC_001139|,871561,GA,G,10,81,12.66%,6.8782E-4
B4-lineage-D10,ref|NC_001139|,895076,TA,T,6,97,6.19%,1.443E-2
B4-lineage-D10,ref|NC_001139|,899782,T,TA,6,76,7.89%,1.4064E-2
B4-lineage-D10,ref|NC_001139|,905402,T,A,5,61,8.2%,2.87E-2
B4-lineage-D10,ref|NC_001139|,905480,G,A,5,71,7.04%,2.9058E-2
B4-lineage-D10,ref|NC_001139|,910112,C,CT,10,45,22.22%,5.1483E-4
B4-lineage-D10,ref|NC_001139|,968722,A,AT,5,72,6.94%,2.8927E-2
B4-lineage-D10,ref|NC_001139|,968891,CT,C,8,56,14.29%,2.9389E-3
B4-lineage-D10,ref|NC_001139|,977899,T,TA,6,61,9.84%,1.3674E-2
B4-lineage-D10,ref|NC_001139|,982259,G,GA,13,88,14.77%,7.3398E-5
B4-lineage-D10,ref|NC_001139|,985722,AT,A,6,45,13.33%,1.2087E-2
B4-lineage-D10,ref|NC_001139|,989675,A,AT,12,63,19.05%,1.2642E-4
B4-lineage-D10,ref|NC_001139|,999559,T,TA,6,62,9.68%,1.3571E-2
B4-lineage-D10,ref|NC_001139|,1002673,A,G,69,69,100%,4.233E-41
B4-lineage-D10,ref|NC_001139|,1004507,AAT,A,5,43,11.63%,2.7371E-2
B4-lineage-D10,ref|NC_001139|,1006277,G,C,78,81,96.3%,2.604E-43
B4-lineage-D10,ref|NC_001139|,1006278,C,G,78,81,96.3%,2.604E-43
B4-lineage-D10,ref|NC_001139|,1006279,G,C,78,81,96.3%,1.7165E-46
B4-lineage-D10,ref|NC_001139|,1010897,CT,C,6,72,8.33%,1.3952E-2
B4-lineage-D10,ref|NC_001139|,1010989,G,GA,5,67,7.46%,2.8741E-2
B4-lineage-D10,ref|NC_001139|,1011803,GT,G,10,64,15.62%,6.3967E-4
B4-lineage-D10,ref|NC_001139|,1021962,CT,C,8,60,13.33%,3.0025E-3
B4-lineage-D10,ref|NC_001139|,1022326,C,A,5,76,6.58%,2.9201E-2
B4-lineage-D10,ref|NC_001139|,1027739,G,A,8,52,15.38%,2.9037E-3
B4-lineage-D10,ref|NC_001139|,1027743,G,C,8,50,16%,2.8851E-3
B4-lineage-D10,ref|NC_001139|,1043766,CAT,C,8,58,13.79%,2.9216E-3
B4-lineage-D10,ref|NC_001139|,1048639,G,GA,10,81,12.35%,6.9868E-4
B4-lineage-D10,ref|NC_001139|,1051832,C,CT,10,85,11.76%,7.0876E-4
B4-lineage-D10,ref|NC_001139|,1063282,GA,G,6,88,6.82%,1.4247E-2
B4-lineage-D10,ref|NC_001139|,1067115,C,CA,9,88,10.23%,1.5753E-3
B4-lineage-D10,ref|NC_001139|,1073937,CA,C,5,86,5.81%,2.9327E-2
B4-lineage-D10,ref|NC_001139|,1080730,CT,C,8,103,7.77%,3.3669E-3
B4-lineage-D10,ref|NC_001139|,1081039,AT,A,12,91,13.19%,1.5356E-4
B4-lineage-D10,ref|NC_001140|,93,TA,T,15,19,78.95%,2.5053E-7
B4-lineage-D10,ref|NC_001140|,1846,A,G,10,40,25%,5.1483E-4
B4-lineage-D10,ref|NC_001140|,11865,C,CT,5,66,7.58%,2.8741E-2
B4-lineage-D10,ref|NC_001140|,17534,A,AT,43,61,70.49%,5.0772E-19
B4-lineage-D10,ref|NC_001140|,34136,T,C,5,57,8.77%,2.8522E-2
B4-lineage-D10,ref|NC_001140|,36227,GA,G,7,65,10.77%,6.4707E-3
B4-lineage-D10,ref|NC_001140|,38647,CT,C,8,60,13.33%,2.9557E-3
B4-lineage-D10,ref|NC_001140|,48099,GA,G,9,77,11.69%,1.5086E-3
B4-lineage-D10,ref|NC_001140|,50980,C,CT,7,67,10.45%,6.5529E-3
B4-lineage-D10,ref|NC_001140|,52420,C,T,6,67,8.96%,1.3903E-2
B4-lineage-D10,ref|NC_001140|,57279,T,A,5,66,7.58%,2.8892E-2
B4-lineage-D10,ref|NC_001140|,63926,CT,C,8,85,9.41%,3.2508E-3
B4-lineage-D10,ref|NC_001140|,71906,C,CT,9,55,16.36%,1.2811E-3
B4-lineage-D10,ref|NC_001140|,75976,AAT,A,6,42,14.29%,1.2702E-2
B4-lineage-D10,ref|NC_001140|,81858,CAA,C,5,40,12.5%,2.6093E-2
B4-lineage-D10,ref|NC_001140|,85508,TTA,T,53,57,92.98%,3.3697E-28
B4-lineage-D10,ref|NC_001140|,121879,G,GA,5,53,9.43%,2.8317E-2
B4-lineage-D10,ref|NC_001140|,122057,GA,G,6,61,9.84%,1.3641E-2
B4-lineage-D10,ref|NC_001140|,123958,G,GA,6,43,13.95%,1.2905E-2
B4-lineage-D10,ref|NC_001140|,125832,GA,G,5,41,12.2%,2.6822E-2
B4-lineage-D10,ref|NC_001140|,126150,GT,G,6,39,15.38%,1.2467E-2
B4-lineage-D10,ref|NC_001140|,141525,CT,C,6,51,11.76%,1.3331E-2
B4-lineage-D10,ref|NC_001140|,160268,AC,A,7,78,8.97%,6.7884E-3
B4-lineage-D10,ref|NC_001140|,168456,C,G,7,31,22.58%,5.3469E-3
B4-lineage-D10,ref|NC_001140|,170784,T,C,5,73,6.85%,2.9117E-2
B4-lineage-D10,ref|NC_001140|,176845,TA,T,14,80,17.5%,3.0676E-5
B4-lineage-D10,ref|NC_001140|,183844,G,A,7,74,9.46%,6.7346E-3
B4-lineage-D10,ref|NC_001140|,186619,T,C,5,57,8.77%,2.8522E-2
B4-lineage-D10,ref|NC_001140|,187029,GA,G,9,31,29.03%,8.1542E-4
B4-lineage-D10,ref|NC_001140|,187717,GA,G,5,57,8.77%,2.8473E-2
B4-lineage-D10,ref|NC_001140|,187814,G,GA,5,60,8.33%,2.8569E-2
B4-lineage-D10,ref|NC_001140|,192694,C,CA,5,76,6.58%,2.9117E-2
B4-lineage-D10,ref|NC_001140|,198461,TA,T,6,64,9.38%,1.3824E-2
B4-lineage-D10,ref|NC_001140|,214256,C,CT,62,597,10.39%,3.1602E-20
B4-lineage-D10,ref|NC_001140|,221382,GA,G,6,56,10.71%,1.3571E-2
B4-lineage-D10,ref|NC_001140|,229199,GA,G,6,45,13.33%,1.238E-2
B4-lineage-D10,ref|NC_001140|,234753,AT,A,5,42,11.9%,2.7273E-2
B4-lineage-D10,ref|NC_001140|,236957,T,TA,5,35,14.29%,2.6257E-2
B4-lineage-D10,ref|NC_001140|,237735,C,CT,7,52,13.46%,6.1774E-3
B4-lineage-D10,ref|NC_001140|,237816,T,TA,5,51,9.8%,2.8203E-2
B4-lineage-D10,ref|NC_001140|,238967,CA,C,5,67,7.46%,2.8741E-2
B4-lineage-D10,ref|NC_001140|,262100,C,CT,6,54,11.11%,1.3417E-2
B4-lineage-D10,ref|NC_001140|,271643,AT,A,5,56,8.93%,2.8473E-2
B4-lineage-D10,ref|NC_001140|,276435,C,CA,10,67,14.93%,6.7197E-4
B4-lineage-D10,ref|NC_001140|,314725,CAT,C,8,64,12.5%,3.0959E-3
B4-lineage-D10,ref|NC_001140|,340058,TTA,T,8,49,16.33%,2.8658E-3
B4-lineage-D10,ref|NC_001140|,368026,CT,C,5,53,9.43%,2.8079E-2
B4-lineage-D10,ref|NC_001140|,369750,T,A,5,74,6.76%,2.9146E-2
B4-lineage-D10,ref|NC_001140|,379942,GA,G,5,60,8.33%,2.8658E-2
B4-lineage-D10,ref|NC_001140|,384944,GA,G,5,74,6.76%,2.9058E-2
B4-lineage-D10,ref|NC_001140|,387090,AT,A,13,51,25.49%,3.9497E-5
B4-lineage-D10,ref|NC_001140|,396945,GA,G,14,74,18.92%,2.4613E-5
B4-lineage-D10,ref|NC_001140|,412623,A,T,6,62,9.68%,1.3767E-2
B4-lineage-D10,ref|NC_001140|,413998,T,C,6,60,10%,1.3706E-2
B4-lineage-D10,ref|NC_001140|,417054,G,A,53,53,100%,1.5943E-31
B4-lineage-D10,ref|NC_001140|,421364,T,C,5,70,7.14%,2.9026E-2
B4-lineage-D10,ref|NC_001140|,451138,TA,T,5,48,10.42%,2.8014E-2
B4-lineage-D10,ref|NC_001140|,455850,T,TA,7,75,9.33%,6.7346E-3
B4-lineage-D10,ref|NC_001140|,459034,T,C,55,55,100%,1.0149E-32
B4-lineage-D10,ref|NC_001140|,462144,G,A,5,84,5.95%,2.9396E-2
B4-lineage-D10,ref|NC_001140|,475549,CA,C,6,49,12.24%,1.3082E-2
B4-lineage-D10,ref|NC_001140|,475931,TTA,T,32,39,82.05%,7.5196E-17
B4-lineage-D10,ref|NC_001140|,511255,C,T,58,58,100%,1.6283E-34
B4-lineage-D10,ref|NC_001140|,512211,G,GA,6,47,12.77%,1.2905E-2
B4-lineage-D10,ref|NC_001140|,514829,CTA,C,6,47,12.77%,1.2702E-2
B4-lineage-D10,ref|NC_001140|,518745,C,CA,5,62,8.06%,2.8614E-2
B4-lineage-D10,ref|NC_001140|,522934,C,CT,9,77,11.69%,1.5248E-3
B4-lineage-D10,ref|NC_001140|,525793,A,T,5,76,6.58%,2.9201E-2
B4-lineage-D10,ref|NC_001140|,528882,A,AT,8,71,11.27%,3.1191E-3
B4-lineage-D10,ref|NC_001140|,532813,A,G,12,74,16.22%,1.5045E-4
B4-lineage-D10,ref|NC_001140|,549805,A,C,6,23,26.09%,1.0777E-2
B4-lineage-D10,ref|NC_001140|,551717,TA,T,6,36,16.67%,1.186E-2
B4-lineage-D10,ref|NC_001140|,554072,TA,T,8,58,13.79%,2.9389E-3
B4-lineage-D10,ref|NC_001140|,555196,G,T,5,74,6.76%,2.9146E-2
B4-lineage-D10,ref|NC_001140|,556562,C,T,5,87,5.75%,2.9459E-2
B4-lineage-D10,ref|NC_001140|,556967,G,GT,10,58,17.24%,6.3967E-4
B4-lineage-D10,ref|NC_001140|,560923,T,C,5,12,41.67%,1.8634E-2
B4-lineage-D10,ref|NC_001140|,562225,T,C,7,82,8.54%,6.837E-3
B4-lineage-D10,ref|NC_001140|,562354,C,T,13,118,11.02%,8.6093E-5
B4-lineage-D10,ref|NC_001140|,562374,G,A,14,122,11.48%,4.1117E-5
B4-lineage-D10,ref|NC_001140|,562385,AT,A,19,106,17.92%,7.3446E-7
B4-lineage-D10,ref|NC_001140|,562440,A,G,24,90,26.67%,1.015E-8
B4-lineage-D10,ref|NC_001140|,562443,A,G,23,88,26.14%,2.28E-8
B4-lineage-D10,ref|NC_001140|,562466,GGT,G,6,101,5.94%,1.4465E-2
B4-lineage-D10,ref|NC_001140|,562468,TGTGTG,T,6,87,6.98%,1.4279E-2
B4-lineage-D10,ref|NC_001140|,562474,GGTGTGGGTGTGT,G,6,77,7.79%,1.4104E-2
B4-lineage-D10,ref|NC_001140|,562484,T,TG,15,49,31.25%,7.8109E-6
B4-lineage-D10,ref|NC_001140|,562498,GT,G,17,60,28.33%,2.0389E-6
B4-lineage-D10,ref|NC_001140|,562503,TGG,T,12,61,19.67%,1.3421E-4
B4-lineage-D10,ref|NC_001140|,562505,G,GT,6,52,11.54%,1.3417E-2
B4-lineage-D10,ref|NC_001140|,562521,TG,T,11,59,18.64%,2.8966E-4
B4-lineage-D10,ref|NC_001140|,562552,GGT,G,6,46,13.33%,1.3026E-2
B4-lineage-D10,ref|NC_001140|,562553,GT,G,8,37,22.86%,2.4931E-3
B4-lineage-D10,ref|NC_001140|,562575,T,TG,8,26,32%,2.0146E-3
B4-lineage-D10,ref|NC_001140|,562606,TG,T,7,19,38.89%,3.8123E-3
B4-lineage-D10,ref|NC_001141|,22273,T,TC,12,15,80%,5.2605E-6
B4-lineage-D10,ref|NC_001141|,23082,TG,T,13,17,76.47%,2.5647E-6
B4-lineage-D10,ref|NC_001141|,25376,C,T,5,55,9.09%,2.8423E-2
B4-lineage-D10,ref|NC_001141|,25418,T,C,19,73,26.03%,4.9649E-7
B4-lineage-D10,ref|NC_001141|,25586,T,C,25,92,27.17%,4.5098E-9
B4-lineage-D10,ref|NC_001141|,25593,C,T,20,87,22.99%,2.779E-7
B4-lineage-D10,ref|NC_001141|,25594,T,A,18,78,23.08%,1.2397E-6
B4-lineage-D10,ref|NC_001141|,39373,T,TA,39,45,86.67%,7.2647E-20
B4-lineage-D10,ref|NC_001141|,45872,G,A,6,43,13.95%,1.2967E-2
B4-lineage-D10,ref|NC_001141|,51552,C,CT,8,59,13.56%,2.9718E-3
B4-lineage-D10,ref|NC_001141|,57277,C,CA,34,64,53.12%,2.3694E-14
B4-lineage-D10,ref|NC_001141|,75954,A,G,5,54,9.26%,2.8371E-2
B4-lineage-D10,ref|NC_001141|,76013,CT,C,6,59,10.17%,1.3458E-2
B4-lineage-D10,ref|NC_001141|,84986,GA,G,5,65,7.69%,2.8819E-2
B4-lineage-D10,ref|NC_001141|,102536,C,CT,8,62,12.9%,2.9557E-3
B4-lineage-D10,ref|NC_001141|,105433,A,AAAT,47,54,87.04%,1.7551E-23
B4-lineage-D10,ref|NC_001141|,137906,GA,G,5,49,10.2%,2.7874E-2
B4-lineage-D10,ref|NC_001141|,142187,TA,T,6,64,9.38%,1.3824E-2
B4-lineage-D10,ref|NC_001141|,142207,C,T,6,69,8.7%,1.3952E-2
B4-lineage-D10,ref|NC_001141|,151193,GA,G,5,67,7.46%,2.878E-2
B4-lineage-D10,ref|NC_001141|,160362,G,GA,5,81,6.17%,2.9327E-2
B4-lineage-D10,ref|NC_001141|,163245,A,AT,5,51,9.8%,2.7721E-2
B4-lineage-D10,ref|NC_001141|,179655,C,CA,6,56,10.71%,1.3571E-2
B4-lineage-D10,ref|NC_001141|,183251,CT,C,12,49,24.49%,9.5339E-5
B4-lineage-D10,ref|NC_001141|,187822,G,GA,8,45,17.78%,2.3764E-3
B4-lineage-D10,ref|NC_001141|,204781,T,TA,6,60,10%,1.3497E-2
B4-lineage-D10,ref|NC_001141|,217619,A,T,5,75,6.67%,2.9174E-2
B4-lineage-D10,ref|NC_001141|,236587,T,C,5,82,6.1%,2.9351E-2
B4-lineage-D10,ref|NC_001141|,241032,G,GA,11,41,26.83%,1.7351E-4
B4-lineage-D10,ref|NC_001141|,245962,CT,C,26,42,61.9%,8.0999E-13
B4-lineage-D10,ref|NC_001141|,254003,TA,T,44,59,74.58%,3.2342E-21
B4-lineage-D10,ref|NC_001141|,263503,T,A,5,81,6.17%,2.9327E-2
B4-lineage-D10,ref|NC_001141|,267870,TA,T,7,55,12.73%,6.3251E-3
B4-lineage-D10,ref|NC_001141|,272821,G,GA,7,57,12.28%,6.3515E-3
B4-lineage-D10,ref|NC_001141|,290193,G,GA,10,56,17.86%,5.7985E-4
B4-lineage-D10,ref|NC_001141|,318694,T,A,42,42,100%,5.9562E-25
B4-lineage-D10,ref|NC_001141|,339225,C,CT,8,39,20.51%,2.2875E-3
B4-lineage-D10,ref|NC_001141|,363071,CT,C,5,36,13.89%,2.6822E-2
B4-lineage-D10,ref|NC_001141|,368560,TG,T,5,45,11.11%,2.7799E-2
B4-lineage-D10,ref|NC_001141|,370195,AT,A,7,32,21.88%,4.8126E-3
B4-lineage-D10,ref|NC_001141|,375747,A,T,72,74,97.3%,6.7558E-43
B4-lineage-D10,ref|NC_001141|,379890,T,TA,5,65,7.69%,2.8614E-2
B4-lineage-D10,ref|NC_001141|,380935,G,GA,7,58,12.07%,6.2693E-3
B4-lineage-D10,ref|NC_001141|,381990,G,A,5,65,7.69%,2.8856E-2
B4-lineage-D10,ref|NC_001141|,385640,A,AT,9,59,15.25%,1.3055E-3
B4-lineage-D10,ref|NC_001141|,388017,A,AT,6,66,9.09%,1.3877E-2
B4-lineage-D10,ref|NC_001141|,389257,GA,G,7,60,11.67%,6.3515E-3
B4-lineage-D10,ref|NC_001141|,427307,CT,C,7,46,15.22%,5.9563E-3
B4-lineage-D10,ref|NC_001142|,28946,C,CT,9,68,13.24%,1.4657E-3
B4-lineage-D10,ref|NC_001142|,31410,A,G,5,72,6.94%,2.9088E-2
B4-lineage-D10,ref|NC_001142|,36381,G,GA,5,79,6.33%,2.9279E-2
B4-lineage-D10,ref|NC_001142|,47026,C,CT,9,65,13.85%,1.4219E-3
B4-lineage-D10,ref|NC_001142|,59054,G,GA,11,49,22.45%,2.2064E-4
B4-lineage-D10,ref|NC_001142|,60682,G,GT,6,51,11.76%,1.2905E-2
B4-lineage-D10,ref|NC_001142|,71276,GA,G,5,69,7.25%,2.8892E-2
B4-lineage-D10,ref|NC_001142|,75588,CT,C,6,69,8.7%,1.3767E-2
B4-lineage-D10,ref|NC_001142|,97478,G,A,70,70,100%,1.0659E-41
B4-lineage-D10,ref|NC_001142|,99505,A,AT,6,75,8%,1.3976E-2
B4-lineage-D10,ref|NC_001142|,123779,GA,G,7,67,10.45%,6.5529E-3
B4-lineage-D10,ref|NC_001142|,134112,G,GA,13,73,17.81%,5.2873E-5
B4-lineage-D10,ref|NC_001142|,136911,GA,G,6,51,11.76%,1.2905E-2
B4-lineage-D10,ref|NC_001142|,147243,C,T,87,88,100%,6.9142E-52
B4-lineage-D10,ref|NC_001142|,160458,A,T,5,76,6.58%,2.9201E-2
B4-lineage-D10,ref|NC_001142|,172562,CT,C,6,91,6.59%,1.4352E-2
B4-lineage-D10,ref|NC_001142|,173179,GT,G,9,56,16.07%,1.3283E-3
B4-lineage-D10,ref|NC_001142|,173515,TA,T,7,75,9.33%,6.7486E-3
B4-lineage-D10,ref|NC_001142|,181020,A,T,5,47,10.64%,2.7945E-2
B4-lineage-D10,ref|NC_001142|,191578,G,GA,5,72,6.94%,2.9058E-2
B4-lineage-D10,ref|NC_001142|,199170,A,C,57,57,100%,6.4572E-34
B4-lineage-D10,ref|NC_001142|,200219,A,G,58,58,100%,1.6283E-34
B4-lineage-D10,ref|NC_001142|,207747,GA,G,7,60,11.67%,6.4254E-3
B4-lineage-D10,ref|NC_001142|,247164,C,CA,9,61,14.75%,1.4219E-3
B4-lineage-D10,ref|NC_001142|,248751,T,A,5,71,7.04%,2.9058E-2
B4-lineage-D10,ref|NC_001142|,263006,C,T,5,67,7.46%,2.8927E-2
B4-lineage-D10,ref|NC_001142|,265872,GT,G,7,44,15.91%,5.6095E-3
B4-lineage-D10,ref|NC_001142|,266640,G,A,5,65,7.69%,2.8856E-2
B4-lineage-D10,ref|NC_001142|,267695,TG,T,5,74,6.76%,2.9146E-2
B4-lineage-D10,ref|NC_001142|,268747,AT,A,6,61,9.84%,1.3571E-2
B4-lineage-D10,ref|NC_001142|,278038,GA,G,5,58,8.62%,2.8569E-2
B4-lineage-D10,ref|NC_001142|,280770,CT,C,7,63,11.11%,6.4254E-3
B4-lineage-D10,ref|NC_001142|,289587,TA,T,8,43,18.6%,2.4562E-3
B4-lineage-D10,ref|NC_001142|,315657,GA,G,6,48,12.5%,1.3188E-2
B4-lineage-D10,ref|NC_001142|,327675,TC,T,5,80,6.25%,2.9303E-2
B4-lineage-D10,ref|NC_001142|,331103,A,T,5,47,10.64%,2.7945E-2
B4-lineage-D10,ref|NC_001142|,342348,AT,A,15,50,30%,5.4463E-6
B4-lineage-D10,ref|NC_001142|,358212,G,GT,5,40,12.5%,2.6822E-2
B4-lineage-D10,ref|NC_001142|,359824,GA,G,6,72,8.33%,1.3877E-2
B4-lineage-D10,ref|NC_001142|,385321,G,C,5,59,8.47%,2.8569E-2
B4-lineage-D10,ref|NC_001142|,388260,C,CA,6,68,8.82%,1.3824E-2
B4-lineage-D10,ref|NC_001142|,393823,GA,G,11,51,21.57%,2.4819E-4
B4-lineage-D10,ref|NC_001142|,424906,CT,C,7,53,13.21%,5.9563E-3
B4-lineage-D10,ref|NC_001142|,436624,G,GT,8,62,12.9%,3.0172E-3
B4-lineage-D10,ref|NC_001142|,470130,GTAA,G,28,45,62.22%,5.6997E-12
B4-lineage-D10,ref|NC_001142|,471047,G,GA,5,55,9.09%,2.8203E-2
B4-lineage-D10,ref|NC_001142|,471139,T,A,5,54,9.26%,2.8371E-2
B4-lineage-D10,ref|NC_001142|,472080,A,AT,11,63,17.46%,2.8065E-4
B4-lineage-D10,ref|NC_001142|,490988,G,C,7,44,15.91%,6.0363E-3
B4-lineage-D10,ref|NC_001142|,490990,G,A,6,44,13.64%,1.3026E-2
B4-lineage-D10,ref|NC_001142|,490992,T,C,21,58,36.21%,5.1992E-8
B4-lineage-D10,ref|NC_001142|,490993,T,C,13,51,25.49%,5.092E-5
B4-lineage-D10,ref|NC_001142|,497098,A,AAT,29,54,53.7%,5.4249E-12
B4-lineage-D10,ref|NC_001142|,497303,AAT,A,12,55,21.82%,1.23E-4
B4-lineage-D10,ref|NC_001142|,519255,CGT,C,5,53,9.43%,2.8142E-2
B4-lineage-D10,ref|NC_001142|,519922,T,C,5,65,7.69%,2.8856E-2
B4-lineage-D10,ref|NC_001142|,525702,G,GA,6,56,10.71%,1.3331E-2
B4-lineage-D10,ref|NC_001142|,525720,C,A,6,31,20.69%,1.1736E-2
B4-lineage-D10,ref|NC_001142|,525782,TA,T,5,33,15.15%,2.531E-2
B4-lineage-D10,ref|NC_001142|,526730,T,C,110,162,67.9%,1.4371E-46
B4-lineage-D10,ref|NC_001142|,526863,A,G,209,265,78.87%,1.6282E-95
B4-lineage-D10,ref|NC_001142|,533912,TA,T,5,59,8.47%,2.8569E-2
B4-lineage-D10,ref|NC_001142|,550151,CT,C,5,53,9.43%,2.8203E-2
B4-lineage-D10,ref|NC_001142|,555085,GA,G,5,46,10.87%,2.7799E-2
B4-lineage-D10,ref|NC_001142|,558328,A,T,6,61,9.84%,1.3737E-2
B4-lineage-D10,ref|NC_001142|,568755,TA,T,5,67,7.46%,2.87E-2
B4-lineage-D10,ref|NC_001142|,583645,G,GA,6,90,6.67%,1.4324E-2
B4-lineage-D10,ref|NC_001142|,586417,CA,C,12,64,18.75%,1.3421E-4
B4-lineage-D10,ref|NC_001142|,594187,ATTG,A,6,71,8.45%,1.3999E-2
B4-lineage-D10,ref|NC_001142|,620581,CT,C,5,63,7.94%,2.8741E-2
B4-lineage-D10,ref|NC_001142|,636995,CA,C,6,53,11.32%,1.3375E-2
B4-lineage-D10,ref|NC_001142|,639198,CT,C,6,38,15.79%,1.1977E-2
B4-lineage-D10,ref|NC_001142|,640784,G,GA,50,57,87.72%,5.5432E-26
B4-lineage-D10,ref|NC_001142|,652963,C,T,6,78,7.69%,1.4142E-2
B4-lineage-D10,ref|NC_001142|,697830,TG,T,5,95,5.26%,2.961E-2
B4-lineage-D10,ref|NC_001142|,715068,G,A,6,35,17.14%,1.238E-2
B4-lineage-D10,ref|NC_001142|,715072,G,T,6,34,17.65%,1.2287E-2
B4-lineage-D10,ref|NC_001142|,715081,T,G,9,31,29.03%,9.9376E-4
B4-lineage-D10,ref|NC_001142|,715087,A,G,9,26,34.62%,8.4928E-4
B4-lineage-D10,ref|NC_001142|,715095,G,A,11,21,52.38%,8.2399E-5
B4-lineage-D10,ref|NC_001142|,715099,G,T,11,22,50%,9.1981E-5
B4-lineage-D10,ref|NC_001142|,717235,TA,T,5,74,6.76%,2.9088E-2
B4-lineage-D10,ref|NC_001142|,738075,G,T,42,109,38.53%,1.6528E-15
B4-lineage-D10,ref|NC_001142|,740238,T,C,28,28,100%,1.3074E-16
B4-lineage-D10,ref|NC_001143|,457,C,CA,57,60,95%,4.1102E-31
B4-lineage-D10,ref|NC_001143|,8331,TA,T,5,72,6.94%,2.8927E-2
B4-lineage-D10,ref|NC_001143|,22040,CA,C,5,30,16.67%,2.5917E-2
B4-lineage-D10,ref|NC_001143|,26591,CAT,C,5,35,14.29%,2.6093E-2
B4-lineage-D10,ref|NC_001143|,36588,CAT,C,10,51,19.61%,5.4148E-4
B4-lineage-D10,ref|NC_001143|,55897,AG,A,5,64,7.81%,2.8819E-2
B4-lineage-D10,ref|NC_001143|,67773,CT,C,6,44,13.64%,1.2087E-2
B4-lineage-D10,ref|NC_001143|,68454,G,GCC,69,69,100%,4.233E-41
B4-lineage-D10,ref|NC_001143|,68468,T,TG,77,80,96.25%,9.9822E-43
B4-lineage-D10,ref|NC_001143|,70352,G,GA,5,93,5.38%,2.9575E-2
B4-lineage-D10,ref|NC_001143|,78799,TTA,T,12,57,21.05%,1.2473E-4
B4-lineage-D10,ref|NC_001143|,93419,CT,C,8,68,11.76%,3.1411E-3
B4-lineage-D10,ref|NC_001143|,114774,CAT,C,6,72,8.33%,1.3976E-2
B4-lineage-D10,ref|NC_001143|,129534,C,T,5,73,6.85%,2.9117E-2
B4-lineage-D10,ref|NC_001143|,134467,AT,A,7,42,16.67%,5.6667E-3
B4-lineage-D10,ref|NC_001143|,164844,CTA,C,5,41,12.2%,2.7169E-2
B4-lineage-D10,ref|NC_001143|,185065,G,T,5,58,8.62%,2.8569E-2
B4-lineage-D10,ref|NC_001143|,185096,ATCTTTCT,A,5,62,8.06%,2.8741E-2
B4-lineage-D10,ref|NC_001143|,193260,C,A,5,78,6.41%,2.9254E-2
B4-lineage-D10,ref|NC_001143|,196211,G,GA,8,60,13.33%,2.9216E-3
B4-lineage-D10,ref|NC_001143|,208022,TA,T,9,47,19.15%,1.2263E-3
B4-lineage-D10,ref|NC_001143|,208307,C,CA,5,72,6.94%,2.9088E-2
B4-lineage-D10,ref|NC_001143|,209530,T,A,5,67,7.46%,2.8927E-2
B4-lineage-D10,ref|NC_001143|,217107,G,GA,9,70,12.86%,1.4447E-3
B4-lineage-D10,ref|NC_001143|,231612,G,GA,5,79,6.33%,2.9279E-2
B4-lineage-D10,ref|NC_001143|,246028,A,AT,5,65,7.69%,2.878E-2
B4-lineage-D10,ref|NC_001143|,266089,TA,T,5,58,8.62%,2.8371E-2
B4-lineage-D10,ref|NC_001143|,277040,A,AT,6,46,13.04%,1.3026E-2
B4-lineage-D10,ref|NC_001143|,280162,GA,G,6,61,9.84%,1.3497E-2
B4-lineage-D10,ref|NC_001143|,286448,TA,T,11,57,19.3%,2.8374E-4
B4-lineage-D10,ref|NC_001143|,320823,GT,G,6,33,18.18%,1.057E-2
B4-lineage-D10,ref|NC_001143|,323019,A,T,54,54,100%,4.0229E-32
B4-lineage-D10,ref|NC_001143|,351197,C,CT,6,60,10%,1.3674E-2
B4-lineage-D10,ref|NC_001143|,355182,G,GA,9,63,14.29%,1.3694E-3
B4-lineage-D10,ref|NC_001143|,358106,C,G,61,61,100%,2.609E-36
B4-lineage-D10,ref|NC_001143|,384845,C,CAT,34,45,75.56%,1.4341E-15
B4-lineage-D10,ref|NC_001143|,385103,C,CTT,10,46,21.74%,3.8387E-4
B4-lineage-D10,ref|NC_001143|,385719,T,A,5,75,6.67%,2.9174E-2
B4-lineage-D10,ref|NC_001143|,448909,C,G,7,43,16.28%,5.9563E-3
B4-lineage-D10,ref|NC_001143|,449090,T,A,5,63,7.94%,2.878E-2
B4-lineage-D10,ref|NC_001143|,451568,GGAACAC,G,67,77,87.01%,2.7293E-33
B4-lineage-D10,ref|NC_001143|,463261,CT,C,12,49,24.49%,9.0046E-5
B4-lineage-D10,ref|NC_001143|,465172,G,GTATA,29,40,72.5%,2.0235E-14
B4-lineage-D10,ref|NC_001143|,489841,T,TA,5,75,6.67%,2.9088E-2
B4-lineage-D10,ref|NC_001143|,518111,CT,C,6,48,12.5%,1.1977E-2
B4-lineage-D10,ref|NC_001143|,524035,AT,A,11,51,21.57%,2.2563E-4
B4-lineage-D10,ref|NC_001143|,525323,ATG,A,5,54,9.26%,2.8317E-2
B4-lineage-D10,ref|NC_001143|,556431,GA,G,6,67,8.96%,1.3877E-2
B4-lineage-D10,ref|NC_001143|,569143,T,C,5,70,7.14%,2.9026E-2
B4-lineage-D10,ref|NC_001143|,581078,GA,G,6,79,7.59%,1.4161E-2
B4-lineage-D10,ref|NC_001143|,603721,G,T,5,68,7.35%,2.8961E-2
B4-lineage-D10,ref|NC_001143|,604353,GT,G,7,85,8.24%,6.8706E-3
B4-lineage-D10,ref|NC_001143|,617557,CT,C,7,58,12.07%,6.2977E-3
B4-lineage-D10,ref|NC_001143|,618946,GA,G,7,82,8.54%,6.7884E-3
B4-lineage-D10,ref|NC_001143|,633347,G,GT,5,84,5.95%,2.9396E-2
B4-lineage-D10,ref|NC_001143|,635468,CT,C,10,58,17.24%,5.9342E-4
B4-lineage-D10,ref|NC_001143|,638422,AT,A,5,67,7.46%,2.878E-2
B4-lineage-D10,ref|NC_001143|,645204,C,CA,13,51,25.49%,4.8866E-5
B4-lineage-D10,ref|NC_001143|,660577,CA,C,9,74,12.16%,1.4724E-3
B4-lineage-D10,ref|NC_001143|,661401,GA,G,6,59,10.17%,1.3497E-2
B4-lineage-D10,ref|NC_001143|,666556,GT,G,28,28,100%,1.3074E-16
B4-lineage-D10,ref|NC_001143|,666702,GGT,G,18,21,85.71%,1.6758E-9
B4-lineage-D10,ref|NC_001144|,134,TAA,T,8,88,9.09%,3.3014E-3
B4-lineage-D10,ref|NC_001144|,161,T,C,8,85,9.41%,3.2878E-3
B4-lineage-D10,ref|NC_001144|,5660,TAC,T,5,99,5.05%,2.9676E-2
B4-lineage-D10,ref|NC_001144|,10965,T,C,17,38,44.74%,7.5297E-7
B4-lineage-D10,ref|NC_001144|,11195,TAC,T,29,88,32.95%,9.9366E-11
B4-lineage-D10,ref|NC_001144|,11225,CA,C,49,77,63.64%,1.6666E-20
B4-lineage-D10,ref|NC_001144|,11258,CCACA,C,7,72,9.72%,6.7056E-3
B4-lineage-D10,ref|NC_001144|,14561,A,AT,7,87,8.05%,6.8706E-3
B4-lineage-D10,ref|NC_001144|,19914,CT,C,7,90,7.78%,6.8706E-3
B4-lineage-D10,ref|NC_001144|,32319,CA,C,5,94,5.32%,2.9538E-2
B4-lineage-D10,ref|NC_001144|,32330,AT,A,7,88,7.95%,6.9019E-3
B4-lineage-D10,ref|NC_001144|,41388,G,T,5,69,7.25%,2.8994E-2
B4-lineage-D10,ref|NC_001144|,48855,CA,C,7,53,13.21%,5.9972E-3
B4-lineage-D10,ref|NC_001144|,52019,AAT,A,10,106,9.43%,7.7292E-4
B4-lineage-D10,ref|NC_001144|,52618,CT,C,9,93,9.68%,1.5753E-3
B4-lineage-D10,ref|NC_001144|,63982,C,CA,9,112,8.04%,1.6276E-3
B4-lineage-D10,ref|NC_001144|,65534,A,AT,6,116,5.17%,1.4615E-2
B4-lineage-D10,ref|NC_001144|,72124,C,CT,7,111,6.31%,7.087E-3
B4-lineage-D10,ref|NC_001144|,86724,TA,T,7,69,10.14%,6.5529E-3
B4-lineage-D10,ref|NC_001144|,108046,C,CT,9,110,8.18%,1.6364E-3
B4-lineage-D10,ref|NC_001144|,112176,GA,G,6,85,7.06%,1.4142E-2
B4-lineage-D10,ref|NC_001144|,122008,GA,G,8,83,9.64%,3.045E-3
B4-lineage-D10,ref|NC_001144|,129214,C,CA,9,84,10.71%,1.5446E-3
B4-lineage-D10,ref|NC_001144|,161651,TA,T,20,89,22.47%,2.5971E-7
B4-lineage-D10,ref|NC_001144|,170682,CAT,C,12,69,17.39%,1.4106E-4
B4-lineage-D10,ref|NC_001144|,172018,AAT,A,15,56,26.79%,9.6403E-6
B4-lineage-D10,ref|NC_001144|,179752,AT,A,11,115,9.57%,3.7058E-4
B4-lineage-D10,ref|NC_001144|,179897,CT,C,9,102,8.82%,1.5832E-3
B4-lineage-D10,ref|NC_001144|,187137,AT,A,92,102,90.2%,3.9451E-47
B4-lineage-D10,ref|NC_001144|,196591,AT,A,15,98,15.31%,1.665E-5
B4-lineage-D10,ref|NC_001144|,196750,AT,A,9,80,11.25%,1.503E-3
B4-lineage-D10,ref|NC_001144|,204043,GA,G,8,83,9.64%,3.2347E-3
B4-lineage-D10,ref|NC_001144|,228542,C,CT,5,95,5.26%,2.961E-2
B4-lineage-D10,ref|NC_001144|,232312,T,A,7,95,7.37%,6.9675E-3
B4-lineage-D10,ref|NC_001144|,243827,CAT,C,10,88,11.36%,7.4023E-4
B4-lineage-D10,ref|NC_001144|,245256,AAT,A,15,74,20.27%,1.337E-5
B4-lineage-D10,ref|NC_001144|,246161,A,T,5,87,5.75%,2.9459E-2
B4-lineage-D10,ref|NC_001144|,246210,GT,G,6,99,6.06%,1.4365E-2
B4-lineage-D10,ref|NC_001144|,251194,GA,G,19,101,18.81%,5.9651E-7
B4-lineage-D10,ref|NC_001144|,253093,GA,G,7,114,6.14%,7.0535E-3
B4-lineage-D10,ref|NC_001144|,257928,G,A,7,81,8.64%,6.8253E-3
B4-lineage-D10,ref|NC_001144|,263307,CA,C,10,99,10.1%,7.4518E-4
B4-lineage-D10,ref|NC_001144|,264076,AT,A,9,76,11.84%,1.3788E-3
B4-lineage-D10,ref|NC_001144|,266819,G,A,12,84,14.29%,1.6008E-4
B4-lineage-D10,ref|NC_001144|,268086,C,T,6,64,9.38%,1.3824E-2
B4-lineage-D10,ref|NC_001144|,280996,GA,G,14,102,13.73%,3.4099E-5
B4-lineage-D10,ref|NC_001144|,282693,AT,A,6,82,7.32%,1.4161E-2
B4-lineage-D10,ref|NC_001144|,282706,GT,G,5,87,5.75%,2.9439E-2
B4-lineage-D10,ref|NC_001144|,289357,C,CT,7,102,6.86%,6.9498E-3
B4-lineage-D10,ref|NC_001144|,290219,T,A,6,110,5.45%,1.457E-2
B4-lineage-D10,ref|NC_001144|,291384,A,G,77,77,100%,6.8219E-46
B4-lineage-D10,ref|NC_001144|,291386,A,G,77,77,100%,6.8219E-46
B4-lineage-D10,ref|NC_001144|,292024,GA,G,8,84,9.52%,3.1815E-3
B4-lineage-D10,ref|NC_001144|,295486,T,A,5,96,5.21%,2.9627E-2
B4-lineage-D10,ref|NC_001144|,306620,TA,T,9,77,11.69%,1.5142E-3
B4-lineage-D10,ref|NC_001144|,315793,C,CT,6,87,6.9%,1.4214E-2
B4-lineage-D10,ref|NC_001144|,320335,GA,G,7,109,6.42%,7.0167E-3
B4-lineage-D10,ref|NC_001144|,322104,A,AT,12,102,11.76%,1.6497E-4
B4-lineage-D10,ref|NC_001144|,339676,TTA,T,5,81,6.17%,2.9303E-2
B4-lineage-D10,ref|NC_001144|,343851,GT,G,5,91,5.49%,2.9519E-2
B4-lineage-D10,ref|NC_001144|,345042,C,G,30,112,26.79%,9.6347E-11
B4-lineage-D10,ref|NC_001144|,348735,C,CA,7,114,6.14%,7.0535E-3
B4-lineage-D10,ref|NC_001144|,348919,G,GT,11,100,11%,3.5154E-4
B4-lineage-D10,ref|NC_001144|,370487,A,AT,7,79,8.86%,6.7755E-3
B4-lineage-D10,ref|NC_001144|,373034,CA,C,8,105,7.62%,3.3773E-3
B4-lineage-D10,ref|NC_001144|,390625,A,T,5,98,5.1%,2.966E-2
B4-lineage-D10,ref|NC_001144|,394693,G,GA,10,100,10%,7.567E-4
B4-lineage-D10,ref|NC_001144|,397874,TCAA,T,6,101,5.94%,1.4477E-2
B4-lineage-D10,ref|NC_001144|,402737,A,AT,9,112,8.04%,1.6335E-3
B4-lineage-D10,ref|NC_001144|,415698,TA,T,8,74,10.81%,3.1516E-3
B4-lineage-D10,ref|NC_001144|,415714,G,GA,7,87,8.05%,6.8917E-3
B4-lineage-D10,ref|NC_001144|,421496,AG,A,7,43,16.28%,5.9563E-3
B4-lineage-D10,ref|NC_001144|,423554,CT,C,6,68,8.82%,1.3737E-2
B4-lineage-D10,ref|NC_001144|,426662,CA,C,6,79,7.59%,1.4064E-2
B4-lineage-D10,ref|NC_001144|,441523,CT,C,8,84,9.52%,3.2264E-3
B4-lineage-D10,ref|NC_001144|,448598,T,TA,5,95,5.26%,2.961E-2
B4-lineage-D10,ref|NC_001144|,449594,C,CT,7,98,7.14%,6.9675E-3
B4-lineage-D10,ref|NC_001144|,459249,C,A,11,134,8.21%,3.9435E-4
B4-lineage-D10,ref|NC_001144|,459564,T,C,243,4193,5.8%,2.0644E-68
B4-lineage-D10,ref|NC_001144|,459803,CT,C,947,8003,11.85%,5.15E-292
B4-lineage-D10,ref|NC_001144|,460002,CA,C,1225,10166,12.05%,0E0
B4-lineage-D10,ref|NC_001144|,460103,T,C,532,10254,5.19%,4.3184E-146
B4-lineage-D10,ref|NC_001144|,460383,TA,T,2137,10343,20.66%,0E0
B4-lineage-D10,ref|NC_001144|,460477,AT,A,622,10763,5.78%,1.6422E-173
B4-lineage-D10,ref|NC_001144|,460621,T,C,708,8913,7.94%,2.969E-204
B4-lineage-D10,ref|NC_001144|,489468,CT,C,7,77,9.09%,6.5904E-3
B4-lineage-D10,ref|NC_001144|,491513,C,CT,6,78,7.69%,1.4084E-2
B4-lineage-D10,ref|NC_001144|,498020,G,A,7,90,7.78%,6.9217E-3
B4-lineage-D10,ref|NC_001144|,506065,G,GT,7,102,6.86%,7.0089E-3
B4-lineage-D10,ref|NC_001144|,513143,CAT,C,5,68,7.35%,2.8892E-2
B4-lineage-D10,ref|NC_001144|,513997,CA,C,8,97,8.25%,3.327E-3
B4-lineage-D10,ref|NC_001144|,514965,CT,C,9,111,8.11%,1.6364E-3
B4-lineage-D10,ref|NC_001144|,522257,CA,C,8,115,6.96%,3.4196E-3
B4-lineage-D10,ref|NC_001144|,528749,T,A,126,126,100%,2.7519E-75
B4-lineage-D10,ref|NC_001144|,535172,C,CA,7,104,6.73%,7.0089E-3
B4-lineage-D10,ref|NC_001144|,545933,C,CT,6,90,6.67%,1.4214E-2
B4-lineage-D10,ref|NC_001144|,550360,CA,C,10,87,11.49%,7.0876E-4
B4-lineage-D10,ref|NC_001144|,568017,CT,C,13,91,14.29%,7.3398E-5
B4-lineage-D10,ref|NC_001144|,585920,GA,G,14,86,16.28%,2.6327E-5
B4-lineage-D10,ref|NC_001144|,595319,C,T,5,10,50%,1.6254E-2
B4-lineage-D10,ref|NC_001144|,626434,G,GA,9,87,10.34%,1.5493E-3
B4-lineage-D10,ref|NC_001144|,636551,G,GT,12,67,17.91%,1.2122E-4
B4-lineage-D10,ref|NC_001144|,641311,GA,G,10,103,9.71%,7.567E-4
B4-lineage-D10,ref|NC_001144|,645231,T,TA,10,96,10.42%,7.324E-4
B4-lineage-D10,ref|NC_001144|,646385,GA,G,8,111,7.21%,3.4017E-3
B4-lineage-D10,ref|NC_001144|,657175,C,T,98,98,100%,1.7493E-58
B4-lineage-D10,ref|NC_001144|,672979,A,AT,10,117,8.55%,7.9624E-4
B4-lineage-D10,ref|NC_001144|,687472,G,GA,9,81,11.11%,1.4972E-3
B4-lineage-D10,ref|NC_001144|,687587,GTA,G,8,76,10.53%,3.1718E-3
B4-lineage-D10,ref|NC_001144|,690157,GT,G,5,84,5.95%,2.9396E-2
B4-lineage-D10,ref|NC_001144|,699939,GA,G,21,88,23.86%,7.4203E-8
B4-lineage-D10,ref|NC_001144|,704138,T,TA,10,67,14.93%,5.8675E-4
B4-lineage-D10,ref|NC_001144|,712186,G,GT,9,88,10.23%,1.5583E-3
B4-lineage-D10,ref|NC_001144|,718114,T,TA,7,92,7.61%,6.9313E-3
B4-lineage-D10,ref|NC_001144|,722481,G,GT,11,80,13.75%,3.3271E-4
B4-lineage-D10,ref|NC_001144|,723168,C,CA,13,90,14.44%,7.4819E-5
B4-lineage-D10,ref|NC_001144|,723209,G,GT,6,73,8.22%,1.3999E-2
B4-lineage-D10,ref|NC_001144|,734923,A,AT,10,83,12.05%,7.1196E-4
B4-lineage-D10,ref|NC_001144|,743995,GA,G,5,94,5.32%,2.9592E-2
B4-lineage-D10,ref|NC_001144|,754074,AG,A,5,96,5.21%,2.9627E-2
B4-lineage-D10,ref|NC_001144|,757478,TAG,T,7,79,8.86%,6.7884E-3
B4-lineage-D10,ref|NC_001144|,766503,TA,T,10,58,17.24%,6.0611E-4
B4-lineage-D10,ref|NC_001144|,769162,CAT,C,12,84,14.29%,1.5455E-4
B4-lineage-D10,ref|NC_001144|,777943,G,GT,10,108,9.26%,7.7479E-4
B4-lineage-D10,ref|NC_001144|,784382,G,GC,90,92,97.83%,3.0347E-51
B4-lineage-D10,ref|NC_001144|,784895,GA,G,9,115,7.83%,1.6474E-3
B4-lineage-D10,ref|NC_001144|,793997,A,AT,8,107,7.48%,3.3874E-3
B4-lineage-D10,ref|NC_001144|,802485,A,AT,11,99,11.11%,3.5425E-4
B4-lineage-D10,ref|NC_001144|,809527,C,CT,5,91,5.49%,2.9519E-2
B4-lineage-D10,ref|NC_001144|,819069,C,CT,8,90,8.89%,3.2947E-3
B4-lineage-D10,ref|NC_001144|,823442,GGA,G,7,56,12.5%,6.2977E-3
B4-lineage-D10,ref|NC_001144|,823506,AT,A,5,56,9.09%,2.8261E-2
B4-lineage-D10,ref|NC_001144|,828903,C,T,102,102,100%,6.9709E-61
B4-lineage-D10,ref|NC_001144|,829405,GTA,G,9,84,10.71%,1.5493E-3
B4-lineage-D10,ref|NC_001144|,833744,A,AT,8,95,8.42%,3.327E-3
B4-lineage-D10,ref|NC_001144|,837516,CAT,C,10,73,13.7%,6.8401E-4
B4-lineage-D10,ref|NC_001144|,867102,C,CT,10,110,9.09%,7.8017E-4
B4-lineage-D10,ref|NC_001144|,881947,C,CAT,61,84,72.62%,1.1646E-27
B4-lineage-D10,ref|NC_001144|,931046,AT,A,10,120,8.33%,7.977E-4
B4-lineage-D10,ref|NC_001144|,944238,C,A,51,51,100%,2.5024E-30
B4-lineage-D10,ref|NC_001144|,948711,G,A,6,113,5.31%,1.4597E-2
B4-lineage-D10,ref|NC_001144|,981357,T,C,6,72,8.33%,1.4021E-2
B4-lineage-D10,ref|NC_001144|,981461,A,G,5,89,5.62%,2.95E-2
B4-lineage-D10,ref|NC_001144|,1002214,GA,G,18,94,19.15%,1.2601E-6
B4-lineage-D10,ref|NC_001144|,1006048,CA,C,6,114,5.26%,1.455E-2
B4-lineage-D10,ref|NC_001144|,1011372,C,CT,8,77,10.39%,3.1718E-3
B4-lineage-D10,ref|NC_001144|,1012324,C,CG,95,95,100%,1.1023E-56
B4-lineage-D10,ref|NC_001144|,1012328,A,AGCC,86,97,88.66%,2.4016E-43
B4-lineage-D10,ref|NC_001144|,1015482,AAT,A,11,84,13.1%,3.3447E-4
B4-lineage-D10,ref|NC_001144|,1019116,GA,G,17,113,15.04%,3.7747E-6
B4-lineage-D10,ref|NC_001144|,1024980,AT,A,15,97,15.46%,1.4812E-5
B4-lineage-D10,ref|NC_001144|,1026686,C,CT,24,109,22.02%,1.1069E-8
B4-lineage-D10,ref|NC_001144|,1038158,GAGA,G,5,97,5.15%,2.9644E-2
B4-lineage-D10,ref|NC_001144|,1039435,T,A,120,120,100%,1.1001E-71
B4-lineage-D10,ref|NC_001144|,1053293,AT,A,22,102,21.57%,5.5264E-8
B4-lineage-D10,ref|NC_001144|,1059123,T,TA,10,88,11.36%,7.4273E-4
B4-lineage-D10,ref|NC_001144|,1059677,T,TA,10,110,9.09%,7.7292E-4
B4-lineage-D10,ref|NC_001145|,9528,A,AT,5,83,6.02%,2.9254E-2
B4-lineage-D10,ref|NC_001145|,21958,GTA,G,11,70,15.71%,3.1034E-4
B4-lineage-D10,ref|NC_001145|,26551,AT,A,6,78,7.69%,1.4064E-2
B4-lineage-D10,ref|NC_001145|,26591,CT,C,5,63,7.94%,2.878E-2
B4-lineage-D10,ref|NC_001145|,26716,AT,A,12,58,20.69%,1.0942E-4
B4-lineage-D10,ref|NC_001145|,34473,T,G,61,61,100%,2.609E-36
B4-lineage-D10,ref|NC_001145|,39910,C,G,8,44,18.18%,2.7573E-3
B4-lineage-D10,ref|NC_001145|,40130,TA,T,5,87,5.75%,2.9459E-2
B4-lineage-D10,ref|NC_001145|,41950,GA,G,11,71,15.49%,2.7081E-4
B4-lineage-D10,ref|NC_001145|,49837,CT,C,6,83,7.23%,1.4197E-2
B4-lineage-D10,ref|NC_001145|,58770,AT,A,9,95,9.47%,1.587E-3
B4-lineage-D10,ref|NC_001145|,86950,CTATTAT,C,8,45,17.78%,2.7808E-3
B4-lineage-D10,ref|NC_001145|,94308,A,AT,9,79,11.39%,1.503E-3
B4-lineage-D10,ref|NC_001145|,95727,CTA,C,12,83,14.46%,1.5647E-4
B4-lineage-D10,ref|NC_001145|,97782,GT,G,6,74,8.11%,1.4042E-2
B4-lineage-D10,ref|NC_001145|,99274,CA,C,7,98,7.14%,6.9498E-3
B4-lineage-D10,ref|NC_001145|,108637,CA,C,5,66,7.58%,2.878E-2
B4-lineage-D10,ref|NC_001145|,118616,C,G,5,47,10.64%,2.7945E-2
B4-lineage-D10,ref|NC_001145|,146472,T,C,5,84,5.95%,2.9396E-2
B4-lineage-D10,ref|NC_001145|,158396,TA,T,8,56,14.29%,2.8033E-3
B4-lineage-D10,ref|NC_001145|,159852,CAT,C,5,61,8.2%,2.8423E-2
B4-lineage-D10,ref|NC_001145|,164392,GT,G,8,60,13.33%,2.8457E-3
B4-lineage-D10,ref|NC_001145|,165422,CT,C,8,61,13.11%,2.8457E-3
B4-lineage-D10,ref|NC_001145|,169058,CT,C,5,82,6.1%,2.9201E-2
B4-lineage-D10,ref|NC_001145|,192743,GTA,G,6,82,7.32%,1.4179E-2
B4-lineage-D10,ref|NC_001145|,221252,TTA,T,5,82,6.1%,2.9327E-2
B4-lineage-D10,ref|NC_001145|,238763,CT,C,10,52,19.23%,5.0524E-4
B4-lineage-D10,ref|NC_001145|,241854,CT,C,5,53,9.43%,2.8317E-2
B4-lineage-D10,ref|NC_001145|,245886,G,A,5,60,8.33%,2.8658E-2
B4-lineage-D10,ref|NC_001145|,249713,T,C,5,86,5.81%,2.9439E-2
B4-lineage-D10,ref|NC_001145|,251661,GA,G,10,78,12.82%,6.8782E-4
B4-lineage-D10,ref|NC_001145|,274716,G,A,5,65,7.69%,2.8856E-2
B4-lineage-D10,ref|NC_001145|,305685,GT,G,5,70,7.14%,2.8927E-2
B4-lineage-D10,ref|NC_001145|,321328,C,CAT,5,47,10.64%,2.7721E-2
B4-lineage-D10,ref|NC_001145|,323216,C,CA,6,50,12%,1.3136E-2
B4-lineage-D10,ref|NC_001145|,325905,T,A,80,80,100%,1.0864E-47
B4-lineage-D10,ref|NC_001145|,353678,A,AT,6,67,8.96%,1.3796E-2
B4-lineage-D10,ref|NC_001145|,361550,G,A,40,40,100%,9.3017E-24
B4-lineage-D10,ref|NC_001145|,361725,A,G,36,98,36.73%,2.7801E-13
B4-lineage-D10,ref|NC_001145|,362538,T,A,5,60,8.33%,2.8658E-2
B4-lineage-D10,ref|NC_001145|,380311,G,GA,5,73,6.85%,2.9026E-2
B4-lineage-D10,ref|NC_001145|,387095,AT,A,16,63,25.4%,4.1444E-6
B4-lineage-D10,ref|NC_001145|,388684,TTA,T,5,46,10.87%,2.7371E-2
B4-lineage-D10,ref|NC_001145|,395218,C,A,5,73,6.85%,2.9117E-2
B4-lineage-D10,ref|NC_001145|,405653,CT,C,8,69,11.59%,3.1516E-3
B4-lineage-D10,ref|NC_001145|,411379,CT,C,7,67,10.45%,6.5719E-3
B4-lineage-D10,ref|NC_001145|,423640,TA,T,5,76,6.58%,2.9201E-2
B4-lineage-D10,ref|NC_001145|,433068,G,GA,6,65,9.23%,1.3796E-2
B4-lineage-D10,ref|NC_001145|,448333,G,A,91,91,100%,2.7621E-54
B4-lineage-D10,ref|NC_001145|,448334,A,G,91,91,100%,2.7621E-54
B4-lineage-D10,ref|NC_001145|,462693,CT,C,5,52,9.62%,2.7945E-2
B4-lineage-D10,ref|NC_001145|,475726,GA,G,6,47,12.77%,1.2905E-2
B4-lineage-D10,ref|NC_001145|,483743,GA,G,12,53,22.64%,9.5339E-5
B4-lineage-D10,ref|NC_001145|,486416,C,T,5,73,6.85%,2.9117E-2
B4-lineage-D10,ref|NC_001145|,512087,GT,G,6,60,10%,1.3706E-2
B4-lineage-D10,ref|NC_001145|,513477,A,T,5,69,7.25%,2.8994E-2
B4-lineage-D10,ref|NC_001145|,514073,A,AT,7,59,11.86%,6.4484E-3
B4-lineage-D10,ref|NC_001145|,514293,A,AT,5,69,7.25%,2.8892E-2
B4-lineage-D10,ref|NC_001145|,558682,CA,C,7,58,12.07%,6.4484E-3
B4-lineage-D10,ref|NC_001145|,559097,TA,T,6,73,8.22%,1.3928E-2
B4-lineage-D10,ref|NC_001145|,559980,C,CT,7,61,11.48%,6.4707E-3
B4-lineage-D10,ref|NC_001145|,561877,AAT,A,9,39,23.08%,1.1256E-3
B4-lineage-D10,ref|NC_001145|,575771,C,CA,5,83,6.02%,2.9351E-2
B4-lineage-D10,ref|NC_001145|,581326,TG,T,6,79,7.59%,1.4161E-2
B4-lineage-D10,ref|NC_001145|,581346,G,A,6,82,7.32%,1.4214E-2
B4-lineage-D10,ref|NC_001145|,590826,G,T,6,54,11.11%,1.3497E-2
B4-lineage-D10,ref|NC_001145|,622168,GTA,G,8,65,12.31%,3.0959E-3
B4-lineage-D10,ref|NC_001145|,625382,G,GA,5,51,9.8%,2.8203E-2
B4-lineage-D10,ref|NC_001145|,625708,CT,C,11,63,17.46%,2.7081E-4
B4-lineage-D10,ref|NC_001145|,630505,A,G,58,58,100%,1.6283E-34
B4-lineage-D10,ref|NC_001145|,646855,CAT,C,8,43,18.6%,2.5617E-3
B4-lineage-D10,ref|NC_001145|,651263,TA,T,74,74,100%,4.2804E-44
B4-lineage-D10,ref|NC_001145|,652533,CT,C,5,52,9.62%,2.7874E-2
B4-lineage-D10,ref|NC_001145|,667202,CA,C,8,73,10.96%,3.1077E-3
B4-lineage-D10,ref|NC_001145|,672129,T,C,69,69,100%,4.233E-41
B4-lineage-D10,ref|NC_001145|,674863,GA,G,12,76,15.79%,1.4479E-4
B4-lineage-D10,ref|NC_001145|,680936,T,C,73,73,100%,1.7006E-43
B4-lineage-D10,ref|NC_001145|,680940,C,T,72,72,100%,6.7558E-43
B4-lineage-D10,ref|NC_001145|,687366,G,GT,7,65,10.77%,6.4484E-3
B4-lineage-D10,ref|NC_001145|,698679,TA,T,9,67,13.43%,1.4054E-3
B4-lineage-D10,ref|NC_001145|,707985,T,A,5,74,6.76%,2.9146E-2
B4-lineage-D10,ref|NC_001145|,717144,TCC,T,7,65,10.77%,6.5904E-3
B4-lineage-D10,ref|NC_001145|,751670,TA,T,6,69,8.7%,1.3851E-2
B4-lineage-D10,ref|NC_001145|,752958,AT,A,6,66,9.09%,1.3767E-2
B4-lineage-D10,ref|NC_001145|,772664,CT,C,18,67,26.87%,8.2591E-7
B4-lineage-D10,ref|NC_001145|,774724,C,CA,9,79,11.39%,1.5086E-3
B4-lineage-D10,ref|NC_001145|,775114,GA,G,6,52,11.54%,1.3285E-2
B4-lineage-D10,ref|NC_001145|,779300,CT,C,6,86,6.98%,1.4231E-2
B4-lineage-D10,ref|NC_001145|,809198,A,G,67,67,100%,6.6743E-40
B4-lineage-D10,ref|NC_001145|,815480,CA,C,5,76,6.58%,2.9058E-2
B4-lineage-D10,ref|NC_001145|,822635,G,T,6,19,31.58%,9.5308E-3
B4-lineage-D10,ref|NC_001145|,831852,G,A,5,70,7.14%,2.9026E-2
B4-lineage-D10,ref|NC_001145|,851713,GA,G,14,65,21.54%,2.3698E-5
B4-lineage-D10,ref|NC_001145|,854478,CT,C,11,79,13.92%,3.3447E-4
B4-lineage-D10,ref|NC_001145|,856903,C,CA,5,81,6.17%,2.9279E-2
B4-lineage-D10,ref|NC_001145|,867234,G,GA,7,86,8.24%,6.801E-3
B4-lineage-D10,ref|NC_001145|,874559,CT,C,14,65,21.54%,2.2247E-5
B4-lineage-D10,ref|NC_001145|,908196,G,C,7,12,58.33%,2.2883E-3
B4-lineage-D10,ref|NC_001145|,908198,G,T,7,11,63.64%,1.935E-3
B4-lineage-D10,ref|NC_001145|,908203,G,A,8,13,61.54%,8.238E-4
B4-lineage-D10,ref|NC_001145|,908218,C,T,12,17,70.59%,1.1285E-5
B4-lineage-D10,ref|NC_001145|,908275,G,A,5,40,12.5%,2.7371E-2
B4-lineage-D10,ref|NC_001145|,908365,A,G,8,64,12.5%,3.0959E-3
B4-lineage-D10,ref|NC_001145|,908558,T,TCAA,13,99,13.13%,7.9774E-5
B4-lineage-D10,ref|NC_001145|,914814,AT,A,6,49,12.24%,1.3082E-2
B4-lineage-D10,ref|NC_001145|,918120,C,CT,12,58,20.69%,1.1557E-4
B4-lineage-D10,ref|NC_001145|,921418,CT,C,45,60,75%,1.8169E-21
B4-lineage-D10,ref|NC_001145|,924341,G,T,10,10,100%,5.4125E-6
B4-lineage-D10,ref|NC_001145|,924352,G,GGT,7,11,63.64%,1.935E-3
B4-lineage-D10,ref|NC_001146|,6650,A,C,9,20,45%,5.1645E-4
B4-lineage-D10,ref|NC_001146|,6652,C,A,9,18,50%,5.1645E-4
B4-lineage-D10,ref|NC_001146|,7478,A,AT,66,68,97.06%,4.0594E-37
B4-lineage-D10,ref|NC_001146|,10214,TA,T,7,45,15.56%,5.9563E-3
B4-lineage-D10,ref|NC_001146|,12975,C,CTT,34,53,64.15%,1.4653E-14
B4-lineage-D10,ref|NC_001146|,14333,G,GC,23,23,100%,1.2146E-13
B4-lineage-D10,ref|NC_001146|,27081,C,G,5,66,7.58%,2.8892E-2
B4-lineage-D10,ref|NC_001146|,28420,GT,G,6,66,9.09%,1.3796E-2
B4-lineage-D10,ref|NC_001146|,43278,AAT,A,7,61,11.48%,6.2693E-3
B4-lineage-D10,ref|NC_001146|,99558,T,A,5,13,38.46%,1.9565E-2
B4-lineage-D10,ref|NC_001146|,118987,G,GA,10,53,18.87%,5.6532E-4
B4-lineage-D10,ref|NC_001146|,149394,G,A,6,82,7.32%,1.4214E-2
B4-lineage-D10,ref|NC_001146|,154923,GA,G,9,36,25%,9.678E-4
B4-lineage-D10,ref|NC_001146|,172354,C,CT,5,68,7.35%,2.8856E-2
B4-lineage-D10,ref|NC_001146|,179317,A,T,5,53,9.43%,2.8317E-2
B4-lineage-D10,ref|NC_001146|,187639,GA,G,7,69,10.14%,6.5904E-3
B4-lineage-D10,ref|NC_001146|,191300,C,CT,6,62,9.68%,1.3767E-2
B4-lineage-D10,ref|NC_001146|,193139,T,A,5,56,8.93%,2.8473E-2
B4-lineage-D10,ref|NC_001146|,196150,CT,C,8,50,16%,2.6808E-3
B4-lineage-D10,ref|NC_001146|,219615,G,A,5,72,6.94%,2.9088E-2
B4-lineage-D10,ref|NC_001146|,224725,T,A,6,75,8%,1.4084E-2
B4-lineage-D10,ref|NC_001146|,235956,C,CT,7,57,12.28%,6.2693E-3
B4-lineage-D10,ref|NC_001146|,263349,A,AT,5,53,9.43%,2.8261E-2
B4-lineage-D10,ref|NC_001146|,270971,A,AT,6,75,8%,1.4021E-2
B4-lineage-D10,ref|NC_001146|,281884,GA,G,5,87,5.75%,2.9373E-2
B4-lineage-D10,ref|NC_001146|,282400,G,C,18,65,27.69%,9.7371E-7
B4-lineage-D10,ref|NC_001146|,300929,TA,T,10,33,30.3%,3.6855E-4
B4-lineage-D10,ref|NC_001146|,307228,CT,C,7,65,10.77%,6.3515E-3
B4-lineage-D10,ref|NC_001146|,312328,AACG,A,70,80,87.5%,6.215E-35
B4-lineage-D10,ref|NC_001146|,353791,C,T,5,81,6.17%,2.9327E-2
B4-lineage-D10,ref|NC_001146|,377887,G,T,75,75,100%,1.0773E-44
B4-lineage-D10,ref|NC_001146|,380954,G,GA,5,45,11.11%,2.7555E-2
B4-lineage-D10,ref|NC_001146|,392467,GT,G,5,56,8.93%,2.8142E-2
B4-lineage-D10,ref|NC_001146|,413448,C,CT,12,39,30.77%,8.1472E-5
B4-lineage-D10,ref|NC_001146|,415054,C,CT,5,31,16.13%,2.5917E-2
B4-lineage-D10,ref|NC_001146|,415071,C,CT,7,18,38.89%,3.6151E-3
B4-lineage-D10,ref|NC_001146|,416686,CT,C,7,62,11.29%,6.4707E-3
B4-lineage-D10,ref|NC_001146|,439397,G,GT,53,61,86.89%,2.1815E-26
B4-lineage-D10,ref|NC_001146|,443849,C,T,6,63,9.52%,1.3796E-2
B4-lineage-D10,ref|NC_001146|,444651,C,CT,10,64,15.62%,6.543E-4
B4-lineage-D10,ref|NC_001146|,471767,A,G,68,68,100%,1.6809E-40
B4-lineage-D10,ref|NC_001146|,479459,AT,A,11,56,19.64%,2.3962E-4
B4-lineage-D10,ref|NC_001146|,483236,C,CA,5,61,8.2%,2.8569E-2
B4-lineage-D10,ref|NC_001146|,486552,TA,T,5,39,12.82%,2.6412E-2
B4-lineage-D10,ref|NC_001146|,489752,AC,A,5,74,6.76%,2.9146E-2
B4-lineage-D10,ref|NC_001146|,493053,TA,T,11,53,20.75%,2.3512E-4
B4-lineage-D10,ref|NC_001146|,496351,T,A,6,72,8.33%,1.4021E-2
B4-lineage-D10,ref|NC_001146|,498360,G,GT,13,55,23.64%,4.6702E-5
B4-lineage-D10,ref|NC_001146|,503040,C,CT,6,44,13.64%,1.2773E-2
B4-lineage-D10,ref|NC_001146|,504802,C,T,5,59,8.47%,2.8569E-2
B4-lineage-D10,ref|NC_001146|,510328,CT,C,7,59,11.86%,6.2977E-3
B4-lineage-D10,ref|NC_001146|,512460,CAT,C,17,43,39.53%,1.0581E-6
B4-lineage-D10,ref|NC_001146|,523441,G,T,7,73,9.59%,6.7203E-3
B4-lineage-D10,ref|NC_001146|,524020,G,A,6,34,17.65%,1.2287E-2
B4-lineage-D10,ref|NC_001146|,524023,T,C,11,39,28.21%,2.1547E-4
B4-lineage-D10,ref|NC_001146|,546118,TA,T,5,77,6.49%,2.9228E-2
B4-lineage-D10,ref|NC_001146|,575614,GA,G,5,81,6.17%,2.9279E-2
B4-lineage-D10,ref|NC_001146|,576631,AT,A,7,73,9.59%,6.675E-3
B4-lineage-D10,ref|NC_001146|,590724,TC,T,5,82,6.1%,2.9303E-2
B4-lineage-D10,ref|NC_001146|,601112,T,G,55,122,45.08%,9.8068E-21
B4-lineage-D10,ref|NC_001146|,601202,T,C,52,121,42.98%,1.93E-19
B4-lineage-D10,ref|NC_001146|,616826,A,G,15,59,25.42%,1.1029E-5
B4-lineage-D10,ref|NC_001146|,619057,G,T,6,80,7.5%,1.4179E-2
B4-lineage-D10,ref|NC_001146|,625650,TG,T,5,84,5.95%,2.9396E-2
B4-lineage-D10,ref|NC_001146|,644217,CTA,C,5,54,9.26%,2.8142E-2
B4-lineage-D10,ref|NC_001146|,647314,AT,A,6,62,9.68%,1.3641E-2
B4-lineage-D10,ref|NC_001146|,651857,AT,A,9,67,13.43%,1.4054E-3
B4-lineage-D10,ref|NC_001146|,654648,A,AT,7,55,12.73%,6.3251E-3
B4-lineage-D10,ref|NC_001146|,662768,G,GA,8,53,15.09%,2.8457E-3
B4-lineage-D10,ref|NC_001146|,662853,G,GA,8,72,11.11%,3.1077E-3
B4-lineage-D10,ref|NC_001146|,667324,C,CT,7,35,20%,5.2713E-3
B4-lineage-D10,ref|NC_001146|,668274,G,GA,5,61,8.2%,2.87E-2
B4-lineage-D10,ref|NC_001146|,676952,A,G,5,82,6.1%,2.9351E-2
B4-lineage-D10,ref|NC_001146|,678603,GA,G,7,62,11.29%,6.4254E-3
B4-lineage-D10,ref|NC_001146|,687218,C,CA,13,67,19.4%,5.9784E-5
B4-lineage-D10,ref|NC_001146|,690071,AT,A,12,78,15.38%,1.4713E-4
B4-lineage-D10,ref|NC_001146|,694966,CTA,C,5,54,9.26%,2.8371E-2
B4-lineage-D10,ref|NC_001146|,699619,A,G,10,38,26.32%,4.9525E-4
B4-lineage-D10,ref|NC_001146|,713938,GT,G,5,61,8.2%,2.8522E-2
B4-lineage-D10,ref|NC_001146|,721916,TA,T,7,63,11.11%,6.4484E-3
B4-lineage-D10,ref|NC_001146|,722274,C,CA,12,68,17.65%,1.3421E-4
B4-lineage-D10,ref|NC_001146|,742413,A,T,6,87,6.9%,1.4294E-2
B4-lineage-D10,ref|NC_001146|,772612,CA,C,18,70,25.71%,8.2591E-7
B4-lineage-D10,ref|NC_001146|,774549,AT,A,19,91,20.88%,6.0591E-7
B4-lineage-D10,ref|NC_001146|,777553,AAT,A,12,52,23.08%,1.0032E-4
B4-lineage-D10,ref|NC_001146|,784072,TG,T,5,28,17.86%,2.5729E-2
B4-lineage-D10,ref|NC_001146|,784181,TG,T,4,14,28.57%,4.8889E-2
B4-lineage-D10,ref|NC_001146|,784208,T,TG,5,17,29.41%,2.2239E-2
B4-lineage-D10,ref|NC_001146|,784209,G,GGT,4,16,25%,4.9808E-2
B4-lineage-D10,ref|NC_001147|,390,A,T,5,90,5.56%,2.9519E-2
B4-lineage-D10,ref|NC_001147|,1085,C,CAT,7,78,8.97%,6.6905E-3
B4-lineage-D10,ref|NC_001147|,13997,CA,C,5,94,5.32%,2.95E-2
B4-lineage-D10,ref|NC_001147|,21727,GA,G,13,78,16.67%,6.6146E-5
B4-lineage-D10,ref|NC_001147|,21808,CT,C,5,99,5.05%,2.9575E-2
B4-lineage-D10,ref|NC_001147|,27870,TA,T,6,81,7.41%,1.4179E-2
B4-lineage-D10,ref|NC_001147|,27928,T,A,15,95,15.79%,1.6766E-5
B4-lineage-D10,ref|NC_001147|,28352,T,C,10,84,11.9%,7.3507E-4
B4-lineage-D10,ref|NC_001147|,28523,G,C,6,89,6.74%,1.4324E-2
B4-lineage-D10,ref|NC_001147|,50002,C,T,61,61,100%,2.609E-36
B4-lineage-D10,ref|NC_001147|,50010,A,T,57,57,100%,6.4572E-34
B4-lineage-D10,ref|NC_001147|,50012,C,T,57,57,100%,6.4572E-34
B4-lineage-D10,ref|NC_001147|,60213,C,CT,12,55,21.82%,9.7866E-5
B4-lineage-D10,ref|NC_001147|,60240,C,T,42,42,100%,5.9562E-25
B4-lineage-D10,ref|NC_001147|,77287,AGT,A,5,75,6.67%,2.9174E-2
B4-lineage-D10,ref|NC_001147|,79297,C,G,50,50,100%,9.9117E-30
B4-lineage-D10,ref|NC_001147|,79304,A,T,49,49,100%,3.925E-29
B4-lineage-D10,ref|NC_001147|,79305,T,A,49,49,100%,3.925E-29
B4-lineage-D10,ref|NC_001147|,85382,C,CT,12,93,12.9%,1.592E-4
B4-lineage-D10,ref|NC_001147|,93845,TA,T,5,85,5.88%,2.9351E-2
B4-lineage-D10,ref|NC_001147|,94815,AC,A,5,27,18.52%,2.5076E-2
B4-lineage-D10,ref|NC_001147|,117481,C,T,6,91,6.59%,1.4352E-2
B4-lineage-D10,ref|NC_001147|,118032,A,C,53,154,34.42%,3.0389E-19
B4-lineage-D10,ref|NC_001147|,118287,C,A,5,29,17.24%,2.5917E-2
B4-lineage-D10,ref|NC_001147|,118473,G,A,10,17,58.82%,1.4831E-4
B4-lineage-D10,ref|NC_001147|,129212,C,CT,5,91,5.49%,2.9439E-2
B4-lineage-D10,ref|NC_001147|,141471,GA,G,8,72,11.11%,3.1302E-3
B4-lineage-D10,ref|NC_001147|,145176,C,CT,7,65,10.77%,6.5131E-3
B4-lineage-D10,ref|NC_001147|,161403,A,T,66,142,46.48%,6.3437E-25
B4-lineage-D10,ref|NC_001147|,161617,T,C,84,168,50%,4.0115E-32
B4-lineage-D10,ref|NC_001147|,161762,T,C,45,113,39.82%,1.1494E-16
B4-lineage-D10,ref|NC_001147|,193611,CA,C,5,100,5%,2.9692E-2
B4-lineage-D10,ref|NC_001147|,193675,C,CT,9,96,9.38%,1.587E-3
B4-lineage-D10,ref|NC_001147|,200339,CT,C,6,49,12.24%,1.2905E-2
B4-lineage-D10,ref|NC_001147|,204570,CT,C,11,56,19.64%,2.4398E-4
B4-lineage-D10,ref|NC_001147|,210426,G,T,5,96,5.21%,2.9627E-2
B4-lineage-D10,ref|NC_001147|,213870,C,CA,7,72,9.72%,6.6083E-3
B4-lineage-D10,ref|NC_001147|,216898,AT,A,5,41,12.2%,2.6944E-2
B4-lineage-D10,ref|NC_001147|,230020,CT,C,9,42,21.43%,1.042E-3
B4-lineage-D10,ref|NC_001147|,232586,TA,T,5,95,5.26%,2.9592E-2
B4-lineage-D10,ref|NC_001147|,235403,A,T,6,77,7.79%,1.4124E-2
B4-lineage-D10,ref|NC_001147|,259218,C,CT,8,67,11.94%,3.0712E-3
B4-lineage-D10,ref|NC_001147|,260281,C,A,6,68,8.82%,1.3928E-2
B4-lineage-D10,ref|NC_001147|,274884,AT,A,5,62,8.06%,2.8741E-2
B4-lineage-D10,ref|NC_001147|,290573,CT,C,6,69,8.7%,1.3928E-2
B4-lineage-D10,ref|NC_001147|,304940,C,CT,5,90,5.56%,2.9519E-2
B4-lineage-D10,ref|NC_001147|,315630,CT,C,10,78,12.82%,6.6774E-4
B4-lineage-D10,ref|NC_001147|,316820,C,T,5,68,7.35%,2.8961E-2
B4-lineage-D10,ref|NC_001147|,326195,CAT,C,9,60,15%,1.3495E-3
B4-lineage-D10,ref|NC_001147|,333432,G,GA,6,70,8.57%,1.3928E-2
B4-lineage-D10,ref|NC_001147|,346381,A,T,6,93,6.45%,1.4379E-2
B4-lineage-D10,ref|NC_001147|,349580,GA,G,6,63,9.52%,1.3607E-2
B4-lineage-D10,ref|NC_001147|,355083,AAT,A,8,35,22.86%,2.3332E-3
B4-lineage-D10,ref|NC_001147|,356632,AT,A,5,67,7.46%,2.8927E-2
B4-lineage-D10,ref|NC_001147|,356636,G,A,5,69,7.25%,2.8994E-2
B4-lineage-D10,ref|NC_001147|,356638,A,G,5,68,7.35%,2.8961E-2
B4-lineage-D10,ref|NC_001147|,356639,A,T,5,68,7.35%,2.8961E-2
B4-lineage-D10,ref|NC_001147|,372140,GA,G,7,79,8.86%,6.7486E-3
B4-lineage-D10,ref|NC_001147|,383126,G,GA,5,52,9.62%,2.8203E-2
B4-lineage-D10,ref|NC_001147|,384807,AT,A,11,90,12.22%,3.4579E-4
B4-lineage-D10,ref|NC_001147|,389237,T,G,66,66,100%,2.6498E-39
B4-lineage-D10,ref|NC_001147|,397478,GA,G,5,76,6.58%,2.9117E-2
B4-lineage-D10,ref|NC_001147|,412675,A,AT,8,53,15.09%,2.8457E-3
B4-lineage-D10,ref|NC_001147|,423979,GA,G,11,55,20%,2.7419E-4
B4-lineage-D10,ref|NC_001147|,426244,C,CT,6,66,9.09%,1.3877E-2
B4-lineage-D10,ref|NC_001147|,426603,G,GA,15,79,18.99%,1.3016E-5
B4-lineage-D10,ref|NC_001147|,430159,GAA,G,6,35,17.14%,1.0777E-2
B4-lineage-D10,ref|NC_001147|,437763,T,A,56,56,100%,2.5602E-33
B4-lineage-D10,ref|NC_001147|,444498,AT,A,7,67,10.45%,6.3515E-3
B4-lineage-D10,ref|NC_001147|,448407,G,GA,5,47,10.64%,2.7874E-2
B4-lineage-D10,ref|NC_001147|,448670,TA,T,5,41,12.2%,2.7371E-2
B4-lineage-D10,ref|NC_001147|,450710,T,A,5,80,6.25%,2.9303E-2
B4-lineage-D10,ref|NC_001147|,453009,T,C,15,59,25.42%,1.1029E-5
B4-lineage-D10,ref|NC_001147|,472211,AC,A,5,60,8.33%,2.8614E-2
B4-lineage-D10,ref|NC_001147|,491013,CA,C,5,61,8.2%,2.8614E-2
B4-lineage-D10,ref|NC_001147|,519639,A,T,73,73,100%,1.7006E-43
B4-lineage-D10,ref|NC_001147|,521687,A,T,6,70,8.57%,1.3976E-2
B4-lineage-D10,ref|NC_001147|,522811,G,GA,13,55,23.64%,4.6702E-5
B4-lineage-D10,ref|NC_001147|,533637,TG,T,5,72,6.94%,2.9088E-2
B4-lineage-D10,ref|NC_001147|,537056,TTA,T,6,53,11.32%,1.3417E-2
B4-lineage-D10,ref|NC_001147|,537259,AT,A,7,53,13.21%,6.1774E-3
B4-lineage-D10,ref|NC_001147|,550529,A,AT,8,66,12.12%,3.0959E-3
B4-lineage-D10,ref|NC_001147|,550563,AT,A,5,80,6.25%,2.9088E-2
B4-lineage-D10,ref|NC_001147|,554687,C,CT,5,63,7.94%,2.878E-2
B4-lineage-D10,ref|NC_001147|,560809,GA,G,14,62,22.58%,2.6327E-5
B4-lineage-D10,ref|NC_001147|,573124,A,AT,5,80,6.25%,2.9303E-2
B4-lineage-D10,ref|NC_001147|,581669,C,CA,7,65,10.77%,6.4707E-3
B4-lineage-D10,ref|NC_001147|,609123,G,GT,6,68,8.82%,1.3903E-2
B4-lineage-D10,ref|NC_001147|,612048,AC,A,5,81,6.17%,2.9327E-2
B4-lineage-D10,ref|NC_001147|,624475,AT,A,5,89,5.62%,2.95E-2
B4-lineage-D10,ref|NC_001147|,665686,G,GA,7,78,8.97%,6.7486E-3
B4-lineage-D10,ref|NC_001147|,667564,GAT,G,7,73,9.59%,6.6905E-3
B4-lineage-D10,ref|NC_001147|,667734,T,TA,6,90,6.67%,1.4279E-2
B4-lineage-D10,ref|NC_001147|,670767,GA,G,7,45,15.56%,5.6095E-3
B4-lineage-D10,ref|NC_001147|,673205,AT,A,11,70,15.71%,3.1034E-4
B4-lineage-D10,ref|NC_001147|,675324,CT,C,7,47,14.89%,5.7727E-3
B4-lineage-D10,ref|NC_001147|,681098,C,CA,6,77,7.79%,1.4064E-2
B4-lineage-D10,ref|NC_001147|,698289,A,AT,5,64,7.81%,2.87E-2
B4-lineage-D10,ref|NC_001147|,708819,G,C,37,99,37.37%,1.136E-13
B4-lineage-D10,ref|NC_001147|,708878,T,C,19,66,28.79%,4.1996E-7
B4-lineage-D10,ref|NC_001147|,709007,A,G,13,39,33.33%,3.6837E-5
B4-lineage-D10,ref|NC_001147|,746559,C,CA,6,47,12.77%,1.3026E-2
B4-lineage-D10,ref|NC_001147|,768266,G,GA,5,53,9.43%,2.8142E-2
B4-lineage-D10,ref|NC_001147|,769810,T,TA,6,67,8.96%,1.3877E-2
B4-lineage-D10,ref|NC_001147|,770624,GT,G,9,48,18.75%,1.1442E-3
B4-lineage-D10,ref|NC_001147|,784710,C,T,6,98,6.12%,1.4442E-2
B4-lineage-D10,ref|NC_001147|,785519,CA,C,5,50,10%,2.7945E-2
B4-lineage-D10,ref|NC_001147|,804922,A,AT,14,72,19.44%,2.9344E-5
B4-lineage-D10,ref|NC_001147|,811403,A,T,5,80,6.25%,2.9303E-2
B4-lineage-D10,ref|NC_001147|,818959,A,T,5,75,6.67%,2.9174E-2
B4-lineage-D10,ref|NC_001147|,877096,TA,T,7,76,9.21%,6.659E-3
B4-lineage-D10,ref|NC_001147|,882623,C,CT,12,50,24%,9.0046E-5
B4-lineage-D10,ref|NC_001147|,888848,GT,G,8,60,13.33%,2.653E-3
B4-lineage-D10,ref|NC_001147|,889748,T,TA,8,58,13.79%,2.8249E-3
B4-lineage-D10,ref|NC_001147|,894338,A,AT,6,73,8.22%,1.3928E-2
B4-lineage-D10,ref|NC_001147|,895762,A,AT,7,75,9.33%,6.6905E-3
B4-lineage-D10,ref|NC_001147|,904809,CA,C,5,93,5.38%,2.9538E-2
B4-lineage-D10,ref|NC_001147|,909076,G,GT,6,52,11.54%,1.2905E-2
B4-lineage-D10,ref|NC_001147|,916379,C,A,5,95,5.26%,2.961E-2
B4-lineage-D10,ref|NC_001147|,923126,G,GAT,5,67,7.46%,2.878E-2
B4-lineage-D10,ref|NC_001147|,923665,T,C,7,93,7.53%,6.9498E-3
B4-lineage-D10,ref|NC_001147|,925072,CA,C,11,79,13.92%,3.2718E-4
B4-lineage-D10,ref|NC_001147|,958765,G,A,5,87,5.75%,2.9459E-2
B4-lineage-D10,ref|NC_001147|,960775,TA,T,8,78,10.26%,3.1191E-3
B4-lineage-D10,ref|NC_001147|,967942,AT,A,7,65,10.77%,6.4707E-3
B4-lineage-D10,ref|NC_001147|,980936,C,G,57,57,100%,6.4572E-34
B4-lineage-D10,ref|NC_001147|,984788,T,TA,5,75,6.67%,2.9026E-2
B4-lineage-D10,ref|NC_001147|,989706,GA,G,13,95,13.68%,7.4819E-5
B4-lineage-D10,ref|NC_001147|,998345,AAT,A,7,64,10.94%,6.5719E-3
B4-lineage-D10,ref|NC_001147|,1000974,AT,A,17,67,25.37%,1.9326E-6
B4-lineage-D10,ref|NC_001147|,1006918,AT,A,7,73,9.59%,6.659E-3
B4-lineage-D10,ref|NC_001147|,1019588,C,CT,11,79,13.92%,3.2124E-4
B4-lineage-D10,ref|NC_001147|,1031381,CTT,C,11,54,20.37%,1.8662E-4
B4-lineage-D10,ref|NC_001147|,1037517,CAAT,C,6,114,5.26%,1.4588E-2
B4-lineage-D10,ref|NC_001147|,1041303,TG,T,5,89,5.62%,2.95E-2
B4-lineage-D10,ref|NC_001147|,1057968,TA,T,6,92,6.52%,1.4352E-2
B4-lineage-D10,ref|NC_001147|,1071028,T,TA,7,107,6.54%,7.0464E-3
B4-lineage-D10,ref|NC_001147|,1074149,T,TA,5,79,6.33%,2.9201E-2
B4-lineage-D10,ref|NC_001147|,1075562,A,T,5,81,6.17%,2.9327E-2
B4-lineage-D10,ref|NC_001147|,1077950,CT,C,8,72,11.11%,3.0583E-3
B4-lineage-D10,ref|NC_001148|,9510,T,G,6,72,8.33%,1.4021E-2
B4-lineage-D10,ref|NC_001148|,9518,C,CA,11,78,14.1%,3.1263E-4
B4-lineage-D10,ref|NC_001148|,16931,AT,A,7,72,9.72%,6.5719E-3
B4-lineage-D10,ref|NC_001148|,16995,C,CT,6,59,10.17%,1.3375E-2
B4-lineage-D10,ref|NC_001148|,44495,TA,T,5,71,7.04%,2.8892E-2
B4-lineage-D10,ref|NC_001148|,46594,A,AT,9,77,11.69%,1.4657E-3
B4-lineage-D10,ref|NC_001148|,48697,TA,T,5,87,5.75%,2.9459E-2
B4-lineage-D10,ref|NC_001148|,74183,T,TA,10,52,19.23%,5.6532E-4
B4-lineage-D10,ref|NC_001148|,85402,CA,C,10,75,13.33%,6.543E-4
B4-lineage-D10,ref|NC_001148|,87867,A,G,5,97,5.15%,2.9644E-2
B4-lineage-D10,ref|NC_001148|,132456,T,TA,5,72,6.94%,2.8892E-2
B4-lineage-D10,ref|NC_001148|,144689,AGGAAACGTC,A,50,62,80.65%,1.4429E-23
B4-lineage-D10,ref|NC_001148|,164219,C,CA,5,69,7.25%,2.8819E-2
B4-lineage-D10,ref|NC_001148|,169530,A,AT,5,87,5.75%,2.9417E-2
B4-lineage-D10,ref|NC_001148|,174787,G,A,5,67,7.46%,2.8927E-2
B4-lineage-D10,ref|NC_001148|,180110,A,T,6,64,9.38%,1.3824E-2
B4-lineage-D10,ref|NC_001148|,180201,A,T,6,81,7.41%,1.4197E-2
B4-lineage-D10,ref|NC_001148|,181192,G,GT,8,55,14.55%,2.7808E-3
B4-lineage-D10,ref|NC_001148|,191944,C,T,59,59,100%,4.1056E-35
B4-lineage-D10,ref|NC_001148|,192966,CA,C,10,66,15.15%,6.3967E-4
B4-lineage-D10,ref|NC_001148|,212823,GAT,G,8,45,17.78%,2.7329E-3
B4-lineage-D10,ref|NC_001148|,212901,TA,T,10,51,19.61%,5.7272E-4
B4-lineage-D10,ref|NC_001148|,215689,G,GA,10,82,12.2%,7.1814E-4
B4-lineage-D10,ref|NC_001148|,218785,T,A,5,72,6.94%,2.9088E-2
B4-lineage-D10,ref|NC_001148|,220227,T,A,5,64,7.81%,2.8819E-2
B4-lineage-D10,ref|NC_001148|,239118,GTA,G,6,54,11.11%,1.3458E-2
B4-lineage-D10,ref|NC_001148|,244248,TTA,T,14,57,24.56%,2.2741E-5
B4-lineage-D10,ref|NC_001148|,246835,G,GA,16,92,17.39%,6.7911E-6
B4-lineage-D10,ref|NC_001148|,282651,CT,C,8,70,11.43%,3.1077E-3
B4-lineage-D10,ref|NC_001148|,296837,CT,C,5,59,8.47%,2.8261E-2
B4-lineage-D10,ref|NC_001148|,298502,AAT,A,6,67,8.96%,1.3877E-2
B4-lineage-D10,ref|NC_001148|,302892,C,CT,6,66,9.09%,1.3796E-2
B4-lineage-D10,ref|NC_001148|,302994,G,GA,5,71,7.04%,2.8927E-2
B4-lineage-D10,ref|NC_001148|,312942,GTA,G,9,56,16.07%,1.3495E-3
B4-lineage-D10,ref|NC_001148|,321077,AT,A,5,67,7.46%,2.8892E-2
B4-lineage-D10,ref|NC_001148|,321874,A,T,5,82,6.1%,2.9351E-2
B4-lineage-D10,ref|NC_001148|,340495,C,T,7,69,10.14%,6.659E-3
B4-lineage-D10,ref|NC_001148|,366483,T,C,5,56,8.93%,2.8473E-2
B4-lineage-D10,ref|NC_001148|,381848,GTA,G,10,56,17.86%,5.8675E-4
B4-lineage-D10,ref|NC_001148|,386559,A,AT,5,77,6.49%,2.9174E-2
B4-lineage-D10,ref|NC_001148|,404759,G,GT,5,41,12.5%,2.5917E-2
B4-lineage-D10,ref|NC_001148|,429750,G,GA,6,75,8%,1.4042E-2
B4-lineage-D10,ref|NC_001148|,462244,GA,G,13,53,24.53%,3.1103E-5
B4-lineage-D10,ref|NC_001148|,481304,AT,A,43,52,82.69%,2.6205E-21
B4-lineage-D10,ref|NC_001148|,482775,CT,C,5,96,5.21%,2.9592E-2
B4-lineage-D10,ref|NC_001148|,502679,CA,C,7,51,13.73%,6.0363E-3
B4-lineage-D10,ref|NC_001148|,503385,G,GA,9,45,20%,1.1061E-3
B4-lineage-D10,ref|NC_001148|,504581,T,A,5,99,5.05%,2.9676E-2
B4-lineage-D10,ref|NC_001148|,528959,CT,C,7,57,12.28%,6.2092E-3
B4-lineage-D10,ref|NC_001148|,558971,GT,G,6,53,11.32%,1.3458E-2
B4-lineage-D10,ref|NC_001148|,586599,GA,G,7,79,8.86%,6.7056E-3
B4-lineage-D10,ref|NC_001148|,588390,C,T,79,79,100%,4.3185E-47
B4-lineage-D10,ref|NC_001148|,589896,CT,C,6,61,9.84%,1.3641E-2
B4-lineage-D10,ref|NC_001148|,591720,CAT,C,10,68,14.71%,6.6338E-4
B4-lineage-D10,ref|NC_001148|,607467,GA,G,5,64,7.81%,2.8658E-2
B4-lineage-D10,ref|NC_001148|,607997,C,CT,9,78,11.54%,1.4912E-3
B4-lineage-D10,ref|NC_001148|,615257,TA,T,19,67,28.36%,3.2669E-7
B4-lineage-D10,ref|NC_001148|,620255,CA,C,16,68,23.53%,5.333E-6
B4-lineage-D10,ref|NC_001148|,623381,GA,G,8,67,11.94%,3.1077E-3
B4-lineage-D10,ref|NC_001148|,637259,C,G,5,39,12.82%,2.7273E-2
B4-lineage-D10,ref|NC_001148|,643732,G,GA,6,79,7.59%,1.4124E-2
B4-lineage-D10,ref|NC_001148|,646234,CT,C,7,64,10.94%,6.4484E-3
B4-lineage-D10,ref|NC_001148|,648520,GA,G,5,69,7.25%,2.8856E-2
B4-lineage-D10,ref|NC_001148|,650129,TA,T,8,56,14.29%,2.9389E-3
B4-lineage-D10,ref|NC_001148|,653959,A,AT,5,78,6.41%,2.9174E-2
B4-lineage-D10,ref|NC_001148|,663555,C,T,5,73,6.85%,2.9117E-2
B4-lineage-D10,ref|NC_001148|,667520,T,G,79,79,100%,4.3185E-47
B4-lineage-D10,ref|NC_001148|,675808,GA,G,9,77,11.69%,1.4788E-3
B4-lineage-D10,ref|NC_001148|,677102,A,G,50,50,100%,9.9117E-30
B4-lineage-D10,ref|NC_001148|,695616,TA,T,7,55,12.73%,6.2693E-3
B4-lineage-D10,ref|NC_001148|,698526,G,GA,13,60,21.67%,5.092E-5
B4-lineage-D10,ref|NC_001148|,700420,AT,A,804,967,83.14%,0E0
B4-lineage-D10,ref|NC_001148|,753245,G,GC,7,43,16.28%,5.9972E-3
B4-lineage-D10,ref|NC_001148|,759400,T,G,69,69,100%,4.233E-41
B4-lineage-D10,ref|NC_001148|,775718,TA,T,5,83,6.02%,2.9351E-2
B4-lineage-D10,ref|NC_001148|,801175,A,T,5,83,6.02%,2.9373E-2
B4-lineage-D10,ref|NC_001148|,819664,AT,A,7,51,13.73%,6.2092E-3
B4-lineage-D10,ref|NC_001148|,829699,CT,C,7,71,9.86%,6.675E-3
B4-lineage-D10,ref|NC_001148|,833758,T,G,6,63,9.52%,1.3796E-2
B4-lineage-D10,ref|NC_001148|,840627,AT,A,7,46,15.22%,5.4182E-3
B4-lineage-D10,ref|NC_001148|,840679,C,A,5,54,9.26%,2.8371E-2
B4-lineage-D10,ref|NC_001148|,857189,GT,G,6,45,13.33%,1.2773E-2
B4-lineage-D10,ref|NC_001148|,868371,AT,A,8,49,16.33%,2.7074E-3
B4-lineage-D10,ref|NC_001148|,876243,CTA,C,13,54,24.07%,5.2873E-5
B4-lineage-D10,ref|NC_001148|,886454,G,GT,9,74,12.16%,1.4447E-3
B4-lineage-D10,ref|NC_001148|,887933,AT,A,8,66,12.12%,3.0712E-3
B4-lineage-D10,ref|NC_001148|,890346,T,A,80,80,100%,1.0864E-47
B4-lineage-D10,ref|NC_001148|,927611,G,T,5,88,5.68%,2.948E-2
B4-lineage-D10,ref|NC_001224|,1162,TTA,T,68,922,7.38%,9.2184E-22
B4-lineage-D10,ref|NC_001224|,3340,AAT,A,65,788,8.25%,6.6166E-21
B4-lineage-D10,ref|NC_001224|,11246,AAT,A,51,721,7.07%,1.7429E-16
B4-lineage-D10,ref|NC_001224|,20345,GA,G,1726,1811,95.31%,0E0
B4-lineage-D10,ref|NC_001224|,20934,T,G,2330,2330,100%,0E0
B4-lineage-D10,ref|NC_001224|,33467,T,C,1441,1444,99.86%,0E0
B4-lineage-D10,ref|NC_001224|,33618,T,TTC,874,978,89.37%,0E0
B4-lineage-D10,ref|NC_001224|,33779,AC,A,1048,1219,85.97%,0E0
B4-lineage-D10,ref|NC_001224|,39517,G,T,1873,1873,100%,0E0
B4-lineage-D10,ref|NC_001224|,43084,A,AT,1642,1826,89.92%,0E0
B4-lineage-D10,ref|NC_001224|,44795,A,AT,1431,1612,88.77%,0E0
B4-lineage-D10,ref|NC_001224|,49500,A,T,1180,1180,100%,0E0
B4-lineage-D10,ref|NC_001224|,50980,AT,A,68,1287,5.28%,4.6545E-20
B4-lineage-D10,ref|NC_001224|,55436,GC,G,1042,1117,93.29%,0E0
B4-lineage-D10,ref|NC_001224|,62646,AAT,A,78,728,10.71%,3.4467E-25
B4-lineage-D10,ref|NC_001224|,63656,CG,C,77,1272,6.05%,7.7623E-23
B4-lineage-D10,ref|NC_001224|,65917,C,CG,53,1039,5.1%,1.5633E-15
B4-lineage-D10,ref|NC_001224|,73114,AG,A,918,987,93.01%,0E0
B4-lineage-D10,ref|NC_001224|,73136,TC,T,967,1009,95.84%,0E0
B4-lineage-D10,ref|NC_001224|,73518,AT,A,108,1392,7.76%,1.7543E-32
B4-lineage-D10,ref|NC_001224|,82253,T,TA,1146,1334,85.91%,0E0
B4-lineage-D10,ref|NC_001224|,82507,T,A,1003,1003,100%,0E0
B4-lineage-D10,ref|NC_001224|,84255,CG,C,50,914,5.47%,4.3285E-16
D4-lineage-20,ref|NC_001133|,12668,T,C,5,11,45.45%,1.7544E-2
D4-lineage-20,ref|NC_001133|,12690,A,T,5,12,41.67%,1.8634E-2
D4-lineage-20,ref|NC_001133|,70906,GA,G,4,11,36.36%,3.8462E-2
D4-lineage-20,ref|NC_001133|,183387,AC,A,9,11,81.82%,1.1057E-4
D4-lineage-20,ref|NC_001134|,10766,C,A,4,14,28.57%,4.8889E-2
D4-lineage-20,ref|NC_001134|,342440,GA,G,4,14,28.57%,4.7826E-2
D4-lineage-20,ref|NC_001135|,126411,T,A,4,13,30.77%,4.7826E-2
D4-lineage-20,ref|NC_001135|,163059,T,C,10,10,100%,5.4125E-6
D4-lineage-20,ref|NC_001136|,52099,T,C,4,10,40%,4.3344E-2
D4-lineage-20,ref|NC_001136|,52164,A,T,4,11,36.36%,4.5113E-2
D4-lineage-20,ref|NC_001136|,175654,G,A,4,12,33.33%,4.6584E-2
D4-lineage-20,ref|NC_001136|,262777,TG,T,4,10,40%,4.3344E-2
D4-lineage-20,ref|NC_001136|,355725,TA,T,4,11,36.36%,4.5113E-2
D4-lineage-20,ref|NC_001136|,668949,T,TA,4,10,40%,4.1176E-2
D4-lineage-20,ref|NC_001136|,694634,A,AT,4,10,40%,4.3344E-2
D4-lineage-20,ref|NC_001136|,799151,A,T,5,10,50%,1.6254E-2
D4-lineage-20,ref|NC_001136|,1135920,T,A,5,11,45.45%,1.7544E-2
D4-lineage-20,ref|NC_001136|,1367354,C,T,4,12,33.33%,4.6584E-2
D4-lineage-20,ref|NC_001136|,1400587,G,T,4,10,40%,4.3344E-2
D4-lineage-20,ref|NC_001136|,1433710,A,T,16,16,100%,1.6637E-9
D4-lineage-20,ref|NC_001136|,1443151,T,C,4,11,36.36%,4.5113E-2
D4-lineage-20,ref|NC_001137|,99300,A,T,4,12,33.33%,4.6584E-2
D4-lineage-20,ref|NC_001137|,384078,T,A,5,12,41.67%,1.8634E-2
D4-lineage-20,ref|NC_001138|,191097,T,A,4,13,30.77%,4.7826E-2
D4-lineage-20,ref|NC_001139|,356739,GGT,G,4,15,26.67%,4.9808E-2
D4-lineage-20,ref|NC_001139|,996519,C,CA,4,13,30.77%,4.7826E-2
D4-lineage-20,ref|NC_001140|,475931,TTA,T,7,10,70%,6.993E-4
D4-lineage-20,ref|NC_001140|,511255,C,T,11,11,100%,1.4176E-6
D4-lineage-20,ref|NC_001141|,172698,T,C,4,11,36.36%,4.5113E-2
D4-lineage-20,ref|NC_001141|,318694,T,A,12,12,100%,3.698E-7
D4-lineage-20,ref|NC_001142|,165253,G,A,4,15,26.67%,4.9808E-2
D4-lineage-20,ref|NC_001142|,244902,T,A,4,10,40%,4.3344E-2
D4-lineage-20,ref|NC_001142|,453231,A,T,6,12,50%,6.865E-3
D4-lineage-20,ref|NC_001142|,552735,G,T,4,13,30.77%,4.7826E-2
D4-lineage-20,ref|NC_001143|,68454,G,GCC,10,10,100%,5.4125E-6
D4-lineage-20,ref|NC_001143|,68468,T,TG,11,12,91.67%,4.8074E-6
D4-lineage-20,ref|NC_001143|,97907,A,T,5,11,45.45%,1.7544E-2
D4-lineage-20,ref|NC_001143|,531604,GCAT,G,6,14,42.86%,7.971E-3
D4-lineage-20,ref|NC_001144|,74850,A,G,4,11,36.36%,4.5113E-2
D4-lineage-20,ref|NC_001144|,251194,GAA,G,4,11,36.36%,4.3344E-2
D4-lineage-20,ref|NC_001144|,379525,CGA,C,4,12,33.33%,4.6584E-2
D4-lineage-20,ref|NC_001144|,459564,T,C,15,281,5.34%,2.5191E-5
D4-lineage-20,ref|NC_001144|,459803,CT,C,84,560,15.03%,5.4251E-28
D4-lineage-20,ref|NC_001144|,460002,CA,C,73,636,11.48%,7.2199E-24
D4-lineage-20,ref|NC_001144|,460103,T,C,39,699,5.58%,1.0546E-12
D4-lineage-20,ref|NC_001144|,460152,T,G,39,697,5.6%,1.0529E-12
D4-lineage-20,ref|NC_001144|,460191,ACCGCGTCGCCGCGTCG,A,37,729,5.08%,4.554E-12
D4-lineage-20,ref|NC_001144|,460383,TA,T,137,692,19.8%,4.1196E-46
D4-lineage-20,ref|NC_001144|,460477,AT,A,61,706,8.64%,1.0899E-19
D4-lineage-20,ref|NC_001144|,460621,T,C,53,658,8.05%,3.7293E-17
D4-lineage-20,ref|NC_001144|,712186,G,GT,4,12,33.33%,4.6584E-2
D4-lineage-20,ref|NC_001144|,963167,G,A,6,25,24%,1.1145E-2
D4-lineage-20,ref|NC_001144|,1039435,T,A,13,13,100%,9.6148E-8
D4-lineage-20,ref|NC_001144|,1039875,T,A,4,10,40%,4.3344E-2
D4-lineage-20,ref|NC_001145|,361725,A,G,4,12,33.33%,4.6584E-2
D4-lineage-20,ref|NC_001145|,672129,T,C,12,12,100%,3.698E-7
D4-lineage-20,ref|NC_001146|,533758,AT,A,4,14,28.57%,4.8889E-2
D4-lineage-20,ref|NC_001146|,601112,T,G,4,15,26.67%,4.9808E-2
D4-lineage-20,ref|NC_001146|,601202,T,C,6,11,54.55%,6.192E-3
D4-lineage-20,ref|NC_001147|,134150,G,C,4,10,40%,4.3344E-2
D4-lineage-20,ref|NC_001147|,161403,A,T,12,14,85.71%,2.9913E-6
D4-lineage-20,ref|NC_001147|,356145,T,A,4,11,36.36%,4.5113E-2
D4-lineage-20,ref|NC_001148|,620255,C,CA,6,12,50%,6.865E-3
D4-lineage-20,ref|NC_001148|,868371,AT,A,4,10,40%,4.3344E-2
D4-lineage-20,ref|NC_001224|,20345,GA,G,55,58,94.83%,5.8604E-30
D4-lineage-20,ref|NC_001224|,20934,T,G,67,67,100%,6.6743E-40
D4-lineage-20,ref|NC_001224|,24269,TG,T,5,59,8.47%,2.8614E-2
D4-lineage-20,ref|NC_001224|,33467,T,C,28,28,100%,1.3074E-16
D4-lineage-20,ref|NC_001224|,33618,T,TTC,15,16,93.75%,2.8282E-8
D4-lineage-20,ref|NC_001224|,33779,AC,A,25,30,83.33%,5.8768E-13
D4-lineage-20,ref|NC_001224|,39517,G,T,59,59,100%,4.1056E-35
D4-lineage-20,ref|NC_001224|,43084,A,AT,41,41,100%,2.3541E-24
D4-lineage-20,ref|NC_001224|,44795,A,AT,43,47,91.49%,4.485E-23
D4-lineage-20,ref|NC_001224|,49500,A,T,31,33,93.94%,8.2416E-17
D4-lineage-20,ref|NC_001224|,55436,GC,G,14,15,93.33%,1.0315E-7
D4-lineage-20,ref|NC_001224|,60514,T,A,5,50,10%,2.8142E-2
D4-lineage-20,ref|NC_001224|,60515,T,A,5,50,10%,2.8142E-2
D4-lineage-20,ref|NC_001224|,60516,T,A,5,48,10.42%,2.8014E-2
D4-lineage-20,ref|NC_001224|,73114,AG,A,29,29,100%,3.3259E-17
D4-lineage-20,ref|NC_001224|,73136,TC,T,26,28,92.86%,5.6872E-14
D4-lineage-20,ref|NC_001224|,82253,T,TA,29,32,90.62%,3.5714E-15
D4-lineage-20,ref|NC_001224|,82507,T,A,23,23,100%,1.2146E-13
D4-lineage-D10,ref|NC_001133|,5068,A,AT,8,81,9.88%,3.2429E-3
D4-lineage-D10,ref|NC_001133|,6093,C,CT,5,69,7.25%,2.8994E-2
D4-lineage-D10,ref|NC_001133|,6736,C,CAA,19,48,39.58%,1.1326E-7
D4-lineage-D10,ref|NC_001133|,12529,A,G,5,97,5.15%,2.9644E-2
D4-lineage-D10,ref|NC_001133|,12570,C,T,7,118,5.93%,7.1293E-3
D4-lineage-D10,ref|NC_001133|,12594,A,T,11,130,8.46%,3.9166E-4
D4-lineage-D10,ref|NC_001133|,12620,T,C,43,171,25.15%,5.5192E-15
D4-lineage-D10,ref|NC_001133|,12668,T,C,56,193,29.02%,1.2855E-19
D4-lineage-D10,ref|NC_001133|,12690,A,T,106,165,64.24%,6.0243E-44
D4-lineage-D10,ref|NC_001133|,12716,C,T,40,165,24.24%,6.1531E-14
D4-lineage-D10,ref|NC_001133|,12758,T,C,9,135,6.67%,1.7019E-3
D4-lineage-D10,ref|NC_001133|,12762,T,C,9,131,6.87%,1.6945E-3
D4-lineage-D10,ref|NC_001133|,12764,T,C,14,127,11.02%,4.1799E-5
D4-lineage-D10,ref|NC_001133|,12791,C,T,5,85,5.88%,2.9417E-2
D4-lineage-D10,ref|NC_001133|,12793,G,A,5,84,5.95%,2.9396E-2
D4-lineage-D10,ref|NC_001133|,16863,GT,G,5,60,8.33%,2.8423E-2
D4-lineage-D10,ref|NC_001133|,23239,C,CT,8,81,9.88%,3.2179E-3
D4-lineage-D10,ref|NC_001133|,23712,C,CA,20,34,58.82%,7.1675E-9
D4-lineage-D10,ref|NC_001133|,25340,C,A,72,72,100%,6.7558E-43
D4-lineage-D10,ref|NC_001133|,25851,G,A,9,38,23.68%,1.1442E-3
D4-lineage-D10,ref|NC_001133|,25872,G,C,31,31,100%,2.1486E-18
D4-lineage-D10,ref|NC_001133|,25926,G,A,5,49,10.2%,2.8079E-2
D4-lineage-D10,ref|NC_001133|,25968,T,C,6,39,15.38%,1.2702E-2
D4-lineage-D10,ref|NC_001133|,26058,T,C,12,12,100%,3.698E-7
D4-lineage-D10,ref|NC_001133|,26061,G,A,10,12,83.33%,3.3652E-5
D4-lineage-D10,ref|NC_001133|,26193,T,C,11,17,64.71%,4.3258E-5
D4-lineage-D10,ref|NC_001133|,26238,T,C,10,101,9.9%,7.7292E-4
D4-lineage-D10,ref|NC_001133|,26331,G,A,22,126,17.46%,8.7392E-8
D4-lineage-D10,ref|NC_001133|,26373,C,T,14,67,20.9%,2.8637E-5
D4-lineage-D10,ref|NC_001133|,26391,A,G,6,38,15.79%,1.2628E-2
D4-lineage-D10,ref|NC_001133|,26412,G,C,31,31,100%,2.1486E-18
D4-lineage-D10,ref|NC_001133|,27126,T,C,20,20,100%,7.2544E-12
D4-lineage-D10,ref|NC_001133|,27129,C,G,22,22,100%,4.7526E-13
D4-lineage-D10,ref|NC_001133|,31122,CAT,C,8,52,15.38%,2.8658E-3
D4-lineage-D10,ref|NC_001133|,35113,G,GA,8,80,10%,3.1909E-3
D4-lineage-D10,ref|NC_001133|,36421,A,AT,5,89,5.62%,2.9417E-2
D4-lineage-D10,ref|NC_001133|,45387,G,A,5,83,6.02%,2.9373E-2
D4-lineage-D10,ref|NC_001133|,45634,CT,C,5,66,7.58%,2.8423E-2
D4-lineage-D10,ref|NC_001133|,55793,T,A,5,79,6.33%,2.9279E-2
D4-lineage-D10,ref|NC_001133|,65565,T,A,5,89,5.62%,2.95E-2
D4-lineage-D10,ref|NC_001133|,65614,A,AT,11,99,11.11%,3.5425E-4
D4-lineage-D10,ref|NC_001133|,68128,C,CT,5,58,8.62%,2.8473E-2
D4-lineage-D10,ref|NC_001133|,69828,CT,C,7,57,12.28%,6.3515E-3
D4-lineage-D10,ref|NC_001133|,70906,GA,G,19,65,29.23%,2.5408E-7
D4-lineage-D10,ref|NC_001133|,71116,G,GA,6,73,8.22%,1.3928E-2
D4-lineage-D10,ref|NC_001133|,74999,AT,A,10,64,15.62%,6.4957E-4
D4-lineage-D10,ref|NC_001133|,92602,CT,C,7,65,10.77%,6.5333E-3
D4-lineage-D10,ref|NC_001133|,101281,C,CA,12,56,21.43%,1.05E-4
D4-lineage-D10,ref|NC_001133|,101450,T,TA,5,73,6.85%,2.9058E-2
D4-lineage-D10,ref|NC_001133|,122813,T,C,6,67,8.96%,1.3903E-2
D4-lineage-D10,ref|NC_001133|,126880,C,CTT,26,56,46.43%,9.8982E-11
D4-lineage-D10,ref|NC_001133|,139260,A,AT,5,94,5.32%,2.9575E-2
D4-lineage-D10,ref|NC_001133|,141135,A,T,80,80,100%,1.0864E-47
D4-lineage-D10,ref|NC_001133|,142085,C,CT,5,55,9.09%,2.8371E-2
D4-lineage-D10,ref|NC_001133|,143575,GA,G,7,78,8.97%,6.7056E-3
D4-lineage-D10,ref|NC_001133|,152105,C,CT,11,69,15.94%,2.8374E-4
D4-lineage-D10,ref|NC_001133|,161128,C,T,7,41,17.07%,5.9136E-3
D4-lineage-D10,ref|NC_001133|,161379,G,A,7,79,8.86%,6.801E-3
D4-lineage-D10,ref|NC_001133|,180275,AT,A,6,71,8.45%,1.3999E-2
D4-lineage-D10,ref|NC_001133|,183387,AC,A,69,69,100%,4.233E-41
D4-lineage-D10,ref|NC_001133|,188881,G,C,21,100,21%,1.4763E-7
D4-lineage-D10,ref|NC_001133|,188939,A,G,23,104,22.12%,3.0376E-8
D4-lineage-D10,ref|NC_001133|,189083,A,G,5,78,6.41%,2.9254E-2
D4-lineage-D10,ref|NC_001133|,189245,A,G,10,90,11.11%,7.4993E-4
D4-lineage-D10,ref|NC_001133|,189392,C,T,7,77,9.09%,6.7755E-3
D4-lineage-D10,ref|NC_001133|,192551,CA,C,6,85,7.06%,1.4142E-2
D4-lineage-D10,ref|NC_001133|,193631,A,T,74,74,100%,4.2804E-44
D4-lineage-D10,ref|NC_001133|,198906,G,GA,5,87,5.75%,2.9351E-2
D4-lineage-D10,ref|NC_001133|,199811,T,G,67,67,100%,6.6743E-40
D4-lineage-D10,ref|NC_001133|,199908,CT,C,13,72,18.06%,5.3813E-5
D4-lineage-D10,ref|NC_001133|,205499,C,G,10,10,100%,5.4125E-6
D4-lineage-D10,ref|NC_001133|,206126,T,C,28,28,100%,1.3074E-16
D4-lineage-D10,ref|NC_001133|,206129,A,C,28,28,100%,1.3074E-16
D4-lineage-D10,ref|NC_001133|,206132,G,T,28,28,100%,1.3074E-16
D4-lineage-D10,ref|NC_001133|,206144,C,T,16,17,94.12%,7.7134E-9
D4-lineage-D10,ref|NC_001133|,206177,G,C,30,31,100%,8.4556E-18
D4-lineage-D10,ref|NC_001133|,206178,C,A,30,31,96.77%,6.8754E-17
D4-lineage-D10,ref|NC_001133|,206179,A,C,30,31,96.77%,6.8754E-17
D4-lineage-D10,ref|NC_001133|,208278,A,AT,6,70,8.57%,1.3903E-2
D4-lineage-D10,ref|NC_001133|,210818,A,T,82,82,100%,6.8742E-49
D4-lineage-D10,ref|NC_001133|,211019,T,C,82,82,100%,6.8742E-49
D4-lineage-D10,ref|NC_001133|,212497,A,G,5,21,23.81%,2.3921E-2
D4-lineage-D10,ref|NC_001133|,225080,TA,T,18,67,26.87%,9.4974E-7
D4-lineage-D10,ref|NC_001133|,226914,AT,A,12,64,18.75%,1.3121E-4
D4-lineage-D10,ref|NC_001133|,227423,CA,C,5,76,6.58%,2.9117E-2
D4-lineage-D10,ref|NC_001133|,230183,G,GGT,6,15,40%,8.4291E-3
D4-lineage-D10,ref|NC_001134|,1187,C,T,39,120,32.5%,4.4967E-14
D4-lineage-D10,ref|NC_001134|,1254,T,C,20,103,19.42%,3.4368E-7
D4-lineage-D10,ref|NC_001134|,1528,G,A,14,152,9.21%,4.4616E-5
D4-lineage-D10,ref|NC_001134|,1531,A,T,14,155,9.03%,4.49E-5
D4-lineage-D10,ref|NC_001134|,1532,G,T,14,157,8.92%,4.5084E-5
D4-lineage-D10,ref|NC_001134|,5983,C,G,98,98,100%,1.7493E-58
D4-lineage-D10,ref|NC_001134|,6440,G,C,95,95,100%,1.1023E-56
D4-lineage-D10,ref|NC_001134|,7510,G,A,82,82,100%,6.8742E-49
D4-lineage-D10,ref|NC_001134|,7511,G,A,82,82,100%,6.8742E-49
D4-lineage-D10,ref|NC_001134|,7912,GA,G,79,82,96.34%,6.7897E-44
D4-lineage-D10,ref|NC_001134|,9022,G,GA,37,88,42.05%,3.4211E-15
D4-lineage-D10,ref|NC_001134|,15101,T,G,109,109,100%,4.3979E-65
D4-lineage-D10,ref|NC_001134|,15510,G,T,102,102,100%,6.9709E-61
D4-lineage-D10,ref|NC_001134|,15518,A,G,101,101,100%,2.7747E-60
D4-lineage-D10,ref|NC_001134|,16380,C,T,84,84,100%,4.3483E-50
D4-lineage-D10,ref|NC_001134|,16392,A,G,84,84,100%,4.3483E-50
D4-lineage-D10,ref|NC_001134|,28695,C,CT,7,74,9.46%,6.6905E-3
D4-lineage-D10,ref|NC_001134|,30012,C,T,87,87,100%,6.9142E-52
D4-lineage-D10,ref|NC_001134|,30050,A,G,96,96,100%,2.7702E-57
D4-lineage-D10,ref|NC_001134|,30210,T,C,21,21,100%,1.8578E-12
D4-lineage-D10,ref|NC_001134|,30723,G,A,13,13,100%,9.6148E-8
D4-lineage-D10,ref|NC_001134|,30754,G,A,24,24,100%,3.101E-14
D4-lineage-D10,ref|NC_001134|,30848,C,G,26,26,100%,2.0165E-15
D4-lineage-D10,ref|NC_001134|,34298,G,A,57,57,100%,6.4572E-34
D4-lineage-D10,ref|NC_001134|,34562,G,A,6,67,8.96%,1.3903E-2
D4-lineage-D10,ref|NC_001134|,34565,T,C,6,65,9.23%,1.3851E-2
D4-lineage-D10,ref|NC_001134|,35485,C,T,80,80,100%,1.0864E-47
D4-lineage-D10,ref|NC_001134|,45956,AT,A,9,86,10.47%,1.5399E-3
D4-lineage-D10,ref|NC_001134|,51505,C,T,44,105,41.9%,1.8127E-16
D4-lineage-D10,ref|NC_001134|,59755,T,C,99,99,100%,4.3954E-59
D4-lineage-D10,ref|NC_001134|,62776,G,GA,10,87,11.49%,7.1814E-4
D4-lineage-D10,ref|NC_001134|,63661,G,GA,5,83,6.02%,2.9303E-2
D4-lineage-D10,ref|NC_001134|,64004,T,A,6,99,6.06%,1.4454E-2
D4-lineage-D10,ref|NC_001134|,84398,CA,C,11,94,11.7%,3.4273E-4
D4-lineage-D10,ref|NC_001134|,88125,CT,C,9,85,10.59%,1.5493E-3
D4-lineage-D10,ref|NC_001134|,88484,GGAGAA,G,81,92,88.04%,1.3848E-40
D4-lineage-D10,ref|NC_001134|,96287,GA,G,6,91,6.59%,1.4309E-2
D4-lineage-D10,ref|NC_001134|,105333,CT,C,5,90,5.56%,2.9351E-2
D4-lineage-D10,ref|NC_001134|,115437,GA,G,10,65,15.38%,6.18E-4
D4-lineage-D10,ref|NC_001134|,126565,CT,C,7,87,8.05%,6.8917E-3
D4-lineage-D10,ref|NC_001134|,127636,C,CT,7,66,10.61%,6.5131E-3
D4-lineage-D10,ref|NC_001134|,133870,CAT,C,14,79,17.72%,3.0024E-5
D4-lineage-D10,ref|NC_001134|,137659,T,TA,9,49,18.37%,1.162E-3
D4-lineage-D10,ref|NC_001134|,138011,C,CT,5,88,5.68%,2.9396E-2
D4-lineage-D10,ref|NC_001134|,138274,AT,A,5,59,8.47%,2.8261E-2
D4-lineage-D10,ref|NC_001134|,145899,GA,G,6,53,11.32%,1.3136E-2
D4-lineage-D10,ref|NC_001134|,153609,AT,A,6,77,7.79%,1.3999E-2
D4-lineage-D10,ref|NC_001134|,165902,C,CT,21,54,38.89%,1.8298E-8
D4-lineage-D10,ref|NC_001134|,167275,CA,C,5,76,6.58%,2.9146E-2
D4-lineage-D10,ref|NC_001134|,167978,C,CA,47,79,59.49%,7.8596E-21
D4-lineage-D10,ref|NC_001134|,174714,A,AT,12,80,15%,1.4358E-4
D4-lineage-D10,ref|NC_001134|,178172,G,T,5,97,5.15%,2.9644E-2
D4-lineage-D10,ref|NC_001134|,192232,C,CT,7,91,7.69%,6.8485E-3
D4-lineage-D10,ref|NC_001134|,207021,GT,G,10,65,15.38%,6.2367E-4
D4-lineage-D10,ref|NC_001134|,221288,AGT,A,58,71,81.69%,1.6794E-27
D4-lineage-D10,ref|NC_001134|,228807,A,T,6,74,8.11%,1.4064E-2
D4-lineage-D10,ref|NC_001134|,242639,A,AT,5,78,6.41%,2.9174E-2
D4-lineage-D10,ref|NC_001134|,251593,C,CT,7,58,12.07%,6.2398E-3
D4-lineage-D10,ref|NC_001134|,259764,C,T,15,15,100%,6.4467E-9
D4-lineage-D10,ref|NC_001134|,263144,GC,G,18,18,100%,1.1019E-10
D4-lineage-D10,ref|NC_001134|,263153,C,T,18,18,100%,1.1019E-10
D4-lineage-D10,ref|NC_001134|,263158,CG,C,19,19,100%,2.8292E-11
D4-lineage-D10,ref|NC_001134|,263168,CG,C,21,21,100%,1.8578E-12
D4-lineage-D10,ref|NC_001134|,265382,G,T,49,49,100%,3.925E-29
D4-lineage-D10,ref|NC_001134|,270857,C,CT,5,59,8.47%,2.8569E-2
D4-lineage-D10,ref|NC_001134|,274224,CT,C,6,76,7.89%,1.3952E-2
D4-lineage-D10,ref|NC_001134|,296125,AT,A,15,59,25.42%,7.2456E-6
D4-lineage-D10,ref|NC_001134|,299631,C,G,6,31,19.35%,1.1977E-2
D4-lineage-D10,ref|NC_001134|,300033,GA,G,9,58,15.52%,1.3055E-3
D4-lineage-D10,ref|NC_001134|,307654,AT,A,6,58,10.34%,1.3571E-2
D4-lineage-D10,ref|NC_001134|,316949,C,CA,11,56,19.64%,2.2563E-4
D4-lineage-D10,ref|NC_001134|,320222,G,C,12,43,27.91%,1.0032E-4
D4-lineage-D10,ref|NC_001134|,368839,A,G,5,86,5.81%,2.9439E-2
D4-lineage-D10,ref|NC_001134|,369788,CT,C,8,63,12.7%,2.9557E-3
D4-lineage-D10,ref|NC_001134|,383176,C,CG,59,60,98.33%,6.3137E-34
D4-lineage-D10,ref|NC_001134|,386207,CA,C,20,69,28.99%,1.4773E-7
D4-lineage-D10,ref|NC_001134|,389421,GCT,G,54,59,91.53%,3.1304E-28
D4-lineage-D10,ref|NC_001134|,393340,G,GA,5,97,5.15%,2.9592E-2
D4-lineage-D10,ref|NC_001134|,394601,C,A,5,69,7.25%,2.8994E-2
D4-lineage-D10,ref|NC_001134|,406430,GA,G,8,67,11.94%,3.0313E-3
D4-lineage-D10,ref|NC_001134|,415764,C,CT,12,66,18.18%,1.2806E-4
D4-lineage-D10,ref|NC_001134|,424938,GT,G,5,63,7.94%,2.878E-2
D4-lineage-D10,ref|NC_001134|,426983,T,TA,5,73,6.85%,2.8927E-2
D4-lineage-D10,ref|NC_001134|,431872,C,CT,5,72,6.94%,2.9058E-2
D4-lineage-D10,ref|NC_001134|,434300,CA,C,8,53,15.09%,2.9216E-3
D4-lineage-D10,ref|NC_001134|,452435,CT,C,14,83,16.87%,3.2198E-5
D4-lineage-D10,ref|NC_001134|,452852,C,T,5,84,5.95%,2.9396E-2
D4-lineage-D10,ref|NC_001134|,464019,CTGT,C,7,62,11.29%,6.4922E-3
D4-lineage-D10,ref|NC_001134|,466554,C,T,5,86,5.81%,2.9439E-2
D4-lineage-D10,ref|NC_001134|,466592,T,C,5,87,5.75%,2.9459E-2
D4-lineage-D10,ref|NC_001134|,477089,GTA,G,18,84,21.43%,1.3198E-6
D4-lineage-D10,ref|NC_001134|,479272,CA,C,8,68,11.76%,3.1191E-3
D4-lineage-D10,ref|NC_001134|,479796,CA,C,6,101,5.94%,1.4465E-2
D4-lineage-D10,ref|NC_001134|,485927,GT,G,6,52,11.54%,1.3285E-2
D4-lineage-D10,ref|NC_001134|,489510,C,A,5,90,5.56%,2.9519E-2
D4-lineage-D10,ref|NC_001134|,491090,CT,C,8,78,10.26%,3.1909E-3
D4-lineage-D10,ref|NC_001134|,492950,GA,G,12,78,15.38%,1.3565E-4
D4-lineage-D10,ref|NC_001134|,499536,CA,C,13,47,27.66%,3.5456E-5
D4-lineage-D10,ref|NC_001134|,505412,CA,C,13,80,16.25%,6.9169E-5
D4-lineage-D10,ref|NC_001134|,526831,G,GA,7,79,8.86%,6.7622E-3
D4-lineage-D10,ref|NC_001134|,538985,G,GA,7,80,8.75%,6.801E-3
D4-lineage-D10,ref|NC_001134|,539226,G,GA,5,83,6.02%,2.9254E-2
D4-lineage-D10,ref|NC_001134|,543662,T,A,5,95,5.26%,2.961E-2
D4-lineage-D10,ref|NC_001134|,559762,CAT,C,7,69,10.14%,6.6257E-3
D4-lineage-D10,ref|NC_001134|,559930,C,CA,5,91,5.49%,2.95E-2
D4-lineage-D10,ref|NC_001134|,561222,GA,G,8,59,13.56%,2.8851E-3
D4-lineage-D10,ref|NC_001134|,563012,AT,A,5,65,7.69%,2.8856E-2
D4-lineage-D10,ref|NC_001134|,563031,G,GT,19,61,31.15%,2.4191E-7
D4-lineage-D10,ref|NC_001134|,571328,C,CA,11,75,14.67%,3.0055E-4
D4-lineage-D10,ref|NC_001134|,576030,TA,T,7,55,12.73%,6.1097E-3
D4-lineage-D10,ref|NC_001134|,586331,TA,T,6,79,7.59%,1.4104E-2
D4-lineage-D10,ref|NC_001134|,596165,G,A,6,69,8.7%,1.3952E-2
D4-lineage-D10,ref|NC_001134|,604913,CT,C,8,107,7.48%,3.4063E-3
D4-lineage-D10,ref|NC_001134|,615984,GA,G,5,82,6.1%,2.9327E-2
D4-lineage-D10,ref|NC_001134|,628558,G,GT,8,60,13.33%,3.0025E-3
D4-lineage-D10,ref|NC_001134|,653039,C,CA,5,95,5.26%,2.9592E-2
D4-lineage-D10,ref|NC_001134|,681991,C,CA,8,74,10.81%,3.1718E-3
D4-lineage-D10,ref|NC_001134|,683572,G,A,8,54,14.81%,2.9557E-3
D4-lineage-D10,ref|NC_001134|,684840,AT,A,9,84,10.71%,1.5493E-3
D4-lineage-D10,ref|NC_001134|,692063,A,T,5,94,5.32%,2.9592E-2
D4-lineage-D10,ref|NC_001134|,698075,G,GA,14,50,28%,1.6028E-5
D4-lineage-D10,ref|NC_001134|,700169,AT,A,10,71,14.08%,6.8011E-4
D4-lineage-D10,ref|NC_001134|,704438,T,TA,7,65,10.77%,6.5529E-3
D4-lineage-D10,ref|NC_001134|,720641,CT,C,8,92,8.7%,3.308E-3
D4-lineage-D10,ref|NC_001134|,721265,GA,G,6,81,7.5%,1.4064E-2
D4-lineage-D10,ref|NC_001134|,723663,C,CA,48,80,60%,4.857E-20
D4-lineage-D10,ref|NC_001134|,723687,A,T,5,91,5.49%,2.9538E-2
D4-lineage-D10,ref|NC_001134|,746362,CATCTGCA,C,84,91,92.31%,3.8211E-44
D4-lineage-D10,ref|NC_001134|,751216,CA,C,11,94,11.7%,3.5014E-4
D4-lineage-D10,ref|NC_001134|,757162,AAT,A,7,103,6.8%,7.0318E-3
D4-lineage-D10,ref|NC_001134|,767793,GA,G,5,93,5.38%,2.9519E-2
D4-lineage-D10,ref|NC_001134|,770692,AT,A,5,70,7.14%,2.9026E-2
D4-lineage-D10,ref|NC_001134|,773703,CA,C,5,97,5.15%,2.961E-2
D4-lineage-D10,ref|NC_001134|,774669,CA,C,10,92,10.87%,7.2404E-4
D4-lineage-D10,ref|NC_001134|,776104,A,T,5,81,6.17%,2.9327E-2
D4-lineage-D10,ref|NC_001134|,777906,AT,A,10,96,10.42%,7.5223E-4
D4-lineage-D10,ref|NC_001134|,784713,CT,C,6,104,5.77%,1.4405E-2
D4-lineage-D10,ref|NC_001134|,784824,GA,G,7,81,8.64%,6.7884E-3
D4-lineage-D10,ref|NC_001134|,796545,C,CT,6,91,6.59%,1.4309E-2
D4-lineage-D10,ref|NC_001134|,805228,C,T,5,92,5.43%,2.9557E-2
D4-lineage-D10,ref|NC_001134|,809794,AT,A,45,86,52.33%,4.6119E-19
D4-lineage-D10,ref|NC_001135|,129,A,AC,6,31,20%,1.1309E-2
D4-lineage-D10,ref|NC_001135|,133,AC,A,5,34,15.15%,2.6557E-2
D4-lineage-D10,ref|NC_001135|,134,C,CA,5,31,16.67%,2.6093E-2
D4-lineage-D10,ref|NC_001135|,141,CCA,C,5,47,10.87%,2.7555E-2
D4-lineage-D10,ref|NC_001135|,146,CA,C,5,45,11.11%,2.7799E-2
D4-lineage-D10,ref|NC_001135|,160,A,C,8,48,16.67%,2.8033E-3
D4-lineage-D10,ref|NC_001135|,175,A,AC,7,50,14%,6.1442E-3
D4-lineage-D10,ref|NC_001135|,184,A,AC,8,51,15.69%,2.9037E-3
D4-lineage-D10,ref|NC_001135|,195,A,AC,6,66,9.09%,1.3796E-2
D4-lineage-D10,ref|NC_001135|,207,C,CA,5,65,7.69%,2.8819E-2
D4-lineage-D10,ref|NC_001135|,231,AC,A,5,48,10.42%,2.7799E-2
D4-lineage-D10,ref|NC_001135|,233,C,A,14,37,40%,1.2005E-5
D4-lineage-D10,ref|NC_001135|,253,CCA,C,6,54,11.11%,1.3417E-2
D4-lineage-D10,ref|NC_001135|,272,A,AC,6,27,24%,1.0344E-2
D4-lineage-D10,ref|NC_001135|,8353,CT,C,6,72,8.33%,1.3903E-2
D4-lineage-D10,ref|NC_001135|,8575,CA,C,12,84,14.29%,1.4358E-4
D4-lineage-D10,ref|NC_001135|,9181,AT,A,5,55,9.09%,2.8203E-2
D4-lineage-D10,ref|NC_001135|,18612,CT,C,6,83,7.23%,1.4231E-2
D4-lineage-D10,ref|NC_001135|,23991,A,AT,5,72,6.94%,2.9088E-2
D4-lineage-D10,ref|NC_001135|,27658,T,TA,10,50,20%,4.8486E-4
D4-lineage-D10,ref|NC_001135|,42005,CA,C,15,61,24.59%,8.3573E-6
D4-lineage-D10,ref|NC_001135|,44541,GA,G,15,71,21.13%,9.1412E-6
D4-lineage-D10,ref|NC_001135|,50320,AAT,A,6,53,11.32%,1.3375E-2
D4-lineage-D10,ref|NC_001135|,54924,C,CA,9,64,14.06%,1.4054E-3
D4-lineage-D10,ref|NC_001135|,57221,CA,C,7,49,14.29%,6.0363E-3
D4-lineage-D10,ref|NC_001135|,62748,C,CAT,6,66,9.09%,1.3796E-2
D4-lineage-D10,ref|NC_001135|,82451,G,GA,5,61,8.2%,2.8658E-2
D4-lineage-D10,ref|NC_001135|,83080,G,A,6,73,8.22%,1.4042E-2
D4-lineage-D10,ref|NC_001135|,84421,G,A,39,40,97.5%,3.8137E-22
D4-lineage-D10,ref|NC_001135|,92669,C,T,6,94,6.38%,1.4392E-2
D4-lineage-D10,ref|NC_001135|,92744,TA,T,8,89,8.99%,3.2947E-3
D4-lineage-D10,ref|NC_001135|,99797,G,A,17,55,30.91%,1.768E-6
D4-lineage-D10,ref|NC_001135|,101876,CT,C,8,61,13.11%,2.9216E-3
D4-lineage-D10,ref|NC_001135|,107899,G,GA,5,97,5.15%,2.9575E-2
D4-lineage-D10,ref|NC_001135|,128128,AT,A,5,73,6.85%,2.9088E-2
D4-lineage-D10,ref|NC_001135|,128759,AC,A,5,72,6.94%,2.9088E-2
D4-lineage-D10,ref|NC_001135|,130514,T,TA,6,81,7.41%,1.4161E-2
D4-lineage-D10,ref|NC_001135|,134215,T,A,7,81,8.64%,6.8253E-3
D4-lineage-D10,ref|NC_001135|,142665,GA,G,6,64,9.38%,1.3674E-2
D4-lineage-D10,ref|NC_001135|,143131,T,C,96,96,100%,2.7702E-57
D4-lineage-D10,ref|NC_001135|,155207,G,GA,5,72,6.94%,2.8961E-2
D4-lineage-D10,ref|NC_001135|,162361,T,C,81,81,100%,2.7329E-48
D4-lineage-D10,ref|NC_001135|,162396,G,C,91,91,100%,2.7621E-54
D4-lineage-D10,ref|NC_001135|,162640,T,G,89,89,100%,4.3706E-53
D4-lineage-D10,ref|NC_001135|,162694,G,A,85,85,100%,1.0935E-50
D4-lineage-D10,ref|NC_001135|,162712,TA,T,70,77,90.91%,3.0899E-36
D4-lineage-D10,ref|NC_001135|,163059,T,C,57,57,100%,6.4572E-34
D4-lineage-D10,ref|NC_001135|,163163,G,GA,66,75,88%,3.9659E-33
D4-lineage-D10,ref|NC_001135|,163192,A,AT,77,80,96.25%,9.9822E-43
D4-lineage-D10,ref|NC_001135|,169382,G,T,5,71,7.04%,2.9058E-2
D4-lineage-D10,ref|NC_001135|,173551,CT,C,7,101,6.93%,6.9761E-3
D4-lineage-D10,ref|NC_001135|,176387,G,A,5,68,7.35%,2.8961E-2
D4-lineage-D10,ref|NC_001135|,199081,G,A,48,51,94.12%,6.2071E-26
D4-lineage-D10,ref|NC_001135|,205674,CT,C,13,62,20.97%,5.8991E-5
D4-lineage-D10,ref|NC_001135|,211722,GA,G,12,99,12.12%,1.6419E-4
D4-lineage-D10,ref|NC_001135|,224773,TTA,T,5,68,7.35%,2.8819E-2
D4-lineage-D10,ref|NC_001135|,228964,G,GT,6,53,11.32%,1.3237E-2
D4-lineage-D10,ref|NC_001135|,229272,C,CA,8,67,11.94%,3.0583E-3
D4-lineage-D10,ref|NC_001135|,231005,CT,C,10,51,19.61%,5.2405E-4
D4-lineage-D10,ref|NC_001135|,234893,AAAG,A,5,74,6.76%,2.9117E-2
D4-lineage-D10,ref|NC_001135|,238486,G,A,5,81,6.17%,2.9327E-2
D4-lineage-D10,ref|NC_001135|,242447,AT,A,10,84,11.9%,7.0212E-4
D4-lineage-D10,ref|NC_001135|,247980,GTA,G,8,50,16%,2.8457E-3
D4-lineage-D10,ref|NC_001135|,259986,GT,G,5,76,6.58%,2.9117E-2
D4-lineage-D10,ref|NC_001135|,260025,GTA,G,9,88,10.23%,1.567E-3
D4-lineage-D10,ref|NC_001135|,268757,T,A,5,100,5%,2.9692E-2
D4-lineage-D10,ref|NC_001135|,273025,G,GA,9,54,16.67%,1.2547E-3
D4-lineage-D10,ref|NC_001135|,291227,C,CA,7,82,8.54%,6.837E-3
D4-lineage-D10,ref|NC_001135|,304284,TA,T,6,105,5.71%,1.4454E-2
D4-lineage-D10,ref|NC_001135|,313479,TA,T,11,73,15.07%,3.1917E-4
D4-lineage-D10,ref|NC_001135|,315517,CTA,C,8,65,12.31%,2.9718E-3
D4-lineage-D10,ref|NC_001136|,25,A,AC,5,10,50%,1.6254E-2
D4-lineage-D10,ref|NC_001136|,42,A,AC,5,15,33.33%,2.1073E-2
D4-lineage-D10,ref|NC_001136|,54,C,CA,5,20,25%,2.3562E-2
D4-lineage-D10,ref|NC_001136|,61,AC,A,12,25,48%,4.2836E-5
D4-lineage-D10,ref|NC_001136|,87,A,AC,6,16,40%,7.971E-3
D4-lineage-D10,ref|NC_001136|,104,C,CA,6,43,14.29%,1.2905E-2
D4-lineage-D10,ref|NC_001136|,122,CCA,C,6,51,11.76%,1.3375E-2
D4-lineage-D10,ref|NC_001136|,4721,C,CT,5,81,6.17%,2.9327E-2
D4-lineage-D10,ref|NC_001136|,7721,C,CA,66,67,98.51%,4.5385E-38
D4-lineage-D10,ref|NC_001136|,13937,G,A,39,78,50%,2.95E-15
D4-lineage-D10,ref|NC_001136|,20525,CTA,C,6,51,11.76%,1.3136E-2
D4-lineage-D10,ref|NC_001136|,26389,T,TA,9,97,9.28%,1.5832E-3
D4-lineage-D10,ref|NC_001136|,27747,A,G,11,64,17.19%,3.0557E-4
D4-lineage-D10,ref|NC_001136|,33328,CAT,C,5,96,5.21%,2.9575E-2
D4-lineage-D10,ref|NC_001136|,43856,CT,C,12,88,13.64%,1.5255E-4
D4-lineage-D10,ref|NC_001136|,43887,GA,G,11,87,12.64%,3.4273E-4
D4-lineage-D10,ref|NC_001136|,57073,GA,G,5,69,7.25%,2.8892E-2
D4-lineage-D10,ref|NC_001136|,76735,A,AT,5,99,5.05%,2.966E-2
D4-lineage-D10,ref|NC_001136|,76825,CA,C,5,85,5.88%,2.9373E-2
D4-lineage-D10,ref|NC_001136|,82419,A,AT,8,116,6.9%,3.4239E-3
D4-lineage-D10,ref|NC_001136|,92682,GA,G,10,67,14.93%,5.9342E-4
D4-lineage-D10,ref|NC_001136|,95791,G,GT,10,93,10.75%,7.3768E-4
D4-lineage-D10,ref|NC_001136|,99407,G,GA,13,105,12.38%,8.1207E-5
D4-lineage-D10,ref|NC_001136|,106907,A,AT,9,79,11.39%,1.5142E-3
D4-lineage-D10,ref|NC_001136|,123792,TA,T,6,91,6.59%,1.4279E-2
D4-lineage-D10,ref|NC_001136|,126537,C,CT,16,61,26.23%,2.607E-6
D4-lineage-D10,ref|NC_001136|,135456,CT,C,15,82,18.29%,1.2459E-5
D4-lineage-D10,ref|NC_001136|,137979,AT,A,6,87,6.9%,1.4247E-2
D4-lineage-D10,ref|NC_001136|,149215,A,T,5,100,5%,2.9692E-2
D4-lineage-D10,ref|NC_001136|,157978,C,CT,5,74,6.76%,2.9026E-2
D4-lineage-D10,ref|NC_001136|,164943,C,CT,6,90,6.67%,1.4263E-2
D4-lineage-D10,ref|NC_001136|,169891,TA,T,5,32,15.62%,2.6093E-2
D4-lineage-D10,ref|NC_001136|,192492,C,CA,5,85,5.88%,2.9417E-2
D4-lineage-D10,ref|NC_001136|,211315,CAT,C,7,88,7.95%,6.8917E-3
D4-lineage-D10,ref|NC_001136|,212440,GT,G,12,76,15.79%,1.4234E-4
D4-lineage-D10,ref|NC_001136|,212685,CA,C,6,101,5.94%,1.4465E-2
D4-lineage-D10,ref|NC_001136|,226816,CAT,C,9,40,22.5%,1.1256E-3
D4-lineage-D10,ref|NC_001136|,240138,CAT,C,10,89,11.24%,7.324E-4
D4-lineage-D10,ref|NC_001136|,270194,C,CA,5,76,6.58%,2.9058E-2
D4-lineage-D10,ref|NC_001136|,273629,GTT,G,22,68,32.35%,9.3895E-9
D4-lineage-D10,ref|NC_001136|,283285,G,GA,7,100,7%,6.9675E-3
D4-lineage-D10,ref|NC_001136|,286882,CT,C,10,94,10.64%,7.4518E-4
D4-lineage-D10,ref|NC_001136|,300038,G,GA,9,112,8.04%,1.6364E-3
D4-lineage-D10,ref|NC_001136|,302323,G,GA,9,78,11.54%,1.5196E-3
D4-lineage-D10,ref|NC_001136|,312518,CT,C,7,87,8.05%,6.8706E-3
D4-lineage-D10,ref|NC_001136|,323677,GAT,G,13,75,17.33%,6.5501E-5
D4-lineage-D10,ref|NC_001136|,336206,CT,C,9,83,10.84%,1.5248E-3
D4-lineage-D10,ref|NC_001136|,344004,G,GTA,25,61,40.98%,8.49E-10
D4-lineage-D10,ref|NC_001136|,344227,CT,C,6,74,8.11%,1.4021E-2
D4-lineage-D10,ref|NC_001136|,351896,G,A,5,98,5.1%,2.966E-2
D4-lineage-D10,ref|NC_001136|,355027,G,A,7,112,6.25%,7.0934E-3
D4-lineage-D10,ref|NC_001136|,358277,AT,A,5,85,5.88%,2.9351E-2
D4-lineage-D10,ref|NC_001136|,364962,TA,T,10,88,11.36%,7.4273E-4
D4-lineage-D10,ref|NC_001136|,369171,GA,G,7,98,7.14%,6.9217E-3
D4-lineage-D10,ref|NC_001136|,369259,CA,C,11,73,15.07%,2.9794E-4
D4-lineage-D10,ref|NC_001136|,369307,T,C,7,67,10.45%,6.6257E-3
D4-lineage-D10,ref|NC_001136|,386778,G,GT,5,74,6.76%,2.9146E-2
D4-lineage-D10,ref|NC_001136|,394573,T,C,14,74,18.92%,3.0992E-5
D4-lineage-D10,ref|NC_001136|,403511,G,GT,74,81,91.36%,5.1079E-39
D4-lineage-D10,ref|NC_001136|,408171,C,CA,12,95,12.63%,1.6419E-4
D4-lineage-D10,ref|NC_001136|,410887,AT,A,7,75,9.33%,6.6905E-3
D4-lineage-D10,ref|NC_001136|,427105,C,CT,8,111,7.21%,3.4063E-3
D4-lineage-D10,ref|NC_001136|,428805,AT,A,5,70,7.14%,2.878E-2
D4-lineage-D10,ref|NC_001136|,436198,C,CT,9,79,11.39%,1.4851E-3
D4-lineage-D10,ref|NC_001136|,450188,GTA,G,14,96,14.58%,3.3581E-5
D4-lineage-D10,ref|NC_001136|,462158,A,G,9,118,7.63%,1.6672E-3
D4-lineage-D10,ref|NC_001136|,482472,GA,G,13,86,15.12%,6.7394E-5
D4-lineage-D10,ref|NC_001136|,489441,AAT,A,8,73,10.96%,3.1191E-3
D4-lineage-D10,ref|NC_001136|,505233,CAT,C,8,83,9.64%,3.2508E-3
D4-lineage-D10,ref|NC_001136|,507966,GA,G,8,110,7.27%,3.397E-3
D4-lineage-D10,ref|NC_001136|,516692,C,G,6,43,13.95%,1.2967E-2
D4-lineage-D10,ref|NC_001136|,519899,GT,G,6,50,12%,1.2905E-2
D4-lineage-D10,ref|NC_001136|,520523,A,T,5,92,5.43%,2.9557E-2
D4-lineage-D10,ref|NC_001136|,523025,CT,C,5,88,5.68%,2.9396E-2
D4-lineage-D10,ref|NC_001136|,525613,C,CA,7,108,6.48%,7.0464E-3
D4-lineage-D10,ref|NC_001136|,538733,GTA,G,18,65,27.69%,7.2242E-7
D4-lineage-D10,ref|NC_001136|,542558,CA,C,9,87,10.34%,1.5299E-3
D4-lineage-D10,ref|NC_001136|,548546,G,GT,22,87,25.29%,2.4621E-8
D4-lineage-D10,ref|NC_001136|,551819,CA,C,11,79,13.92%,3.2718E-4
D4-lineage-D10,ref|NC_001136|,562609,G,GA,5,88,5.68%,2.9439E-2
D4-lineage-D10,ref|NC_001136|,563497,C,CA,9,85,10.59%,1.5539E-3
D4-lineage-D10,ref|NC_001136|,587839,CT,C,21,90,23.33%,9.829E-8
D4-lineage-D10,ref|NC_001136|,599089,T,A,6,100,6%,1.4465E-2
D4-lineage-D10,ref|NC_001136|,607042,G,GA,10,72,13.89%,6.6338E-4
D4-lineage-D10,ref|NC_001136|,621879,G,GA,13,92,14.13%,6.859E-5
D4-lineage-D10,ref|NC_001136|,628576,A,T,5,79,6.33%,2.9279E-2
D4-lineage-D10,ref|NC_001136|,628654,A,AT,5,74,6.76%,2.9088E-2
D4-lineage-D10,ref|NC_001136|,630833,GT,G,8,53,15.09%,2.8033E-3
D4-lineage-D10,ref|NC_001136|,637094,A,AT,5,93,5.38%,2.9557E-2
D4-lineage-D10,ref|NC_001136|,645102,G,GA,18,120,15%,1.8036E-6
D4-lineage-D10,ref|NC_001136|,646748,C,T,8,124,6.45%,3.4769E-3
D4-lineage-D10,ref|NC_001136|,658113,CT,C,5,99,5.05%,2.961E-2
D4-lineage-D10,ref|NC_001136|,664177,A,G,5,84,5.95%,2.9396E-2
D4-lineage-D10,ref|NC_001136|,668949,T,TA,9,90,10%,1.5493E-3
D4-lineage-D10,ref|NC_001136|,676741,T,A,5,74,6.76%,2.9146E-2
D4-lineage-D10,ref|NC_001136|,680128,CT,C,5,96,5.21%,2.9575E-2
D4-lineage-D10,ref|NC_001136|,688062,C,CTT,43,69,62.32%,2.3681E-19
D4-lineage-D10,ref|NC_001136|,733497,A,AT,6,64,9.38%,1.3796E-2
D4-lineage-D10,ref|NC_001136|,746353,CA,C,6,75,8%,1.3903E-2
D4-lineage-D10,ref|NC_001136|,748524,T,TA,5,87,5.75%,2.9417E-2
D4-lineage-D10,ref|NC_001136|,757631,G,C,71,71,100%,2.6835E-42
D4-lineage-D10,ref|NC_001136|,758310,T,C,64,64,100%,4.1752E-38
D4-lineage-D10,ref|NC_001136|,791925,CA,C,6,84,7.14%,1.4247E-2
D4-lineage-D10,ref|NC_001136|,808673,TC,T,5,80,6.25%,2.9303E-2
D4-lineage-D10,ref|NC_001136|,810472,TTA,T,5,75,6.67%,2.9026E-2
D4-lineage-D10,ref|NC_001136|,816853,A,AAGT,5,85,5.88%,2.9417E-2
D4-lineage-D10,ref|NC_001136|,817531,T,TA,77,95,81.05%,3.7188E-36
D4-lineage-D10,ref|NC_001136|,835638,GA,G,9,113,8.11%,1.6335E-3
D4-lineage-D10,ref|NC_001136|,840422,AAT,A,8,84,9.52%,3.2508E-3
D4-lineage-D10,ref|NC_001136|,851116,TA,T,9,73,12.33%,1.4788E-3
D4-lineage-D10,ref|NC_001136|,855403,T,A,5,92,5.43%,2.9557E-2
D4-lineage-D10,ref|NC_001136|,870706,C,CT,6,83,7.23%,1.4179E-2
D4-lineage-D10,ref|NC_001136|,872837,T,C,8,30,26.67%,2.2875E-3
D4-lineage-D10,ref|NC_001136|,880697,A,G,46,46,100%,2.4343E-27
D4-lineage-D10,ref|NC_001136|,884572,CT,C,16,81,19.75%,4.9254E-6
D4-lineage-D10,ref|NC_001136|,892532,CA,C,9,76,11.84%,1.4657E-3
D4-lineage-D10,ref|NC_001136|,897678,TG,T,5,76,6.58%,2.9201E-2
D4-lineage-D10,ref|NC_001136|,909727,AT,A,13,74,17.57%,5.7349E-5
D4-lineage-D10,ref|NC_001136|,921813,C,CA,7,48,14.58%,5.8219E-3
D4-lineage-D10,ref|NC_001136|,927297,C,G,5,73,6.85%,2.9117E-2
D4-lineage-D10,ref|NC_001136|,930964,CAT,C,19,68,27.94%,3.8563E-7
D4-lineage-D10,ref|NC_001136|,938290,TA,T,6,90,6.67%,1.4338E-2
D4-lineage-D10,ref|NC_001136|,955986,GA,G,8,80,10%,3.2002E-3
D4-lineage-D10,ref|NC_001136|,966520,TA,T,14,49,28.57%,1.2005E-5
D4-lineage-D10,ref|NC_001136|,974414,C,CA,5,83,6.02%,2.9351E-2
D4-lineage-D10,ref|NC_001136|,986757,T,A,6,63,9.52%,1.3796E-2
D4-lineage-D10,ref|NC_001136|,987244,G,A,42,47,89.36%,1.5987E-21
D4-lineage-D10,ref|NC_001136|,1002291,A,AT,10,99,10.1%,7.6512E-4
D4-lineage-D10,ref|NC_001136|,1007160,G,A,6,116,5.17%,1.4624E-2
D4-lineage-D10,ref|NC_001136|,1007254,C,G,9,74,12.16%,1.5086E-3
D4-lineage-D10,ref|NC_001136|,1013977,T,TC,7,110,6.36%,7.0672E-3
D4-lineage-D10,ref|NC_001136|,1015989,G,GA,5,91,5.49%,2.9459E-2
D4-lineage-D10,ref|NC_001136|,1046392,A,G,19,57,33.33%,3.1469E-7
D4-lineage-D10,ref|NC_001136|,1057873,AT,A,5,78,6.41%,2.9228E-2
D4-lineage-D10,ref|NC_001136|,1079010,AT,A,18,66,27.27%,7.2242E-7
D4-lineage-D10,ref|NC_001136|,1084521,GA,G,15,108,13.89%,1.7526E-5
D4-lineage-D10,ref|NC_001136|,1084685,GA,G,13,91,14.29%,7.5722E-5
D4-lineage-D10,ref|NC_001136|,1090113,G,GA,18,92,19.57%,1.2397E-6
D4-lineage-D10,ref|NC_001136|,1101983,C,CT,7,78,8.97%,6.7346E-3
D4-lineage-D10,ref|NC_001136|,1105909,AT,A,10,72,13.89%,6.5891E-4
D4-lineage-D10,ref|NC_001136|,1108600,G,GA,11,104,10.58%,3.5685E-4
D4-lineage-D10,ref|NC_001136|,1130880,AT,A,5,85,5.88%,2.9279E-2
D4-lineage-D10,ref|NC_001136|,1135619,AT,A,8,97,8.25%,3.3448E-3
D4-lineage-D10,ref|NC_001136|,1143650,A,G,5,95,5.26%,2.961E-2
D4-lineage-D10,ref|NC_001136|,1147231,C,CT,7,75,9.33%,6.6905E-3
D4-lineage-D10,ref|NC_001136|,1150910,A,AG,98,110,89.09%,1.4337E-49
D4-lineage-D10,ref|NC_001136|,1156096,CT,C,5,88,5.68%,2.9459E-2
D4-lineage-D10,ref|NC_001136|,1156457,TA,T,8,77,10.39%,3.1909E-3
D4-lineage-D10,ref|NC_001136|,1164193,A,T,5,87,5.75%,2.9459E-2
D4-lineage-D10,ref|NC_001136|,1173811,A,G,9,73,12.33%,1.503E-3
D4-lineage-D10,ref|NC_001136|,1173812,A,G,20,81,24.69%,2.5034E-7
D4-lineage-D10,ref|NC_001136|,1173814,C,T,5,68,7.35%,2.8961E-2
D4-lineage-D10,ref|NC_001136|,1178330,CT,C,11,74,14.86%,2.9794E-4
D4-lineage-D10,ref|NC_001136|,1181441,A,AT,9,83,10.84%,1.5539E-3
D4-lineage-D10,ref|NC_001136|,1191893,T,TA,12,106,11.32%,1.7446E-4
D4-lineage-D10,ref|NC_001136|,1193944,A,T,6,93,6.45%,1.4379E-2
D4-lineage-D10,ref|NC_001136|,1202177,CA,C,5,100,5%,2.9644E-2
D4-lineage-D10,ref|NC_001136|,1224289,CT,C,6,102,5.88%,1.4488E-2
D4-lineage-D10,ref|NC_001136|,1224545,AAT,A,5,69,7.25%,2.8927E-2
D4-lineage-D10,ref|NC_001136|,1237589,C,CT,8,84,9.52%,3.2585E-3
D4-lineage-D10,ref|NC_001136|,1239031,AAT,A,11,51,21.57%,2.5227E-4
D4-lineage-D10,ref|NC_001136|,1240959,GA,G,8,85,9.41%,3.2179E-3
D4-lineage-D10,ref|NC_001136|,1241111,GA,G,6,78,7.69%,1.4042E-2
D4-lineage-D10,ref|NC_001136|,1242276,G,GA,8,115,6.96%,3.4363E-3
D4-lineage-D10,ref|NC_001136|,1253397,T,C,104,104,100%,4.3992E-62
D4-lineage-D10,ref|NC_001136|,1254534,A,AT,9,94,9.57%,1.5712E-3
D4-lineage-D10,ref|NC_001136|,1277683,A,T,5,89,5.62%,2.95E-2
D4-lineage-D10,ref|NC_001136|,1278545,GA,G,5,61,8.2%,2.8522E-2
D4-lineage-D10,ref|NC_001136|,1282710,A,G,5,99,5.05%,2.9676E-2
D4-lineage-D10,ref|NC_001136|,1305680,TG,T,64,69,92.75%,6.8188E-34
D4-lineage-D10,ref|NC_001136|,1307883,T,C,5,68,7.35%,2.8961E-2
D4-lineage-D10,ref|NC_001136|,1307967,T,C,14,17,82.35%,4.8851E-7
D4-lineage-D10,ref|NC_001136|,1310265,G,GA,10,120,8.4%,7.917E-4
D4-lineage-D10,ref|NC_001136|,1341641,TC,T,12,100,12%,1.7001E-4
D4-lineage-D10,ref|NC_001136|,1357474,A,AT,6,42,14.29%,1.2702E-2
D4-lineage-D10,ref|NC_001136|,1364292,C,A,6,89,6.74%,1.4324E-2
D4-lineage-D10,ref|NC_001136|,1385471,CAT,C,9,74,12.16%,1.4657E-3
D4-lineage-D10,ref|NC_001136|,1402305,C,T,104,104,100%,4.3992E-62
D4-lineage-D10,ref|NC_001136|,1412225,G,GA,10,97,10.31%,7.4758E-4
D4-lineage-D10,ref|NC_001136|,1419110,TGA,T,6,113,5.31%,1.4597E-2
D4-lineage-D10,ref|NC_001136|,1427866,A,G,5,78,6.41%,2.9254E-2
D4-lineage-D10,ref|NC_001136|,1431852,G,C,12,74,16.22%,1.5045E-4
D4-lineage-D10,ref|NC_001136|,1433710,A,T,92,92,100%,6.9429E-55
D4-lineage-D10,ref|NC_001136|,1443538,G,GA,9,117,7.69%,1.6526E-3
D4-lineage-D10,ref|NC_001136|,1451259,G,GT,6,69,8.7%,1.3903E-2
D4-lineage-D10,ref|NC_001136|,1453484,A,T,7,139,5.04%,7.2309E-3
D4-lineage-D10,ref|NC_001136|,1466418,GT,G,14,92,15.22%,3.2485E-5
D4-lineage-D10,ref|NC_001136|,1468506,C,CA,7,112,6.25%,7.074E-3
D4-lineage-D10,ref|NC_001136|,1468786,A,T,7,129,5.43%,7.1866E-3
D4-lineage-D10,ref|NC_001136|,1474784,AT,A,13,88,14.77%,7.0291E-5
D4-lineage-D10,ref|NC_001136|,1487384,CA,C,8,111,7.21%,3.4108E-3
D4-lineage-D10,ref|NC_001136|,1494413,CA,C,8,96,8.33%,3.3145E-3
D4-lineage-D10,ref|NC_001136|,1515034,TA,T,107,127,84.25%,1.5477E-52
D4-lineage-D10,ref|NC_001136|,1518948,G,GT,64,105,60.95%,5.3897E-27
D4-lineage-D10,ref|NC_001136|,1524974,A,G,83,83,100%,1.729E-49
D4-lineage-D10,ref|NC_001136|,1525313,T,G,14,14,100%,2.4927E-8
D4-lineage-D10,ref|NC_001137|,14724,CA,C,10,61,16.39%,6.18E-4
D4-lineage-D10,ref|NC_001137|,16072,A,AT,8,98,8.16%,3.3505E-3
D4-lineage-D10,ref|NC_001137|,21321,TA,T,12,81,14.81%,1.4598E-4
D4-lineage-D10,ref|NC_001137|,23230,AT,A,6,105,5.71%,1.4417E-2
D4-lineage-D10,ref|NC_001137|,31460,CAT,C,7,60,11.67%,6.4707E-3
D4-lineage-D10,ref|NC_001137|,33475,C,CT,9,90,10%,1.5539E-3
D4-lineage-D10,ref|NC_001137|,36289,GT,G,8,60,13.33%,2.9216E-3
D4-lineage-D10,ref|NC_001137|,42740,GT,G,5,70,7.14%,2.8994E-2
D4-lineage-D10,ref|NC_001137|,48384,T,C,61,61,100%,2.609E-36
D4-lineage-D10,ref|NC_001137|,48426,C,A,5,74,6.76%,2.9146E-2
D4-lineage-D10,ref|NC_001137|,51030,T,C,5,85,5.88%,2.9417E-2
D4-lineage-D10,ref|NC_001137|,52435,CA,C,5,95,5.26%,2.9557E-2
D4-lineage-D10,ref|NC_001137|,59359,G,GT,6,78,7.69%,1.4042E-2
D4-lineage-D10,ref|NC_001137|,59372,CT,C,6,91,6.59%,1.4324E-2
D4-lineage-D10,ref|NC_001137|,61686,CT,C,7,78,8.97%,6.6905E-3
D4-lineage-D10,ref|NC_001137|,65293,GA,G,20,68,29.41%,1.1494E-7
D4-lineage-D10,ref|NC_001137|,86488,C,CA,10,62,16.13%,5.6532E-4
D4-lineage-D10,ref|NC_001137|,100573,TA,T,13,65,20%,5.473E-5
D4-lineage-D10,ref|NC_001137|,116028,G,A,24,24,100%,3.101E-14
D4-lineage-D10,ref|NC_001137|,116086,G,A,37,37,100%,5.7269E-22
D4-lineage-D10,ref|NC_001137|,116577,G,A,81,81,100%,2.7329E-48
D4-lineage-D10,ref|NC_001137|,116644,G,T,78,78,100%,1.7165E-46
D4-lineage-D10,ref|NC_001137|,118577,CAT,C,12,56,21.43%,1.1751E-4
D4-lineage-D10,ref|NC_001137|,122728,G,GA,18,79,22.78%,1.1982E-6
D4-lineage-D10,ref|NC_001137|,128646,G,GT,6,97,6.19%,1.443E-2
D4-lineage-D10,ref|NC_001137|,131558,T,TA,7,90,7.78%,6.8813E-3
D4-lineage-D10,ref|NC_001137|,132565,CAT,C,7,82,8.54%,6.7346E-3
D4-lineage-D10,ref|NC_001137|,148091,GA,G,5,49,10.2%,2.7874E-2
D4-lineage-D10,ref|NC_001137|,148510,A,T,6,78,7.69%,1.4142E-2
D4-lineage-D10,ref|NC_001137|,151575,TA,T,6,84,7.14%,1.4247E-2
D4-lineage-D10,ref|NC_001137|,152924,G,GA,6,60,10%,1.3641E-2
D4-lineage-D10,ref|NC_001137|,154531,T,A,80,80,100%,1.0864E-47
D4-lineage-D10,ref|NC_001137|,159027,CA,C,18,85,21.18%,1.0894E-6
D4-lineage-D10,ref|NC_001137|,162567,G,GT,5,92,5.43%,2.9538E-2
D4-lineage-D10,ref|NC_001137|,169272,T,C,6,82,7.32%,1.4214E-2
D4-lineage-D10,ref|NC_001137|,172598,GAT,G,7,81,8.64%,6.8253E-3
D4-lineage-D10,ref|NC_001137|,196609,T,TA,8,78,10.26%,3.2091E-3
D4-lineage-D10,ref|NC_001137|,198592,GTA,G,19,75,25.33%,4.534E-7
D4-lineage-D10,ref|NC_001137|,217691,TA,T,7,48,14.58%,6.1097E-3
D4-lineage-D10,ref|NC_001137|,221394,TA,T,6,93,6.45%,1.4324E-2
D4-lineage-D10,ref|NC_001137|,223127,AT,A,8,90,8.89%,3.308E-3
D4-lineage-D10,ref|NC_001137|,241578,GA,G,8,60,13.33%,2.9718E-3
D4-lineage-D10,ref|NC_001137|,243665,GA,G,10,76,13.16%,6.7197E-4
D4-lineage-D10,ref|NC_001137|,251561,G,GA,10,70,14.29%,6.8011E-4
D4-lineage-D10,ref|NC_001137|,256303,GTA,G,17,79,21.52%,2.4824E-6
D4-lineage-D10,ref|NC_001137|,258177,GA,G,8,75,10.67%,3.1302E-3
D4-lineage-D10,ref|NC_001137|,259747,G,GA,6,83,7.23%,1.4214E-2
D4-lineage-D10,ref|NC_001137|,261464,C,CA,11,48,22.92%,2.1011E-4
D4-lineage-D10,ref|NC_001137|,268335,G,GA,13,67,19.4%,5.9784E-5
D4-lineage-D10,ref|NC_001137|,269159,GA,G,7,71,9.86%,6.5529E-3
D4-lineage-D10,ref|NC_001137|,272558,GT,G,51,71,71.83%,5.3682E-23
D4-lineage-D10,ref|NC_001137|,289244,AT,A,6,83,7.23%,1.4084E-2
D4-lineage-D10,ref|NC_001137|,291632,CT,C,6,83,7.23%,1.4142E-2
D4-lineage-D10,ref|NC_001137|,295243,A,AT,7,83,8.43%,6.8253E-3
D4-lineage-D10,ref|NC_001137|,303524,A,AT,5,56,8.93%,2.8423E-2
D4-lineage-D10,ref|NC_001137|,305701,C,CA,6,65,9.23%,1.3851E-2
D4-lineage-D10,ref|NC_001137|,305799,C,CT,8,64,12.5%,2.8851E-3
D4-lineage-D10,ref|NC_001137|,316709,A,AT,5,72,6.94%,2.8994E-2
D4-lineage-D10,ref|NC_001137|,335941,A,G,8,53,15.09%,2.9389E-3
D4-lineage-D10,ref|NC_001137|,349974,C,T,5,74,6.76%,2.9146E-2
D4-lineage-D10,ref|NC_001137|,352394,A,G,68,68,100%,1.6809E-40
D4-lineage-D10,ref|NC_001137|,357894,CT,C,6,91,6.59%,1.4338E-2
D4-lineage-D10,ref|NC_001137|,364258,T,A,5,67,7.46%,2.8927E-2
D4-lineage-D10,ref|NC_001137|,382283,T,G,6,41,14.63%,1.2841E-2
D4-lineage-D10,ref|NC_001137|,382298,A,AT,11,33,33.33%,1.0135E-4
D4-lineage-D10,ref|NC_001137|,382523,C,CA,10,61,16.39%,6.0611E-4
D4-lineage-D10,ref|NC_001137|,386143,G,GA,6,88,6.82%,1.4231E-2
D4-lineage-D10,ref|NC_001137|,386286,C,CT,8,67,11.94%,3.1191E-3
D4-lineage-D10,ref|NC_001137|,390254,CA,C,6,87,6.9%,1.4214E-2
D4-lineage-D10,ref|NC_001137|,395202,C,CA,6,74,8.11%,1.3999E-2
D4-lineage-D10,ref|NC_001137|,400988,C,CT,10,96,10.42%,7.5448E-4
D4-lineage-D10,ref|NC_001137|,404488,CT,C,13,56,23.21%,5.2873E-5
D4-lineage-D10,ref|NC_001137|,407127,GA,G,5,66,7.58%,2.878E-2
D4-lineage-D10,ref|NC_001137|,413363,TA,T,12,71,16.9%,1.4234E-4
D4-lineage-D10,ref|NC_001137|,415743,C,CT,5,69,7.25%,2.8927E-2
D4-lineage-D10,ref|NC_001137|,425041,C,CA,6,98,6.12%,1.4417E-2
D4-lineage-D10,ref|NC_001137|,425733,C,T,5,61,8.2%,2.87E-2
D4-lineage-D10,ref|NC_001137|,430559,CA,C,14,77,18.18%,2.8272E-5
D4-lineage-D10,ref|NC_001137|,433011,C,CT,6,88,6.82%,1.4247E-2
D4-lineage-D10,ref|NC_001137|,433180,A,AT,5,80,6.25%,2.9174E-2
D4-lineage-D10,ref|NC_001137|,449892,CA,C,5,87,5.75%,2.9459E-2
D4-lineage-D10,ref|NC_001137|,462951,CT,C,6,71,8.45%,1.3903E-2
D4-lineage-D10,ref|NC_001137|,468982,CT,C,7,93,7.53%,6.9313E-3
D4-lineage-D10,ref|NC_001137|,479237,TA,T,5,89,5.62%,2.95E-2
D4-lineage-D10,ref|NC_001137|,494197,T,C,5,23,21.74%,2.4548E-2
D4-lineage-D10,ref|NC_001137|,503930,CA,C,7,74,9.46%,6.675E-3
D4-lineage-D10,ref|NC_001137|,512169,CT,C,5,95,5.26%,2.9557E-2
D4-lineage-D10,ref|NC_001137|,517529,T,C,87,87,100%,6.9142E-52
D4-lineage-D10,ref|NC_001137|,520781,G,GA,7,64,10.94%,6.4016E-3
D4-lineage-D10,ref|NC_001137|,522970,A,AT,5,69,7.25%,2.8819E-2
D4-lineage-D10,ref|NC_001137|,540506,G,GA,5,97,5.15%,2.9627E-2
D4-lineage-D10,ref|NC_001137|,545186,AG,A,5,24,20.83%,2.4548E-2
D4-lineage-D10,ref|NC_001137|,555344,CA,C,6,78,7.69%,1.4042E-2
D4-lineage-D10,ref|NC_001138|,8304,TA,T,11,74,14.86%,3.0799E-4
D4-lineage-D10,ref|NC_001138|,8640,G,GT,6,71,8.45%,1.3903E-2
D4-lineage-D10,ref|NC_001138|,11068,CT,C,27,107,25.23%,9.0843E-10
D4-lineage-D10,ref|NC_001138|,12416,T,A,56,145,38.62%,1.8324E-20
D4-lineage-D10,ref|NC_001138|,14286,C,CA,8,86,9.3%,3.2735E-3
D4-lineage-D10,ref|NC_001138|,26165,C,CT,8,92,8.7%,3.3331E-3
D4-lineage-D10,ref|NC_001138|,31532,AT,A,5,58,8.62%,2.8423E-2
D4-lineage-D10,ref|NC_001138|,54494,G,GT,6,73,8.22%,1.3952E-2
D4-lineage-D10,ref|NC_001138|,58005,GAT,G,9,49,18.37%,1.2547E-3
D4-lineage-D10,ref|NC_001138|,75912,CT,C,14,89,15.73%,3.3043E-5
D4-lineage-D10,ref|NC_001138|,78010,CAT,C,5,60,8.33%,2.8569E-2
D4-lineage-D10,ref|NC_001138|,92396,G,C,5,63,7.94%,2.878E-2
D4-lineage-D10,ref|NC_001138|,95460,A,AT,8,103,7.77%,3.3561E-3
D4-lineage-D10,ref|NC_001138|,97617,T,TA,12,62,19.35%,1.3273E-4
D4-lineage-D10,ref|NC_001138|,97864,C,CTT,53,78,67.95%,3.8656E-25
D4-lineage-D10,ref|NC_001138|,99153,C,CA,19,79,24.05%,4.534E-7
D4-lineage-D10,ref|NC_001138|,104558,C,CA,9,66,13.64%,1.4373E-3
D4-lineage-D10,ref|NC_001138|,104577,TA,T,6,62,9.68%,1.3571E-2
D4-lineage-D10,ref|NC_001138|,106277,C,CTT,39,71,54.93%,3.7523E-19
D4-lineage-D10,ref|NC_001138|,111477,A,AT,6,74,8.11%,1.3976E-2
D4-lineage-D10,ref|NC_001138|,119284,GA,G,9,81,11.11%,1.5086E-3
D4-lineage-D10,ref|NC_001138|,130212,C,A,5,89,5.62%,2.95E-2
D4-lineage-D10,ref|NC_001138|,155985,GT,G,16,74,21.62%,5.5268E-6
D4-lineage-D10,ref|NC_001138|,167855,AT,A,7,73,9.59%,6.675E-3
D4-lineage-D10,ref|NC_001138|,186224,GATA,G,5,55,9.09%,2.8261E-2
D4-lineage-D10,ref|NC_001138|,210067,AT,A,11,76,14.47%,3.2124E-4
D4-lineage-D10,ref|NC_001138|,210344,TTG,T,7,57,12.28%,6.4016E-3
D4-lineage-D10,ref|NC_001138|,226131,C,CA,5,64,7.81%,2.87E-2
D4-lineage-D10,ref|NC_001138|,226929,G,GA,6,79,7.59%,1.4142E-2
D4-lineage-D10,ref|NC_001138|,227478,CT,C,12,63,19.05%,1.1751E-4
D4-lineage-D10,ref|NC_001138|,245961,A,AT,5,72,6.94%,2.8961E-2
D4-lineage-D10,ref|NC_001138|,262244,CA,C,8,80,10%,3.2264E-3
D4-lineage-D10,ref|NC_001138|,265378,CT,C,5,72,6.94%,2.9088E-2
D4-lineage-D10,ref|NC_001139|,214,A,AC,66,72,91.67%,1.7352E-34
D4-lineage-D10,ref|NC_001139|,8151,G,GA,73,80,91.25%,6.3484E-38
D4-lineage-D10,ref|NC_001139|,14846,G,GA,13,88,14.77%,7.4819E-5
D4-lineage-D10,ref|NC_001139|,43266,CA,C,7,77,9.09%,6.659E-3
D4-lineage-D10,ref|NC_001139|,46077,T,C,13,86,15.12%,7.4819E-5
D4-lineage-D10,ref|NC_001139|,49415,CT,C,9,89,10.11%,1.5793E-3
D4-lineage-D10,ref|NC_001139|,56225,C,CT,15,106,14.15%,1.6991E-5
D4-lineage-D10,ref|NC_001139|,69352,TAC,T,8,67,11.94%,3.1077E-3
D4-lineage-D10,ref|NC_001139|,70537,TG,T,5,85,5.88%,2.9417E-2
D4-lineage-D10,ref|NC_001139|,76709,G,GA,14,101,13.86%,3.6214E-5
D4-lineage-D10,ref|NC_001139|,77930,A,AT,14,101,13.86%,3.7453E-5
D4-lineage-D10,ref|NC_001139|,79002,GTA,G,5,35,14.29%,2.6693E-2
D4-lineage-D10,ref|NC_001139|,80602,TA,T,5,49,10.2%,2.7273E-2
D4-lineage-D10,ref|NC_001139|,84763,C,CT,7,72,9.72%,6.6257E-3
D4-lineage-D10,ref|NC_001139|,89733,C,CA,5,88,5.68%,2.9417E-2
D4-lineage-D10,ref|NC_001139|,102487,T,TA,7,89,7.87%,6.8813E-3
D4-lineage-D10,ref|NC_001139|,124375,GA,G,6,79,7.59%,1.4042E-2
D4-lineage-D10,ref|NC_001139|,154579,T,TA,11,67,16.42%,2.8374E-4
D4-lineage-D10,ref|NC_001139|,156115,GTA,G,6,42,14.29%,1.2702E-2
D4-lineage-D10,ref|NC_001139|,167250,CA,C,10,74,13.51%,6.7609E-4
D4-lineage-D10,ref|NC_001139|,167622,C,CA,13,78,16.67%,6.6777E-5
D4-lineage-D10,ref|NC_001139|,190778,GA,G,6,83,7.23%,1.4124E-2
D4-lineage-D10,ref|NC_001139|,213859,G,GT,9,92,9.78%,1.567E-3
D4-lineage-D10,ref|NC_001139|,254377,GT,G,6,112,5.36%,1.4588E-2
D4-lineage-D10,ref|NC_001139|,269532,A,T,5,94,5.32%,2.9592E-2
D4-lineage-D10,ref|NC_001139|,278779,CT,C,8,68,11.76%,2.9557E-3
D4-lineage-D10,ref|NC_001139|,281605,A,AT,5,51,9.8%,2.7945E-2
D4-lineage-D10,ref|NC_001139|,307425,T,C,7,56,12.5%,6.4016E-3
D4-lineage-D10,ref|NC_001139|,311589,C,A,85,85,100%,1.0935E-50
D4-lineage-D10,ref|NC_001139|,321487,CAT,C,8,88,9.09%,3.308E-3
D4-lineage-D10,ref|NC_001139|,323361,AT,A,6,35,17.14%,1.2087E-2
D4-lineage-D10,ref|NC_001139|,326269,C,CA,12,62,19.35%,1.1557E-4
D4-lineage-D10,ref|NC_001139|,328799,T,C,5,71,7.04%,2.9058E-2
D4-lineage-D10,ref|NC_001139|,364146,A,AT,7,86,8.14%,6.8133E-3
D4-lineage-D10,ref|NC_001139|,366778,TA,T,13,64,20.31%,5.6497E-5
D4-lineage-D10,ref|NC_001139|,371569,G,A,76,76,100%,2.711E-45
D4-lineage-D10,ref|NC_001139|,386978,C,G,79,79,100%,4.3185E-47
D4-lineage-D10,ref|NC_001139|,386979,G,C,79,79,100%,4.3185E-47
D4-lineage-D10,ref|NC_001139|,397834,GA,G,35,83,42.17%,4.3049E-14
D4-lineage-D10,ref|NC_001139|,400221,TA,T,5,63,7.94%,2.87E-2
D4-lineage-D10,ref|NC_001139|,400550,G,GT,24,55,43.64%,4.6506E-10
D4-lineage-D10,ref|NC_001139|,401674,C,A,66,66,100%,2.6498E-39
D4-lineage-D10,ref|NC_001139|,401698,T,A,59,59,100%,4.1056E-35
D4-lineage-D10,ref|NC_001139|,404474,A,AG,54,60,90%,9.4042E-28
D4-lineage-D10,ref|NC_001139|,404522,T,TG,59,65,90.77%,1.5065E-30
D4-lineage-D10,ref|NC_001139|,404935,C,G,65,65,100%,1.0519E-38
D4-lineage-D10,ref|NC_001139|,404936,G,C,66,66,100%,2.6498E-39
D4-lineage-D10,ref|NC_001139|,405085,CG,C,59,62,95.16%,2.8722E-32
D4-lineage-D10,ref|NC_001139|,433855,T,TA,7,108,6.48%,7.0604E-3
D4-lineage-D10,ref|NC_001139|,438696,CA,C,5,76,6.58%,2.9026E-2
D4-lineage-D10,ref|NC_001139|,465811,G,GT,8,83,9.64%,3.2429E-3
D4-lineage-D10,ref|NC_001139|,483131,TA,T,5,71,7.04%,2.8892E-2
D4-lineage-D10,ref|NC_001139|,484095,CT,C,12,91,13.19%,1.6008E-4
D4-lineage-D10,ref|NC_001139|,485884,T,TA,5,67,7.46%,2.878E-2
D4-lineage-D10,ref|NC_001139|,496729,T,TA,53,65,81.54%,2.0451E-25
D4-lineage-D10,ref|NC_001139|,523519,G,GT,6,70,8.57%,1.3903E-2
D4-lineage-D10,ref|NC_001139|,523888,A,G,5,89,5.62%,2.95E-2
D4-lineage-D10,ref|NC_001139|,527468,A,AT,9,73,12.33%,1.4972E-3
D4-lineage-D10,ref|NC_001139|,530034,A,C,18,35,51.43%,1.9562E-7
D4-lineage-D10,ref|NC_001139|,581751,C,T,5,89,5.62%,2.95E-2
D4-lineage-D10,ref|NC_001139|,582530,TA,T,11,92,11.96%,3.4115E-4
D4-lineage-D10,ref|NC_001139|,589583,TA,T,5,71,7.04%,2.8927E-2
D4-lineage-D10,ref|NC_001139|,593361,CAT,C,7,64,10.94%,6.5529E-3
D4-lineage-D10,ref|NC_001139|,609109,TA,T,8,73,10.96%,3.1077E-3
D4-lineage-D10,ref|NC_001139|,611510,CA,C,6,64,9.38%,1.3641E-2
D4-lineage-D10,ref|NC_001139|,611744,CAT,C,7,64,10.94%,6.5131E-3
D4-lineage-D10,ref|NC_001139|,616171,A,AT,13,81,16.05%,6.7998E-5
D4-lineage-D10,ref|NC_001139|,617452,T,TA,8,65,12.31%,3.0583E-3
D4-lineage-D10,ref|NC_001139|,627186,CT,C,10,46,22.22%,5.0524E-4
D4-lineage-D10,ref|NC_001139|,627256,C,A,6,55,10.91%,1.3535E-2
D4-lineage-D10,ref|NC_001139|,639673,GA,G,9,64,14.06%,1.2935E-3
D4-lineage-D10,ref|NC_001139|,640617,CT,C,12,63,19.05%,1.1751E-4
D4-lineage-D10,ref|NC_001139|,649555,G,GT,7,80,8.75%,6.7056E-3
D4-lineage-D10,ref|NC_001139|,650957,GA,G,9,105,8.57%,1.6183E-3
D4-lineage-D10,ref|NC_001139|,653228,C,CT,7,72,9.72%,6.5529E-3
D4-lineage-D10,ref|NC_001139|,662342,A,G,7,82,8.54%,6.837E-3
D4-lineage-D10,ref|NC_001139|,676341,AT,A,5,69,7.25%,2.8927E-2
D4-lineage-D10,ref|NC_001139|,678070,CT,C,7,47,14.89%,5.721E-3
D4-lineage-D10,ref|NC_001139|,700000,AT,A,15,59,25.42%,8.6234E-6
D4-lineage-D10,ref|NC_001139|,702711,AT,A,5,75,6.67%,2.9117E-2
D4-lineage-D10,ref|NC_001139|,704819,T,A,6,120,5%,1.4657E-2
D4-lineage-D10,ref|NC_001139|,707064,C,CA,6,67,8.96%,1.3851E-2
D4-lineage-D10,ref|NC_001139|,715716,G,GA,10,100,10%,7.6307E-4
D4-lineage-D10,ref|NC_001139|,726535,C,CT,6,91,6.59%,1.4324E-2
D4-lineage-D10,ref|NC_001139|,733107,C,CG,5,98,5.1%,2.966E-2
D4-lineage-D10,ref|NC_001139|,733109,AT,A,18,77,23.38%,8.2591E-7
D4-lineage-D10,ref|NC_001139|,736553,TA,T,10,91,10.99%,7.2689E-4
D4-lineage-D10,ref|NC_001139|,742157,CT,C,13,63,20.63%,5.1909E-5
D4-lineage-D10,ref|NC_001139|,746575,CT,C,6,48,12.5%,1.2967E-2
D4-lineage-D10,ref|NC_001139|,765774,GA,G,7,92,7.61%,6.8813E-3
D4-lineage-D10,ref|NC_001139|,807865,CA,C,11,55,20%,2.5227E-4
D4-lineage-D10,ref|NC_001139|,819574,G,A,5,72,6.94%,2.9088E-2
D4-lineage-D10,ref|NC_001139|,836852,G,GA,7,83,8.43%,6.7486E-3
D4-lineage-D10,ref|NC_001139|,840600,GA,G,9,77,11.69%,1.5086E-3
D4-lineage-D10,ref|NC_001139|,848540,G,GA,8,71,11.27%,3.0959E-3
D4-lineage-D10,ref|NC_001139|,850800,G,GA,10,74,13.51%,6.9153E-4
D4-lineage-D10,ref|NC_001139|,853509,A,AT,5,78,6.41%,2.9146E-2
D4-lineage-D10,ref|NC_001139|,856430,CA,C,6,94,6.38%,1.4309E-2
D4-lineage-D10,ref|NC_001139|,871561,GA,G,11,99,11.11%,3.5685E-4
D4-lineage-D10,ref|NC_001139|,872555,G,A,5,67,7.46%,2.8927E-2
D4-lineage-D10,ref|NC_001139|,899782,TA,T,5,83,6.02%,2.9174E-2
D4-lineage-D10,ref|NC_001139|,910112,C,CT,13,52,25%,3.9497E-5
D4-lineage-D10,ref|NC_001139|,914928,GA,G,11,99,11.11%,3.6294E-4
D4-lineage-D10,ref|NC_001139|,920914,G,GA,6,120,5%,1.4606E-2
D4-lineage-D10,ref|NC_001139|,949251,CTA,C,5,55,9.09%,2.8317E-2
D4-lineage-D10,ref|NC_001139|,951285,G,GA,5,91,5.49%,2.9459E-2
D4-lineage-D10,ref|NC_001139|,959779,AAT,A,6,74,8.11%,1.3952E-2
D4-lineage-D10,ref|NC_001139|,968891,C,CT,5,70,7.14%,2.8927E-2
D4-lineage-D10,ref|NC_001139|,974302,G,GA,7,107,6.54%,7.0392E-3
D4-lineage-D10,ref|NC_001139|,977899,TA,T,8,86,9.3%,3.2179E-3
D4-lineage-D10,ref|NC_001139|,982259,G,GA,11,108,10.19%,3.6294E-4
D4-lineage-D10,ref|NC_001139|,985722,AT,A,14,85,16.47%,2.8272E-5
D4-lineage-D10,ref|NC_001139|,989675,AT,A,6,88,6.82%,1.4214E-2
D4-lineage-D10,ref|NC_001139|,990314,G,GA,6,88,6.82%,1.4279E-2
D4-lineage-D10,ref|NC_001139|,999559,T,TA,16,106,15.09%,7.5412E-6
D4-lineage-D10,ref|NC_001139|,1002673,A,G,110,110,100%,1.1045E-65
D4-lineage-D10,ref|NC_001139|,1004507,AAT,A,11,86,12.79%,3.3788E-4
D4-lineage-D10,ref|NC_001139|,1006277,G,C,77,77,100%,6.8219E-46
D4-lineage-D10,ref|NC_001139|,1006278,C,G,77,77,100%,6.8219E-46
D4-lineage-D10,ref|NC_001139|,1006279,G,C,76,76,100%,2.711E-45
D4-lineage-D10,ref|NC_001139|,1010897,CT,C,8,94,8.51%,3.2585E-3
D4-lineage-D10,ref|NC_001139|,1011080,G,GA,7,101,6.93%,6.9675E-3
D4-lineage-D10,ref|NC_001139|,1011803,G,GT,9,87,10.34%,1.5196E-3
D4-lineage-D10,ref|NC_001139|,1012220,A,AT,5,96,5.21%,2.9575E-2
D4-lineage-D10,ref|NC_001139|,1021962,CT,C,13,78,16.67%,6.7998E-5
D4-lineage-D10,ref|NC_001139|,1024876,GA,G,8,73,10.96%,3.1516E-3
D4-lineage-D10,ref|NC_001139|,1038225,CT,C,6,93,6.45%,1.4352E-2
D4-lineage-D10,ref|NC_001139|,1038760,CT,C,9,113,7.96%,1.6364E-3
D4-lineage-D10,ref|NC_001139|,1043766,CAT,C,13,77,16.88%,6.6777E-5
D4-lineage-D10,ref|NC_001139|,1044472,C,T,8,123,6.5%,3.4735E-3
D4-lineage-D10,ref|NC_001139|,1050199,G,GA,7,87,8.05%,6.8597E-3
D4-lineage-D10,ref|NC_001139|,1050785,A,AT,6,112,5.36%,1.454E-2
D4-lineage-D10,ref|NC_001139|,1051832,CT,C,6,117,5.13%,1.456E-2
D4-lineage-D10,ref|NC_001139|,1069814,T,C,5,90,5.56%,2.9519E-2
D4-lineage-D10,ref|NC_001139|,1073937,C,CA,6,77,7.79%,1.4084E-2
D4-lineage-D10,ref|NC_001139|,1080730,C,CT,12,112,10.71%,1.784E-4
D4-lineage-D10,ref|NC_001139|,1081039,AT,A,10,102,9.8%,7.4758E-4
D4-lineage-D10,ref|NC_001140|,93,TA,T,22,31,70.97%,1.0343E-10
D4-lineage-D10,ref|NC_001140|,1846,A,G,32,65,49.23%,1.3846E-12
D4-lineage-D10,ref|NC_001140|,2292,G,GC,27,37,72.97%,1.2926E-12
D4-lineage-D10,ref|NC_001140|,11865,C,CT,12,87,13.79%,1.592E-4
D4-lineage-D10,ref|NC_001140|,17534,A,AT,54,70,77.14%,6.0243E-26
D4-lineage-D10,ref|NC_001140|,38647,C,CT,10,79,12.66%,7.0548E-4
D4-lineage-D10,ref|NC_001140|,48099,GA,G,7,101,6.93%,7.0009E-3
D4-lineage-D10,ref|NC_001140|,50980,CT,C,8,86,9.3%,3.2661E-3
D4-lineage-D10,ref|NC_001140|,58900,CT,C,10,84,11.9%,7.2404E-4
D4-lineage-D10,ref|NC_001140|,63926,C,CT,9,100,9%,1.5981E-3
D4-lineage-D10,ref|NC_001140|,70108,A,AT,6,73,8.22%,1.3952E-2
D4-lineage-D10,ref|NC_001140|,71906,CT,C,11,79,13.92%,3.1486E-4
D4-lineage-D10,ref|NC_001140|,81858,CA,C,10,68,14.93%,6.18E-4
D4-lineage-D10,ref|NC_001140|,85273,GA,G,7,96,7.29%,6.9587E-3
D4-lineage-D10,ref|NC_001140|,85508,TTA,T,59,66,89.39%,4.3174E-30
D4-lineage-D10,ref|NC_001140|,94715,A,AT,5,70,7.14%,2.8994E-2
D4-lineage-D10,ref|NC_001140|,100505,AT,A,8,73,10.96%,3.1815E-3
D4-lineage-D10,ref|NC_001140|,111530,CTA,C,9,57,15.79%,1.3055E-3
D4-lineage-D10,ref|NC_001140|,125832,GA,G,17,76,22.37%,1.8784E-6
D4-lineage-D10,ref|NC_001140|,126150,G,GT,6,64,9.38%,1.3607E-2
D4-lineage-D10,ref|NC_001140|,141525,CT,C,5,77,6.49%,2.9117E-2
D4-lineage-D10,ref|NC_001140|,141650,G,GA,9,77,11.69%,1.4912E-3
D4-lineage-D10,ref|NC_001140|,150670,C,CA,6,67,8.96%,1.3851E-2
D4-lineage-D10,ref|NC_001140|,173136,TA,T,5,67,7.46%,2.8856E-2
D4-lineage-D10,ref|NC_001140|,176845,TA,T,12,64,18.75%,1.2806E-4
D4-lineage-D10,ref|NC_001140|,180079,A,T,5,66,7.58%,2.8892E-2
D4-lineage-D10,ref|NC_001140|,187029,G,GA,10,59,17.24%,5.7272E-4
D4-lineage-D10,ref|NC_001140|,189097,G,GA,8,77,10.39%,3.2002E-3
D4-lineage-D10,ref|NC_001140|,192694,C,CA,7,73,9.59%,6.6905E-3
D4-lineage-D10,ref|NC_001140|,214256,CT,C,65,606,10.73%,3.406E-21
D4-lineage-D10,ref|NC_001140|,217929,C,A,5,90,5.56%,2.9519E-2
D4-lineage-D10,ref|NC_001140|,229199,GA,G,9,50,18%,1.2408E-3
D4-lineage-D10,ref|NC_001140|,232377,A,G,5,82,6.1%,2.9351E-2
D4-lineage-D10,ref|NC_001140|,234753,AT,A,12,65,18.46%,1.3421E-4
D4-lineage-D10,ref|NC_001140|,236957,T,TA,5,45,11.11%,2.7169E-2
D4-lineage-D10,ref|NC_001140|,236993,T,C,8,50,16%,2.8851E-3
D4-lineage-D10,ref|NC_001140|,237735,C,CT,11,68,16.18%,2.9526E-4
D4-lineage-D10,ref|NC_001140|,237816,TA,T,5,78,6.41%,2.9174E-2
D4-lineage-D10,ref|NC_001140|,238967,C,CA,5,65,7.69%,2.878E-2
D4-lineage-D10,ref|NC_001140|,262100,CT,C,7,56,12.5%,6.3251E-3
D4-lineage-D10,ref|NC_001140|,277807,CT,C,6,80,7.5%,1.4179E-2
D4-lineage-D10,ref|NC_001140|,293272,TA,T,6,45,13.33%,1.2467E-2
D4-lineage-D10,ref|NC_001140|,340058,TTA,T,8,48,16.67%,2.7074E-3
D4-lineage-D10,ref|NC_001140|,360784,G,GA,5,82,6.1%,2.9254E-2
D4-lineage-D10,ref|NC_001140|,368026,C,CT,5,74,6.76%,2.9088E-2
D4-lineage-D10,ref|NC_001140|,370543,AAT,A,10,82,12.2%,7.2404E-4
D4-lineage-D10,ref|NC_001140|,387090,AT,A,10,57,17.54%,5.2405E-4
D4-lineage-D10,ref|NC_001140|,388030,G,A,6,88,6.82%,1.4309E-2
D4-lineage-D10,ref|NC_001140|,396945,GA,G,23,71,32.39%,8.6933E-9
D4-lineage-D10,ref|NC_001140|,406897,A,G,6,74,8.11%,1.4064E-2
D4-lineage-D10,ref|NC_001140|,417054,G,A,75,75,100%,1.0773E-44
D4-lineage-D10,ref|NC_001140|,427534,A,G,5,71,7.04%,2.9058E-2
D4-lineage-D10,ref|NC_001140|,443488,T,A,6,88,6.82%,1.4309E-2
D4-lineage-D10,ref|NC_001140|,459034,T,C,60,60,100%,1.035E-35
D4-lineage-D10,ref|NC_001140|,465802,CTA,C,5,47,10.64%,2.7721E-2
D4-lineage-D10,ref|NC_001140|,472611,CT,C,7,72,9.72%,6.6257E-3
D4-lineage-D10,ref|NC_001140|,475549,CA,C,6,70,8.57%,1.3796E-2
D4-lineage-D10,ref|NC_001140|,475931,TTA,T,59,71,83.1%,4.3174E-30
D4-lineage-D10,ref|NC_001140|,488371,C,CA,7,59,11.86%,6.4707E-3
D4-lineage-D10,ref|NC_001140|,488565,C,G,5,78,6.41%,2.9254E-2
D4-lineage-D10,ref|NC_001140|,508800,C,CA,10,63,15.87%,5.9342E-4
D4-lineage-D10,ref|NC_001140|,511255,C,T,94,94,100%,4.3861E-56
D4-lineage-D10,ref|NC_001140|,512211,GA,G,10,65,15.38%,6.345E-4
D4-lineage-D10,ref|NC_001140|,517407,G,GA,9,108,8.33%,1.6392E-3
D4-lineage-D10,ref|NC_001140|,519048,CA,C,9,87,10.34%,1.5493E-3
D4-lineage-D10,ref|NC_001140|,522934,C,CT,7,93,7.53%,6.9217E-3
D4-lineage-D10,ref|NC_001140|,529350,C,CA,7,85,8.24%,6.837E-3
D4-lineage-D10,ref|NC_001140|,532813,A,G,24,118,20.34%,1.622E-8
D4-lineage-D10,ref|NC_001140|,551717,T,TA,10,59,16.95%,5.9342E-4
D4-lineage-D10,ref|NC_001140|,556858,G,GT,5,52,9.62%,2.8261E-2
D4-lineage-D10,ref|NC_001140|,556877,T,TGTG,5,51,10%,2.8142E-2
D4-lineage-D10,ref|NC_001140|,556888,GGT,G,6,62,9.68%,1.3737E-2
D4-lineage-D10,ref|NC_001140|,562354,C,T,15,209,7.18%,2.3524E-5
D4-lineage-D10,ref|NC_001140|,562374,G,A,32,213,15.02%,6.6134E-11
D4-lineage-D10,ref|NC_001140|,562385,AT,A,44,207,21.26%,3.2209E-15
D4-lineage-D10,ref|NC_001140|,562440,A,G,36,177,20.34%,2.0049E-12
D4-lineage-D10,ref|NC_001140|,562443,A,G,34,173,19.65%,9.6347E-12
D4-lineage-D10,ref|NC_001140|,562466,GGT,G,13,191,6.81%,9.8836E-5
D4-lineage-D10,ref|NC_001140|,562474,GGTGTGGGTGTGT,G,10,162,6.17%,8.4072E-4
D4-lineage-D10,ref|NC_001140|,562484,T,TG,44,112,39.64%,2.373E-16
D4-lineage-D10,ref|NC_001140|,562485,GT,G,6,68,8.82%,1.3928E-2
D4-lineage-D10,ref|NC_001140|,562486,T,G,10,118,9.09%,7.8528E-4
D4-lineage-D10,ref|NC_001140|,562498,GT,G,43,136,31.62%,2.1728E-15
D4-lineage-D10,ref|NC_001140|,562503,TGG,T,8,130,6.2%,3.4802E-3
D4-lineage-D10,ref|NC_001140|,562511,G,GT,12,103,11.76%,1.7324E-4
D4-lineage-D10,ref|NC_001140|,562515,TG,T,12,108,11.11%,1.7563E-4
D4-lineage-D10,ref|NC_001140|,562521,TG,T,9,133,6.77%,1.6964E-3
D4-lineage-D10,ref|NC_001140|,562527,T,TG,10,134,7.46%,8.1358E-4
D4-lineage-D10,ref|NC_001140|,562538,TG,T,11,131,8.4%,3.9096E-4
D4-lineage-D10,ref|NC_001140|,562539,GGT,G,7,125,5.6%,7.1513E-3
D4-lineage-D10,ref|NC_001140|,562552,GGT,G,10,111,9.01%,7.8693E-4
D4-lineage-D10,ref|NC_001140|,562553,GT,G,13,92,14.13%,7.7431E-5
D4-lineage-D10,ref|NC_001140|,562559,GGGTGT,G,20,94,21.28%,3.0803E-7
D4-lineage-D10,ref|NC_001140|,562575,T,TG,15,51,29.41%,8.8847E-6
D4-lineage-D10,ref|NC_001140|,562582,GT,G,9,38,25%,1.1061E-3
D4-lineage-D10,ref|NC_001140|,562589,GGT,G,6,47,13.04%,1.3082E-2
D4-lineage-D10,ref|NC_001140|,562601,T,TG,6,52,11.54%,1.3331E-2
D4-lineage-D10,ref|NC_001140|,562606,TG,T,8,39,20.51%,2.5282E-3
D4-lineage-D10,ref|NC_001140|,562608,GT,G,13,24,54.17%,1.2938E-5
D4-lineage-D10,ref|NC_001141|,22273,T,TC,17,19,89.47%,5.9414E-9
D4-lineage-D10,ref|NC_001141|,23082,TG,T,40,41,97.56%,9.8874E-23
D4-lineage-D10,ref|NC_001141|,23185,C,CG,12,13,92.31%,1.3461E-6
D4-lineage-D10,ref|NC_001141|,23282,TC,T,10,10,100%,5.4125E-6
D4-lineage-D10,ref|NC_001141|,25418,T,C,18,93,19.35%,1.5361E-6
D4-lineage-D10,ref|NC_001141|,25586,T,C,44,123,35.77%,5.128E-16
D4-lineage-D10,ref|NC_001141|,25593,C,T,37,114,32.46%,2.0389E-13
D4-lineage-D10,ref|NC_001141|,25594,T,A,37,108,34.26%,1.6623E-13
D4-lineage-D10,ref|NC_001141|,28539,TTA,T,8,75,10.67%,3.1815E-3
D4-lineage-D10,ref|NC_001141|,37201,CT,C,7,64,10.94%,6.5333E-3
D4-lineage-D10,ref|NC_001141|,39373,T,TA,60,71,84.51%,1.2731E-31
D4-lineage-D10,ref|NC_001141|,45874,T,C,11,51,21.57%,2.6733E-4
D4-lineage-D10,ref|NC_001141|,51552,C,CT,11,74,14.86%,3.2525E-4
D4-lineage-D10,ref|NC_001141|,57277,C,CA,33,64,51.56%,8.4623E-14
D4-lineage-D10,ref|NC_001141|,68569,G,T,5,87,5.75%,2.9459E-2
D4-lineage-D10,ref|NC_001141|,76013,CT,C,7,65,10.77%,6.4254E-3
D4-lineage-D10,ref|NC_001141|,100530,AT,A,5,80,6.25%,2.9254E-2
D4-lineage-D10,ref|NC_001141|,102536,C,CT,5,67,7.46%,2.878E-2
D4-lineage-D10,ref|NC_001141|,105433,A,AAAT,76,82,92.68%,3.7254E-40
D4-lineage-D10,ref|NC_001141|,117410,C,CT,8,72,11.11%,3.1516E-3
D4-lineage-D10,ref|NC_001141|,117704,C,T,5,65,7.69%,2.8856E-2
D4-lineage-D10,ref|NC_001141|,120299,G,A,7,71,9.86%,6.6905E-3
D4-lineage-D10,ref|NC_001141|,127338,G,GT,8,68,11.76%,3.0583E-3
D4-lineage-D10,ref|NC_001141|,133980,AT,A,6,66,9.09%,1.3767E-2
D4-lineage-D10,ref|NC_001141|,138429,AC,A,7,51,13.73%,6.1097E-3
D4-lineage-D10,ref|NC_001141|,142373,AT,A,8,73,10.96%,3.1516E-3
D4-lineage-D10,ref|NC_001141|,144117,TTA,T,6,41,14.63%,1.2702E-2
D4-lineage-D10,ref|NC_001141|,147135,GC,G,5,74,6.76%,2.9146E-2
D4-lineage-D10,ref|NC_001141|,147192,G,A,5,71,7.04%,2.9058E-2
D4-lineage-D10,ref|NC_001141|,155945,G,GA,10,104,9.62%,7.7841E-4
D4-lineage-D10,ref|NC_001141|,157097,A,T,5,62,8.06%,2.8741E-2
D4-lineage-D10,ref|NC_001141|,160362,GA,G,5,87,5.75%,2.9396E-2
D4-lineage-D10,ref|NC_001141|,163245,AT,A,6,48,12.5%,1.3026E-2
D4-lineage-D10,ref|NC_001141|,179655,C,CA,5,71,7.04%,2.9026E-2
D4-lineage-D10,ref|NC_001141|,183251,C,CT,10,62,16.13%,6.1215E-4
D4-lineage-D10,ref|NC_001141|,187821,T,G,12,71,16.9%,1.4713E-4
D4-lineage-D10,ref|NC_001141|,187822,GA,G,8,82,9.76%,3.1302E-3
D4-lineage-D10,ref|NC_001141|,197676,CT,C,5,82,6.1%,2.9303E-2
D4-lineage-D10,ref|NC_001141|,241032,G,GA,26,61,42.62%,1.5284E-10
D4-lineage-D10,ref|NC_001141|,245962,CT,C,26,52,50%,3.8262E-11
D4-lineage-D10,ref|NC_001141|,249625,CT,C,8,99,8.08%,3.327E-3
D4-lineage-D10,ref|NC_001141|,254003,TA,T,55,72,76.39%,1.9169E-25
D4-lineage-D10,ref|NC_001141|,257480,C,CA,5,91,5.49%,2.948E-2
D4-lineage-D10,ref|NC_001141|,267870,TA,T,5,41,12.2%,2.7169E-2
D4-lineage-D10,ref|NC_001141|,287755,A,AT,5,80,6.25%,2.9254E-2
D4-lineage-D10,ref|NC_001141|,290193,GA,G,15,84,17.86%,1.3877E-5
D4-lineage-D10,ref|NC_001141|,310500,GT,G,6,74,8.11%,1.3952E-2
D4-lineage-D10,ref|NC_001141|,314034,G,A,5,64,7.81%,2.8819E-2
D4-lineage-D10,ref|NC_001141|,318694,T,A,69,69,100%,4.233E-41
D4-lineage-D10,ref|NC_001141|,327996,GA,G,5,95,5.26%,2.9592E-2
D4-lineage-D10,ref|NC_001141|,336138,T,A,5,94,5.32%,2.9592E-2
D4-lineage-D10,ref|NC_001141|,339225,C,CTT,7,57,12.28%,5.9972E-3
D4-lineage-D10,ref|NC_001141|,340754,T,C,5,92,5.43%,2.9557E-2
D4-lineage-D10,ref|NC_001141|,344617,G,T,8,68,11.76%,3.1411E-3
D4-lineage-D10,ref|NC_001141|,344633,C,T,8,62,12.9%,3.0712E-3
D4-lineage-D10,ref|NC_001141|,350005,A,G,5,64,7.81%,2.8819E-2
D4-lineage-D10,ref|NC_001141|,355140,G,A,5,75,6.67%,2.9174E-2
D4-lineage-D10,ref|NC_001141|,363043,CTA,C,6,68,8.82%,1.3903E-2
D4-lineage-D10,ref|NC_001141|,363071,CT,C,6,77,7.79%,1.4021E-2
D4-lineage-D10,ref|NC_001141|,370195,AT,A,10,71,14.08%,6.6774E-4
D4-lineage-D10,ref|NC_001141|,375747,A,T,66,66,100%,2.6498E-39
D4-lineage-D10,ref|NC_001141|,379890,TA,T,5,81,6.17%,2.9279E-2
D4-lineage-D10,ref|NC_001141|,380935,G,GA,5,67,7.46%,2.8658E-2
D4-lineage-D10,ref|NC_001141|,384315,CA,C,8,89,8.99%,3.2585E-3
D4-lineage-D10,ref|NC_001141|,385640,A,AT,11,84,13.1%,3.3091E-4
D4-lineage-D10,ref|NC_001141|,387143,CAA,C,5,49,10.2%,2.7371E-2
D4-lineage-D10,ref|NC_001141|,389257,GA,G,13,97,13.4%,7.4819E-5
D4-lineage-D10,ref|NC_001141|,420692,T,A,5,77,6.49%,2.9228E-2
D4-lineage-D10,ref|NC_001141|,427307,CT,C,5,71,7.04%,2.8961E-2
D4-lineage-D10,ref|NC_001142|,28339,A,T,5,84,5.95%,2.9396E-2
D4-lineage-D10,ref|NC_001142|,28946,C,CT,8,83,9.64%,3.2002E-3
D4-lineage-D10,ref|NC_001142|,37825,GT,G,6,79,7.59%,1.4124E-2
D4-lineage-D10,ref|NC_001142|,40344,C,A,5,94,5.32%,2.9592E-2
D4-lineage-D10,ref|NC_001142|,41329,A,AT,6,81,7.41%,1.4197E-2
D4-lineage-D10,ref|NC_001142|,47535,G,GA,5,77,6.49%,2.9228E-2
D4-lineage-D10,ref|NC_001142|,50370,GA,G,7,97,7.22%,6.9498E-3
D4-lineage-D10,ref|NC_001142|,59054,GA,G,17,78,21.79%,2.1424E-6
D4-lineage-D10,ref|NC_001142|,60682,GT,G,9,66,13.64%,1.4138E-3
D4-lineage-D10,ref|NC_001142|,71276,G,GA,5,90,5.56%,2.95E-2
D4-lineage-D10,ref|NC_001142|,75588,CT,C,16,86,18.6%,6.2401E-6
D4-lineage-D10,ref|NC_001142|,85527,C,CT,8,86,9.3%,3.2735E-3
D4-lineage-D10,ref|NC_001142|,97478,G,A,100,100,100%,1.1044E-59
D4-lineage-D10,ref|NC_001142|,99519,A,AT,12,73,16.44%,1.4827E-4
D4-lineage-D10,ref|NC_001142|,101045,G,GA,8,102,7.84%,3.3824E-3
D4-lineage-D10,ref|NC_001142|,109915,G,GA,7,76,9.21%,6.7346E-3
D4-lineage-D10,ref|NC_001142|,124960,C,T,6,92,6.52%,1.4365E-2
D4-lineage-D10,ref|NC_001142|,134112,GA,G,16,71,22.54%,4.3766E-6
D4-lineage-D10,ref|NC_001142|,136911,GA,G,20,77,25.97%,1.5316E-7
D4-lineage-D10,ref|NC_001142|,147243,C,T,80,80,100%,1.0864E-47
D4-lineage-D10,ref|NC_001142|,152391,G,GA,6,66,9.09%,1.3877E-2
D4-lineage-D10,ref|NC_001142|,159429,CA,C,7,75,9.33%,6.659E-3
D4-lineage-D10,ref|NC_001142|,161835,TA,T,5,89,5.62%,2.9439E-2
D4-lineage-D10,ref|NC_001142|,196083,CT,C,6,69,8.7%,1.3851E-2
D4-lineage-D10,ref|NC_001142|,199170,A,C,39,39,100%,3.6742E-23
D4-lineage-D10,ref|NC_001142|,200219,A,G,76,76,100%,2.711E-45
D4-lineage-D10,ref|NC_001142|,217454,G,GA,6,68,8.82%,1.3877E-2
D4-lineage-D10,ref|NC_001142|,222358,AT,A,5,80,6.25%,2.9303E-2
D4-lineage-D10,ref|NC_001142|,268747,AT,A,6,64,9.38%,1.3607E-2
D4-lineage-D10,ref|NC_001142|,278038,GA,G,8,70,11.43%,3.1516E-3
D4-lineage-D10,ref|NC_001142|,286005,AT,A,5,89,5.62%,2.95E-2
D4-lineage-D10,ref|NC_001142|,289587,TA,T,6,62,9.68%,1.3535E-2
D4-lineage-D10,ref|NC_001142|,289852,T,C,5,45,11.11%,2.7799E-2
D4-lineage-D10,ref|NC_001142|,315657,GA,G,9,81,11.11%,1.5248E-3
D4-lineage-D10,ref|NC_001142|,317080,G,GTA,5,74,6.76%,2.9117E-2
D4-lineage-D10,ref|NC_001142|,337388,TA,T,7,89,7.87%,6.9119E-3
D4-lineage-D10,ref|NC_001142|,342348,AT,A,15,65,23.08%,8.0864E-6
D4-lineage-D10,ref|NC_001142|,358212,GT,G,8,64,12.5%,2.8851E-3
D4-lineage-D10,ref|NC_001142|,360924,A,C,5,36,13.89%,2.6944E-2
D4-lineage-D10,ref|NC_001142|,376292,T,TAA,6,75,8%,1.3976E-2
D4-lineage-D10,ref|NC_001142|,388260,CA,C,6,52,11.54%,1.3285E-2
D4-lineage-D10,ref|NC_001142|,393675,TTA,T,5,59,8.47%,2.8569E-2
D4-lineage-D10,ref|NC_001142|,393823,G,GA,10,58,17.24%,5.8675E-4
D4-lineage-D10,ref|NC_001142|,424172,GAT,G,12,58,20.69%,1.2642E-4
D4-lineage-D10,ref|NC_001142|,424906,C,CT,7,55,12.73%,5.9136E-3
D4-lineage-D10,ref|NC_001142|,436624,G,GT,6,71,8.45%,1.3952E-2
D4-lineage-D10,ref|NC_001142|,443426,AC,A,5,87,5.75%,2.9459E-2
D4-lineage-D10,ref|NC_001142|,457903,C,CA,11,54,20.37%,2.4398E-4
D4-lineage-D10,ref|NC_001142|,469691,G,GA,5,75,6.67%,2.9117E-2
D4-lineage-D10,ref|NC_001142|,470130,GTAA,G,23,41,56.1%,1.2989E-9
D4-lineage-D10,ref|NC_001142|,472080,AT,A,7,81,8.64%,6.7056E-3
D4-lineage-D10,ref|NC_001142|,497098,A,AAT,31,49,63.27%,2.9027E-13
D4-lineage-D10,ref|NC_001142|,497303,AAT,A,6,54,11.11%,1.3497E-2
D4-lineage-D10,ref|NC_001142|,519255,CGT,C,7,68,10.29%,6.5131E-3
D4-lineage-D10,ref|NC_001142|,523904,TA,T,11,59,18.64%,2.4398E-4
D4-lineage-D10,ref|NC_001142|,525750,GA,G,9,46,19.57%,1.2547E-3
D4-lineage-D10,ref|NC_001142|,526730,T,C,5,91,5.49%,2.9538E-2
D4-lineage-D10,ref|NC_001142|,526863,A,G,6,92,6.52%,1.4365E-2
D4-lineage-D10,ref|NC_001142|,533465,C,T,6,67,8.96%,1.3903E-2
D4-lineage-D10,ref|NC_001142|,533912,TA,T,5,72,6.94%,2.8961E-2
D4-lineage-D10,ref|NC_001142|,548539,C,CA,6,96,6.25%,1.4379E-2
D4-lineage-D10,ref|NC_001142|,550151,CT,C,7,70,10%,6.5904E-3
D4-lineage-D10,ref|NC_001142|,552384,T,A,6,88,6.82%,1.4309E-2
D4-lineage-D10,ref|NC_001142|,555085,G,GA,12,88,13.64%,1.6008E-4
D4-lineage-D10,ref|NC_001142|,565994,CA,C,6,105,5.71%,1.452E-2
D4-lineage-D10,ref|NC_001142|,568755,TA,T,7,77,9.09%,6.7346E-3
D4-lineage-D10,ref|NC_001142|,575252,GA,G,5,80,6.25%,2.9174E-2
D4-lineage-D10,ref|NC_001142|,577025,AAT,A,7,87,8.05%,6.8597E-3
D4-lineage-D10,ref|NC_001142|,580248,C,CT,10,80,12.5%,6.9153E-4
D4-lineage-D10,ref|NC_001142|,586417,C,CA,7,87,8.05%,6.801E-3
D4-lineage-D10,ref|NC_001142|,598519,G,T,5,100,5%,2.9692E-2
D4-lineage-D10,ref|NC_001142|,618220,T,A,5,88,5.68%,2.948E-2
D4-lineage-D10,ref|NC_001142|,620581,CT,C,5,81,6.17%,2.9279E-2
D4-lineage-D10,ref|NC_001142|,636995,C,CA,6,83,7.23%,1.4142E-2
D4-lineage-D10,ref|NC_001142|,639198,CT,C,10,51,19.61%,5.1483E-4
D4-lineage-D10,ref|NC_001142|,639227,A,C,9,62,14.52%,1.4297E-3
D4-lineage-D10,ref|NC_001142|,639990,AAC,A,5,37,13.51%,2.706E-2
D4-lineage-D10,ref|NC_001142|,640784,G,GA,77,90,85.56%,3.231E-39
D4-lineage-D10,ref|NC_001142|,641890,T,TA,5,95,5.26%,2.9575E-2
D4-lineage-D10,ref|NC_001142|,663646,GA,G,6,58,10.34%,1.3641E-2
D4-lineage-D10,ref|NC_001142|,663948,C,CT,6,63,9.52%,1.3767E-2
D4-lineage-D10,ref|NC_001142|,715081,T,G,9,40,22.5%,1.1791E-3
D4-lineage-D10,ref|NC_001142|,715087,A,G,11,37,29.73%,2.0455E-4
D4-lineage-D10,ref|NC_001142|,715095,G,A,18,32,56.25%,1.3089E-7
D4-lineage-D10,ref|NC_001142|,715099,G,T,16,30,53.33%,9.7202E-7
D4-lineage-D10,ref|NC_001142|,715108,A,T,9,30,30%,9.4048E-4
D4-lineage-D10,ref|NC_001142|,715114,G,A,6,29,20.69%,1.1736E-2
D4-lineage-D10,ref|NC_001142|,717235,TA,T,12,110,10.91%,1.7563E-4
D4-lineage-D10,ref|NC_001142|,722536,A,AT,5,86,5.81%,2.9417E-2
D4-lineage-D10,ref|NC_001142|,724253,G,A,5,85,5.88%,2.9417E-2
D4-lineage-D10,ref|NC_001142|,738075,G,T,60,168,35.71%,1.3685E-21
D4-lineage-D10,ref|NC_001142|,743850,C,G,24,24,100%,3.101E-14
D4-lineage-D10,ref|NC_001142|,743851,G,C,24,24,100%,3.101E-14
D4-lineage-D10,ref|NC_001142|,745690,TG,T,4,10,40%,4.3344E-2
D4-lineage-D10,ref|NC_001143|,457,C,CA,95,96,98.96%,2.6871E-55
D4-lineage-D10,ref|NC_001143|,21664,C,CA,5,91,5.49%,2.948E-2
D4-lineage-D10,ref|NC_001143|,22040,CA,C,6,51,11.76%,1.3026E-2
D4-lineage-D10,ref|NC_001143|,22072,T,C,10,57,17.54%,6.345E-4
D4-lineage-D10,ref|NC_001143|,26591,CAT,C,12,64,18.75%,1.2642E-4
D4-lineage-D10,ref|NC_001143|,36588,CAT,C,10,63,15.87%,6.4469E-4
D4-lineage-D10,ref|NC_001143|,67773,CT,C,7,61,11.48%,6.2398E-3
D4-lineage-D10,ref|NC_001143|,68454,G,GCC,85,86,98.84%,2.3923E-49
D4-lineage-D10,ref|NC_001143|,68468,T,TG,86,90,95.56%,3.3506E-47
D4-lineage-D10,ref|NC_001143|,70352,G,GA,5,88,5.68%,2.9439E-2
D4-lineage-D10,ref|NC_001143|,80905,CT,C,6,103,5.83%,1.4442E-2
D4-lineage-D10,ref|NC_001143|,98726,G,GA,5,86,5.81%,2.9439E-2
D4-lineage-D10,ref|NC_001143|,134467,AT,A,5,79,6.33%,2.9174E-2
D4-lineage-D10,ref|NC_001143|,136103,CAT,C,12,63,19.05%,1.3421E-4
D4-lineage-D10,ref|NC_001143|,164844,CTA,C,6,43,13.95%,1.2773E-2
D4-lineage-D10,ref|NC_001143|,182668,GT,G,5,76,6.58%,2.8961E-2
D4-lineage-D10,ref|NC_001143|,183621,G,C,6,37,16.22%,1.2549E-2
D4-lineage-D10,ref|NC_001143|,188678,C,CA,8,64,12.5%,3.0583E-3
D4-lineage-D10,ref|NC_001143|,196211,G,GA,6,56,10.71%,1.3285E-2
D4-lineage-D10,ref|NC_001143|,207203,T,C,5,56,8.93%,2.8473E-2
D4-lineage-D10,ref|NC_001143|,208022,TA,T,7,70,10%,6.5904E-3
D4-lineage-D10,ref|NC_001143|,217107,G,GA,9,67,13.43%,1.3596E-3
D4-lineage-D10,ref|NC_001143|,234262,A,AT,7,60,11.67%,6.3515E-3
D4-lineage-D10,ref|NC_001143|,242787,CT,C,6,81,7.41%,1.4084E-2
D4-lineage-D10,ref|NC_001143|,246028,AT,A,7,83,8.43%,6.801E-3
D4-lineage-D10,ref|NC_001143|,251494,CA,C,8,86,9.3%,3.2661E-3
D4-lineage-D10,ref|NC_001143|,266089,TA,T,11,80,13.75%,3.3091E-4
D4-lineage-D10,ref|NC_001143|,277040,AT,A,7,71,9.86%,6.5529E-3
D4-lineage-D10,ref|NC_001143|,280162,GA,G,11,81,13.58%,3.1034E-4
D4-lineage-D10,ref|NC_001143|,286448,TA,T,7,62,11.29%,6.4922E-3
D4-lineage-D10,ref|NC_001143|,307256,G,GA,6,64,9.38%,1.3824E-2
D4-lineage-D10,ref|NC_001143|,309693,GT,G,8,59,13.56%,2.9874E-3
D4-lineage-D10,ref|NC_001143|,320823,GTT,G,7,45,15.56%,5.4855E-3
D4-lineage-D10,ref|NC_001143|,323019,A,T,74,74,100%,4.2804E-44
D4-lineage-D10,ref|NC_001143|,325187,A,G,5,59,8.47%,2.8614E-2
D4-lineage-D10,ref|NC_001143|,335103,GA,G,12,83,14.46%,1.4598E-4
D4-lineage-D10,ref|NC_001143|,341027,G,GA,5,91,5.49%,2.9538E-2
D4-lineage-D10,ref|NC_001143|,351197,CT,C,6,60,10%,1.3607E-2
D4-lineage-D10,ref|NC_001143|,355182,G,GA,9,67,13.43%,1.4138E-3
D4-lineage-D10,ref|NC_001143|,358106,C,G,62,62,100%,6.5755E-37
D4-lineage-D10,ref|NC_001143|,364491,G,GT,9,86,10.47%,1.5446E-3
D4-lineage-D10,ref|NC_001143|,382201,A,AT,5,79,6.33%,2.9228E-2
D4-lineage-D10,ref|NC_001143|,384845,C,CAT,84,96,87.5%,3.0644E-42
D4-lineage-D10,ref|NC_001143|,385103,C,CTT,19,41,46.34%,4.7323E-8
D4-lineage-D10,ref|NC_001143|,412963,A,T,5,85,5.88%,2.9417E-2
D4-lineage-D10,ref|NC_001143|,416172,A,G,5,87,5.75%,2.9459E-2
D4-lineage-D10,ref|NC_001143|,428783,G,GA,5,65,7.69%,2.878E-2
D4-lineage-D10,ref|NC_001143|,442905,G,C,5,63,7.94%,2.878E-2
D4-lineage-D10,ref|NC_001143|,451568,GGAACAC,G,51,55,92.73%,4.6193E-27
D4-lineage-D10,ref|NC_001143|,461693,A,AT,9,90,10%,1.5793E-3
D4-lineage-D10,ref|NC_001143|,463261,CT,C,9,56,16.07%,1.1955E-3
D4-lineage-D10,ref|NC_001143|,465172,G,GTATA,22,34,64.71%,4.1351E-10
D4-lineage-D10,ref|NC_001143|,492083,T,A,5,79,6.33%,2.9279E-2
D4-lineage-D10,ref|NC_001143|,503331,AGT,A,5,81,6.17%,2.9327E-2
D4-lineage-D10,ref|NC_001143|,518111,C,CT,8,58,13.79%,2.8033E-3
D4-lineage-D10,ref|NC_001143|,519367,GA,G,6,77,7.79%,1.4084E-2
D4-lineage-D10,ref|NC_001143|,524035,AT,A,12,52,23.08%,8.7276E-5
D4-lineage-D10,ref|NC_001143|,557487,G,GA,6,92,6.52%,1.4309E-2
D4-lineage-D10,ref|NC_001143|,617557,CT,C,11,59,18.64%,2.2064E-4
D4-lineage-D10,ref|NC_001143|,618946,GA,G,9,77,11.69%,1.4657E-3
D4-lineage-D10,ref|NC_001143|,631098,T,TA,6,74,8.11%,1.4042E-2
D4-lineage-D10,ref|NC_001143|,632832,CA,C,14,59,23.73%,2.3225E-5
D4-lineage-D10,ref|NC_001143|,635468,C,CT,13,76,17.11%,6.4842E-5
D4-lineage-D10,ref|NC_001143|,638422,A,AT,9,94,9.57%,1.567E-3
D4-lineage-D10,ref|NC_001143|,645204,CA,C,5,72,6.94%,2.8961E-2
D4-lineage-D10,ref|NC_001143|,650388,CT,C,5,91,5.49%,2.95E-2
D4-lineage-D10,ref|NC_001143|,660577,CA,C,6,87,6.9%,1.4179E-2
D4-lineage-D10,ref|NC_001143|,663313,C,CA,6,89,6.74%,1.4279E-2
D4-lineage-D10,ref|NC_001143|,666556,GT,G,60,60,100%,1.035E-35
D4-lineage-D10,ref|NC_001143|,666702,GGT,G,16,37,43.24%,1.7753E-6
D4-lineage-D10,ref|NC_001143|,666721,T,TG,5,13,38.46%,1.8634E-2
D4-lineage-D10,ref|NC_001144|,28,A,AC,5,15,33.33%,2.1073E-2
D4-lineage-D10,ref|NC_001144|,134,TAA,T,6,111,5.41%,1.457E-2
D4-lineage-D10,ref|NC_001144|,161,T,C,6,105,5.71%,1.452E-2
D4-lineage-D10,ref|NC_001144|,5430,T,C,5,47,10.64%,2.7945E-2
D4-lineage-D10,ref|NC_001144|,5699,C,CA,9,143,6.29%,1.7155E-3
D4-lineage-D10,ref|NC_001144|,5741,T,C,10,143,6.99%,8.2986E-4
D4-lineage-D10,ref|NC_001144|,5757,A,T,9,155,5.81%,1.7333E-3
D4-lineage-D10,ref|NC_001144|,5807,C,G,9,160,5.62%,1.7399E-3
D4-lineage-D10,ref|NC_001144|,5808,T,C,8,160,5%,3.5714E-3
D4-lineage-D10,ref|NC_001144|,10965,T,C,21,51,41.18%,3.5259E-8
D4-lineage-D10,ref|NC_001144|,11195,TAC,T,44,138,31.88%,7.8752E-16
D4-lineage-D10,ref|NC_001144|,11225,CA,C,93,145,64.14%,1.6556E-38
D4-lineage-D10,ref|NC_001144|,14561,A,AT,11,179,6.15%,4.1444E-4
D4-lineage-D10,ref|NC_001144|,19914,C,CT,16,146,10.96%,9.1834E-6
D4-lineage-D10,ref|NC_001144|,24780,C,G,12,83,14.46%,1.5831E-4
D4-lineage-D10,ref|NC_001144|,36723,GA,G,10,156,6.41%,8.3459E-4
D4-lineage-D10,ref|NC_001144|,41223,CAT,C,8,60,13.33%,2.7573E-3
D4-lineage-D10,ref|NC_001144|,48855,CA,C,12,110,10.91%,1.5455E-4
D4-lineage-D10,ref|NC_001144|,52019,AAT,A,25,174,14.37%,1.1643E-8
D4-lineage-D10,ref|NC_001144|,52618,C,CT,15,163,9.2%,2.0843E-5
D4-lineage-D10,ref|NC_001144|,63982,C,CA,21,170,12.35%,2.2955E-7
D4-lineage-D10,ref|NC_001144|,66619,CT,C,13,159,8.18%,9.2336E-5
D4-lineage-D10,ref|NC_001144|,84519,C,CT,11,165,6.67%,4.0635E-4
D4-lineage-D10,ref|NC_001144|,86724,TA,T,15,149,10.07%,2.0229E-5
D4-lineage-D10,ref|NC_001144|,86842,AT,A,8,152,5.26%,3.5449E-3
D4-lineage-D10,ref|NC_001144|,108046,C,CT,15,184,8.15%,2.2188E-5
D4-lineage-D10,ref|NC_001144|,112176,GA,G,17,200,8.5%,5.2034E-6
D4-lineage-D10,ref|NC_001144|,122008,GA,G,14,87,16.09%,2.9687E-5
D4-lineage-D10,ref|NC_001144|,129226,G,GA,9,148,6.08%,1.7232E-3
D4-lineage-D10,ref|NC_001144|,130903,C,CT,8,148,5.41%,3.5351E-3
D4-lineage-D10,ref|NC_001144|,161651,TA,T,13,135,9.63%,8.636E-5
D4-lineage-D10,ref|NC_001144|,170682,CAT,C,6,92,6.52%,1.4352E-2
D4-lineage-D10,ref|NC_001144|,172018,AAT,A,12,97,12.37%,1.6793E-4
D4-lineage-D10,ref|NC_001144|,179752,AT,A,6,117,5.13%,1.457E-2
D4-lineage-D10,ref|NC_001144|,179897,C,CT,11,111,9.91%,3.6955E-4
D4-lineage-D10,ref|NC_001144|,187137,AT,A,164,166,98.8%,3.6643E-95
D4-lineage-D10,ref|NC_001144|,193400,CT,C,8,141,5.67%,3.5194E-3
D4-lineage-D10,ref|NC_001144|,196591,A,AT,19,174,10.92%,1.0813E-6
D4-lineage-D10,ref|NC_001144|,196750,AT,A,6,113,5.31%,1.4499E-2
D4-lineage-D10,ref|NC_001144|,229572,G,A,10,115,8.7%,7.9624E-4
D4-lineage-D10,ref|NC_001144|,243644,C,CT,7,127,5.51%,7.1618E-3
D4-lineage-D10,ref|NC_001144|,243827,CAT,C,13,120,10.83%,8.5266E-5
D4-lineage-D10,ref|NC_001144|,245256,AAT,A,18,122,14.75%,1.8802E-6
D4-lineage-D10,ref|NC_001144|,246210,GT,G,10,96,10.42%,7.4993E-4
D4-lineage-D10,ref|NC_001144|,251194,GA,G,37,180,20.56%,6.2133E-13
D4-lineage-D10,ref|NC_001144|,253093,G,GA,20,164,12.2%,5.0004E-7
D4-lineage-D10,ref|NC_001144|,259721,C,CT,11,160,6.88%,4.0782E-4
D4-lineage-D10,ref|NC_001144|,263307,CA,C,14,156,8.97%,4.3701E-5
D4-lineage-D10,ref|NC_001144|,264076,AT,A,16,84,19.05%,4.4899E-6
D4-lineage-D10,ref|NC_001144|,266819,G,A,16,88,18.18%,7.2162E-6
D4-lineage-D10,ref|NC_001144|,280996,GA,G,23,149,15.44%,4.0647E-8
D4-lineage-D10,ref|NC_001144|,291384,A,G,154,154,100%,4.2213E-92
D4-lineage-D10,ref|NC_001144|,291386,A,G,155,156,99.36%,4.1689E-91
D4-lineage-D10,ref|NC_001144|,292024,GA,G,8,141,5.67%,3.4931E-3
D4-lineage-D10,ref|NC_001144|,306620,TA,T,10,121,8.26%,7.977E-4
D4-lineage-D10,ref|NC_001144|,322104,A,AT,19,136,13.97%,9.1053E-7
D4-lineage-D10,ref|NC_001144|,339676,TTA,T,14,135,10.37%,4.2312E-5
D4-lineage-D10,ref|NC_001144|,345042,C,G,17,98,17.35%,3.5111E-6
D4-lineage-D10,ref|NC_001144|,348735,C,CA,7,137,5.11%,7.196E-3
D4-lineage-D10,ref|NC_001144|,348919,GT,G,26,127,20.47%,2.6433E-9
D4-lineage-D10,ref|NC_001144|,366342,G,GT,10,174,5.75%,8.5293E-4
D4-lineage-D10,ref|NC_001144|,370487,AT,A,9,103,8.74%,1.6016E-3
D4-lineage-D10,ref|NC_001144|,394693,G,GA,14,141,9.93%,4.2436E-5
D4-lineage-D10,ref|NC_001144|,415698,TA,T,7,101,6.93%,6.9928E-3
D4-lineage-D10,ref|NC_001144|,421496,AG,A,6,70,8.57%,1.3877E-2
D4-lineage-D10,ref|NC_001144|,423554,CT,C,14,111,12.61%,3.7648E-5
D4-lineage-D10,ref|NC_001144|,426662,CA,C,13,104,12.5%,7.8634E-5
D4-lineage-D10,ref|NC_001144|,432143,C,CA,7,126,5.56%,7.1669E-3
D4-lineage-D10,ref|NC_001144|,441523,CT,C,9,118,7.63%,1.6526E-3
D4-lineage-D10,ref|NC_001144|,448598,T,TA,13,155,8.39%,9.3231E-5
D4-lineage-D10,ref|NC_001144|,451539,GA,G,9,62,14.52%,1.3495E-3
D4-lineage-D10,ref|NC_001144|,459249,C,A,28,425,6.59%,2.3525E-9
D4-lineage-D10,ref|NC_001144|,459564,T,C,438,8180,5.36%,6.2012E-121
D4-lineage-D10,ref|NC_001144|,459803,CT,C,1626,14435,11.28%,0E0
D4-lineage-D10,ref|NC_001144|,460002,CA,C,2183,18414,11.86%,0E0
D4-lineage-D10,ref|NC_001144|,460103,T,C,993,19182,5.18%,6.2367E-271
D4-lineage-D10,ref|NC_001144|,460152,T,G,1038,20386,5.09%,7.6148E-283
D4-lineage-D10,ref|NC_001144|,460262,G,GTA,1100,21292,5.17%,5.1581E-300
D4-lineage-D10,ref|NC_001144|,460383,TA,T,3680,18709,19.67%,0E0
D4-lineage-D10,ref|NC_001144|,460477,AT,A,1311,19928,6.58%,0E0
D4-lineage-D10,ref|NC_001144|,460621,T,C,1199,16065,7.46%,0E0
D4-lineage-D10,ref|NC_001144|,491513,C,CT,10,131,7.63%,8.0195E-4
D4-lineage-D10,ref|NC_001144|,506065,GT,G,9,142,6.34%,1.7054E-3
D4-lineage-D10,ref|NC_001144|,513143,CAT,C,7,123,5.69%,7.1513E-3
D4-lineage-D10,ref|NC_001144|,513997,C,CA,14,182,7.69%,4.6718E-5
D4-lineage-D10,ref|NC_001144|,514965,CT,C,10,152,6.58%,8.3179E-4
D4-lineage-D10,ref|NC_001144|,522257,C,CA,12,158,7.59%,1.9627E-4
D4-lineage-D10,ref|NC_001144|,527967,CT,C,16,156,10.26%,9.7893E-6
D4-lineage-D10,ref|NC_001144|,528749,T,A,126,126,100%,2.7519E-75
D4-lineage-D10,ref|NC_001144|,539598,C,CT,10,148,6.76%,8.2986E-4
D4-lineage-D10,ref|NC_001144|,545933,C,CT,18,146,12.33%,2.0287E-6
D4-lineage-D10,ref|NC_001144|,550360,C,CA,16,157,10.19%,9.7893E-6
D4-lineage-D10,ref|NC_001144|,556468,CAT,C,16,121,13.22%,8.4316E-6
D4-lineage-D10,ref|NC_001144|,563514,CAT,C,8,150,5.33%,3.5496E-3
D4-lineage-D10,ref|NC_001144|,568017,CT,C,11,150,7.33%,3.9751E-4
D4-lineage-D10,ref|NC_001144|,585920,GA,G,23,109,21.1%,1.7244E-8
D4-lineage-D10,ref|NC_001144|,612158,G,GA,8,132,6.06%,3.4802E-3
D4-lineage-D10,ref|NC_001144|,626434,G,GA,12,152,7.89%,1.9262E-4
D4-lineage-D10,ref|NC_001144|,636551,GT,G,16,106,15.09%,6.484E-6
D4-lineage-D10,ref|NC_001144|,641311,GA,G,14,136,10.29%,4.1117E-5
D4-lineage-D10,ref|NC_001144|,645231,TA,T,9,116,7.76%,1.642E-3
D4-lineage-D10,ref|NC_001144|,646385,G,GA,20,186,10.75%,5.1698E-7
D4-lineage-D10,ref|NC_001144|,657175,C,T,104,104,100%,4.3992E-62
D4-lineage-D10,ref|NC_001144|,667194,CA,C,7,131,5.34%,7.1669E-3
D4-lineage-D10,ref|NC_001144|,687472,GA,G,9,108,8.33%,1.6151E-3
D4-lineage-D10,ref|NC_001144|,687587,GTA,G,7,97,7.22%,6.9406E-3
D4-lineage-D10,ref|NC_001144|,699939,GA,G,17,108,15.74%,3.0663E-6
D4-lineage-D10,ref|NC_001144|,704138,TA,T,20,96,20.83%,2.3107E-7
D4-lineage-D10,ref|NC_001144|,712186,GT,G,11,147,7.48%,3.999E-4
D4-lineage-D10,ref|NC_001144|,718114,TA,T,11,156,7.05%,4.0431E-4
D4-lineage-D10,ref|NC_001144|,719563,A,AT,8,126,6.35%,3.47E-3
D4-lineage-D10,ref|NC_001144|,722481,G,GT,10,126,7.94%,7.977E-4
D4-lineage-D10,ref|NC_001144|,723168,C,CA,17,110,15.45%,3.6616E-6
D4-lineage-D10,ref|NC_001144|,723209,G,GT,8,82,9.76%,3.2002E-3
D4-lineage-D10,ref|NC_001144|,734923,A,AT,9,114,7.89%,1.6364E-3
D4-lineage-D10,ref|NC_001144|,743995,G,GA,11,140,7.86%,3.9564E-4
D4-lineage-D10,ref|NC_001144|,766503,TA,T,14,96,14.58%,3.4351E-5
D4-lineage-D10,ref|NC_001144|,769162,CAT,C,13,136,9.56%,8.906E-5
D4-lineage-D10,ref|NC_001144|,777943,G,GT,8,138,5.8%,3.4992E-3
D4-lineage-D10,ref|NC_001144|,784382,G,GC,133,138,96.38%,7.9696E-74
D4-lineage-D10,ref|NC_001144|,793997,A,AT,7,104,6.73%,7.0009E-3
D4-lineage-D10,ref|NC_001144|,802485,AT,A,9,140,6.43%,1.6945E-3
D4-lineage-D10,ref|NC_001144|,823442,G,GGA,7,53,13.21%,6.1442E-3
D4-lineage-D10,ref|NC_001144|,828903,C,T,165,165,100%,1.0417E-98
D4-lineage-D10,ref|NC_001144|,829405,GTA,G,13,139,9.35%,9.0158E-5
D4-lineage-D10,ref|NC_001144|,833744,AT,A,9,137,6.57%,1.6983E-3
D4-lineage-D10,ref|NC_001144|,837516,CAT,C,14,119,11.76%,4.0079E-5
D4-lineage-D10,ref|NC_001144|,837956,GA,G,16,153,10.46%,9.8842E-6
D4-lineage-D10,ref|NC_001144|,867102,C,CT,15,152,9.87%,2.1068E-5
D4-lineage-D10,ref|NC_001144|,881947,C,CAT,83,115,72.17%,7.5732E-37
D4-lineage-D10,ref|NC_001144|,931046,AT,A,8,130,6.15%,3.4665E-3
D4-lineage-D10,ref|NC_001144|,944238,C,A,73,73,100%,1.7006E-43
D4-lineage-D10,ref|NC_001144|,950305,C,CT,9,125,7.2%,1.674E-3
D4-lineage-D10,ref|NC_001144|,1002214,GA,G,32,148,21.62%,2.1871E-11
D4-lineage-D10,ref|NC_001144|,1011372,C,CT,11,134,8.21%,3.8578E-4
D4-lineage-D10,ref|NC_001144|,1012324,C,CG,135,142,95.07%,1.9069E-73
D4-lineage-D10,ref|NC_001144|,1012328,A,AGCC,126,132,95.45%,5.9081E-69
D4-lineage-D10,ref|NC_001144|,1015482,AAT,A,21,129,16.28%,1.8292E-7
D4-lineage-D10,ref|NC_001144|,1019116,GA,G,22,147,14.97%,9.1854E-8
D4-lineage-D10,ref|NC_001144|,1024980,AT,A,21,113,18.58%,1.2307E-7
D4-lineage-D10,ref|NC_001144|,1025009,GT,G,7,92,7.61%,6.837E-3
D4-lineage-D10,ref|NC_001144|,1026686,C,CT,17,180,9.44%,4.7989E-6
D4-lineage-D10,ref|NC_001144|,1039435,T,A,171,171,100%,2.589E-102
D4-lineage-D10,ref|NC_001144|,1053293,A,AT,23,132,17.42%,3.3875E-8
D4-lineage-D10,ref|NC_001144|,1059123,T,TA,8,143,5.59%,3.511E-3
D4-lineage-D10,ref|NC_001144|,1059677,T,TA,22,159,13.84%,1.0011E-7
D4-lineage-D10,ref|NC_001144|,1071573,AT,A,14,272,5.15%,5.114E-5
D4-lineage-D10,ref|NC_001145|,9528,AT,A,7,80,8.75%,6.7203E-3
D4-lineage-D10,ref|NC_001145|,21958,GTA,G,13,78,16.67%,6.9736E-5
D4-lineage-D10,ref|NC_001145|,26591,CT,C,5,75,6.67%,2.9174E-2
D4-lineage-D10,ref|NC_001145|,26716,A,AT,7,62,11.29%,6.377E-3
D4-lineage-D10,ref|NC_001145|,34017,TA,T,11,99,11.11%,3.6057E-4
D4-lineage-D10,ref|NC_001145|,34473,T,G,103,103,100%,1.7512E-61
D4-lineage-D10,ref|NC_001145|,41950,GA,G,15,99,15.15%,1.404E-5
D4-lineage-D10,ref|NC_001145|,43866,CT,C,14,88,15.91%,3.3581E-5
D4-lineage-D10,ref|NC_001145|,43908,A,AT,13,93,13.98%,7.6592E-5
D4-lineage-D10,ref|NC_001145|,43944,G,GA,7,111,6.31%,7.074E-3
D4-lineage-D10,ref|NC_001145|,53262,T,A,5,97,5.15%,2.9644E-2
D4-lineage-D10,ref|NC_001145|,58897,CT,C,7,92,7.61%,6.9019E-3
D4-lineage-D10,ref|NC_001145|,69736,TA,T,5,61,8.2%,2.87E-2
D4-lineage-D10,ref|NC_001145|,86950,CTATTAT,C,9,42,21.43%,1.1791E-3
D4-lineage-D10,ref|NC_001145|,90850,A,AT,6,119,5.04%,1.4624E-2
D4-lineage-D10,ref|NC_001145|,94308,A,AT,6,85,7.06%,1.4263E-2
D4-lineage-D10,ref|NC_001145|,97782,GT,G,6,77,7.79%,1.4104E-2
D4-lineage-D10,ref|NC_001145|,99599,CAT,C,10,79,12.66%,7.2112E-4
D4-lineage-D10,ref|NC_001145|,108637,C,CA,5,83,6.02%,2.9303E-2
D4-lineage-D10,ref|NC_001145|,158396,T,TA,10,43,23.26%,5.0524E-4
D4-lineage-D10,ref|NC_001145|,159085,GT,G,7,77,9.09%,6.7755E-3
D4-lineage-D10,ref|NC_001145|,159852,CAT,C,8,57,14.04%,2.9216E-3
D4-lineage-D10,ref|NC_001145|,162173,T,A,6,98,6.12%,1.4442E-2
D4-lineage-D10,ref|NC_001145|,164392,GT,G,5,47,10.64%,2.6944E-2
D4-lineage-D10,ref|NC_001145|,165422,CT,C,6,46,13.04%,1.2702E-2
D4-lineage-D10,ref|NC_001145|,169058,CT,C,5,81,6.17%,2.9254E-2
D4-lineage-D10,ref|NC_001145|,183886,T,TA,6,85,7.06%,1.4247E-2
D4-lineage-D10,ref|NC_001145|,191990,ATT,A,5,44,11.36%,2.6257E-2
D4-lineage-D10,ref|NC_001145|,192469,CT,C,8,92,8.7%,3.3145E-3
D4-lineage-D10,ref|NC_001145|,194067,TCA,T,5,78,6.41%,2.9254E-2
D4-lineage-D10,ref|NC_001145|,209069,C,CT,5,72,6.94%,2.8927E-2
D4-lineage-D10,ref|NC_001145|,211423,AC,A,5,97,5.15%,2.9644E-2
D4-lineage-D10,ref|NC_001145|,213143,A,T,5,80,6.25%,2.9303E-2
D4-lineage-D10,ref|NC_001145|,234752,A,AT,6,93,6.45%,1.4352E-2
D4-lineage-D10,ref|NC_001145|,236652,C,CT,6,80,7.5%,1.4064E-2
D4-lineage-D10,ref|NC_001145|,238763,CT,C,7,40,17.5%,5.1054E-3
D4-lineage-D10,ref|NC_001145|,241854,CT,C,8,96,8.33%,3.3208E-3
D4-lineage-D10,ref|NC_001145|,251661,G,GA,8,79,10.13%,3.2179E-3
D4-lineage-D10,ref|NC_001145|,261667,T,TA,5,90,5.56%,2.948E-2
D4-lineage-D10,ref|NC_001145|,267295,T,C,5,75,6.67%,2.9174E-2
D4-lineage-D10,ref|NC_001145|,276374,T,TA,5,82,6.1%,2.9228E-2
D4-lineage-D10,ref|NC_001145|,305685,GT,G,5,81,6.17%,2.9201E-2
D4-lineage-D10,ref|NC_001145|,321328,CAT,C,16,75,21.33%,6.0706E-6
D4-lineage-D10,ref|NC_001145|,325905,T,A,95,95,100%,1.1023E-56
D4-lineage-D10,ref|NC_001145|,326749,C,T,5,80,6.25%,2.9279E-2
D4-lineage-D10,ref|NC_001145|,353678,AT,A,7,64,10.94%,6.5131E-3
D4-lineage-D10,ref|NC_001145|,359161,A,G,5,63,7.94%,2.878E-2
D4-lineage-D10,ref|NC_001145|,361550,G,A,72,72,100%,6.7558E-43
D4-lineage-D10,ref|NC_001145|,361725,A,G,21,103,20.39%,1.5336E-7
D4-lineage-D10,ref|NC_001145|,370618,C,CA,7,95,7.37%,6.9587E-3
D4-lineage-D10,ref|NC_001145|,380311,G,GA,13,105,12.38%,7.8634E-5
D4-lineage-D10,ref|NC_001145|,380403,A,G,5,97,5.15%,2.9644E-2
D4-lineage-D10,ref|NC_001145|,387095,AT,A,22,65,33.85%,1.9179E-8
D4-lineage-D10,ref|NC_001145|,402915,T,C,5,97,5.15%,2.9644E-2
D4-lineage-D10,ref|NC_001145|,405206,C,A,5,79,6.33%,2.9279E-2
D4-lineage-D10,ref|NC_001145|,431536,G,GT,8,71,11.27%,3.1191E-3
D4-lineage-D10,ref|NC_001145|,442239,CT,C,6,81,7.41%,1.4197E-2
D4-lineage-D10,ref|NC_001145|,448333,G,A,101,101,100%,2.7747E-60
D4-lineage-D10,ref|NC_001145|,448334,A,G,101,101,100%,2.7747E-60
D4-lineage-D10,ref|NC_001145|,462693,C,CT,7,72,9.72%,6.659E-3
D4-lineage-D10,ref|NC_001145|,468258,A,AT,5,93,5.38%,2.9538E-2
D4-lineage-D10,ref|NC_001145|,472637,G,GA,6,85,7.06%,1.4231E-2
D4-lineage-D10,ref|NC_001145|,483743,GA,G,15,79,18.99%,1.0808E-5
D4-lineage-D10,ref|NC_001145|,500730,GA,G,5,72,6.94%,2.9026E-2
D4-lineage-D10,ref|NC_001145|,501334,A,G,5,70,7.14%,2.9026E-2
D4-lineage-D10,ref|NC_001145|,512087,GT,G,8,74,10.81%,3.1618E-3
D4-lineage-D10,ref|NC_001145|,514073,A,AT,5,89,5.62%,2.948E-2
D4-lineage-D10,ref|NC_001145|,541036,C,T,6,52,11.54%,1.3417E-2
D4-lineage-D10,ref|NC_001145|,559980,CT,C,15,106,14.15%,1.6879E-5
D4-lineage-D10,ref|NC_001145|,561877,AAT,A,7,32,21.88%,5.0143E-3
D4-lineage-D10,ref|NC_001145|,571250,CA,C,13,52,25%,4.7798E-5
D4-lineage-D10,ref|NC_001145|,622168,GTA,G,12,78,15.38%,1.4713E-4
D4-lineage-D10,ref|NC_001145|,623103,A,T,5,91,5.49%,2.9538E-2
D4-lineage-D10,ref|NC_001145|,625708,CT,C,13,65,20%,5.092E-5
D4-lineage-D10,ref|NC_001145|,626178,G,GT,5,82,6.1%,2.9327E-2
D4-lineage-D10,ref|NC_001145|,628843,TA,T,5,89,5.62%,2.9417E-2
D4-lineage-D10,ref|NC_001145|,630505,A,G,80,80,100%,1.0864E-47
D4-lineage-D10,ref|NC_001145|,646855,CAT,C,5,55,9.09%,2.8079E-2
D4-lineage-D10,ref|NC_001145|,651263,TA,T,82,88,93.18%,1.4154E-43
D4-lineage-D10,ref|NC_001145|,652533,C,CT,5,73,6.85%,2.9088E-2
D4-lineage-D10,ref|NC_001145|,667202,C,CA,15,69,21.74%,1.1869E-5
D4-lineage-D10,ref|NC_001145|,672129,T,C,84,84,100%,4.3483E-50
D4-lineage-D10,ref|NC_001145|,674863,G,GA,11,94,11.7%,3.4115E-4
D4-lineage-D10,ref|NC_001145|,680936,T,C,84,84,100%,4.3483E-50
D4-lineage-D10,ref|NC_001145|,680940,C,T,84,84,100%,4.3483E-50
D4-lineage-D10,ref|NC_001145|,698679,TA,T,11,62,17.74%,2.6004E-4
D4-lineage-D10,ref|NC_001145|,752958,AT,A,5,87,5.75%,2.9351E-2
D4-lineage-D10,ref|NC_001145|,756824,GT,G,5,58,8.62%,2.8261E-2
D4-lineage-D10,ref|NC_001145|,770561,A,AT,6,96,6.25%,1.4405E-2
D4-lineage-D10,ref|NC_001145|,772664,CT,C,16,76,21.05%,5.0299E-6
D4-lineage-D10,ref|NC_001145|,774724,C,CA,6,103,5.83%,1.4477E-2
D4-lineage-D10,ref|NC_001145|,775114,G,GA,7,83,8.43%,6.801E-3
D4-lineage-D10,ref|NC_001145|,779300,C,CT,11,75,14.67%,3.2124E-4
D4-lineage-D10,ref|NC_001145|,809198,A,G,77,77,100%,6.8219E-46
D4-lineage-D10,ref|NC_001145|,813273,T,A,5,83,6.02%,2.9373E-2
D4-lineage-D10,ref|NC_001145|,815480,C,CA,6,77,7.79%,1.4021E-2
D4-lineage-D10,ref|NC_001145|,822589,CT,C,6,45,13.33%,1.2773E-2
D4-lineage-D10,ref|NC_001145|,851713,GA,G,10,78,12.82%,6.543E-4
D4-lineage-D10,ref|NC_001145|,852310,G,GA,7,100,7%,6.9928E-3
D4-lineage-D10,ref|NC_001145|,854478,CT,C,10,90,11.11%,7.3507E-4
D4-lineage-D10,ref|NC_001145|,860894,CT,C,6,101,5.94%,1.4442E-2
D4-lineage-D10,ref|NC_001145|,861205,C,CA,6,91,6.59%,1.4263E-2
D4-lineage-D10,ref|NC_001145|,874559,C,CT,16,81,19.75%,5.4307E-6
D4-lineage-D10,ref|NC_001145|,878812,C,CAT,5,99,5.05%,2.9627E-2
D4-lineage-D10,ref|NC_001145|,882534,CT,C,6,116,5.17%,1.4588E-2
D4-lineage-D10,ref|NC_001145|,901415,GA,G,6,107,5.61%,1.4509E-2
D4-lineage-D10,ref|NC_001145|,908196,G,C,6,15,40%,8.4291E-3
D4-lineage-D10,ref|NC_001145|,908198,G,T,6,14,42.86%,7.971E-3
D4-lineage-D10,ref|NC_001145|,908203,G,A,6,15,40%,8.4291E-3
D4-lineage-D10,ref|NC_001145|,908218,C,T,8,18,44.44%,1.4461E-3
D4-lineage-D10,ref|NC_001145|,908275,G,A,6,56,10.71%,1.3571E-2
D4-lineage-D10,ref|NC_001145|,908558,T,TCAA,17,109,15.6%,3.829E-6
D4-lineage-D10,ref|NC_001145|,914827,G,GT,6,78,7.79%,1.4104E-2
D4-lineage-D10,ref|NC_001145|,918033,C,CA,10,77,12.99%,7.0548E-4
D4-lineage-D10,ref|NC_001145|,918120,C,CT,13,69,18.84%,5.6497E-5
D4-lineage-D10,ref|NC_001145|,921418,CT,C,83,112,74.11%,4.8244E-39
D4-lineage-D10,ref|NC_001145|,924352,G,GGT,15,25,60%,1.4522E-6
D4-lineage-D10,ref|NC_001146|,6631,CCA,C,7,34,20.59%,5.5492E-3
D4-lineage-D10,ref|NC_001146|,6650,A,C,11,25,44%,1.0135E-4
D4-lineage-D10,ref|NC_001146|,6652,C,A,12,22,54.55%,3.066E-5
D4-lineage-D10,ref|NC_001146|,7478,A,AT,88,88,100%,1.7384E-52
D4-lineage-D10,ref|NC_001146|,10214,TA,T,13,82,15.85%,6.6777E-5
D4-lineage-D10,ref|NC_001146|,12975,C,CTT,43,60,71.67%,9.8955E-20
D4-lineage-D10,ref|NC_001146|,14333,G,GC,42,54,77.78%,1.9804E-19
D4-lineage-D10,ref|NC_001146|,43278,AAT,A,9,66,13.64%,1.4138E-3
D4-lineage-D10,ref|NC_001146|,57759,G,A,6,95,6.32%,1.4405E-2
D4-lineage-D10,ref|NC_001146|,66362,TA,T,7,87,8.05%,6.8485E-3
D4-lineage-D10,ref|NC_001146|,69097,C,CA,5,86,5.81%,2.9417E-2
D4-lineage-D10,ref|NC_001146|,107294,G,GA,9,92,9.78%,1.5583E-3
D4-lineage-D10,ref|NC_001146|,116758,G,GA,6,87,6.9%,1.4294E-2
D4-lineage-D10,ref|NC_001146|,118987,GA,G,8,70,11.43%,3.0172E-3
D4-lineage-D10,ref|NC_001146|,145389,G,GT,6,60,10%,1.3706E-2
D4-lineage-D10,ref|NC_001146|,154923,G,GA,11,58,18.97%,2.4819E-4
D4-lineage-D10,ref|NC_001146|,172354,CT,C,6,90,6.67%,1.4247E-2
D4-lineage-D10,ref|NC_001146|,172492,C,CA,8,72,11.11%,3.1815E-3
D4-lineage-D10,ref|NC_001146|,175206,CA,C,6,86,6.98%,1.4161E-2
D4-lineage-D10,ref|NC_001146|,187639,G,GA,5,71,7.04%,2.8741E-2
D4-lineage-D10,ref|NC_001146|,196150,C,CT,11,67,16.42%,2.6733E-4
D4-lineage-D10,ref|NC_001146|,198789,C,G,5,73,6.85%,2.9117E-2
D4-lineage-D10,ref|NC_001146|,210073,C,CA,6,75,8%,1.4084E-2
D4-lineage-D10,ref|NC_001146|,235956,CT,C,7,74,9.46%,6.6426E-3
D4-lineage-D10,ref|NC_001146|,263349,A,AT,6,82,7.32%,1.4142E-2
D4-lineage-D10,ref|NC_001146|,281884,G,GA,7,74,9.46%,6.675E-3
D4-lineage-D10,ref|NC_001146|,282400,G,C,31,74,41.89%,8.503E-12
D4-lineage-D10,ref|NC_001146|,282401,T,C,17,63,26.98%,2.193E-6
D4-lineage-D10,ref|NC_001146|,307228,CT,C,13,73,17.81%,6.4168E-5
D4-lineage-D10,ref|NC_001146|,312328,AACG,A,79,84,94.05%,1.8049E-42
D4-lineage-D10,ref|NC_001146|,321979,A,AT,10,71,14.08%,6.7197E-4
D4-lineage-D10,ref|NC_001146|,335931,C,CT,5,98,5.1%,2.9644E-2
D4-lineage-D10,ref|NC_001146|,345475,G,GA,6,89,6.74%,1.4324E-2
D4-lineage-D10,ref|NC_001146|,377887,G,T,82,82,100%,6.8742E-49
D4-lineage-D10,ref|NC_001146|,380954,G,GA,9,68,13.24%,1.4297E-3
D4-lineage-D10,ref|NC_001146|,381954,A,T,5,69,7.25%,2.8994E-2
D4-lineage-D10,ref|NC_001146|,413448,C,CT,8,50,16%,2.624E-3
D4-lineage-D10,ref|NC_001146|,415054,C,CT,8,43,18.6%,2.653E-3
D4-lineage-D10,ref|NC_001146|,418915,GTA,G,8,74,10.81%,3.2002E-3
D4-lineage-D10,ref|NC_001146|,429776,TTA,T,16,71,22.54%,5.8055E-6
D4-lineage-D10,ref|NC_001146|,439397,G,GT,65,73,89.04%,5.4698E-33
D4-lineage-D10,ref|NC_001146|,444651,CT,C,8,63,12.7%,3.0712E-3
D4-lineage-D10,ref|NC_001146|,458478,G,GA,6,97,6.19%,1.443E-2
D4-lineage-D10,ref|NC_001146|,459438,T,C,5,99,5.05%,2.9676E-2
D4-lineage-D10,ref|NC_001146|,471767,A,G,92,92,100%,6.9429E-55
D4-lineage-D10,ref|NC_001146|,479459,AT,A,11,74,14.86%,2.7747E-4
D4-lineage-D10,ref|NC_001146|,481111,GA,G,5,84,5.95%,2.9396E-2
D4-lineage-D10,ref|NC_001146|,486552,TA,T,10,53,18.87%,5.4972E-4
D4-lineage-D10,ref|NC_001146|,490188,A,AT,5,58,8.62%,2.8423E-2
D4-lineage-D10,ref|NC_001146|,493053,TA,T,15,72,20.83%,1.3016E-5
D4-lineage-D10,ref|NC_001146|,498360,GT,G,11,94,11.7%,3.4427E-4
D4-lineage-D10,ref|NC_001146|,501129,AT,A,13,75,17.33%,6.859E-5
D4-lineage-D10,ref|NC_001146|,503013,C,CA,7,75,9.33%,6.7056E-3
D4-lineage-D10,ref|NC_001146|,510328,C,CT,11,90,12.22%,3.3953E-4
D4-lineage-D10,ref|NC_001146|,512460,CAT,C,12,64,18.75%,1.3565E-4
D4-lineage-D10,ref|NC_001146|,523434,G,A,16,95,16.84%,7.6643E-6
D4-lineage-D10,ref|NC_001146|,523441,G,T,16,94,17.02%,7.6032E-6
D4-lineage-D10,ref|NC_001146|,524023,T,C,8,39,20.51%,2.624E-3
D4-lineage-D10,ref|NC_001146|,532584,G,GA,5,74,6.76%,2.9117E-2
D4-lineage-D10,ref|NC_001146|,563070,A,G,4,11,36.36%,4.5113E-2
D4-lineage-D10,ref|NC_001146|,570509,T,C,11,11,100%,1.4176E-6
D4-lineage-D10,ref|NC_001146|,589402,A,T,5,94,5.32%,2.9592E-2
D4-lineage-D10,ref|NC_001146|,599231,A,G,5,88,5.68%,2.948E-2
D4-lineage-D10,ref|NC_001146|,599351,T,C,7,93,7.53%,6.9498E-3
D4-lineage-D10,ref|NC_001146|,601112,T,G,58,142,40.85%,2.1669E-21
D4-lineage-D10,ref|NC_001146|,601202,T,C,57,135,42.22%,3.5957E-21
D4-lineage-D10,ref|NC_001146|,604862,T,C,7,87,8.05%,6.8917E-3
D4-lineage-D10,ref|NC_001146|,605720,C,CTA,7,61,11.48%,6.4016E-3
D4-lineage-D10,ref|NC_001146|,616826,A,G,17,49,34.69%,1.4216E-6
D4-lineage-D10,ref|NC_001146|,644217,CTA,C,9,81,11.11%,1.535E-3
D4-lineage-D10,ref|NC_001146|,648064,T,C,5,79,6.33%,2.9279E-2
D4-lineage-D10,ref|NC_001146|,651857,AT,A,19,80,23.75%,4.6433E-7
D4-lineage-D10,ref|NC_001146|,662768,GA,G,9,98,9.18%,1.5627E-3
D4-lineage-D10,ref|NC_001146|,662853,G,GA,10,85,11.76%,7.324E-4
D4-lineage-D10,ref|NC_001146|,667324,CT,C,8,48,16.67%,2.5935E-3
D4-lineage-D10,ref|NC_001146|,668101,C,CA,6,90,6.67%,1.4263E-2
D4-lineage-D10,ref|NC_001146|,678603,G,GA,10,64,15.62%,6.345E-4
D4-lineage-D10,ref|NC_001146|,687218,C,CA,9,78,11.54%,1.4972E-3
D4-lineage-D10,ref|NC_001146|,690071,AT,A,9,78,11.54%,1.503E-3
D4-lineage-D10,ref|NC_001146|,692520,CA,C,6,86,6.98%,1.4179E-2
D4-lineage-D10,ref|NC_001146|,692960,C,CT,10,93,10.75%,7.4758E-4
D4-lineage-D10,ref|NC_001146|,694240,CAT,C,14,77,18.18%,2.7899E-5
D4-lineage-D10,ref|NC_001146|,711232,A,AT,10,71,14.08%,6.7609E-4
D4-lineage-D10,ref|NC_001146|,718411,G,GA,7,102,6.86%,7.0243E-3
D4-lineage-D10,ref|NC_001146|,718580,CA,C,6,85,7.06%,1.4247E-2
D4-lineage-D10,ref|NC_001146|,721916,T,TA,7,83,8.43%,6.7486E-3
D4-lineage-D10,ref|NC_001146|,722274,CA,C,12,55,21.82%,9.5339E-5
D4-lineage-D10,ref|NC_001146|,764741,GAT,G,7,59,11.86%,6.4707E-3
D4-lineage-D10,ref|NC_001146|,772612,C,CA,11,68,16.18%,2.8065E-4
D4-lineage-D10,ref|NC_001146|,774549,AT,A,22,84,26.19%,4.028E-8
D4-lineage-D10,ref|NC_001146|,776301,A,AT,5,93,5.38%,2.95E-2
D4-lineage-D10,ref|NC_001146|,777553,AAT,A,15,85,17.65%,1.3711E-5
D4-lineage-D10,ref|NC_001146|,780322,AT,A,6,87,6.9%,1.4294E-2
D4-lineage-D10,ref|NC_001146|,784107,GT,G,5,52,9.8%,2.8203E-2
D4-lineage-D10,ref|NC_001146|,784118,T,TG,5,62,8.2%,2.8614E-2
D4-lineage-D10,ref|NC_001146|,784142,T,TG,7,63,11.29%,6.4707E-3
D4-lineage-D10,ref|NC_001146|,784163,T,TG,8,52,15.38%,2.9216E-3
D4-lineage-D10,ref|NC_001146|,784166,TGTG,T,5,60,8.33%,2.8658E-2
D4-lineage-D10,ref|NC_001146|,784170,GT,G,5,46,10.87%,2.7799E-2
D4-lineage-D10,ref|NC_001146|,784181,TG,T,6,68,8.82%,1.3928E-2
D4-lineage-D10,ref|NC_001146|,784183,G,GT,6,64,9.38%,1.3706E-2
D4-lineage-D10,ref|NC_001146|,784187,TG,T,5,69,7.25%,2.8994E-2
D4-lineage-D10,ref|NC_001146|,784194,GGT,G,5,62,8.06%,2.8473E-2
D4-lineage-D10,ref|NC_001146|,784235,GT,G,5,43,11.63%,2.764E-2
D4-lineage-D10,ref|NC_001147|,1085,CAT,C,5,94,5.32%,2.9373E-2
D4-lineage-D10,ref|NC_001147|,13997,C,CA,6,96,6.25%,1.4338E-2
D4-lineage-D10,ref|NC_001147|,14017,GA,G,5,94,5.32%,2.9575E-2
D4-lineage-D10,ref|NC_001147|,21727,G,GA,8,87,9.2%,3.2947E-3
D4-lineage-D10,ref|NC_001147|,27008,C,CA,7,78,8.97%,6.7486E-3
D4-lineage-D10,ref|NC_001147|,27928,T,A,17,104,16.35%,3.747E-6
D4-lineage-D10,ref|NC_001147|,50002,C,T,108,108,100%,1.7511E-64
D4-lineage-D10,ref|NC_001147|,50010,A,T,106,106,100%,2.7758E-63
D4-lineage-D10,ref|NC_001147|,50012,C,T,105,105,100%,1.1051E-62
D4-lineage-D10,ref|NC_001147|,53937,GGAA,G,5,98,5.1%,2.966E-2
D4-lineage-D10,ref|NC_001147|,60061,G,GT,11,89,12.36%,3.4273E-4
D4-lineage-D10,ref|NC_001147|,60213,CT,C,15,59,25.42%,8.3573E-6
D4-lineage-D10,ref|NC_001147|,60240,C,T,49,49,100%,3.925E-29
D4-lineage-D10,ref|NC_001147|,64929,A,T,6,112,5.36%,1.4588E-2
D4-lineage-D10,ref|NC_001147|,71787,TA,T,6,101,5.94%,1.4477E-2
D4-lineage-D10,ref|NC_001147|,79297,C,G,91,91,100%,2.7621E-54
D4-lineage-D10,ref|NC_001147|,79304,A,T,80,80,100%,1.0864E-47
D4-lineage-D10,ref|NC_001147|,79305,T,A,79,79,100%,4.3185E-47
D4-lineage-D10,ref|NC_001147|,85382,CTT,C,7,82,8.54%,6.6905E-3
D4-lineage-D10,ref|NC_001147|,93845,TA,T,9,100,9%,1.6118E-3
D4-lineage-D10,ref|NC_001147|,94613,GA,G,9,98,9.18%,1.5945E-3
D4-lineage-D10,ref|NC_001147|,94815,AC,A,8,40,20%,2.4562E-3
D4-lineage-D10,ref|NC_001147|,118032,A,C,62,201,30.85%,2.8004E-22
D4-lineage-D10,ref|NC_001147|,118473,G,A,6,26,23.08%,1.1309E-2
D4-lineage-D10,ref|NC_001147|,129212,CT,C,8,97,8.25%,3.3331E-3
D4-lineage-D10,ref|NC_001147|,141471,GA,G,11,88,12.5%,3.3091E-4
D4-lineage-D10,ref|NC_001147|,147247,AT,A,5,94,5.32%,2.9592E-2
D4-lineage-D10,ref|NC_001147|,161403,A,T,93,178,52.25%,6.3224E-36
D4-lineage-D10,ref|NC_001147|,161617,T,C,92,204,45.1%,3.0096E-34
D4-lineage-D10,ref|NC_001147|,161762,T,C,75,156,48.08%,1.8269E-28
D4-lineage-D10,ref|NC_001147|,193004,TC,T,5,85,5.88%,2.9417E-2
D4-lineage-D10,ref|NC_001147|,200336,C,T,6,61,9.84%,1.3706E-2
D4-lineage-D10,ref|NC_001147|,200339,CT,C,9,54,16.67%,1.1061E-3
D4-lineage-D10,ref|NC_001147|,204570,CT,C,14,67,21.21%,2.1741E-5
D4-lineage-D10,ref|NC_001147|,204821,G,A,5,93,5.38%,2.9575E-2
D4-lineage-D10,ref|NC_001147|,213870,C,CA,9,88,10.23%,1.5539E-3
D4-lineage-D10,ref|NC_001147|,216898,AT,A,8,45,17.78%,2.5617E-3
D4-lineage-D10,ref|NC_001147|,227300,CGAT,C,6,80,7.5%,1.4161E-2
D4-lineage-D10,ref|NC_001147|,230020,CT,C,11,108,10.19%,3.5425E-4
D4-lineage-D10,ref|NC_001147|,230573,TG,T,5,76,6.58%,2.9201E-2
D4-lineage-D10,ref|NC_001147|,238354,AAT,A,7,54,12.96%,6.3251E-3
D4-lineage-D10,ref|NC_001147|,259218,C,CT,13,87,14.94%,7.4354E-5
D4-lineage-D10,ref|NC_001147|,315630,CT,C,13,79,16.46%,6.2051E-5
D4-lineage-D10,ref|NC_001147|,319407,A,G,5,91,5.49%,2.9538E-2
D4-lineage-D10,ref|NC_001147|,326195,CAT,C,9,53,16.98%,1.3055E-3
D4-lineage-D10,ref|NC_001147|,333432,G,GA,10,99,10.1%,7.567E-4
D4-lineage-D10,ref|NC_001147|,349567,A,G,5,99,5.05%,2.9676E-2
D4-lineage-D10,ref|NC_001147|,349580,G,GA,13,95,13.68%,7.6592E-5
D4-lineage-D10,ref|NC_001147|,355083,AAT,A,15,48,31.25%,6.364E-6
D4-lineage-D10,ref|NC_001147|,372140,GA,G,8,73,10.96%,3.1516E-3
D4-lineage-D10,ref|NC_001147|,389237,T,G,86,86,100%,2.7498E-51
D4-lineage-D10,ref|NC_001147|,397209,G,T,5,85,5.88%,2.9417E-2
D4-lineage-D10,ref|NC_001147|,397478,G,GA,10,86,11.63%,7.2112E-4
D4-lineage-D10,ref|NC_001147|,404121,G,GT,6,63,9.52%,1.3641E-2
D4-lineage-D10,ref|NC_001147|,416159,G,GT,5,62,8.06%,2.8569E-2
D4-lineage-D10,ref|NC_001147|,423979,G,GA,8,89,8.99%,3.2735E-3
D4-lineage-D10,ref|NC_001147|,426603,G,GA,7,66,10.61%,6.4922E-3
D4-lineage-D10,ref|NC_001147|,430159,G,GA,7,68,10.29%,6.4484E-3
D4-lineage-D10,ref|NC_001147|,437763,T,A,90,91,98.9%,1.0988E-53
D4-lineage-D10,ref|NC_001147|,444498,AT,A,12,72,16.67%,1.3421E-4
D4-lineage-D10,ref|NC_001147|,453009,T,C,7,48,14.58%,6.1774E-3
D4-lineage-D10,ref|NC_001147|,454588,C,A,6,96,6.25%,1.4417E-2
D4-lineage-D10,ref|NC_001147|,467869,G,T,5,83,6.02%,2.9373E-2
D4-lineage-D10,ref|NC_001147|,475132,C,CA,8,94,8.51%,3.3014E-3
D4-lineage-D10,ref|NC_001147|,479259,A,AT,8,59,13.56%,2.9389E-3
D4-lineage-D10,ref|NC_001147|,491013,CA,C,5,83,6.02%,2.9201E-2
D4-lineage-D10,ref|NC_001147|,511568,C,CA,5,86,5.81%,2.9417E-2
D4-lineage-D10,ref|NC_001147|,519639,A,T,104,104,100%,4.3992E-62
D4-lineage-D10,ref|NC_001147|,522811,G,GA,15,53,28.3%,5.7558E-6
D4-lineage-D10,ref|NC_001147|,536839,CT,C,7,69,10.14%,6.6083E-3
D4-lineage-D10,ref|NC_001147|,537259,AT,A,8,46,17.39%,2.6808E-3
D4-lineage-D10,ref|NC_001147|,550529,A,AT,5,83,6.02%,2.9327E-2
D4-lineage-D10,ref|NC_001147|,550563,A,AT,6,83,7.23%,1.4124E-2
D4-lineage-D10,ref|NC_001147|,553337,C,T,5,74,6.76%,2.9146E-2
D4-lineage-D10,ref|NC_001147|,560809,G,GA,5,74,6.76%,2.9026E-2
D4-lineage-D10,ref|NC_001147|,569695,A,AT,5,79,6.33%,2.9254E-2
D4-lineage-D10,ref|NC_001147|,572170,GT,G,5,57,8.77%,2.8317E-2
D4-lineage-D10,ref|NC_001147|,581669,CA,C,9,83,10.84%,1.5248E-3
D4-lineage-D10,ref|NC_001147|,598868,G,A,6,27,22.22%,1.1461E-2
D4-lineage-D10,ref|NC_001147|,667734,TA,T,6,62,9.68%,1.3497E-2
D4-lineage-D10,ref|NC_001147|,670220,T,A,5,96,5.21%,2.9627E-2
D4-lineage-D10,ref|NC_001147|,670723,GA,G,5,62,8.06%,2.8658E-2
D4-lineage-D10,ref|NC_001147|,670767,G,GA,16,63,25.4%,4.0256E-6
D4-lineage-D10,ref|NC_001147|,673205,AT,A,8,96,8.33%,3.327E-3
D4-lineage-D10,ref|NC_001147|,675324,C,CT,9,67,13.43%,1.3596E-3
D4-lineage-D10,ref|NC_001147|,698289,A,AT,5,80,6.25%,2.9201E-2
D4-lineage-D10,ref|NC_001147|,708819,G,C,31,89,34.83%,1.9455E-11
D4-lineage-D10,ref|NC_001147|,708878,T,C,15,54,27.78%,9.8829E-6
D4-lineage-D10,ref|NC_001147|,720202,G,GA,5,61,8.2%,2.8614E-2
D4-lineage-D10,ref|NC_001147|,745306,CA,C,7,64,10.94%,6.4707E-3
D4-lineage-D10,ref|NC_001147|,746559,CA,C,10,89,11.24%,7.1814E-4
D4-lineage-D10,ref|NC_001147|,758102,CT,C,7,113,6.19%,7.087E-3
D4-lineage-D10,ref|NC_001147|,760705,A,AT,8,96,8.33%,3.3505E-3
D4-lineage-D10,ref|NC_001147|,761366,G,GA,5,100,5%,2.9627E-2
D4-lineage-D10,ref|NC_001147|,768266,GA,G,6,94,6.38%,1.4324E-2
D4-lineage-D10,ref|NC_001147|,769891,GT,G,6,48,12.5%,1.2467E-2
D4-lineage-D10,ref|NC_001147|,770624,GT,G,12,59,20.34%,1.1557E-4
D4-lineage-D10,ref|NC_001147|,783558,CT,C,5,91,5.49%,2.95E-2
D4-lineage-D10,ref|NC_001147|,795455,G,GA,5,83,6.02%,2.9279E-2
D4-lineage-D10,ref|NC_001147|,798499,G,GA,5,89,5.62%,2.948E-2
D4-lineage-D10,ref|NC_001147|,801524,A,G,5,76,6.58%,2.9201E-2
D4-lineage-D10,ref|NC_001147|,804922,AT,A,13,85,15.29%,6.9169E-5
D4-lineage-D10,ref|NC_001147|,830833,C,CT,5,74,6.76%,2.9026E-2
D4-lineage-D10,ref|NC_001147|,854995,AAT,A,10,74,13.51%,7.0212E-4
D4-lineage-D10,ref|NC_001147|,875965,G,GA,5,70,7.14%,2.8892E-2
D4-lineage-D10,ref|NC_001147|,877096,TA,T,16,99,16.16%,7.4142E-6
D4-lineage-D10,ref|NC_001147|,882623,C,CT,15,72,20.83%,1.1869E-5
D4-lineage-D10,ref|NC_001147|,888848,GTT,G,8,71,11.27%,3.0583E-3
D4-lineage-D10,ref|NC_001147|,889748,TA,T,12,65,18.46%,1.3121E-4
D4-lineage-D10,ref|NC_001147|,894338,AT,A,6,84,7.14%,1.4142E-2
D4-lineage-D10,ref|NC_001147|,909076,GT,G,5,52,9.62%,2.764E-2
D4-lineage-D10,ref|NC_001147|,916211,C,T,5,95,5.26%,2.961E-2
D4-lineage-D10,ref|NC_001147|,923126,GAT,G,7,82,8.54%,6.8253E-3
D4-lineage-D10,ref|NC_001147|,925072,CA,C,12,85,14.12%,1.5356E-4
D4-lineage-D10,ref|NC_001147|,944473,CT,C,6,64,9.38%,1.3458E-2
D4-lineage-D10,ref|NC_001147|,954141,CT,C,8,66,12.12%,2.7074E-3
D4-lineage-D10,ref|NC_001147|,959628,AT,A,5,91,5.49%,2.9538E-2
D4-lineage-D10,ref|NC_001147|,967942,AT,A,11,64,17.19%,3.0055E-4
D4-lineage-D10,ref|NC_001147|,977029,C,CT,6,92,6.52%,1.4294E-2
D4-lineage-D10,ref|NC_001147|,978149,C,CA,7,98,7.14%,6.9761E-3
D4-lineage-D10,ref|NC_001147|,980936,C,G,70,70,100%,1.0659E-41
D4-lineage-D10,ref|NC_001147|,989706,G,GA,10,106,9.43%,7.6909E-4
D4-lineage-D10,ref|NC_001147|,991270,A,T,7,116,6.03%,7.1177E-3
D4-lineage-D10,ref|NC_001147|,994943,C,CT,5,98,5.1%,2.9627E-2
D4-lineage-D10,ref|NC_001147|,1000974,AT,A,8,55,14.55%,2.9037E-3
D4-lineage-D10,ref|NC_001147|,1002601,T,A,6,120,5%,1.4657E-2
D4-lineage-D10,ref|NC_001147|,1004258,GT,G,9,75,12%,1.4589E-3
D4-lineage-D10,ref|NC_001147|,1006918,A,AT,8,114,7.02%,3.4281E-3
D4-lineage-D10,ref|NC_001147|,1013025,CTA,C,5,72,6.94%,2.9026E-2
D4-lineage-D10,ref|NC_001147|,1019588,CT,C,16,110,14.55%,8.0124E-6
D4-lineage-D10,ref|NC_001147|,1031381,CT,C,24,81,29.63%,3.9394E-9
D4-lineage-D10,ref|NC_001147|,1036615,G,GT,5,80,6.25%,2.9254E-2
D4-lineage-D10,ref|NC_001147|,1037517,CAAT,C,6,108,5.56%,1.454E-2
D4-lineage-D10,ref|NC_001147|,1057968,T,TA,8,97,8.25%,3.339E-3
D4-lineage-D10,ref|NC_001147|,1058879,AT,A,7,105,6.67%,7.0464E-3
D4-lineage-D10,ref|NC_001147|,1074149,T,TA,5,85,5.88%,2.9327E-2
D4-lineage-D10,ref|NC_001147|,1077950,CT,C,15,95,15.79%,1.5654E-5
D4-lineage-D10,ref|NC_001147|,1081606,CT,C,9,39,23.08%,1.1256E-3
D4-lineage-D10,ref|NC_001147|,1090818,TATA,T,7,15,46.67%,3.1609E-3
D4-lineage-D10,ref|NC_001147|,1091201,AT,A,6,48,12.5%,1.3082E-2
D4-lineage-D10,ref|NC_001147|,1091267,G,A,5,42,11.9%,2.7555E-2
D4-lineage-D10,ref|NC_001148|,9510,T,G,8,78,10.26%,3.2347E-3
D4-lineage-D10,ref|NC_001148|,9518,C,CA,17,81,20.99%,2.7049E-6
D4-lineage-D10,ref|NC_001148|,12828,TA,T,10,80,12.5%,7.0876E-4
D4-lineage-D10,ref|NC_001148|,13174,T,TA,6,93,6.45%,1.4279E-2
D4-lineage-D10,ref|NC_001148|,16931,AT,A,11,107,10.28%,3.5936E-4
D4-lineage-D10,ref|NC_001148|,16995,CT,C,15,94,15.96%,1.4959E-5
D4-lineage-D10,ref|NC_001148|,44495,TA,T,6,107,5.61%,1.4509E-2
D4-lineage-D10,ref|NC_001148|,46594,AT,A,12,60,20%,1.2473E-4
D4-lineage-D10,ref|NC_001148|,74183,T,TA,11,97,11.34%,3.5425E-4
D4-lineage-D10,ref|NC_001148|,85402,CA,C,13,106,12.26%,7.7839E-5
D4-lineage-D10,ref|NC_001148|,96892,G,A,5,89,5.62%,2.95E-2
D4-lineage-D10,ref|NC_001148|,132456,TA,T,12,84,14.29%,1.5045E-4
D4-lineage-D10,ref|NC_001148|,144689,AGGAAACGTC,A,64,89,71.91%,4.3415E-28
D4-lineage-D10,ref|NC_001148|,153278,G,GA,5,87,5.75%,2.9396E-2
D4-lineage-D10,ref|NC_001148|,162374,GTA,G,13,62,20.97%,5.5625E-5
D4-lineage-D10,ref|NC_001148|,169530,AT,A,7,85,8.24%,6.8485E-3
D4-lineage-D10,ref|NC_001148|,181192,G,GT,15,78,19.23%,1.2834E-5
D4-lineage-D10,ref|NC_001148|,188829,A,AT,5,78,6.41%,2.9174E-2
D4-lineage-D10,ref|NC_001148|,191944,C,T,73,73,100%,1.7006E-43
D4-lineage-D10,ref|NC_001148|,192966,CA,C,25,67,37.31%,9.9959E-10
D4-lineage-D10,ref|NC_001148|,197824,G,GA,6,83,7.23%,1.4214E-2
D4-lineage-D10,ref|NC_001148|,212823,GAT,G,5,49,10.2%,2.8079E-2
D4-lineage-D10,ref|NC_001148|,215689,GA,G,6,67,8.96%,1.3824E-2
D4-lineage-D10,ref|NC_001148|,239118,GTA,G,12,67,17.91%,1.3705E-4
D4-lineage-D10,ref|NC_001148|,244248,TTA,T,15,89,16.85%,1.5519E-5
D4-lineage-D10,ref|NC_001148|,246835,GA,G,7,87,8.05%,6.8133E-3
D4-lineage-D10,ref|NC_001148|,259609,GT,G,8,84,9.52%,3.2508E-3
D4-lineage-D10,ref|NC_001148|,282651,CT,C,6,88,6.82%,1.4247E-2
D4-lineage-D10,ref|NC_001148|,286429,A,G,6,79,7.59%,1.4161E-2
D4-lineage-D10,ref|NC_001148|,296837,CT,C,7,75,9.33%,6.6905E-3
D4-lineage-D10,ref|NC_001148|,302892,C,CT,8,76,10.53%,3.1815E-3
D4-lineage-D10,ref|NC_001148|,302994,G,GA,5,68,7.35%,2.8819E-2
D4-lineage-D10,ref|NC_001148|,312942,GTA,G,15,57,26.32%,9.1412E-6
D4-lineage-D10,ref|NC_001148|,348398,GA,G,6,87,6.9%,1.4294E-2
D4-lineage-D10,ref|NC_001148|,352496,GA,G,6,74,8.11%,1.4021E-2
D4-lineage-D10,ref|NC_001148|,354069,C,T,6,53,11.32%,1.3458E-2
D4-lineage-D10,ref|NC_001148|,359487,G,GT,10,56,17.86%,6.0611E-4
D4-lineage-D10,ref|NC_001148|,381848,GTA,G,19,64,29.69%,3.3862E-7
D4-lineage-D10,ref|NC_001148|,386559,A,AT,5,79,6.33%,2.9174E-2
D4-lineage-D10,ref|NC_001148|,404759,GT,G,9,45,20.93%,1.0857E-3
D4-lineage-D10,ref|NC_001148|,425229,G,GA,16,89,17.98%,6.7911E-6
D4-lineage-D10,ref|NC_001148|,446463,A,G,5,77,6.49%,2.9228E-2
D4-lineage-D10,ref|NC_001148|,462244,GA,G,21,88,23.86%,7.9107E-8
D4-lineage-D10,ref|NC_001148|,463542,T,C,5,78,6.41%,2.9254E-2
D4-lineage-D10,ref|NC_001148|,467038,C,CT,6,90,6.67%,1.4309E-2
D4-lineage-D10,ref|NC_001148|,481304,AT,A,44,66,66.67%,6.0478E-19
D4-lineage-D10,ref|NC_001148|,491804,C,CT,13,84,15.48%,7.0291E-5
D4-lineage-D10,ref|NC_001148|,502679,CA,C,6,43,13.95%,1.2628E-2
D4-lineage-D10,ref|NC_001148|,503385,GA,G,9,54,16.67%,1.2408E-3
D4-lineage-D10,ref|NC_001148|,528959,CT,C,8,92,8.7%,3.2807E-3
D4-lineage-D10,ref|NC_001148|,536707,TTTC,T,5,91,5.49%,2.9519E-2
D4-lineage-D10,ref|NC_001148|,538294,CT,C,5,68,7.35%,2.8961E-2
D4-lineage-D10,ref|NC_001148|,558033,A,AT,5,64,7.81%,2.87E-2
D4-lineage-D10,ref|NC_001148|,572731,GA,G,5,77,6.49%,2.9201E-2
D4-lineage-D10,ref|NC_001148|,581338,G,GA,8,34,23.53%,2.2392E-3
D4-lineage-D10,ref|NC_001148|,586599,GA,G,5,100,5%,2.9592E-2
D4-lineage-D10,ref|NC_001148|,588390,C,T,71,71,100%,2.6835E-42
D4-lineage-D10,ref|NC_001148|,589896,C,CT,8,86,9.3%,3.2585E-3
D4-lineage-D10,ref|NC_001148|,591720,CAT,C,14,88,15.91%,3.4842E-5
D4-lineage-D10,ref|NC_001148|,592129,G,GA,11,102,10.78%,3.4872E-4
D4-lineage-D10,ref|NC_001148|,593435,C,CT,6,89,6.74%,1.4279E-2
D4-lineage-D10,ref|NC_001148|,600560,G,GA,9,82,10.98%,1.5142E-3
D4-lineage-D10,ref|NC_001148|,606364,ATTG,A,6,95,6.32%,1.4392E-2
D4-lineage-D10,ref|NC_001148|,607467,G,GA,8,89,8.99%,3.2735E-3
D4-lineage-D10,ref|NC_001148|,607997,C,CT,9,82,10.98%,1.5142E-3
D4-lineage-D10,ref|NC_001148|,615257,T,TA,7,53,13.21%,6.0738E-3
D4-lineage-D10,ref|NC_001148|,620255,CA,C,8,57,14.04%,2.9557E-3
D4-lineage-D10,ref|NC_001148|,621903,C,CA,6,86,7.06%,1.4197E-2
D4-lineage-D10,ref|NC_001148|,623198,GA,G,6,76,7.89%,1.4021E-2
D4-lineage-D10,ref|NC_001148|,623381,G,GA,7,96,7.29%,6.9498E-3
D4-lineage-D10,ref|NC_001148|,637259,C,G,6,38,15.79%,1.2628E-2
D4-lineage-D10,ref|NC_001148|,639361,G,GA,5,88,5.68%,2.9396E-2
D4-lineage-D10,ref|NC_001148|,643570,C,CT,10,92,10.87%,7.5223E-4
D4-lineage-D10,ref|NC_001148|,643709,GA,G,6,104,5.77%,1.4477E-2
D4-lineage-D10,ref|NC_001148|,643732,GA,G,6,103,5.83%,1.4405E-2
D4-lineage-D10,ref|NC_001148|,646234,C,CT,8,89,8.99%,3.2735E-3
D4-lineage-D10,ref|NC_001148|,648520,GA,G,7,64,10.94%,6.5529E-3
D4-lineage-D10,ref|NC_001148|,650390,GA,G,8,76,10.53%,3.1815E-3
D4-lineage-D10,ref|NC_001148|,653959,AT,A,5,80,6.25%,2.9228E-2
D4-lineage-D10,ref|NC_001148|,655079,G,GA,11,67,16.42%,2.925E-4
D4-lineage-D10,ref|NC_001148|,667520,T,G,69,69,100%,4.233E-41
D4-lineage-D10,ref|NC_001148|,675808,G,GA,11,86,12.79%,3.4115E-4
D4-lineage-D10,ref|NC_001148|,677102,A,G,77,77,100%,6.8219E-46
D4-lineage-D10,ref|NC_001148|,695616,T,TA,7,76,9.21%,6.659E-3
D4-lineage-D10,ref|NC_001148|,698526,G,GA,12,73,16.44%,1.3421E-4
D4-lineage-D10,ref|NC_001148|,700420,AT,A,25,139,17.99%,8.7632E-9
D4-lineage-D10,ref|NC_001148|,711293,CT,C,5,90,5.56%,2.9417E-2
D4-lineage-D10,ref|NC_001148|,759400,T,G,101,101,100%,2.7747E-60
D4-lineage-D10,ref|NC_001148|,769066,AT,A,9,67,13.43%,1.4657E-3
D4-lineage-D10,ref|NC_001148|,802209,G,GA,7,115,6.09%,7.087E-3
D4-lineage-D10,ref|NC_001148|,814358,CA,C,7,84,8.33%,6.7884E-3
D4-lineage-D10,ref|NC_001148|,819664,AT,A,8,88,9.09%,3.2508E-3
D4-lineage-D10,ref|NC_001148|,830692,ATAT,A,6,105,5.71%,1.4488E-2
D4-lineage-D10,ref|NC_001148|,837643,A,AT,11,108,10.19%,3.6633E-4
D4-lineage-D10,ref|NC_001148|,840627,ATT,A,8,58,13.79%,2.653E-3
D4-lineage-D10,ref|NC_001148|,852115,T,A,10,38,26.32%,4.9525E-4
D4-lineage-D10,ref|NC_001148|,857189,GT,G,6,79,7.59%,1.4104E-2
D4-lineage-D10,ref|NC_001148|,863794,T,C,6,120,5%,1.4657E-2
D4-lineage-D10,ref|NC_001148|,868371,AT,A,16,104,15.38%,7.5412E-6
D4-lineage-D10,ref|NC_001148|,876243,CTA,C,12,83,14.46%,1.5647E-4
D4-lineage-D10,ref|NC_001148|,886454,G,GT,14,102,13.73%,3.2767E-5
D4-lineage-D10,ref|NC_001148|,887933,AT,A,14,84,16.67%,3.1905E-5
D4-lineage-D10,ref|NC_001148|,890346,T,A,113,113,100%,1.7491E-67
D4-lineage-D10,ref|NC_001148|,900336,A,G,5,89,5.62%,2.95E-2
D4-lineage-D10,ref|NC_001148|,909717,TA,T,6,86,6.98%,1.4247E-2
D4-lineage-D10,ref|NC_001148|,922863,A,AT,6,97,6.19%,1.4417E-2
D4-lineage-D10,ref|NC_001148|,939183,G,GA,10,73,13.7%,6.9153E-4
D4-lineage-D10,ref|NC_001224|,1162,TTA,T,156,2020,7.72%,3.7657E-47
D4-lineage-D10,ref|NC_001224|,3340,AAT,A,101,1559,6.48%,3.7706E-30
D4-lineage-D10,ref|NC_001224|,11246,AAT,A,121,1412,8.57%,1.5086E-36
D4-lineage-D10,ref|NC_001224|,12871,AAT,A,104,1815,5.73%,5.7465E-31
D4-lineage-D10,ref|NC_001224|,20345,GA,G,4399,4604,95.59%,0E0
D4-lineage-D10,ref|NC_001224|,20934,T,G,5260,5260,100%,0E0
D4-lineage-D10,ref|NC_001224|,33467,T,C,2996,2996,100%,0E0
D4-lineage-D10,ref|NC_001224|,33618,T,TTC,1695,1913,88.6%,0E0
D4-lineage-D10,ref|NC_001224|,33779,AC,A,2038,2347,86.83%,0E0
D4-lineage-D10,ref|NC_001224|,39517,G,T,4407,4407,100%,0E0
D4-lineage-D10,ref|NC_001224|,43084,A,AT,3650,4047,90.19%,0E0
D4-lineage-D10,ref|NC_001224|,44795,A,AT,3490,3870,90.18%,0E0
D4-lineage-D10,ref|NC_001224|,49500,A,T,2392,2392,100%,0E0
D4-lineage-D10,ref|NC_001224|,50784,G,GC,126,2086,6.04%,3.4938E-36
D4-lineage-D10,ref|NC_001224|,55436,GC,G,2254,2378,94.79%,0E0
D4-lineage-D10,ref|NC_001224|,62646,AAT,A,208,1814,11.47%,4.2232E-64
D4-lineage-D10,ref|NC_001224|,63656,CG,C,254,3130,8.12%,1.083E-75
D4-lineage-D10,ref|NC_001224|,65917,C,CG,130,2575,5.05%,3.0226E-37
D4-lineage-D10,ref|NC_001224|,66972,AAT,A,117,2165,5.4%,2.1836E-33
D4-lineage-D10,ref|NC_001224|,73114,AG,A,2256,2415,93.42%,0E0
D4-lineage-D10,ref|NC_001224|,73136,TC,T,2293,2399,95.58%,0E0
D4-lineage-D10,ref|NC_001224|,73518,AT,A,259,3214,8.06%,1.405E-75
D4-lineage-D10,ref|NC_001224|,82253,T,TA,2606,2924,89.12%,0E0
D4-lineage-D10,ref|NC_001224|,82507,T,A,2186,2186,100%,0E0
D4-lineage-D1,ref|NC_001133|,5068,AT,A,12,104,11.54%,1.7001E-4
D4-lineage-D1,ref|NC_001133|,6736,C,CAA,29,71,40.85%,1.0051E-11
D4-lineage-D1,ref|NC_001133|,12529,A,G,5,89,5.62%,2.95E-2
D4-lineage-D1,ref|NC_001133|,12566,C,T,14,129,10.85%,4.2059E-5
D4-lineage-D1,ref|NC_001133|,12570,C,T,17,140,12.14%,4.5519E-6
D4-lineage-D1,ref|NC_001133|,12594,A,T,25,172,14.53%,1.1643E-8
D4-lineage-D1,ref|NC_001133|,12620,T,C,37,191,19.37%,1.0548E-12
D4-lineage-D1,ref|NC_001133|,12662,T,C,12,229,5.24%,2.1045E-4
D4-lineage-D1,ref|NC_001133|,12668,T,C,59,226,26.11%,2.2072E-20
D4-lineage-D1,ref|NC_001133|,12690,A,T,128,205,62.44%,3.234E-52
D4-lineage-D1,ref|NC_001133|,12716,C,T,40,197,20.3%,1.0029E-13
D4-lineage-D1,ref|NC_001133|,12758,T,C,14,141,9.93%,4.3484E-5
D4-lineage-D1,ref|NC_001133|,12762,T,C,15,134,11.19%,2.0164E-5
D4-lineage-D1,ref|NC_001133|,12764,T,C,18,131,13.74%,2.0392E-6
D4-lineage-D1,ref|NC_001133|,12786,T,A,7,100,7%,7.0009E-3
D4-lineage-D1,ref|NC_001133|,12791,C,T,5,86,5.81%,2.9439E-2
D4-lineage-D1,ref|NC_001133|,16863,GT,G,10,57,17.54%,6.1215E-4
D4-lineage-D1,ref|NC_001133|,23712,C,CA,16,45,35.56%,1.7753E-6
D4-lineage-D1,ref|NC_001133|,25340,C,A,64,64,100%,4.1752E-38
D4-lineage-D1,ref|NC_001133|,25872,G,C,42,42,100%,5.9562E-25
D4-lineage-D1,ref|NC_001133|,26193,T,C,10,25,40%,3.1821E-4
D4-lineage-D1,ref|NC_001133|,26196,G,A,6,38,15.79%,1.2628E-2
D4-lineage-D1,ref|NC_001133|,26238,T,C,6,113,5.31%,1.4597E-2
D4-lineage-D1,ref|NC_001133|,26331,G,A,41,173,23.7%,3.0806E-14
D4-lineage-D1,ref|NC_001133|,26373,C,T,22,115,19.13%,7.8583E-8
D4-lineage-D1,ref|NC_001133|,26391,A,G,10,75,13.33%,7.0876E-4
D4-lineage-D1,ref|NC_001133|,26412,G,C,35,35,100%,8.9137E-21
D4-lineage-D1,ref|NC_001133|,26901,T,G,6,45,13.33%,1.3082E-2
D4-lineage-D1,ref|NC_001133|,27126,T,C,25,25,100%,7.9107E-15
D4-lineage-D1,ref|NC_001133|,27129,C,G,25,25,100%,7.9107E-15
D4-lineage-D1,ref|NC_001133|,35113,GA,G,10,98,10.2%,7.2967E-4
D4-lineage-D1,ref|NC_001133|,41992,T,A,6,66,9.09%,1.3877E-2
D4-lineage-D1,ref|NC_001133|,45359,AG,A,6,97,6.19%,1.4352E-2
D4-lineage-D1,ref|NC_001133|,45634,CT,C,12,87,13.79%,1.592E-4
D4-lineage-D1,ref|NC_001133|,65614,AT,A,5,85,5.88%,2.9351E-2
D4-lineage-D1,ref|NC_001133|,68128,C,CT,6,76,7.89%,1.4021E-2
D4-lineage-D1,ref|NC_001133|,69828,CT,C,7,80,8.75%,6.7346E-3
D4-lineage-D1,ref|NC_001133|,70906,GA,G,11,58,18.97%,2.3046E-4
D4-lineage-D1,ref|NC_001133|,71889,A,G,5,100,5%,2.9692E-2
D4-lineage-D1,ref|NC_001133|,74999,AT,A,6,60,10%,1.3535E-2
D4-lineage-D1,ref|NC_001133|,77511,GAGA,G,5,97,5.15%,2.9644E-2
D4-lineage-D1,ref|NC_001133|,80519,CA,C,6,86,6.98%,1.4279E-2
D4-lineage-D1,ref|NC_001133|,84701,CT,C,7,71,9.86%,6.6905E-3
D4-lineage-D1,ref|NC_001133|,100007,A,AT,9,64,14.06%,1.4219E-3
D4-lineage-D1,ref|NC_001133|,101281,C,CA,12,51,23.53%,1.05E-4
D4-lineage-D1,ref|NC_001133|,101450,TA,T,10,61,16.39%,6.2917E-4
D4-lineage-D1,ref|NC_001133|,108747,GT,G,5,82,6.1%,2.9228E-2
D4-lineage-D1,ref|NC_001133|,122544,G,T,5,87,5.75%,2.9459E-2
D4-lineage-D1,ref|NC_001133|,126880,C,CTT,43,91,47.25%,9.9575E-19
D4-lineage-D1,ref|NC_001133|,128103,AT,A,12,86,13.95%,1.5552E-4
D4-lineage-D1,ref|NC_001133|,128193,GA,G,7,91,7.69%,6.9019E-3
D4-lineage-D1,ref|NC_001133|,131037,GT,G,5,68,7.35%,2.8961E-2
D4-lineage-D1,ref|NC_001133|,141030,T,A,37,37,100%,5.7269E-22
D4-lineage-D1,ref|NC_001133|,141135,A,T,52,52,100%,6.3169E-31
D4-lineage-D1,ref|NC_001133|,143575,GA,G,9,97,9.28%,1.5908E-3
D4-lineage-D1,ref|NC_001133|,152105,CT,C,13,76,17.11%,6.4168E-5
D4-lineage-D1,ref|NC_001133|,154817,G,GT,6,59,10.17%,1.3607E-2
D4-lineage-D1,ref|NC_001133|,154847,GT,G,5,53,9.43%,2.8261E-2
D4-lineage-D1,ref|NC_001133|,161401,G,A,7,54,12.96%,6.3515E-3
D4-lineage-D1,ref|NC_001133|,167530,C,T,6,102,5.88%,1.4488E-2
D4-lineage-D1,ref|NC_001133|,181282,C,T,5,76,6.58%,2.9201E-2
D4-lineage-D1,ref|NC_001133|,183387,AC,A,76,78,97.44%,5.4241E-43
D4-lineage-D1,ref|NC_001133|,188824,A,G,9,84,10.71%,1.5583E-3
D4-lineage-D1,ref|NC_001133|,188881,G,C,32,114,28.07%,1.8453E-11
D4-lineage-D1,ref|NC_001133|,188939,A,G,39,140,27.86%,8.3479E-14
D4-lineage-D1,ref|NC_001133|,189031,A,G,7,127,5.51%,7.1769E-3
D4-lineage-D1,ref|NC_001133|,192551,CA,C,7,55,12.73%,6.3515E-3
D4-lineage-D1,ref|NC_001133|,193631,A,T,88,89,98.88%,1.7384E-52
D4-lineage-D1,ref|NC_001133|,198906,G,GA,5,84,5.95%,2.9351E-2
D4-lineage-D1,ref|NC_001133|,199811,T,G,62,62,100%,6.5755E-37
D4-lineage-D1,ref|NC_001133|,199908,C,CT,12,57,21.05%,1.1751E-4
D4-lineage-D1,ref|NC_001133|,205403,A,G,4,12,33.33%,4.6584E-2
D4-lineage-D1,ref|NC_001133|,206126,T,C,24,24,100%,3.101E-14
D4-lineage-D1,ref|NC_001133|,206129,A,C,25,25,100%,7.9107E-15
D4-lineage-D1,ref|NC_001133|,206132,G,T,24,24,100%,3.101E-14
D4-lineage-D1,ref|NC_001133|,206144,C,T,24,24,100%,3.101E-14
D4-lineage-D1,ref|NC_001133|,206177,G,C,19,20,100%,2.8292E-11
D4-lineage-D1,ref|NC_001133|,206178,C,A,20,21,95.24%,4.0873E-11
D4-lineage-D1,ref|NC_001133|,206179,A,C,20,21,95.24%,4.0873E-11
D4-lineage-D1,ref|NC_001133|,210818,A,T,78,78,100%,1.7165E-46
D4-lineage-D1,ref|NC_001133|,211019,T,C,80,80,100%,1.0864E-47
D4-lineage-D1,ref|NC_001133|,225080,TA,T,9,57,15.79%,1.3391E-3
D4-lineage-D1,ref|NC_001133|,226914,AT,A,13,86,15.12%,6.7394E-5
D4-lineage-D1,ref|NC_001133|,230183,G,GGT,7,14,50%,2.8986E-3
D4-lineage-D1,ref|NC_001134|,1187,C,T,21,129,16.28%,1.9674E-7
D4-lineage-D1,ref|NC_001134|,1254,T,C,11,110,10%,3.755E-4
D4-lineage-D1,ref|NC_001134|,1372,G,C,10,120,8.33%,8.0332E-4
D4-lineage-D1,ref|NC_001134|,1528,G,A,16,134,11.94%,9.484E-6
D4-lineage-D1,ref|NC_001134|,1531,A,T,16,130,12.31%,9.3374E-6
D4-lineage-D1,ref|NC_001134|,1532,G,T,16,134,11.94%,9.484E-6
D4-lineage-D1,ref|NC_001134|,5983,C,G,104,104,100%,4.3992E-62
D4-lineage-D1,ref|NC_001134|,6440,G,C,92,92,100%,6.9429E-55
D4-lineage-D1,ref|NC_001134|,7510,G,A,77,77,100%,6.8219E-46
D4-lineage-D1,ref|NC_001134|,7511,G,A,77,77,100%,6.8219E-46
D4-lineage-D1,ref|NC_001134|,7912,GA,G,91,101,90.1%,1.4301E-46
D4-lineage-D1,ref|NC_001134|,9022,G,GA,38,96,39.58%,7.8163E-15
D4-lineage-D1,ref|NC_001134|,15101,T,G,116,116,100%,2.7689E-69
D4-lineage-D1,ref|NC_001134|,15510,G,T,124,124,100%,4.368E-74
D4-lineage-D1,ref|NC_001134|,15518,A,G,120,120,100%,1.1001E-71
D4-lineage-D1,ref|NC_001134|,16380,C,T,86,86,100%,2.7498E-51
D4-lineage-D1,ref|NC_001134|,16392,A,G,83,83,100%,1.729E-49
D4-lineage-D1,ref|NC_001134|,24053,G,GT,5,82,6.17%,2.9146E-2
D4-lineage-D1,ref|NC_001134|,28695,C,CT,6,85,7.06%,1.4161E-2
D4-lineage-D1,ref|NC_001134|,30012,C,T,86,86,100%,2.7498E-51
D4-lineage-D1,ref|NC_001134|,30050,A,G,91,91,100%,2.7621E-54
D4-lineage-D1,ref|NC_001134|,30210,T,C,40,40,100%,9.3017E-24
D4-lineage-D1,ref|NC_001134|,30658,G,T,23,23,100%,1.2146E-13
D4-lineage-D1,ref|NC_001134|,30660,T,C,22,22,100%,4.7526E-13
D4-lineage-D1,ref|NC_001134|,30723,G,A,14,14,100%,2.4927E-8
D4-lineage-D1,ref|NC_001134|,30754,G,A,13,13,100%,9.6148E-8
D4-lineage-D1,ref|NC_001134|,30848,C,G,34,34,100%,3.5146E-20
D4-lineage-D1,ref|NC_001134|,34298,G,A,47,47,100%,6.1512E-28
D4-lineage-D1,ref|NC_001134|,34565,T,C,10,63,15.87%,6.6338E-4
D4-lineage-D1,ref|NC_001134|,35485,C,T,76,76,100%,2.711E-45
D4-lineage-D1,ref|NC_001134|,40590,CAT,C,7,73,9.59%,6.6426E-3
D4-lineage-D1,ref|NC_001134|,43104,C,CT,7,63,11.11%,6.2092E-3
D4-lineage-D1,ref|NC_001134|,45956,AT,A,13,118,11.02%,8.222E-5
D4-lineage-D1,ref|NC_001134|,51505,C,T,48,82,58.54%,1.662E-19
D4-lineage-D1,ref|NC_001134|,59755,T,C,106,106,100%,2.7758E-63
D4-lineage-D1,ref|NC_001134|,62776,GA,G,6,86,6.98%,1.4214E-2
D4-lineage-D1,ref|NC_001134|,63661,G,GA,7,104,6.73%,7.0089E-3
D4-lineage-D1,ref|NC_001134|,68282,GTTA,G,7,99,7.07%,6.9928E-3
D4-lineage-D1,ref|NC_001134|,69628,CA,C,7,118,5.93%,7.1235E-3
D4-lineage-D1,ref|NC_001134|,84398,CA,C,13,110,11.82%,7.9774E-5
D4-lineage-D1,ref|NC_001134|,88125,CT,C,8,110,7.27%,3.4108E-3
D4-lineage-D1,ref|NC_001134|,88484,GGAGAA,G,80,87,91.95%,7.0772E-42
D4-lineage-D1,ref|NC_001134|,101340,CA,C,7,101,6.93%,6.9928E-3
D4-lineage-D1,ref|NC_001134|,105333,CT,C,9,95,9.47%,1.587E-3
D4-lineage-D1,ref|NC_001134|,105730,AT,A,5,94,5.32%,2.9592E-2
D4-lineage-D1,ref|NC_001134|,107062,C,A,5,90,5.56%,2.9519E-2
D4-lineage-D1,ref|NC_001134|,115437,GA,G,19,91,20.88%,4.9649E-7
D4-lineage-D1,ref|NC_001134|,122429,GA,G,6,82,7.32%,1.4104E-2
D4-lineage-D1,ref|NC_001134|,127636,C,CT,13,85,15.29%,7.0836E-5
D4-lineage-D1,ref|NC_001134|,133870,CAT,C,7,87,8.05%,6.8485E-3
D4-lineage-D1,ref|NC_001134|,136467,AAT,A,6,89,6.74%,1.4324E-2
D4-lineage-D1,ref|NC_001134|,137659,TA,T,9,50,18%,1.2408E-3
D4-lineage-D1,ref|NC_001134|,138274,A,AT,6,72,8.33%,1.3851E-2
D4-lineage-D1,ref|NC_001134|,143864,GA,G,7,114,6.14%,7.0805E-3
D4-lineage-D1,ref|NC_001134|,145899,GA,G,9,51,17.65%,1.2112E-3
D4-lineage-D1,ref|NC_001134|,162819,A,AT,5,98,5.1%,2.9592E-2
D4-lineage-D1,ref|NC_001134|,164731,G,GTT,7,118,5.93%,7.1293E-3
D4-lineage-D1,ref|NC_001134|,164734,GAA,G,7,110,6.36%,7.0805E-3
D4-lineage-D1,ref|NC_001134|,165902,C,CT,21,54,38.89%,1.2997E-8
D4-lineage-D1,ref|NC_001134|,167978,C,CA,41,91,45.05%,1.8278E-16
D4-lineage-D1,ref|NC_001134|,170492,CA,C,5,93,5.38%,2.9575E-2
D4-lineage-D1,ref|NC_001134|,174714,A,AT,7,73,9.59%,6.6426E-3
D4-lineage-D1,ref|NC_001134|,191810,G,A,6,111,5.41%,1.4579E-2
D4-lineage-D1,ref|NC_001134|,192232,C,CT,11,98,11.22%,3.5685E-4
D4-lineage-D1,ref|NC_001134|,218561,G,T,5,80,6.25%,2.9303E-2
D4-lineage-D1,ref|NC_001134|,221288,AGT,A,67,75,89.33%,4.2492E-34
D4-lineage-D1,ref|NC_001134|,224654,C,T,5,58,8.62%,2.8569E-2
D4-lineage-D1,ref|NC_001134|,242639,A,AT,11,103,10.68%,3.6057E-4
D4-lineage-D1,ref|NC_001134|,248434,G,GTCCACGATTA,5,94,5.32%,2.9592E-2
D4-lineage-D1,ref|NC_001134|,251593,C,CT,7,90,7.87%,6.8133E-3
D4-lineage-D1,ref|NC_001134|,256378,C,T,5,92,5.43%,2.9557E-2
D4-lineage-D1,ref|NC_001134|,258993,CAT,C,6,115,5.22%,1.4615E-2
D4-lineage-D1,ref|NC_001134|,263144,GC,G,19,19,100%,2.8292E-11
D4-lineage-D1,ref|NC_001134|,263153,C,T,19,19,100%,2.8292E-11
D4-lineage-D1,ref|NC_001134|,263158,CG,C,24,24,100%,3.101E-14
D4-lineage-D1,ref|NC_001134|,263168,CG,C,26,26,100%,2.0165E-15
D4-lineage-D1,ref|NC_001134|,265382,G,T,63,63,100%,1.657E-37
D4-lineage-D1,ref|NC_001134|,270660,G,GA,5,86,5.81%,2.9279E-2
D4-lineage-D1,ref|NC_001134|,270857,C,CT,6,82,7.32%,1.4124E-2
D4-lineage-D1,ref|NC_001134|,274224,C,CT,7,90,7.78%,6.8597E-3
D4-lineage-D1,ref|NC_001134|,274312,AAT,A,7,80,8.75%,6.7884E-3
D4-lineage-D1,ref|NC_001134|,281825,A,G,6,113,5.31%,1.4597E-2
D4-lineage-D1,ref|NC_001134|,290352,CA,C,7,84,8.33%,6.8253E-3
D4-lineage-D1,ref|NC_001134|,296125,AT,A,15,67,22.39%,7.8109E-6
D4-lineage-D1,ref|NC_001134|,296313,G,GA,7,108,6.48%,7.0318E-3
D4-lineage-D1,ref|NC_001134|,300033,G,GA,14,102,13.73%,3.3043E-5
D4-lineage-D1,ref|NC_001134|,307654,AT,A,8,96,8.33%,3.327E-3
D4-lineage-D1,ref|NC_001134|,316949,CA,C,11,72,15.28%,2.9794E-4
D4-lineage-D1,ref|NC_001134|,320222,G,C,15,65,23.08%,1.2266E-5
D4-lineage-D1,ref|NC_001134|,328195,G,A,5,95,5.26%,2.961E-2
D4-lineage-D1,ref|NC_001134|,335739,A,T,5,99,5.05%,2.9676E-2
D4-lineage-D1,ref|NC_001134|,346514,AT,A,5,85,5.88%,2.9417E-2
D4-lineage-D1,ref|NC_001134|,353485,C,CA,6,65,9.23%,1.3737E-2
D4-lineage-D1,ref|NC_001134|,369788,CT,C,5,68,7.35%,2.878E-2
D4-lineage-D1,ref|NC_001134|,371459,C,A,5,85,5.88%,2.9417E-2
D4-lineage-D1,ref|NC_001134|,371462,T,G,5,83,6.02%,2.9373E-2
D4-lineage-D1,ref|NC_001134|,383052,T,TA,10,73,13.7%,6.8782E-4
D4-lineage-D1,ref|NC_001134|,383176,C,CG,70,71,98.59%,1.9322E-40
D4-lineage-D1,ref|NC_001134|,386207,C,CA,12,87,13.79%,1.4479E-4
D4-lineage-D1,ref|NC_001134|,389421,GCT,G,78,83,93.98%,6.7734E-42
D4-lineage-D1,ref|NC_001134|,406430,GA,G,8,92,8.7%,3.2807E-3
D4-lineage-D1,ref|NC_001134|,411779,C,T,6,120,5%,1.4657E-2
D4-lineage-D1,ref|NC_001134|,415764,C,CT,16,90,17.78%,5.8055E-6
D4-lineage-D1,ref|NC_001134|,419378,G,C,8,60,13.33%,3.045E-3
D4-lineage-D1,ref|NC_001134|,425941,CA,C,6,113,5.31%,1.457E-2
D4-lineage-D1,ref|NC_001134|,426983,T,TA,7,101,6.93%,6.9761E-3
D4-lineage-D1,ref|NC_001134|,432307,CT,C,5,96,5.21%,2.9627E-2
D4-lineage-D1,ref|NC_001134|,434300,CA,C,5,96,5.21%,2.9519E-2
D4-lineage-D1,ref|NC_001134|,452435,CT,C,18,92,19.57%,1.3391E-6
D4-lineage-D1,ref|NC_001134|,464019,CTGT,C,8,86,9.3%,3.2878E-3
D4-lineage-D1,ref|NC_001134|,477089,GTA,G,16,78,20.51%,6.2401E-6
D4-lineage-D1,ref|NC_001134|,479272,C,CA,5,91,5.49%,2.9439E-2
D4-lineage-D1,ref|NC_001134|,485927,GT,G,7,83,8.43%,6.7346E-3
D4-lineage-D1,ref|NC_001134|,491090,CT,C,11,119,9.24%,3.7915E-4
D4-lineage-D1,ref|NC_001134|,492950,GA,G,13,94,13.83%,6.9736E-5
D4-lineage-D1,ref|NC_001134|,499536,CA,C,14,76,18.42%,2.713E-5
D4-lineage-D1,ref|NC_001134|,505412,C,CA,10,80,12.5%,6.9153E-4
D4-lineage-D1,ref|NC_001134|,526831,G,GA,6,77,7.79%,1.4064E-2
D4-lineage-D1,ref|NC_001134|,539226,G,GA,16,91,17.58%,6.8648E-6
D4-lineage-D1,ref|NC_001134|,553512,GA,G,7,88,7.95%,6.8917E-3
D4-lineage-D1,ref|NC_001134|,559762,CAT,C,5,64,7.81%,2.878E-2
D4-lineage-D1,ref|NC_001134|,561221,T,G,13,60,21.67%,5.8991E-5
D4-lineage-D1,ref|NC_001134|,561222,GAA,G,9,72,12.5%,1.3495E-3
D4-lineage-D1,ref|NC_001134|,563031,GT,G,10,59,16.95%,5.9342E-4
D4-lineage-D1,ref|NC_001134|,571328,C,CA,13,72,18.06%,6.4168E-5
D4-lineage-D1,ref|NC_001134|,576030,TA,T,13,74,17.57%,6.2773E-5
D4-lineage-D1,ref|NC_001134|,581558,A,AT,7,100,7%,6.9675E-3
D4-lineage-D1,ref|NC_001134|,604913,CT,C,5,89,5.62%,2.948E-2
D4-lineage-D1,ref|NC_001134|,628316,TA,T,5,89,5.62%,2.9396E-2
D4-lineage-D1,ref|NC_001134|,642993,C,CA,6,116,5.17%,1.4588E-2
D4-lineage-D1,ref|NC_001134|,646111,CAT,C,10,78,12.82%,6.9515E-4
D4-lineage-D1,ref|NC_001134|,680339,TA,T,6,70,8.57%,1.3903E-2
D4-lineage-D1,ref|NC_001134|,681870,T,TA,5,92,5.43%,2.9557E-2
D4-lineage-D1,ref|NC_001134|,681991,CA,C,8,78,10.26%,3.1909E-3
D4-lineage-D1,ref|NC_001134|,694611,TA,T,6,88,6.82%,1.4279E-2
D4-lineage-D1,ref|NC_001134|,698075,G,GA,15,76,19.74%,1.2834E-5
D4-lineage-D1,ref|NC_001134|,700169,A,AT,11,71,15.49%,3.0557E-4
D4-lineage-D1,ref|NC_001134|,704438,T,TA,8,97,8.25%,3.308E-3
D4-lineage-D1,ref|NC_001134|,711386,A,AT,8,102,7.84%,3.3669E-3
D4-lineage-D1,ref|NC_001134|,720641,C,CT,5,84,5.95%,2.9327E-2
D4-lineage-D1,ref|NC_001134|,721265,G,GA,11,91,12.09%,3.4273E-4
D4-lineage-D1,ref|NC_001134|,723663,C,CA,26,59,44.07%,1.9611E-10
D4-lineage-D1,ref|NC_001134|,738414,AT,A,6,101,5.94%,1.4477E-2
D4-lineage-D1,ref|NC_001134|,746362,CATCTGCA,C,103,126,81.75%,1.7092E-48
D4-lineage-D1,ref|NC_001134|,751216,C,CA,12,117,10.26%,1.7262E-4
D4-lineage-D1,ref|NC_001134|,767793,GA,G,8,73,10.96%,3.1618E-3
D4-lineage-D1,ref|NC_001134|,773107,AC,A,5,96,5.21%,2.9627E-2
D4-lineage-D1,ref|NC_001134|,774669,CA,C,6,77,7.79%,1.3903E-2
D4-lineage-D1,ref|NC_001134|,777906,AT,A,7,85,8.24%,6.8485E-3
D4-lineage-D1,ref|NC_001134|,781022,G,A,6,58,10.34%,1.3641E-2
D4-lineage-D1,ref|NC_001134|,784713,C,CT,5,89,5.62%,2.9396E-2
D4-lineage-D1,ref|NC_001134|,785854,A,AT,5,75,6.67%,2.9088E-2
D4-lineage-D1,ref|NC_001134|,809468,GA,G,10,100,10%,7.567E-4
D4-lineage-D1,ref|NC_001134|,809484,CT,C,7,96,7.29%,6.9019E-3
D4-lineage-D1,ref|NC_001134|,809794,AT,A,38,78,48.72%,8.1588E-16
D4-lineage-D1,ref|NC_001135|,37,A,ACC,4,18,22.22%,4.9808E-2
D4-lineage-D1,ref|NC_001135|,65,A,AC,7,40,17.5%,5.8688E-3
D4-lineage-D1,ref|NC_001135|,76,A,AC,6,46,13.04%,1.3026E-2
D4-lineage-D1,ref|NC_001135|,89,AC,A,16,51,31.37%,3.4048E-6
D4-lineage-D1,ref|NC_001135|,110,CCA,C,7,84,8.33%,6.7486E-3
D4-lineage-D1,ref|NC_001135|,114,A,ACC,6,60,10.17%,1.3458E-2
D4-lineage-D1,ref|NC_001135|,125,CCA,C,6,85,7.14%,1.4179E-2
D4-lineage-D1,ref|NC_001135|,129,A,AC,9,53,18.75%,1.1955E-3
D4-lineage-D1,ref|NC_001135|,133,AC,A,12,56,22.22%,1.2122E-4
D4-lineage-D1,ref|NC_001135|,141,C,CCA,6,88,6.98%,1.4197E-2
D4-lineage-D1,ref|NC_001135|,146,CA,C,6,77,7.79%,1.4124E-2
D4-lineage-D1,ref|NC_001135|,160,A,C,7,89,8.64%,6.7346E-3
D4-lineage-D1,ref|NC_001135|,171,C,CCA,6,119,5.13%,1.4597E-2
D4-lineage-D1,ref|NC_001135|,175,A,AC,7,86,8.24%,6.8485E-3
D4-lineage-D1,ref|NC_001135|,178,CA,C,6,73,8.96%,1.3903E-2
D4-lineage-D1,ref|NC_001135|,179,A,AC,8,75,12.7%,3.0712E-3
D4-lineage-D1,ref|NC_001135|,184,A,AC,8,104,7.84%,3.3722E-3
D4-lineage-D1,ref|NC_001135|,195,AC,A,6,118,5.13%,1.4588E-2
D4-lineage-D1,ref|NC_001135|,200,AC,A,7,127,5.51%,7.1769E-3
D4-lineage-D1,ref|NC_001135|,219,AC,A,8,121,6.61%,3.4594E-3
D4-lineage-D1,ref|NC_001135|,225,AC,A,9,120,7.56%,1.6672E-3
D4-lineage-D1,ref|NC_001135|,231,AC,A,11,101,10.89%,3.5425E-4
D4-lineage-D1,ref|NC_001135|,233,C,A,30,75,40%,2.2803E-11
D4-lineage-D1,ref|NC_001135|,240,CCA,C,7,117,6.03%,7.0996E-3
D4-lineage-D1,ref|NC_001135|,245,CA,C,6,112,5.41%,1.4579E-2
D4-lineage-D1,ref|NC_001135|,253,CCA,C,14,124,11.29%,4.0387E-5
D4-lineage-D1,ref|NC_001135|,268,CCA,C,5,96,5.26%,2.9557E-2
D4-lineage-D1,ref|NC_001135|,272,A,AC,13,57,23.64%,4.324E-5
D4-lineage-D1,ref|NC_001135|,282,A,AC,8,62,12.9%,3.0712E-3
D4-lineage-D1,ref|NC_001135|,308,AC,A,12,76,15.79%,1.5151E-4
D4-lineage-D1,ref|NC_001135|,316,CCACA,C,6,95,6.32%,1.4379E-2
D4-lineage-D1,ref|NC_001135|,1904,C,CA,10,178,5.62%,8.5565E-4
D4-lineage-D1,ref|NC_001135|,8353,CT,C,11,109,10.09%,3.6633E-4
D4-lineage-D1,ref|NC_001135|,8575,C,CA,16,128,12.5%,7.8422E-6
D4-lineage-D1,ref|NC_001135|,9181,A,AT,10,140,7.14%,8.1595E-4
D4-lineage-D1,ref|NC_001135|,18612,CT,C,8,157,5.1%,3.5542E-3
D4-lineage-D1,ref|NC_001135|,27658,T,TA,19,102,18.81%,4.7516E-7
D4-lineage-D1,ref|NC_001135|,42005,CA,C,21,126,16.67%,1.4763E-7
D4-lineage-D1,ref|NC_001135|,44541,GA,G,30,110,27.27%,5.0779E-11
D4-lineage-D1,ref|NC_001135|,50320,AAT,A,14,109,12.84%,3.7648E-5
D4-lineage-D1,ref|NC_001135|,54924,C,CA,11,149,7.38%,3.9872E-4
D4-lineage-D1,ref|NC_001135|,56833,G,GA,8,130,6.15%,3.4962E-3
D4-lineage-D1,ref|NC_001135|,57055,T,TA,8,83,9.64%,3.2002E-3
D4-lineage-D1,ref|NC_001135|,57071,CA,C,5,88,5.68%,2.9396E-2
D4-lineage-D1,ref|NC_001135|,57213,T,G,5,70,7.14%,2.9026E-2
D4-lineage-D1,ref|NC_001135|,57221,C,CA,9,69,13.24%,1.4138E-3
D4-lineage-D1,ref|NC_001135|,62748,CAT,C,15,134,11.19%,1.9384E-5
D4-lineage-D1,ref|NC_001135|,78799,AT,A,7,130,5.38%,7.1866E-3
D4-lineage-D1,ref|NC_001135|,83071,T,G,7,91,7.69%,6.9313E-3
D4-lineage-D1,ref|NC_001135|,83080,G,A,18,86,20.93%,1.414E-6
D4-lineage-D1,ref|NC_001135|,83109,TA,T,7,83,8.43%,6.8485E-3
D4-lineage-D1,ref|NC_001135|,84421,G,A,60,64,93.75%,3.4002E-32
D4-lineage-D1,ref|NC_001135|,92744,TA,T,7,140,5.07%,7.214E-3
D4-lineage-D1,ref|NC_001135|,93637,A,G,8,119,6.72%,3.4594E-3
D4-lineage-D1,ref|NC_001135|,99797,G,A,48,120,40%,9.5335E-18
D4-lineage-D1,ref|NC_001135|,101876,C,CT,16,107,14.95%,6.7162E-6
D4-lineage-D1,ref|NC_001135|,107899,GA,G,11,115,9.57%,3.7643E-4
D4-lineage-D1,ref|NC_001135|,128128,A,AT,7,116,6.03%,7.087E-3
D4-lineage-D1,ref|NC_001135|,130514,T,TA,11,149,7.38%,3.9872E-4
D4-lineage-D1,ref|NC_001135|,137538,TTC,T,6,120,5%,1.4657E-2
D4-lineage-D1,ref|NC_001135|,142564,G,GA,7,104,6.73%,7.0243E-3
D4-lineage-D1,ref|NC_001135|,142665,G,GA,10,122,8.2%,7.917E-4
D4-lineage-D1,ref|NC_001135|,143131,T,C,109,109,100%,4.3979E-65
D4-lineage-D1,ref|NC_001135|,155207,G,GA,10,98,10.2%,7.6099E-4
D4-lineage-D1,ref|NC_001135|,162361,T,C,118,118,100%,1.7454E-70
D4-lineage-D1,ref|NC_001135|,162396,G,C,97,97,100%,6.9615E-58
D4-lineage-D1,ref|NC_001135|,162640,T,G,122,122,100%,6.9324E-73
D4-lineage-D1,ref|NC_001135|,162694,G,A,134,134,100%,4.3301E-80
D4-lineage-D1,ref|NC_001135|,162712,TA,T,118,129,91.47%,8.5698E-62
D4-lineage-D1,ref|NC_001135|,163059,T,C,134,134,100%,4.3301E-80
D4-lineage-D1,ref|NC_001135|,163163,G,GA,119,132,90.15%,1.5298E-63
D4-lineage-D1,ref|NC_001135|,163192,A,AT,134,137,97.81%,3.0618E-76
D4-lineage-D1,ref|NC_001135|,189151,A,T,7,135,5.19%,7.214E-3
D4-lineage-D1,ref|NC_001135|,194521,CA,C,6,120,5%,1.4657E-2
D4-lineage-D1,ref|NC_001135|,199081,G,A,69,73,94.52%,2.3014E-37
D4-lineage-D1,ref|NC_001135|,205674,CT,C,10,110,9.09%,7.7479E-4
D4-lineage-D1,ref|NC_001135|,209788,CA,C,11,125,8.8%,3.8173E-4
D4-lineage-D1,ref|NC_001135|,211722,GA,G,21,139,15.11%,1.8766E-7
D4-lineage-D1,ref|NC_001135|,220216,A,AT,9,133,6.77%,1.6907E-3
D4-lineage-D1,ref|NC_001135|,223344,C,CT,8,93,8.6%,3.3145E-3
D4-lineage-D1,ref|NC_001135|,224773,TTA,T,8,111,7.21%,3.3922E-3
D4-lineage-D1,ref|NC_001135|,227483,CT,C,7,116,6.03%,7.1057E-3
D4-lineage-D1,ref|NC_001135|,228964,G,GT,8,104,7.69%,3.3505E-3
D4-lineage-D1,ref|NC_001135|,229272,CA,C,10,119,8.4%,7.8693E-4
D4-lineage-D1,ref|NC_001135|,231005,CT,C,16,114,14.04%,7.6032E-6
D4-lineage-D1,ref|NC_001135|,234893,AAAG,A,7,129,5.43%,7.1818E-3
D4-lineage-D1,ref|NC_001135|,236804,C,CT,8,136,5.88%,3.4931E-3
D4-lineage-D1,ref|NC_001135|,242447,A,AT,21,129,16.28%,1.6612E-7
D4-lineage-D1,ref|NC_001135|,247980,GTA,G,11,94,11.7%,3.4115E-4
D4-lineage-D1,ref|NC_001135|,260025,GTA,G,8,91,8.79%,3.327E-3
D4-lineage-D1,ref|NC_001135|,273025,GA,G,24,118,20.34%,1.3082E-8
D4-lineage-D1,ref|NC_001135|,292572,AAT,A,11,101,10.89%,3.6409E-4
D4-lineage-D1,ref|NC_001135|,293126,AAT,A,11,90,12.22%,3.5154E-4
D4-lineage-D1,ref|NC_001135|,304284,TA,T,10,125,8%,7.977E-4
D4-lineage-D1,ref|NC_001135|,308240,CT,C,7,124,5.65%,7.1235E-3
D4-lineage-D1,ref|NC_001135|,313479,T,TA,10,116,8.62%,7.8017E-4
D4-lineage-D1,ref|NC_001135|,315517,CTA,C,12,96,12.5%,1.574E-4
D4-lineage-D1,ref|NC_001136|,81,CA,C,7,12,58.33%,2.2883E-3
D4-lineage-D1,ref|NC_001136|,7721,C,CA,48,51,94.12%,6.2071E-26
D4-lineage-D1,ref|NC_001136|,13937,G,A,48,89,53.93%,5.1181E-19
D4-lineage-D1,ref|NC_001136|,20525,CTA,C,6,38,15.79%,1.2549E-2
D4-lineage-D1,ref|NC_001136|,21390,CTT,C,5,97,5.15%,2.9627E-2
D4-lineage-D1,ref|NC_001136|,26389,TA,T,5,72,6.94%,2.8927E-2
D4-lineage-D1,ref|NC_001136|,27734,C,T,13,88,14.77%,7.5722E-5
D4-lineage-D1,ref|NC_001136|,27741,C,T,5,79,6.33%,2.9279E-2
D4-lineage-D1,ref|NC_001136|,27742,A,G,10,83,12.05%,7.324E-4
D4-lineage-D1,ref|NC_001136|,27743,C,G,7,81,8.64%,6.801E-3
D4-lineage-D1,ref|NC_001136|,27747,A,G,6,78,7.69%,1.4142E-2
D4-lineage-D1,ref|NC_001136|,30880,A,T,6,72,8.33%,1.3999E-2
D4-lineage-D1,ref|NC_001136|,43856,CT,C,13,78,16.67%,6.4168E-5
D4-lineage-D1,ref|NC_001136|,43887,GA,G,10,86,11.63%,7.2689E-4
D4-lineage-D1,ref|NC_001136|,50590,A,AT,7,97,7.22%,6.9406E-3
D4-lineage-D1,ref|NC_001136|,60829,G,GA,6,105,5.71%,1.452E-2
D4-lineage-D1,ref|NC_001136|,66048,GA,G,9,131,6.87%,1.6784E-3
D4-lineage-D1,ref|NC_001136|,76735,A,AT,11,90,12.22%,3.5014E-4
D4-lineage-D1,ref|NC_001136|,82419,A,AT,7,80,8.75%,6.7755E-3
D4-lineage-D1,ref|NC_001136|,92682,GA,G,12,69,17.39%,9.7866E-5
D4-lineage-D1,ref|NC_001136|,96409,C,A,5,88,5.68%,2.948E-2
D4-lineage-D1,ref|NC_001136|,99407,GA,G,13,102,12.75%,7.9774E-5
D4-lineage-D1,ref|NC_001136|,104767,C,CT,6,104,5.77%,1.4509E-2
D4-lineage-D1,ref|NC_001136|,105479,C,T,5,61,8.2%,2.8569E-2
D4-lineage-D1,ref|NC_001136|,106907,AT,A,6,102,5.88%,1.4405E-2
D4-lineage-D1,ref|NC_001136|,123792,TA,T,14,130,10.77%,4.0387E-5
D4-lineage-D1,ref|NC_001136|,126537,C,CT,6,45,13.33%,1.238E-2
D4-lineage-D1,ref|NC_001136|,135456,CT,C,10,81,12.35%,6.8011E-4
D4-lineage-D1,ref|NC_001136|,137242,C,A,5,88,5.68%,2.948E-2
D4-lineage-D1,ref|NC_001136|,157978,C,CT,6,70,8.57%,1.3952E-2
D4-lineage-D1,ref|NC_001136|,194466,GT,G,7,82,8.54%,6.7622E-3
D4-lineage-D1,ref|NC_001136|,210686,A,AT,7,99,7.07%,6.9846E-3
D4-lineage-D1,ref|NC_001136|,211315,CAT,C,6,72,8.33%,1.3999E-2
D4-lineage-D1,ref|NC_001136|,212440,GT,G,7,57,12.28%,6.1774E-3
D4-lineage-D1,ref|NC_001136|,212586,T,TA,6,69,8.7%,1.3824E-2
D4-lineage-D1,ref|NC_001136|,240138,CAT,C,9,87,10.34%,1.5493E-3
D4-lineage-D1,ref|NC_001136|,270194,C,CA,6,75,8%,1.3952E-2
D4-lineage-D1,ref|NC_001136|,273629,GTT,G,41,112,36.61%,3.2213E-16
D4-lineage-D1,ref|NC_001136|,286882,CT,C,9,80,11.25%,1.5086E-3
D4-lineage-D1,ref|NC_001136|,300038,G,GA,11,129,8.53%,3.8578E-4
D4-lineage-D1,ref|NC_001136|,302323,G,GA,14,99,14.14%,3.7054E-5
D4-lineage-D1,ref|NC_001136|,310293,G,GA,8,97,8.25%,3.3505E-3
D4-lineage-D1,ref|NC_001136|,312518,C,CT,8,123,6.5%,3.4557E-3
D4-lineage-D1,ref|NC_001136|,323677,GAT,G,9,79,11.39%,1.4972E-3
D4-lineage-D1,ref|NC_001136|,329641,TTA,T,9,78,11.54%,1.4972E-3
D4-lineage-D1,ref|NC_001136|,336206,CT,C,19,86,22.09%,5.2766E-7
D4-lineage-D1,ref|NC_001136|,344004,G,GTA,40,93,43.01%,1.2446E-15
D4-lineage-D1,ref|NC_001136|,354359,G,T,5,90,5.56%,2.9519E-2
D4-lineage-D1,ref|NC_001136|,362378,TA,T,6,75,8%,1.4042E-2
D4-lineage-D1,ref|NC_001136|,363745,C,G,5,87,5.75%,2.9459E-2
D4-lineage-D1,ref|NC_001136|,363746,C,G,5,90,5.56%,2.9519E-2
D4-lineage-D1,ref|NC_001136|,364962,T,TA,8,79,10.13%,3.2091E-3
D4-lineage-D1,ref|NC_001136|,369171,GA,G,5,85,5.88%,2.9327E-2
D4-lineage-D1,ref|NC_001136|,369259,CA,C,8,53,15.09%,2.8851E-3
D4-lineage-D1,ref|NC_001136|,376575,AT,A,5,96,5.21%,2.961E-2
D4-lineage-D1,ref|NC_001136|,392146,GAC,G,7,75,9.33%,6.7203E-3
D4-lineage-D1,ref|NC_001136|,394573,T,C,11,74,14.86%,3.2718E-4
D4-lineage-D1,ref|NC_001136|,403511,G,GT,75,86,87.21%,1.3801E-39
D4-lineage-D1,ref|NC_001136|,405202,G,GT,7,84,8.33%,6.8485E-3
D4-lineage-D1,ref|NC_001136|,410887,AT,A,14,93,15.05%,3.3581E-5
D4-lineage-D1,ref|NC_001136|,427105,CT,C,6,85,7.06%,1.4197E-2
D4-lineage-D1,ref|NC_001136|,428805,A,AT,14,82,17.07%,3.1607E-5
D4-lineage-D1,ref|NC_001136|,436198,CT,C,19,90,21.11%,5.2766E-7
D4-lineage-D1,ref|NC_001136|,439860,A,T,5,97,5.15%,2.9644E-2
D4-lineage-D1,ref|NC_001136|,448385,T,TA,6,86,6.98%,1.4279E-2
D4-lineage-D1,ref|NC_001136|,450188,GTA,G,16,78,20.51%,6.156E-6
D4-lineage-D1,ref|NC_001136|,454368,A,T,6,107,5.61%,1.454E-2
D4-lineage-D1,ref|NC_001136|,465667,C,CA,7,86,8.14%,6.837E-3
D4-lineage-D1,ref|NC_001136|,471707,AT,A,10,98,10.2%,7.5886E-4
D4-lineage-D1,ref|NC_001136|,482472,GA,G,8,80,10%,3.2002E-3
D4-lineage-D1,ref|NC_001136|,489441,AAT,A,10,54,18.52%,6.18E-4
D4-lineage-D1,ref|NC_001136|,505233,CAT,C,8,71,11.27%,3.1718E-3
D4-lineage-D1,ref|NC_001136|,507966,GA,G,6,85,7.06%,1.4179E-2
D4-lineage-D1,ref|NC_001136|,513546,G,A,5,94,5.32%,2.9592E-2
D4-lineage-D1,ref|NC_001136|,515083,C,T,5,39,12.82%,2.7273E-2
D4-lineage-D1,ref|NC_001136|,519899,GT,G,18,88,20.45%,1.1982E-6
D4-lineage-D1,ref|NC_001136|,523025,CT,C,7,115,6.09%,7.0672E-3
D4-lineage-D1,ref|NC_001136|,525613,CA,C,5,83,6.02%,2.9351E-2
D4-lineage-D1,ref|NC_001136|,538733,GTA,G,14,63,22.22%,2.1224E-5
D4-lineage-D1,ref|NC_001136|,542558,CA,C,13,96,13.54%,7.5722E-5
D4-lineage-D1,ref|NC_001136|,544162,CT,C,6,80,7.5%,1.4179E-2
D4-lineage-D1,ref|NC_001136|,548546,G,GT,21,66,31.82%,2.8521E-8
D4-lineage-D1,ref|NC_001136|,553071,AT,A,8,78,10.26%,3.2179E-3
D4-lineage-D1,ref|NC_001136|,557391,A,G,12,111,10.81%,1.784E-4
D4-lineage-D1,ref|NC_001136|,587839,CT,C,7,54,12.96%,5.721E-3
D4-lineage-D1,ref|NC_001136|,589651,TA,T,5,66,7.58%,2.87E-2
D4-lineage-D1,ref|NC_001136|,591697,T,TA,5,89,5.62%,2.9439E-2
D4-lineage-D1,ref|NC_001136|,592981,G,GT,6,98,6.12%,1.4294E-2
D4-lineage-D1,ref|NC_001136|,607042,G,GA,13,83,15.66%,7.1369E-5
D4-lineage-D1,ref|NC_001136|,620983,CTA,C,5,83,6.02%,2.9373E-2
D4-lineage-D1,ref|NC_001136|,621879,GA,G,13,85,15.29%,6.6146E-5
D4-lineage-D1,ref|NC_001136|,622546,T,A,5,89,5.62%,2.95E-2
D4-lineage-D1,ref|NC_001136|,628654,AT,A,9,76,11.84%,1.4972E-3
D4-lineage-D1,ref|NC_001136|,630833,GT,G,11,88,12.5%,3.2907E-4
D4-lineage-D1,ref|NC_001136|,636900,A,AT,7,98,7.14%,6.9675E-3
D4-lineage-D1,ref|NC_001136|,638911,A,T,6,114,5.26%,1.4606E-2
D4-lineage-D1,ref|NC_001136|,645102,GA,G,7,74,9.46%,6.6257E-3
D4-lineage-D1,ref|NC_001136|,646833,C,T,8,78,10.26%,3.2347E-3
D4-lineage-D1,ref|NC_001136|,646920,C,T,5,65,7.69%,2.8856E-2
D4-lineage-D1,ref|NC_001136|,646925,T,G,5,68,7.35%,2.8961E-2
D4-lineage-D1,ref|NC_001136|,668949,T,TA,5,77,6.49%,2.9088E-2
D4-lineage-D1,ref|NC_001136|,674861,GT,G,7,108,6.48%,7.0604E-3
D4-lineage-D1,ref|NC_001136|,677843,GA,G,6,115,5.22%,1.4615E-2
D4-lineage-D1,ref|NC_001136|,678226,G,GT,5,92,5.43%,2.948E-2
D4-lineage-D1,ref|NC_001136|,680128,C,CT,7,93,7.53%,6.8917E-3
D4-lineage-D1,ref|NC_001136|,681409,A,G,5,86,5.81%,2.9439E-2
D4-lineage-D1,ref|NC_001136|,688005,G,GA,5,84,5.95%,2.9327E-2
D4-lineage-D1,ref|NC_001136|,688062,C,CTT,53,87,60.92%,5.2729E-24
D4-lineage-D1,ref|NC_001136|,746353,C,CA,8,96,8.33%,3.2947E-3
D4-lineage-D1,ref|NC_001136|,748524,T,TA,10,94,10.64%,7.2967E-4
D4-lineage-D1,ref|NC_001136|,757631,G,C,75,75,100%,1.0773E-44
D4-lineage-D1,ref|NC_001136|,758310,T,C,56,56,100%,2.5602E-33
D4-lineage-D1,ref|NC_001136|,772239,T,C,5,97,5.15%,2.9644E-2
D4-lineage-D1,ref|NC_001136|,778757,GTAT,G,8,73,10.96%,3.1618E-3
D4-lineage-D1,ref|NC_001136|,781986,CT,C,8,86,9.3%,3.2661E-3
D4-lineage-D1,ref|NC_001136|,791925,C,CA,8,107,7.48%,3.4063E-3
D4-lineage-D1,ref|NC_001136|,801680,CTCT,C,6,101,5.94%,1.4454E-2
D4-lineage-D1,ref|NC_001136|,816631,TA,T,9,80,11.25%,1.4972E-3
D4-lineage-D1,ref|NC_001136|,817531,T,TA,93,109,85.32%,1.2279E-45
D4-lineage-D1,ref|NC_001136|,832717,C,CA,6,83,7.23%,1.4179E-2
D4-lineage-D1,ref|NC_001136|,833520,A,T,5,93,5.38%,2.9575E-2
D4-lineage-D1,ref|NC_001136|,833595,C,T,5,95,5.26%,2.961E-2
D4-lineage-D1,ref|NC_001136|,835638,GA,G,8,88,9.09%,3.2264E-3
D4-lineage-D1,ref|NC_001136|,840422,AAT,A,11,88,12.5%,3.4427E-4
D4-lineage-D1,ref|NC_001136|,864867,CAT,C,9,76,11.84%,1.4972E-3
D4-lineage-D1,ref|NC_001136|,864990,CT,C,5,91,5.49%,2.9439E-2
D4-lineage-D1,ref|NC_001136|,872644,C,A,6,50,12%,1.3331E-2
D4-lineage-D1,ref|NC_001136|,872837,T,C,11,43,25.58%,2.3512E-4
D4-lineage-D1,ref|NC_001136|,877407,T,A,11,45,24.44%,2.4398E-4
D4-lineage-D1,ref|NC_001136|,880697,A,G,80,80,100%,1.0864E-47
D4-lineage-D1,ref|NC_001136|,880904,TG,T,5,65,7.69%,2.8856E-2
D4-lineage-D1,ref|NC_001136|,884572,CT,C,8,55,14.55%,2.6808E-3
D4-lineage-D1,ref|NC_001136|,887046,A,AT,6,92,6.52%,1.4338E-2
D4-lineage-D1,ref|NC_001136|,892532,CA,C,5,86,5.81%,2.9396E-2
D4-lineage-D1,ref|NC_001136|,892698,G,GT,6,52,11.54%,1.3237E-2
D4-lineage-D1,ref|NC_001136|,894993,CA,C,8,118,6.78%,3.4323E-3
D4-lineage-D1,ref|NC_001136|,900853,A,AT,7,103,6.8%,7.0089E-3
D4-lineage-D1,ref|NC_001136|,909727,A,AT,18,81,22.22%,9.7371E-7
D4-lineage-D1,ref|NC_001136|,912341,GA,G,5,93,5.38%,2.9519E-2
D4-lineage-D1,ref|NC_001136|,917515,TA,T,5,93,5.38%,2.9519E-2
D4-lineage-D1,ref|NC_001136|,921813,CA,C,7,69,10.14%,6.5131E-3
D4-lineage-D1,ref|NC_001136|,927297,C,G,5,67,7.46%,2.8927E-2
D4-lineage-D1,ref|NC_001136|,929171,GT,G,7,85,8.24%,6.8485E-3
D4-lineage-D1,ref|NC_001136|,929184,A,AT,8,89,8.99%,3.2878E-3
D4-lineage-D1,ref|NC_001136|,930964,CAT,C,7,69,10.14%,6.4484E-3
D4-lineage-D1,ref|NC_001136|,940960,G,GA,5,95,5.26%,2.9575E-2
D4-lineage-D1,ref|NC_001136|,955986,G,GA,8,70,11.43%,3.1077E-3
D4-lineage-D1,ref|NC_001136|,957628,C,CT,6,81,7.41%,1.4104E-2
D4-lineage-D1,ref|NC_001136|,958927,T,A,5,96,5.21%,2.9627E-2
D4-lineage-D1,ref|NC_001136|,960412,C,CT,9,114,7.89%,1.65E-3
D4-lineage-D1,ref|NC_001136|,966520,TA,T,9,47,19.15%,1.1791E-3
D4-lineage-D1,ref|NC_001136|,986103,A,G,5,30,16.67%,2.6093E-2
D4-lineage-D1,ref|NC_001136|,986106,G,A,7,31,22.58%,5.3469E-3
D4-lineage-D1,ref|NC_001136|,986241,A,G,5,80,6.25%,2.9303E-2
D4-lineage-D1,ref|NC_001136|,986244,G,A,5,78,6.41%,2.9254E-2
D4-lineage-D1,ref|NC_001136|,986340,A,C,11,101,10.89%,3.6633E-4
D4-lineage-D1,ref|NC_001136|,986406,G,A,8,97,8.25%,3.3616E-3
D4-lineage-D1,ref|NC_001136|,986487,A,T,9,88,10.23%,1.5753E-3
D4-lineage-D1,ref|NC_001136|,986699,T,A,10,113,8.85%,7.9324E-4
D4-lineage-D1,ref|NC_001136|,986757,T,A,15,93,16.13%,1.6533E-5
D4-lineage-D1,ref|NC_001136|,986998,A,G,8,52,15.38%,2.9216E-3
D4-lineage-D1,ref|NC_001136|,987037,C,T,6,63,9.52%,1.3796E-2
D4-lineage-D1,ref|NC_001136|,987244,G,A,38,48,79.17%,8.1086E-18
D4-lineage-D1,ref|NC_001136|,987283,C,T,7,48,14.58%,6.1774E-3
D4-lineage-D1,ref|NC_001136|,987310,G,A,15,50,30%,8.8847E-6
D4-lineage-D1,ref|NC_001136|,987750,T,C,6,40,15%,1.2773E-2
D4-lineage-D1,ref|NC_001136|,987753,C,T,6,40,15%,1.2773E-2
D4-lineage-D1,ref|NC_001136|,1002291,A,AT,5,85,5.88%,2.9327E-2
D4-lineage-D1,ref|NC_001136|,1007254,C,G,21,75,28%,9.3573E-8
D4-lineage-D1,ref|NC_001136|,1015989,GA,G,7,82,8.54%,6.7755E-3
D4-lineage-D1,ref|NC_001136|,1016710,T,TC,10,87,11.49%,7.4023E-4
D4-lineage-D1,ref|NC_001136|,1057929,A,AT,6,102,5.88%,1.443E-2
D4-lineage-D1,ref|NC_001136|,1079010,AT,A,13,81,16.05%,6.2051E-5
D4-lineage-D1,ref|NC_001136|,1084521,G,GA,6,72,8.33%,1.3796E-2
D4-lineage-D1,ref|NC_001136|,1084685,GA,G,13,75,17.33%,6.6146E-5
D4-lineage-D1,ref|NC_001136|,1090113,G,GA,16,87,18.39%,5.6213E-6
D4-lineage-D1,ref|NC_001136|,1101983,CT,C,8,116,6.9%,3.4108E-3
D4-lineage-D1,ref|NC_001136|,1105909,AT,A,9,97,9.28%,1.5945E-3
D4-lineage-D1,ref|NC_001136|,1108600,G,GA,21,130,16.15%,1.7303E-7
D4-lineage-D1,ref|NC_001136|,1130880,A,AT,8,88,9.09%,3.2429E-3
D4-lineage-D1,ref|NC_001136|,1135619,A,AT,5,84,5.95%,2.9303E-2
D4-lineage-D1,ref|NC_001136|,1147231,C,CT,6,87,6.9%,1.4247E-2
D4-lineage-D1,ref|NC_001136|,1150910,A,AG,96,98,97.96%,8.659E-55
D4-lineage-D1,ref|NC_001136|,1156096,CT,C,8,83,9.64%,3.2508E-3
D4-lineage-D1,ref|NC_001136|,1156457,T,TA,8,86,9.3%,3.2735E-3
D4-lineage-D1,ref|NC_001136|,1173812,A,G,20,78,25.64%,2.3595E-7
D4-lineage-D1,ref|NC_001136|,1178330,CT,C,9,82,10.98%,1.4912E-3
D4-lineage-D1,ref|NC_001136|,1181441,A,AT,8,97,8.25%,3.3561E-3
D4-lineage-D1,ref|NC_001136|,1191893,T,TA,8,82,9.76%,3.2429E-3
D4-lineage-D1,ref|NC_001136|,1202177,CA,C,6,77,7.79%,1.4104E-2
D4-lineage-D1,ref|NC_001136|,1205870,C,T,5,91,5.49%,2.9538E-2
D4-lineage-D1,ref|NC_001136|,1224545,AAT,A,5,73,6.85%,2.9117E-2
D4-lineage-D1,ref|NC_001136|,1239031,AAT,A,5,65,7.69%,2.87E-2
D4-lineage-D1,ref|NC_001136|,1240959,GA,G,6,90,6.67%,1.4231E-2
D4-lineage-D1,ref|NC_001136|,1250067,GA,G,5,85,5.88%,2.9396E-2
D4-lineage-D1,ref|NC_001136|,1253397,T,C,127,127,100%,6.9069E-76
D4-lineage-D1,ref|NC_001136|,1254534,AT,A,6,100,6%,1.4405E-2
D4-lineage-D1,ref|NC_001136|,1266255,C,CT,12,103,11.65%,1.6933E-4
D4-lineage-D1,ref|NC_001136|,1279262,C,T,5,90,5.56%,2.9519E-2
D4-lineage-D1,ref|NC_001136|,1279263,A,G,5,91,5.49%,2.9538E-2
D4-lineage-D1,ref|NC_001136|,1299768,T,C,6,107,5.61%,1.454E-2
D4-lineage-D1,ref|NC_001136|,1305680,TG,T,106,112,94.64%,2.2952E-57
D4-lineage-D1,ref|NC_001136|,1307967,T,C,26,28,92.86%,5.6872E-14
D4-lineage-D1,ref|NC_001136|,1314953,T,A,5,85,5.88%,2.9417E-2
D4-lineage-D1,ref|NC_001136|,1315228,C,CA,6,101,5.94%,1.4454E-2
D4-lineage-D1,ref|NC_001136|,1321982,CAT,C,8,82,9.76%,3.2429E-3
D4-lineage-D1,ref|NC_001136|,1341641,TC,T,17,107,15.89%,3.6616E-6
D4-lineage-D1,ref|NC_001136|,1366877,T,A,5,100,5%,2.9692E-2
D4-lineage-D1,ref|NC_001136|,1366917,A,AT,5,99,5.05%,2.966E-2
D4-lineage-D1,ref|NC_001136|,1376436,A,T,6,112,5.36%,1.4588E-2
D4-lineage-D1,ref|NC_001136|,1385471,CAT,C,9,69,13.04%,1.4589E-3
D4-lineage-D1,ref|NC_001136|,1399679,TA,T,6,100,6%,1.443E-2
D4-lineage-D1,ref|NC_001136|,1402305,C,T,125,125,100%,1.0964E-74
D4-lineage-D1,ref|NC_001136|,1412225,GA,G,10,89,11.24%,7.3507E-4
D4-lineage-D1,ref|NC_001136|,1417859,A,G,16,68,23.53%,5.6213E-6
D4-lineage-D1,ref|NC_001136|,1417861,C,T,5,60,8.33%,2.8658E-2
D4-lineage-D1,ref|NC_001136|,1418469,CAT,C,8,54,14.81%,2.8851E-3
D4-lineage-D1,ref|NC_001136|,1421025,G,GA,5,91,5.49%,2.9459E-2
D4-lineage-D1,ref|NC_001136|,1431852,G,C,14,52,26.92%,2.1741E-5
D4-lineage-D1,ref|NC_001136|,1433710,A,T,116,116,100%,2.7689E-69
D4-lineage-D1,ref|NC_001136|,1439552,G,A,5,100,5%,2.9692E-2
D4-lineage-D1,ref|NC_001136|,1439956,A,G,5,91,5.49%,2.9538E-2
D4-lineage-D1,ref|NC_001136|,1451129,A,AT,5,85,5.88%,2.9417E-2
D4-lineage-D1,ref|NC_001136|,1457807,T,C,5,88,5.68%,2.948E-2
D4-lineage-D1,ref|NC_001136|,1466418,GT,G,23,122,18.85%,2.947E-8
D4-lineage-D1,ref|NC_001136|,1468506,CA,C,6,88,6.82%,1.4279E-2
D4-lineage-D1,ref|NC_001136|,1470478,T,TA,6,95,6.32%,1.4365E-2
D4-lineage-D1,ref|NC_001136|,1474784,A,AT,14,93,15.05%,3.2485E-5
D4-lineage-D1,ref|NC_001136|,1487384,C,CA,7,85,8.24%,6.8597E-3
D4-lineage-D1,ref|NC_001136|,1494413,CA,C,6,98,6.12%,1.4352E-2
D4-lineage-D1,ref|NC_001136|,1496116,CT,C,7,109,6.42%,7.0604E-3
D4-lineage-D1,ref|NC_001136|,1498015,AT,A,7,86,8.14%,6.8706E-3
D4-lineage-D1,ref|NC_001136|,1501055,G,GA,9,107,8.41%,1.6364E-3
D4-lineage-D1,ref|NC_001136|,1513956,CT,C,8,81,9.88%,3.2585E-3
D4-lineage-D1,ref|NC_001136|,1515034,TA,T,64,77,83.12%,4.9836E-32
D4-lineage-D1,ref|NC_001136|,1517680,G,GT,6,69,8.7%,1.3952E-2
D4-lineage-D1,ref|NC_001136|,1518948,G,GT,40,67,59.7%,6.161E-17
D4-lineage-D1,ref|NC_001136|,1522515,C,CT,5,99,5.05%,2.961E-2
D4-lineage-D1,ref|NC_001136|,1524974,A,G,93,93,100%,1.7451E-55
D4-lineage-D1,ref|NC_001136|,1525313,T,G,13,13,100%,9.6148E-8
D4-lineage-D1,ref|NC_001137|,14724,CA,C,19,96,19.79%,6.152E-7
D4-lineage-D1,ref|NC_001137|,16072,AT,A,12,118,10.17%,1.7893E-4
D4-lineage-D1,ref|NC_001137|,19574,C,CA,12,109,11.01%,1.7134E-4
D4-lineage-D1,ref|NC_001137|,19668,C,A,7,88,7.95%,6.9019E-3
D4-lineage-D1,ref|NC_001137|,21321,T,TA,14,106,13.21%,3.508E-5
D4-lineage-D1,ref|NC_001137|,23230,AT,A,7,112,6.25%,7.0672E-3
D4-lineage-D1,ref|NC_001137|,28988,C,T,5,100,5%,2.9692E-2
D4-lineage-D1,ref|NC_001137|,31460,CAT,C,15,77,19.48%,1.404E-5
D4-lineage-D1,ref|NC_001137|,33475,CT,C,11,104,10.58%,3.5936E-4
D4-lineage-D1,ref|NC_001137|,36289,GT,G,7,50,14%,5.9563E-3
D4-lineage-D1,ref|NC_001137|,48384,T,C,85,85,100%,1.0935E-50
D4-lineage-D1,ref|NC_001137|,52435,CA,C,7,74,9.46%,6.659E-3
D4-lineage-D1,ref|NC_001137|,59372,CT,C,12,108,11.11%,1.6497E-4
D4-lineage-D1,ref|NC_001137|,61686,C,CT,11,92,11.96%,3.4727E-4
D4-lineage-D1,ref|NC_001137|,65293,GA,G,19,82,23.17%,4.534E-7
D4-lineage-D1,ref|NC_001137|,70395,TA,T,9,76,11.84%,1.503E-3
D4-lineage-D1,ref|NC_001137|,86488,CA,C,20,76,26.32%,1.2588E-7
D4-lineage-D1,ref|NC_001137|,100573,TA,T,12,76,15.79%,1.3273E-4
D4-lineage-D1,ref|NC_001137|,115989,C,T,13,13,100%,9.6148E-8
D4-lineage-D1,ref|NC_001137|,115997,T,C,23,23,100%,1.2146E-13
D4-lineage-D1,ref|NC_001137|,116028,G,A,47,47,100%,6.1512E-28
D4-lineage-D1,ref|NC_001137|,116086,G,A,75,75,100%,1.0773E-44
D4-lineage-D1,ref|NC_001137|,116577,G,A,99,99,100%,4.3954E-59
D4-lineage-D1,ref|NC_001137|,116644,G,T,101,101,100%,2.7747E-60
D4-lineage-D1,ref|NC_001137|,118577,CAT,C,10,86,11.63%,7.324E-4
D4-lineage-D1,ref|NC_001137|,122728,G,GA,11,109,10.09%,3.6057E-4
D4-lineage-D1,ref|NC_001137|,126489,G,GT,5,59,8.47%,2.8473E-2
D4-lineage-D1,ref|NC_001137|,127982,T,A,5,92,5.43%,2.9557E-2
D4-lineage-D1,ref|NC_001137|,131558,TA,T,6,70,8.57%,1.3952E-2
D4-lineage-D1,ref|NC_001137|,132565,CAT,C,8,82,9.76%,3.2264E-3
D4-lineage-D1,ref|NC_001137|,148091,GA,G,12,80,15%,1.4234E-4
D4-lineage-D1,ref|NC_001137|,152924,G,GA,5,82,6.1%,2.9201E-2
D4-lineage-D1,ref|NC_001137|,154531,T,A,85,85,100%,1.0935E-50
D4-lineage-D1,ref|NC_001137|,159027,CA,C,21,90,23.33%,8.6393E-8
D4-lineage-D1,ref|NC_001137|,172598,GAT,G,5,76,6.58%,2.9174E-2
D4-lineage-D1,ref|NC_001137|,194975,GA,G,6,104,5.77%,1.4509E-2
D4-lineage-D1,ref|NC_001137|,196609,TA,T,11,72,15.28%,3.031E-4
D4-lineage-D1,ref|NC_001137|,198592,GTA,G,16,70,22.86%,5.5268E-6
D4-lineage-D1,ref|NC_001137|,217691,TA,T,7,78,8.97%,6.7486E-3
D4-lineage-D1,ref|NC_001137|,220709,TGG,T,5,83,6.02%,2.9373E-2
D4-lineage-D1,ref|NC_001137|,221815,C,CA,7,101,6.93%,6.9587E-3
D4-lineage-D1,ref|NC_001137|,229704,C,A,5,93,5.38%,2.9575E-2
D4-lineage-D1,ref|NC_001137|,235578,A,T,6,96,6.25%,1.4417E-2
D4-lineage-D1,ref|NC_001137|,243665,GA,G,10,83,12.05%,6.8782E-4
D4-lineage-D1,ref|NC_001137|,251561,G,GA,13,93,13.98%,7.6592E-5
D4-lineage-D1,ref|NC_001137|,256303,GTA,G,11,80,13.75%,3.2718E-4
D4-lineage-D1,ref|NC_001137|,258177,GA,G,6,80,7.5%,1.4064E-2
D4-lineage-D1,ref|NC_001137|,261464,C,CA,25,63,39.68%,7.091E-10
D4-lineage-D1,ref|NC_001137|,264627,G,A,5,88,5.68%,2.948E-2
D4-lineage-D1,ref|NC_001137|,264638,T,C,5,88,5.68%,2.948E-2
D4-lineage-D1,ref|NC_001137|,268335,G,GA,12,76,15.79%,1.4598E-4
D4-lineage-D1,ref|NC_001137|,272558,GT,G,57,75,76%,1.0196E-26
D4-lineage-D1,ref|NC_001137|,289244,AT,A,13,104,12.5%,7.8634E-5
D4-lineage-D1,ref|NC_001137|,291632,C,CT,5,69,7.25%,2.8856E-2
D4-lineage-D1,ref|NC_001137|,295243,A,AT,8,110,7.27%,3.4196E-3
D4-lineage-D1,ref|NC_001137|,305799,CT,C,19,89,21.35%,5.4789E-7
D4-lineage-D1,ref|NC_001137|,309004,GTCA,G,9,76,11.84%,1.5196E-3
D4-lineage-D1,ref|NC_001137|,316709,A,AT,10,106,9.43%,7.6909E-4
D4-lineage-D1,ref|NC_001137|,319639,TA,T,6,65,9.23%,1.3851E-2
D4-lineage-D1,ref|NC_001137|,337452,GA,G,6,106,5.66%,1.453E-2
D4-lineage-D1,ref|NC_001137|,337853,G,A,6,104,5.77%,1.4509E-2
D4-lineage-D1,ref|NC_001137|,352394,A,G,63,63,100%,1.657E-37
D4-lineage-D1,ref|NC_001137|,374816,C,CA,7,90,7.78%,6.8597E-3
D4-lineage-D1,ref|NC_001137|,382298,A,AT,7,24,29.17%,4.4505E-3
D4-lineage-D1,ref|NC_001137|,382523,CA,C,10,62,16.13%,5.8675E-4
D4-lineage-D1,ref|NC_001137|,386143,GA,G,8,77,10.39%,3.1718E-3
D4-lineage-D1,ref|NC_001137|,386286,C,CT,5,89,5.62%,2.9459E-2
D4-lineage-D1,ref|NC_001137|,390254,C,CA,14,92,15.22%,3.3581E-5
D4-lineage-D1,ref|NC_001137|,399440,G,T,5,95,5.26%,2.961E-2
D4-lineage-D1,ref|NC_001137|,400988,C,CT,5,75,6.67%,2.9088E-2
D4-lineage-D1,ref|NC_001137|,402835,GA,G,6,100,6%,1.4417E-2
D4-lineage-D1,ref|NC_001137|,404488,CT,C,10,80,12.5%,6.8782E-4
D4-lineage-D1,ref|NC_001137|,406418,CT,C,5,78,6.41%,2.9146E-2
D4-lineage-D1,ref|NC_001137|,413363,T,TA,8,47,17.02%,2.7329E-3
D4-lineage-D1,ref|NC_001137|,415753,CT,C,9,126,7.14%,1.6762E-3
D4-lineage-D1,ref|NC_001137|,417189,CT,C,5,95,5.26%,2.9575E-2
D4-lineage-D1,ref|NC_001137|,422990,CA,C,11,89,12.36%,3.362E-4
D4-lineage-D1,ref|NC_001137|,430559,CA,C,12,81,14.81%,1.4937E-4
D4-lineage-D1,ref|NC_001137|,433180,AT,A,6,60,10%,1.3641E-2
D4-lineage-D1,ref|NC_001137|,436525,C,T,7,88,7.95%,6.9019E-3
D4-lineage-D1,ref|NC_001137|,436526,A,G,7,87,8.05%,6.8917E-3
D4-lineage-D1,ref|NC_001137|,441153,C,CT,6,116,5.17%,1.4606E-2
D4-lineage-D1,ref|NC_001137|,449342,G,A,5,30,16.67%,2.6093E-2
D4-lineage-D1,ref|NC_001137|,455098,AT,A,5,86,5.81%,2.9373E-2
D4-lineage-D1,ref|NC_001137|,462951,CT,C,5,74,6.76%,2.8961E-2
D4-lineage-D1,ref|NC_001137|,468982,CT,C,5,88,5.68%,2.9373E-2
D4-lineage-D1,ref|NC_001137|,475808,G,T,5,88,5.68%,2.948E-2
D4-lineage-D1,ref|NC_001137|,492181,C,CA,9,112,8.11%,1.6392E-3
D4-lineage-D1,ref|NC_001137|,494322,C,A,5,91,5.49%,2.9538E-2
D4-lineage-D1,ref|NC_001137|,503930,CA,C,7,83,8.43%,6.837E-3
D4-lineage-D1,ref|NC_001137|,510020,C,CT,8,113,7.08%,3.4281E-3
D4-lineage-D1,ref|NC_001137|,517529,T,C,93,93,100%,1.7451E-55
D4-lineage-D1,ref|NC_001137|,520781,G,GA,11,79,13.92%,3.0557E-4
D4-lineage-D1,ref|NC_001137|,522932,A,G,5,75,6.67%,2.9174E-2
D4-lineage-D1,ref|NC_001137|,522936,C,G,5,76,6.58%,2.9174E-2
D4-lineage-D1,ref|NC_001137|,522970,A,AT,9,69,13.04%,1.4373E-3
D4-lineage-D1,ref|NC_001137|,535248,GT,G,5,95,5.26%,2.95E-2
D4-lineage-D1,ref|NC_001137|,541505,A,AT,5,87,5.75%,2.9417E-2
D4-lineage-D1,ref|NC_001137|,544413,G,C,86,99,86.87%,1.4934E-42
D4-lineage-D1,ref|NC_001137|,545186,AG,A,8,40,20%,2.4931E-3
D4-lineage-D1,ref|NC_001137|,545373,TA,T,6,85,7.06%,1.4197E-2
D4-lineage-D1,ref|NC_001137|,555344,CA,C,7,71,9.86%,6.6257E-3
D4-lineage-D1,ref|NC_001138|,8304,TA,T,13,99,13.13%,7.3398E-5
D4-lineage-D1,ref|NC_001138|,8640,G,GT,5,75,6.67%,2.9058E-2
D4-lineage-D1,ref|NC_001138|,12416,T,A,56,153,36.6%,2.8193E-20
D4-lineage-D1,ref|NC_001138|,14286,CA,C,5,69,7.25%,2.8927E-2
D4-lineage-D1,ref|NC_001138|,31532,A,AT,5,94,5.32%,2.9538E-2
D4-lineage-D1,ref|NC_001138|,38471,T,C,5,89,5.62%,2.95E-2
D4-lineage-D1,ref|NC_001138|,54494,GT,G,6,65,9.23%,1.3706E-2
D4-lineage-D1,ref|NC_001138|,57967,TA,T,5,59,8.47%,2.8371E-2
D4-lineage-D1,ref|NC_001138|,58005,GAT,G,5,72,6.94%,2.8961E-2
D4-lineage-D1,ref|NC_001138|,74485,GA,G,5,91,5.49%,2.9417E-2
D4-lineage-D1,ref|NC_001138|,75901,C,T,7,83,8.43%,6.8485E-3
D4-lineage-D1,ref|NC_001138|,75912,CT,C,9,83,10.84%,1.5142E-3
D4-lineage-D1,ref|NC_001138|,78010,CAT,C,7,68,10.29%,6.5333E-3
D4-lineage-D1,ref|NC_001138|,95460,AT,A,5,99,5.05%,2.9575E-2
D4-lineage-D1,ref|NC_001138|,97505,C,CA,8,69,11.59%,3.0959E-3
D4-lineage-D1,ref|NC_001138|,97617,TA,T,10,60,16.67%,6.345E-4
D4-lineage-D1,ref|NC_001138|,97864,C,CTT,60,78,76.92%,7.7195E-30
D4-lineage-D1,ref|NC_001138|,104558,C,CA,12,73,16.44%,1.4479E-4
D4-lineage-D1,ref|NC_001138|,104577,T,TA,10,58,17.24%,5.7985E-4
D4-lineage-D1,ref|NC_001138|,106277,C,CTT,49,71,69.01%,1.3961E-23
D4-lineage-D1,ref|NC_001138|,107817,ATG,A,7,112,6.25%,7.0934E-3
D4-lineage-D1,ref|NC_001138|,119284,GA,G,12,78,15.38%,1.4479E-4
D4-lineage-D1,ref|NC_001138|,148941,CT,C,6,89,6.74%,1.4294E-2
D4-lineage-D1,ref|NC_001138|,155985,GT,G,8,46,17.39%,2.7329E-3
D4-lineage-D1,ref|NC_001138|,169416,A,T,5,92,5.43%,2.9557E-2
D4-lineage-D1,ref|NC_001138|,174046,CT,C,6,69,8.7%,1.3851E-2
D4-lineage-D1,ref|NC_001138|,182995,CAT,C,7,92,7.61%,6.9119E-3
D4-lineage-D1,ref|NC_001138|,186224,GATA,G,7,75,9.33%,6.6905E-3
D4-lineage-D1,ref|NC_001138|,191062,A,AT,5,88,5.68%,2.948E-2
D4-lineage-D1,ref|NC_001138|,210067,A,AT,9,77,11.69%,1.4447E-3
D4-lineage-D1,ref|NC_001138|,210344,TTG,T,7,76,9.21%,6.7056E-3
D4-lineage-D1,ref|NC_001138|,216362,G,T,5,94,5.32%,2.9592E-2
D4-lineage-D1,ref|NC_001138|,220461,CT,C,5,99,5.05%,2.966E-2
D4-lineage-D1,ref|NC_001138|,223119,G,GA,5,74,6.76%,2.9058E-2
D4-lineage-D1,ref|NC_001138|,227478,CT,C,12,73,16.44%,1.2642E-4
D4-lineage-D1,ref|NC_001138|,245165,A,AT,5,90,5.56%,2.9439E-2
D4-lineage-D1,ref|NC_001138|,262244,CA,C,9,103,8.74%,1.6051E-3
D4-lineage-D1,ref|NC_001138|,265378,CT,C,7,93,7.53%,6.9498E-3
D4-lineage-D1,ref|NC_001139|,214,A,AC,50,52,96.15%,9.0394E-28
D4-lineage-D1,ref|NC_001139|,8151,G,GA,78,82,95.12%,1.4598E-42
D4-lineage-D1,ref|NC_001139|,9807,TA,T,10,118,8.47%,7.9475E-4
D4-lineage-D1,ref|NC_001139|,14846,G,GA,6,57,10.53%,1.3607E-2
D4-lineage-D1,ref|NC_001139|,43266,CA,C,11,82,13.41%,3.3953E-4
D4-lineage-D1,ref|NC_001139|,45353,GA,G,8,73,10.96%,3.1077E-3
D4-lineage-D1,ref|NC_001139|,46077,T,C,6,69,8.7%,1.3952E-2
D4-lineage-D1,ref|NC_001139|,49415,CT,C,6,110,5.45%,1.452E-2
D4-lineage-D1,ref|NC_001139|,76709,GA,G,7,95,7.37%,6.9019E-3
D4-lineage-D1,ref|NC_001139|,77930,AT,A,7,78,8.97%,6.7486E-3
D4-lineage-D1,ref|NC_001139|,80602,TA,T,7,34,20.59%,5.0143E-3
D4-lineage-D1,ref|NC_001139|,84763,CT,C,7,100,7%,6.9587E-3
D4-lineage-D1,ref|NC_001139|,87891,AT,A,5,91,5.49%,2.95E-2
D4-lineage-D1,ref|NC_001139|,92431,TA,T,7,119,5.88%,7.1177E-3
D4-lineage-D1,ref|NC_001139|,94684,AT,A,6,115,5.22%,1.4615E-2
D4-lineage-D1,ref|NC_001139|,102487,T,TA,11,97,11.34%,3.5014E-4
D4-lineage-D1,ref|NC_001139|,124375,GA,G,5,83,6.02%,2.9254E-2
D4-lineage-D1,ref|NC_001139|,147855,C,CA,5,91,5.49%,2.95E-2
D4-lineage-D1,ref|NC_001139|,149631,CA,C,6,101,5.94%,1.4405E-2
D4-lineage-D1,ref|NC_001139|,154579,TA,T,8,55,14.55%,2.7573E-3
D4-lineage-D1,ref|NC_001139|,156115,GTA,G,6,42,14.29%,1.2773E-2
D4-lineage-D1,ref|NC_001139|,167250,C,CA,8,54,14.81%,2.9037E-3
D4-lineage-D1,ref|NC_001139|,167622,C,CA,13,86,15.12%,6.5501E-5
D4-lineage-D1,ref|NC_001139|,196620,A,AT,5,88,5.68%,2.9417E-2
D4-lineage-D1,ref|NC_001139|,206499,GA,G,5,88,5.68%,2.948E-2
D4-lineage-D1,ref|NC_001139|,206617,A,AT,7,95,7.37%,6.9406E-3
D4-lineage-D1,ref|NC_001139|,272291,GAT,G,7,77,9.09%,6.7056E-3
D4-lineage-D1,ref|NC_001139|,274400,AT,A,9,111,8.11%,1.6245E-3
D4-lineage-D1,ref|NC_001139|,274698,CTA,C,7,64,10.94%,6.5529E-3
D4-lineage-D1,ref|NC_001139|,278779,CT,C,12,83,14.46%,1.2806E-4
D4-lineage-D1,ref|NC_001139|,281605,A,AT,13,94,13.83%,6.859E-5
D4-lineage-D1,ref|NC_001139|,307179,C,CAT,8,65,12.31%,3.045E-3
D4-lineage-D1,ref|NC_001139|,307425,T,C,6,75,8%,1.4084E-2
D4-lineage-D1,ref|NC_001139|,311589,C,A,83,83,100%,1.729E-49
D4-lineage-D1,ref|NC_001139|,321487,CAT,C,8,86,9.3%,3.2735E-3
D4-lineage-D1,ref|NC_001139|,323361,AT,A,13,64,20.31%,4.8866E-5
D4-lineage-D1,ref|NC_001139|,326269,CA,C,9,61,14.75%,1.4138E-3
D4-lineage-D1,ref|NC_001139|,349503,C,CA,7,93,7.53%,6.9119E-3
D4-lineage-D1,ref|NC_001139|,366778,TA,T,7,72,9.72%,6.5719E-3
D4-lineage-D1,ref|NC_001139|,371569,G,A,134,134,100%,4.3301E-80
D4-lineage-D1,ref|NC_001139|,384785,T,C,5,77,6.49%,2.9228E-2
D4-lineage-D1,ref|NC_001139|,384786,G,A,5,77,6.49%,2.9228E-2
D4-lineage-D1,ref|NC_001139|,386978,C,G,113,113,100%,1.7491E-67
D4-lineage-D1,ref|NC_001139|,386979,G,C,115,115,100%,1.1028E-68
D4-lineage-D1,ref|NC_001139|,395930,TA,T,7,111,6.31%,7.0672E-3
D4-lineage-D1,ref|NC_001139|,397834,GA,G,24,71,33.8%,5.5097E-10
D4-lineage-D1,ref|NC_001139|,400221,TA,T,6,85,7.06%,1.4197E-2
D4-lineage-D1,ref|NC_001139|,400450,A,AT,5,80,6.25%,2.9279E-2
D4-lineage-D1,ref|NC_001139|,400550,G,GT,20,71,28.17%,1.1494E-7
D4-lineage-D1,ref|NC_001139|,401674,C,A,60,60,100%,1.035E-35
D4-lineage-D1,ref|NC_001139|,401698,T,A,62,62,100%,6.5755E-37
D4-lineage-D1,ref|NC_001139|,404474,A,AG,53,57,92.98%,3.3697E-28
D4-lineage-D1,ref|NC_001139|,404522,T,TG,69,74,93.24%,9.647E-37
D4-lineage-D1,ref|NC_001139|,404935,C,G,75,75,100%,1.0773E-44
D4-lineage-D1,ref|NC_001139|,404936,G,C,75,75,100%,1.0773E-44
D4-lineage-D1,ref|NC_001139|,405085,CG,C,97,101,96.04%,1.3264E-53
D4-lineage-D1,ref|NC_001139|,409806,C,CT,6,95,6.32%,1.4338E-2
D4-lineage-D1,ref|NC_001139|,413966,G,GA,6,108,5.56%,1.4509E-2
D4-lineage-D1,ref|NC_001139|,438696,C,CA,9,88,10.23%,1.5539E-3
D4-lineage-D1,ref|NC_001139|,440441,C,CA,8,90,8.89%,3.2661E-3
D4-lineage-D1,ref|NC_001139|,456520,T,A,6,99,6.06%,1.4454E-2
D4-lineage-D1,ref|NC_001139|,459753,G,GT,6,98,6.12%,1.4392E-2
D4-lineage-D1,ref|NC_001139|,464993,A,AT,6,118,5.08%,1.4615E-2
D4-lineage-D1,ref|NC_001139|,465811,GT,G,9,102,8.82%,1.5981E-3
D4-lineage-D1,ref|NC_001139|,469037,GA,G,6,83,7.23%,1.4142E-2
D4-lineage-D1,ref|NC_001139|,473685,T,A,6,117,5.13%,1.4632E-2
D4-lineage-D1,ref|NC_001139|,476582,C,A,5,100,5%,2.9692E-2
D4-lineage-D1,ref|NC_001139|,483131,TA,T,10,95,10.53%,7.4758E-4
D4-lineage-D1,ref|NC_001139|,484095,CT,C,10,80,12.5%,6.9515E-4
D4-lineage-D1,ref|NC_001139|,485884,T,TA,6,81,7.41%,1.4104E-2
D4-lineage-D1,ref|NC_001139|,493498,A,G,5,98,5.1%,2.966E-2
D4-lineage-D1,ref|NC_001139|,496729,T,TA,66,88,75%,6.5155E-31
D4-lineage-D1,ref|NC_001139|,502764,C,CT,9,104,8.65%,1.6245E-3
D4-lineage-D1,ref|NC_001139|,523519,GT,G,5,63,7.94%,2.8569E-2
D4-lineage-D1,ref|NC_001139|,527468,A,AT,7,92,7.61%,6.9019E-3
D4-lineage-D1,ref|NC_001139|,530016,A,C,7,37,18.92%,5.721E-3
D4-lineage-D1,ref|NC_001139|,530034,A,C,13,24,54.17%,1.2938E-5
D4-lineage-D1,ref|NC_001139|,531844,C,CAT,6,47,12.77%,1.3082E-2
D4-lineage-D1,ref|NC_001139|,533996,C,CT,6,119,5.04%,1.464E-2
D4-lineage-D1,ref|NC_001139|,555212,CT,C,7,93,7.53%,6.9119E-3
D4-lineage-D1,ref|NC_001139|,576672,G,GT,6,119,5.04%,1.4588E-2
D4-lineage-D1,ref|NC_001139|,582530,T,TA,10,84,11.9%,6.8782E-4
D4-lineage-D1,ref|NC_001139|,598999,G,GA,15,97,15.46%,1.6292E-5
D4-lineage-D1,ref|NC_001139|,600070,C,G,7,65,10.77%,6.5904E-3
D4-lineage-D1,ref|NC_001139|,609109,T,TA,8,86,9.3%,3.2347E-3
D4-lineage-D1,ref|NC_001139|,610237,A,AT,7,96,7.29%,6.9587E-3
D4-lineage-D1,ref|NC_001139|,611510,CA,C,6,92,6.52%,1.4294E-2
D4-lineage-D1,ref|NC_001139|,611579,CT,C,5,100,5%,2.966E-2
D4-lineage-D1,ref|NC_001139|,611744,CAT,C,9,73,12.33%,1.4519E-3
D4-lineage-D1,ref|NC_001139|,616171,A,AT,19,94,20.21%,5.2766E-7
D4-lineage-D1,ref|NC_001139|,617452,TA,T,8,102,7.92%,3.3561E-3
D4-lineage-D1,ref|NC_001139|,623371,CA,C,7,127,5.51%,7.1769E-3
D4-lineage-D1,ref|NC_001139|,627186,CT,C,8,60,13.33%,2.8033E-3
D4-lineage-D1,ref|NC_001139|,637679,A,AT,6,84,7.14%,1.4161E-2
D4-lineage-D1,ref|NC_001139|,639673,G,GA,12,76,15.79%,1.3705E-4
D4-lineage-D1,ref|NC_001139|,640617,CT,C,8,51,15.69%,2.4562E-3
D4-lineage-D1,ref|NC_001139|,646945,G,GA,5,100,5%,2.966E-2
D4-lineage-D1,ref|NC_001139|,649555,GT,G,13,90,14.44%,7.0836E-5
D4-lineage-D1,ref|NC_001139|,650957,GA,G,11,111,9.91%,3.685E-4
D4-lineage-D1,ref|NC_001139|,653228,C,CT,12,83,14.46%,1.5045E-4
D4-lineage-D1,ref|NC_001139|,676341,A,AT,15,89,16.85%,1.5244E-5
D4-lineage-D1,ref|NC_001139|,678070,CT,C,11,93,11.83%,3.3788E-4
D4-lineage-D1,ref|NC_001139|,700000,AT,A,16,69,23.19%,4.1444E-6
D4-lineage-D1,ref|NC_001139|,702711,A,AT,9,82,10.98%,1.5399E-3
D4-lineage-D1,ref|NC_001139|,706852,C,CA,6,84,7.14%,1.4197E-2
D4-lineage-D1,ref|NC_001139|,707041,C,CA,8,100,8%,3.3561E-3
D4-lineage-D1,ref|NC_001139|,707064,C,CA,6,89,6.74%,1.4279E-2
D4-lineage-D1,ref|NC_001139|,715716,GA,G,8,78,10.26%,3.1618E-3
D4-lineage-D1,ref|NC_001139|,733109,AT,A,24,86,27.91%,5.0344E-9
D4-lineage-D1,ref|NC_001139|,736553,TA,T,8,97,8.25%,3.2878E-3
D4-lineage-D1,ref|NC_001139|,739619,A,T,5,84,5.95%,2.9396E-2
D4-lineage-D1,ref|NC_001139|,739622,A,T,5,84,5.95%,2.9373E-2
D4-lineage-D1,ref|NC_001139|,742157,CT,C,14,87,16.09%,3.1607E-5
D4-lineage-D1,ref|NC_001139|,746575,CT,C,5,56,8.93%,2.7465E-2
D4-lineage-D1,ref|NC_001139|,765774,GA,G,8,112,7.14%,3.4063E-3
D4-lineage-D1,ref|NC_001139|,774308,C,G,5,64,7.81%,2.878E-2
D4-lineage-D1,ref|NC_001139|,784113,G,GT,8,104,7.69%,3.3669E-3
D4-lineage-D1,ref|NC_001139|,793382,T,A,5,96,5.21%,2.9627E-2
D4-lineage-D1,ref|NC_001139|,807865,CA,C,15,74,20.27%,9.6403E-6
D4-lineage-D1,ref|NC_001139|,808386,CTA,C,5,61,8.2%,2.8473E-2
D4-lineage-D1,ref|NC_001139|,823795,AT,A,5,80,6.25%,2.9228E-2
D4-lineage-D1,ref|NC_001139|,836852,GA,G,7,87,8.05%,6.8253E-3
D4-lineage-D1,ref|NC_001139|,839827,T,A,5,98,5.1%,2.966E-2
D4-lineage-D1,ref|NC_001139|,840600,G,GA,8,97,8.25%,3.2947E-3
D4-lineage-D1,ref|NC_001139|,848540,GA,G,5,56,8.93%,2.8079E-2
D4-lineage-D1,ref|NC_001139|,850800,GA,G,5,96,5.21%,2.9538E-2
D4-lineage-D1,ref|NC_001139|,856430,C,CA,9,81,11.11%,1.5142E-3
D4-lineage-D1,ref|NC_001139|,871561,G,GA,12,87,13.79%,1.5552E-4
D4-lineage-D1,ref|NC_001139|,872555,G,A,8,84,9.52%,3.2735E-3
D4-lineage-D1,ref|NC_001139|,878684,G,GA,13,150,8.67%,9.1579E-5
D4-lineage-D1,ref|NC_001139|,880142,G,GA,7,108,6.48%,7.0672E-3
D4-lineage-D1,ref|NC_001139|,887326,T,TA,6,105,5.71%,1.452E-2
D4-lineage-D1,ref|NC_001139|,899782,T,TA,7,107,6.54%,7.0318E-3
D4-lineage-D1,ref|NC_001139|,910112,C,CT,16,63,25.4%,4.0256E-6
D4-lineage-D1,ref|NC_001139|,912152,C,A,6,110,5.45%,1.457E-2
D4-lineage-D1,ref|NC_001139|,914928,GA,G,9,80,11.25%,1.535E-3
D4-lineage-D1,ref|NC_001139|,920914,G,GA,5,84,5.95%,2.9373E-2
D4-lineage-D1,ref|NC_001139|,922495,G,GA,5,77,6.49%,2.9228E-2
D4-lineage-D1,ref|NC_001139|,938050,C,G,5,54,9.26%,2.8371E-2
D4-lineage-D1,ref|NC_001139|,949251,CTA,C,5,62,8.06%,2.8569E-2
D4-lineage-D1,ref|NC_001139|,951619,A,T,5,93,5.38%,2.9575E-2
D4-lineage-D1,ref|NC_001139|,967734,T,G,6,92,6.52%,1.4365E-2
D4-lineage-D1,ref|NC_001139|,968722,AT,A,5,84,5.95%,2.9351E-2
D4-lineage-D1,ref|NC_001139|,968891,C,CT,16,97,16.49%,7.3492E-6
D4-lineage-D1,ref|NC_001139|,974302,G,GA,5,91,5.49%,2.95E-2
D4-lineage-D1,ref|NC_001139|,977899,T,TA,5,60,8.33%,2.8614E-2
D4-lineage-D1,ref|NC_001139|,982259,GA,G,12,142,8.45%,1.8835E-4
D4-lineage-D1,ref|NC_001139|,985722,A,AT,16,85,18.82%,5.333E-6
D4-lineage-D1,ref|NC_001139|,987105,G,GT,6,96,6.25%,1.4365E-2
D4-lineage-D1,ref|NC_001139|,989675,A,AT,13,95,13.68%,7.4354E-5
D4-lineage-D1,ref|NC_001139|,990314,GA,G,5,87,5.75%,2.9327E-2
D4-lineage-D1,ref|NC_001139|,999559,TA,T,7,79,8.86%,6.7056E-3
D4-lineage-D1,ref|NC_001139|,1002673,A,G,100,100,100%,1.1044E-59
D4-lineage-D1,ref|NC_001139|,1004507,AAT,A,13,99,13.13%,7.7839E-5
D4-lineage-D1,ref|NC_001139|,1006277,G,C,79,80,98.75%,8.8E-46
D4-lineage-D1,ref|NC_001139|,1006278,C,G,79,80,98.75%,8.8E-46
D4-lineage-D1,ref|NC_001139|,1006279,G,C,79,80,98.75%,4.3185E-47
D4-lineage-D1,ref|NC_001139|,1010897,C,CT,9,68,13.24%,1.4219E-3
D4-lineage-D1,ref|NC_001139|,1011080,G,GA,10,83,12.05%,7.1814E-4
D4-lineage-D1,ref|NC_001139|,1021962,CT,C,9,86,10.47%,1.535E-3
D4-lineage-D1,ref|NC_001139|,1024876,GA,G,9,104,8.65%,1.6183E-3
D4-lineage-D1,ref|NC_001139|,1027739,G,A,5,47,10.64%,2.7945E-2
D4-lineage-D1,ref|NC_001139|,1038225,C,CT,7,88,7.95%,6.8706E-3
D4-lineage-D1,ref|NC_001139|,1043766,CAT,C,9,56,16.07%,1.2935E-3
D4-lineage-D1,ref|NC_001139|,1048639,G,GA,9,90,10%,1.5493E-3
D4-lineage-D1,ref|NC_001139|,1051832,CT,C,6,79,7.59%,1.4064E-2
D4-lineage-D1,ref|NC_001139|,1054988,G,A,122,138,88.41%,1.3685E-61
D4-lineage-D1,ref|NC_001139|,1063282,G,GA,6,105,5.71%,1.4509E-2
D4-lineage-D1,ref|NC_001139|,1073937,C,CA,12,89,13.48%,1.5552E-4
D4-lineage-D1,ref|NC_001139|,1080730,CT,C,7,97,7.22%,6.9675E-3
D4-lineage-D1,ref|NC_001139|,1081039,AT,A,10,75,13.33%,6.7197E-4
D4-lineage-D1,ref|NC_001140|,93,TA,T,19,29,65.52%,1.2089E-8
D4-lineage-D1,ref|NC_001140|,1846,A,G,23,79,29.11%,1.8267E-8
D4-lineage-D1,ref|NC_001140|,11853,C,CA,5,92,5.43%,2.9519E-2
D4-lineage-D1,ref|NC_001140|,17534,A,AT,80,99,80.81%,5.1753E-38
D4-lineage-D1,ref|NC_001140|,36134,C,CT,7,124,5.65%,7.1566E-3
D4-lineage-D1,ref|NC_001140|,36227,GA,G,8,101,7.92%,3.3505E-3
D4-lineage-D1,ref|NC_001140|,38647,C,CT,8,92,8.7%,3.3208E-3
D4-lineage-D1,ref|NC_001140|,48099,GA,G,10,106,9.43%,7.7103E-4
D4-lineage-D1,ref|NC_001140|,50980,C,CT,5,96,5.21%,2.9538E-2
D4-lineage-D1,ref|NC_001140|,54231,TG,T,5,90,5.56%,2.9519E-2
D4-lineage-D1,ref|NC_001140|,56206,G,GA,7,114,6.14%,7.0672E-3
D4-lineage-D1,ref|NC_001140|,58900,C,CT,6,88,6.82%,1.4197E-2
D4-lineage-D1,ref|NC_001140|,62601,C,CT,5,95,5.26%,2.9575E-2
D4-lineage-D1,ref|NC_001140|,62699,A,T,5,100,5%,2.9676E-2
D4-lineage-D1,ref|NC_001140|,63926,C,CT,12,75,16%,1.4358E-4
D4-lineage-D1,ref|NC_001140|,67613,G,GA,6,109,5.5%,1.453E-2
D4-lineage-D1,ref|NC_001140|,71906,C,CT,14,105,13.33%,3.5772E-5
D4-lineage-D1,ref|NC_001140|,75976,AAT,A,7,77,9.09%,6.659E-3
D4-lineage-D1,ref|NC_001140|,81858,CA,C,7,58,12.07%,5.9563E-3
D4-lineage-D1,ref|NC_001140|,85273,G,GA,6,97,6.19%,1.4379E-2
D4-lineage-D1,ref|NC_001140|,85508,TTA,T,81,84,96.43%,4.609E-45
D4-lineage-D1,ref|NC_001140|,85807,T,A,5,79,6.33%,2.9279E-2
D4-lineage-D1,ref|NC_001140|,94715,A,AT,5,92,5.43%,2.9519E-2
D4-lineage-D1,ref|NC_001140|,100505,A,AT,5,68,7.35%,2.8819E-2
D4-lineage-D1,ref|NC_001140|,106724,GC,G,5,97,5.15%,2.9644E-2
D4-lineage-D1,ref|NC_001140|,108217,A,AT,5,91,5.49%,2.95E-2
D4-lineage-D1,ref|NC_001140|,111530,CTA,C,5,72,6.94%,2.878E-2
D4-lineage-D1,ref|NC_001140|,115390,AT,A,12,99,12.12%,1.7068E-4
D4-lineage-D1,ref|NC_001140|,116904,G,GT,6,97,6.19%,1.4417E-2
D4-lineage-D1,ref|NC_001140|,120062,GT,G,6,87,6.9%,1.4161E-2
D4-lineage-D1,ref|NC_001140|,122057,G,GA,7,72,9.72%,6.659E-3
D4-lineage-D1,ref|NC_001140|,125832,GA,G,17,86,19.77%,2.2923E-6
D4-lineage-D1,ref|NC_001140|,126150,G,GT,5,58,8.62%,2.8317E-2
D4-lineage-D1,ref|NC_001140|,141525,C,CT,6,93,6.45%,1.4324E-2
D4-lineage-D1,ref|NC_001140|,150670,C,CA,6,69,8.7%,1.3877E-2
D4-lineage-D1,ref|NC_001140|,167627,C,CAT,6,54,11.11%,1.3458E-2
D4-lineage-D1,ref|NC_001140|,168456,C,G,13,70,18.57%,6.6146E-5
D4-lineage-D1,ref|NC_001140|,173119,GA,G,6,86,6.98%,1.4231E-2
D4-lineage-D1,ref|NC_001140|,176845,TA,T,5,74,6.76%,2.8961E-2
D4-lineage-D1,ref|NC_001140|,187029,GA,G,15,72,20.83%,9.3931E-6
D4-lineage-D1,ref|NC_001140|,192694,CA,C,9,96,9.38%,1.5712E-3
D4-lineage-D1,ref|NC_001140|,193544,A,AT,6,89,6.74%,1.4279E-2
D4-lineage-D1,ref|NC_001140|,194887,G,A,5,77,6.49%,2.9228E-2
D4-lineage-D1,ref|NC_001140|,210269,A,AT,7,69,10.14%,6.659E-3
D4-lineage-D1,ref|NC_001140|,212113,A,T,5,99,5.05%,2.9676E-2
D4-lineage-D1,ref|NC_001140|,214256,CT,C,78,797,9.79%,3.5055E-25
D4-lineage-D1,ref|NC_001140|,216123,C,T,59,59,100%,4.1056E-35
D4-lineage-D1,ref|NC_001140|,229199,GA,G,18,77,23.38%,6.1577E-7
D4-lineage-D1,ref|NC_001140|,233314,GA,G,7,112,6.25%,7.0805E-3
D4-lineage-D1,ref|NC_001140|,234753,AT,A,6,97,6.19%,1.4379E-2
D4-lineage-D1,ref|NC_001140|,237735,CT,C,6,66,9.09%,1.3607E-2
D4-lineage-D1,ref|NC_001140|,255909,G,GA,9,91,9.89%,1.5583E-3
D4-lineage-D1,ref|NC_001140|,262100,C,CT,8,111,7.21%,3.4017E-3
D4-lineage-D1,ref|NC_001140|,276435,CA,C,8,92,8.7%,3.2947E-3
D4-lineage-D1,ref|NC_001140|,282569,CT,C,14,98,14.29%,3.5995E-5
D4-lineage-D1,ref|NC_001140|,282652,GT,G,7,77,9.09%,6.7346E-3
D4-lineage-D1,ref|NC_001140|,289517,CA,C,5,80,6.25%,2.9303E-2
D4-lineage-D1,ref|NC_001140|,293075,GA,G,6,82,7.32%,1.4179E-2
D4-lineage-D1,ref|NC_001140|,293272,TA,T,5,48,10.42%,2.764E-2
D4-lineage-D1,ref|NC_001140|,298814,CT,C,12,97,12.37%,1.6648E-4
D4-lineage-D1,ref|NC_001140|,340058,TTA,T,12,52,23.08%,1.0942E-4
D4-lineage-D1,ref|NC_001140|,360784,GA,G,5,83,6.02%,2.9327E-2
D4-lineage-D1,ref|NC_001140|,361011,G,GA,5,92,5.43%,2.9538E-2
D4-lineage-D1,ref|NC_001140|,368026,CT,C,9,97,9.28%,1.5832E-3
D4-lineage-D1,ref|NC_001140|,370543,AAT,A,14,68,20.59%,2.8637E-5
D4-lineage-D1,ref|NC_001140|,375509,T,TA,8,92,8.7%,3.308E-3
D4-lineage-D1,ref|NC_001140|,384944,G,GA,9,119,7.56%,1.6601E-3
D4-lineage-D1,ref|NC_001140|,387090,AT,A,14,115,12.17%,3.6641E-5
D4-lineage-D1,ref|NC_001140|,395041,TGAG,T,6,86,6.98%,1.4279E-2
D4-lineage-D1,ref|NC_001140|,396744,G,A,10,57,17.54%,6.345E-4
D4-lineage-D1,ref|NC_001140|,396945,GA,G,29,75,38.67%,2.4857E-11
D4-lineage-D1,ref|NC_001140|,401851,G,A,6,103,5.83%,1.4499E-2
D4-lineage-D1,ref|NC_001140|,401952,CT,C,6,101,5.94%,1.4477E-2
D4-lineage-D1,ref|NC_001140|,411446,AT,A,5,82,6.1%,2.9351E-2
D4-lineage-D1,ref|NC_001140|,417054,G,A,80,80,100%,1.0864E-47
D4-lineage-D1,ref|NC_001140|,445379,C,A,5,76,6.58%,2.9201E-2
D4-lineage-D1,ref|NC_001140|,456259,GA,G,6,91,6.59%,1.4338E-2
D4-lineage-D1,ref|NC_001140|,459034,T,C,17,92,18.48%,3.383E-6
D4-lineage-D1,ref|NC_001140|,467921,CT,C,5,72,6.94%,2.9088E-2
D4-lineage-D1,ref|NC_001140|,472770,TG,T,7,110,6.36%,7.0805E-3
D4-lineage-D1,ref|NC_001140|,475549,CA,C,9,64,14.06%,1.3968E-3
D4-lineage-D1,ref|NC_001140|,475931,TTA,T,46,60,76.67%,2.5568E-23
D4-lineage-D1,ref|NC_001140|,496054,TA,T,5,99,5.05%,2.966E-2
D4-lineage-D1,ref|NC_001140|,508800,CA,C,5,66,7.58%,2.8473E-2
D4-lineage-D1,ref|NC_001140|,511255,C,T,122,122,100%,6.9324E-73
D4-lineage-D1,ref|NC_001140|,512211,G,GA,13,79,16.46%,5.818E-5
D4-lineage-D1,ref|NC_001140|,514829,CTA,C,9,56,16.07%,1.2811E-3
D4-lineage-D1,ref|NC_001140|,517407,G,GA,7,101,6.93%,6.9928E-3
D4-lineage-D1,ref|NC_001140|,518745,C,CA,11,99,11.11%,3.6409E-4
D4-lineage-D1,ref|NC_001140|,519048,C,CA,6,88,6.82%,1.4263E-2
D4-lineage-D1,ref|NC_001140|,522934,CT,C,6,84,7.14%,1.4124E-2
D4-lineage-D1,ref|NC_001140|,528882,AT,A,7,76,9.21%,6.675E-3
D4-lineage-D1,ref|NC_001140|,529276,A,T,6,105,5.71%,1.452E-2
D4-lineage-D1,ref|NC_001140|,529350,CA,C,12,99,12.12%,1.6648E-4
D4-lineage-D1,ref|NC_001140|,551717,TA,T,7,63,11.11%,6.4016E-3
D4-lineage-D1,ref|NC_001140|,554072,T,TA,12,97,12.37%,1.5831E-4
D4-lineage-D1,ref|NC_001140|,556852,T,TG,5,66,7.58%,2.8892E-2
D4-lineage-D1,ref|NC_001140|,556949,T,TG,6,106,5.66%,1.453E-2
D4-lineage-D1,ref|NC_001140|,556967,G,GT,11,124,8.87%,3.8732E-4
D4-lineage-D1,ref|NC_001140|,562225,T,C,16,167,9.58%,1.0467E-5
D4-lineage-D1,ref|NC_001140|,562354,C,T,11,183,6.01%,4.1828E-4
D4-lineage-D1,ref|NC_001140|,562374,G,A,32,177,18.08%,4.9893E-11
D4-lineage-D1,ref|NC_001140|,562385,AT,A,36,176,20.45%,1.8045E-12
D4-lineage-D1,ref|NC_001140|,562440,A,G,31,180,17.22%,1.1332E-10
D4-lineage-D1,ref|NC_001140|,562443,A,G,31,180,17.22%,1.1332E-10
D4-lineage-D1,ref|NC_001140|,562474,G,GGT,11,159,6.92%,4.0216E-4
D4-lineage-D1,ref|NC_001140|,562484,T,TG,25,140,18.25%,8.8506E-9
D4-lineage-D1,ref|NC_001140|,562485,GT,G,14,123,11.67%,4.0537E-5
D4-lineage-D1,ref|NC_001140|,562486,T,G,25,149,18.8%,8.4976E-9
D4-lineage-D1,ref|NC_001140|,562498,GT,G,25,161,15.53%,1.0785E-8
D4-lineage-D1,ref|NC_001140|,562509,TG,T,14,156,8.97%,4.4221E-5
D4-lineage-D1,ref|NC_001140|,562511,G,GT,9,134,6.72%,1.6907E-3
D4-lineage-D1,ref|NC_001140|,562515,TG,T,12,143,8.45%,1.9161E-4
D4-lineage-D1,ref|NC_001140|,562527,T,TG,13,151,8.61%,9.1962E-5
D4-lineage-D1,ref|NC_001140|,562539,GGT,G,12,147,8.16%,1.9195E-4
D4-lineage-D1,ref|NC_001140|,562540,GT,G,7,126,5.65%,7.1618E-3
D4-lineage-D1,ref|NC_001140|,562552,GGT,G,23,116,20%,3.4298E-8
D4-lineage-D1,ref|NC_001140|,562553,GT,G,9,89,10.47%,1.567E-3
D4-lineage-D1,ref|NC_001140|,562558,TG,T,6,91,6.59%,1.4309E-2
D4-lineage-D1,ref|NC_001140|,562559,GGGTGT,G,15,90,16.85%,1.6043E-5
D4-lineage-D1,ref|NC_001140|,562564,TG,T,6,101,6%,1.4392E-2
D4-lineage-D1,ref|NC_001140|,562565,G,GGT,9,83,10.84%,1.5493E-3
D4-lineage-D1,ref|NC_001140|,562575,T,TG,24,87,27.59%,9.4531E-9
D4-lineage-D1,ref|NC_001140|,562576,G,GGT,7,65,10.77%,6.5719E-3
D4-lineage-D1,ref|NC_001140|,562582,GT,G,9,45,20%,1.2408E-3
D4-lineage-D1,ref|NC_001140|,562589,GGT,G,11,50,22.45%,2.5227E-4
D4-lineage-D1,ref|NC_001140|,562600,G,GT,5,70,7.14%,2.9026E-2
D4-lineage-D1,ref|NC_001140|,562601,T,TG,15,65,23.08%,1.1869E-5
D4-lineage-D1,ref|NC_001140|,562606,TG,T,6,48,12.77%,1.2905E-2
D4-lineage-D1,ref|NC_001140|,562608,GT,G,8,28,29.63%,2.1337E-3
D4-lineage-D1,ref|NC_001140|,562619,T,TG,9,49,18.37%,1.2682E-3
D4-lineage-D1,ref|NC_001141|,22273,T,TC,21,26,80.77%,3.4262E-10
D4-lineage-D1,ref|NC_001141|,23082,TG,T,14,18,77.78%,8.0605E-7
D4-lineage-D1,ref|NC_001141|,23282,TC,T,10,10,100%,5.4125E-6
D4-lineage-D1,ref|NC_001141|,25418,T,C,32,144,22.22%,3.3505E-11
D4-lineage-D1,ref|NC_001141|,25586,T,C,76,191,39.79%,1.1004E-27
D4-lineage-D1,ref|NC_001141|,25593,C,T,64,182,35.16%,6.2865E-23
D4-lineage-D1,ref|NC_001141|,25594,T,A,66,170,38.82%,3.985E-24
D4-lineage-D1,ref|NC_001141|,36131,TA,T,7,99,7.07%,6.9406E-3
D4-lineage-D1,ref|NC_001141|,37201,CT,C,9,99,9.09%,1.587E-3
D4-lineage-D1,ref|NC_001141|,39373,T,TA,82,93,88.17%,1.4789E-41
D4-lineage-D1,ref|NC_001141|,45874,T,C,9,78,11.54%,1.5299E-3
D4-lineage-D1,ref|NC_001141|,45875,G,A,5,75,6.67%,2.9174E-2
D4-lineage-D1,ref|NC_001141|,51552,CT,C,5,90,5.56%,2.9439E-2
D4-lineage-D1,ref|NC_001141|,57277,C,CA,32,57,56.14%,7.5916E-14
D4-lineage-D1,ref|NC_001141|,69689,G,GT,12,79,15.19%,1.5255E-4
D4-lineage-D1,ref|NC_001141|,97282,G,GA,6,103,5.83%,1.4488E-2
D4-lineage-D1,ref|NC_001141|,102536,CT,C,8,65,12.31%,3.0959E-3
D4-lineage-D1,ref|NC_001141|,104900,TC,T,5,83,6.02%,2.9373E-2
D4-lineage-D1,ref|NC_001141|,105433,A,AAAT,52,60,86.67%,7.651E-26
D4-lineage-D1,ref|NC_001141|,105767,GATA,G,8,68,11.76%,3.1077E-3
D4-lineage-D1,ref|NC_001141|,111457,AC,A,5,89,5.62%,2.95E-2
D4-lineage-D1,ref|NC_001141|,122089,G,GT,5,75,6.67%,2.9088E-2
D4-lineage-D1,ref|NC_001141|,127338,GT,G,5,86,5.81%,2.9303E-2
D4-lineage-D1,ref|NC_001141|,137906,GA,G,8,80,10%,3.2179E-3
D4-lineage-D1,ref|NC_001141|,142373,A,AT,10,94,10.64%,7.567E-4
D4-lineage-D1,ref|NC_001141|,144117,TTA,T,8,75,10.67%,3.1618E-3
D4-lineage-D1,ref|NC_001141|,144497,G,T,6,102,5.88%,1.4488E-2
D4-lineage-D1,ref|NC_001141|,149075,G,GA,6,70,8.57%,1.3952E-2
D4-lineage-D1,ref|NC_001141|,160362,G,GA,8,90,8.89%,3.3208E-3
D4-lineage-D1,ref|NC_001141|,160843,TA,T,12,87,13.79%,1.6093E-4
D4-lineage-D1,ref|NC_001141|,163245,AT,A,13,73,17.81%,5.818E-5
D4-lineage-D1,ref|NC_001141|,183251,CT,C,11,74,14.86%,3.1034E-4
D4-lineage-D1,ref|NC_001141|,187821,T,G,15,64,23.44%,1.2069E-5
D4-lineage-D1,ref|NC_001141|,187822,G,GA,6,79,7.59%,1.3928E-2
D4-lineage-D1,ref|NC_001141|,204781,TA,T,11,105,10.48%,3.5556E-4
D4-lineage-D1,ref|NC_001141|,232073,CT,C,5,97,5.15%,2.9644E-2
D4-lineage-D1,ref|NC_001141|,233034,C,CT,7,98,7.14%,6.9587E-3
D4-lineage-D1,ref|NC_001141|,241032,G,GA,22,64,34.38%,8.5409E-9
D4-lineage-D1,ref|NC_001141|,245962,CT,C,34,70,49.28%,2.3694E-14
D4-lineage-D1,ref|NC_001141|,249625,CT,C,13,106,12.26%,7.8634E-5
D4-lineage-D1,ref|NC_001141|,254003,TA,T,84,105,80%,1.4356E-39
D4-lineage-D1,ref|NC_001141|,257480,C,CA,6,113,5.31%,1.456E-2
D4-lineage-D1,ref|NC_001141|,259952,G,GA,6,86,6.98%,1.4279E-2
D4-lineage-D1,ref|NC_001141|,267870,TA,T,8,71,11.27%,3.0837E-3
D4-lineage-D1,ref|NC_001141|,287755,A,AT,7,94,7.45%,6.9119E-3
D4-lineage-D1,ref|NC_001141|,290193,GA,G,17,87,19.54%,2.9116E-6
D4-lineage-D1,ref|NC_001141|,310906,C,T,5,82,6.1%,2.9351E-2
D4-lineage-D1,ref|NC_001141|,314032,G,C,6,56,10.71%,1.3571E-2
D4-lineage-D1,ref|NC_001141|,318694,T,A,128,128,100%,1.7335E-76
D4-lineage-D1,ref|NC_001141|,330813,C,G,5,83,6.02%,2.9373E-2
D4-lineage-D1,ref|NC_001141|,338735,TTA,T,5,98,5.1%,2.966E-2
D4-lineage-D1,ref|NC_001141|,339225,C,CT,16,66,24.24%,4.1444E-6
D4-lineage-D1,ref|NC_001141|,342354,CT,C,5,88,5.68%,2.948E-2
D4-lineage-D1,ref|NC_001141|,363043,CTA,C,6,76,7.89%,1.3976E-2
D4-lineage-D1,ref|NC_001141|,363071,CT,C,12,81,14.81%,1.5151E-4
D4-lineage-D1,ref|NC_001141|,370195,AT,A,16,93,17.2%,6.7162E-6
D4-lineage-D1,ref|NC_001141|,374854,A,T,5,95,5.26%,2.961E-2
D4-lineage-D1,ref|NC_001141|,375747,A,T,6,65,9.23%,1.3851E-2
D4-lineage-D1,ref|NC_001141|,380935,G,GA,12,62,19.35%,1.2122E-4
D4-lineage-D1,ref|NC_001141|,384315,C,CA,8,84,9.52%,3.2429E-3
D4-lineage-D1,ref|NC_001141|,385640,A,AT,21,96,21.88%,1.1207E-7
D4-lineage-D1,ref|NC_001141|,387143,CA,C,5,51,9.8%,2.7169E-2
D4-lineage-D1,ref|NC_001141|,389257,GA,G,8,88,9.09%,3.2661E-3
D4-lineage-D1,ref|NC_001141|,399929,T,A,5,97,5.15%,2.9644E-2
D4-lineage-D1,ref|NC_001141|,418960,C,A,5,92,5.43%,2.9557E-2
D4-lineage-D1,ref|NC_001141|,419479,GTA,G,6,84,7.14%,1.4231E-2
D4-lineage-D1,ref|NC_001141|,427307,C,CT,8,96,8.33%,3.3448E-3
D4-lineage-D1,ref|NC_001141|,432527,A,T,7,130,5.38%,7.1913E-3
D4-lineage-D1,ref|NC_001141|,433264,AT,A,7,117,5.98%,7.074E-3
D4-lineage-D1,ref|NC_001142|,20309,A,T,5,100,5%,2.9692E-2
D4-lineage-D1,ref|NC_001142|,28946,CT,C,8,91,8.79%,3.3014E-3
D4-lineage-D1,ref|NC_001142|,33346,CT,C,6,83,7.23%,1.4142E-2
D4-lineage-D1,ref|NC_001142|,37825,GT,G,6,84,7.14%,1.4124E-2
D4-lineage-D1,ref|NC_001142|,59054,GA,G,11,105,10.48%,3.3447E-4
D4-lineage-D1,ref|NC_001142|,60682,GT,G,5,71,7.04%,2.8927E-2
D4-lineage-D1,ref|NC_001142|,75588,CT,C,8,65,12.31%,3.0712E-3
D4-lineage-D1,ref|NC_001142|,76562,GAT,G,16,94,17.02%,7.5412E-6
D4-lineage-D1,ref|NC_001142|,79972,AT,A,5,95,5.26%,2.9575E-2
D4-lineage-D1,ref|NC_001142|,85527,C,CT,5,99,5.05%,2.961E-2
D4-lineage-D1,ref|NC_001142|,94881,CT,C,7,87,8.05%,6.8485E-3
D4-lineage-D1,ref|NC_001142|,97478,G,A,86,86,100%,2.7498E-51
D4-lineage-D1,ref|NC_001142|,99519,A,AT,8,84,9.52%,3.2429E-3
D4-lineage-D1,ref|NC_001142|,104611,TA,T,13,73,17.81%,6.6146E-5
D4-lineage-D1,ref|NC_001142|,108673,A,T,5,98,5.1%,2.966E-2
D4-lineage-D1,ref|NC_001142|,109660,TA,T,5,99,5.05%,2.9627E-2
D4-lineage-D1,ref|NC_001142|,109915,G,GA,6,76,7.89%,1.4084E-2
D4-lineage-D1,ref|NC_001142|,113474,AT,A,11,95,11.58%,3.4872E-4
D4-lineage-D1,ref|NC_001142|,119710,C,CA,5,86,5.81%,2.9396E-2
D4-lineage-D1,ref|NC_001142|,134112,GA,G,14,73,19.18%,2.6327E-5
D4-lineage-D1,ref|NC_001142|,134179,G,GA,10,98,10.2%,7.5223E-4
D4-lineage-D1,ref|NC_001142|,135953,GA,G,5,98,5.1%,2.961E-2
D4-lineage-D1,ref|NC_001142|,136911,GA,G,16,83,19.28%,5.4307E-6
D4-lineage-D1,ref|NC_001142|,147243,C,T,108,108,100%,1.7511E-64
D4-lineage-D1,ref|NC_001142|,161835,TA,T,7,101,6.93%,6.9846E-3
D4-lineage-D1,ref|NC_001142|,177924,AAT,A,11,88,12.5%,3.4872E-4
D4-lineage-D1,ref|NC_001142|,191578,G,GA,10,102,9.8%,7.6512E-4
D4-lineage-D1,ref|NC_001142|,194384,G,A,5,100,5%,2.9692E-2
D4-lineage-D1,ref|NC_001142|,196083,CT,C,10,81,12.35%,7.1508E-4
D4-lineage-D1,ref|NC_001142|,196302,C,A,5,69,7.25%,2.8994E-2
D4-lineage-D1,ref|NC_001142|,199170,A,C,65,65,100%,1.0519E-38
D4-lineage-D1,ref|NC_001142|,200219,A,G,70,73,95.89%,1.0659E-41
D4-lineage-D1,ref|NC_001142|,203661,A,T,5,85,5.88%,2.9417E-2
D4-lineage-D1,ref|NC_001142|,203663,T,A,5,88,5.68%,2.948E-2
D4-lineage-D1,ref|NC_001142|,203665,A,T,5,87,5.75%,2.9459E-2
D4-lineage-D1,ref|NC_001142|,207747,GA,G,5,82,6.1%,2.9303E-2
D4-lineage-D1,ref|NC_001142|,215491,C,T,6,74,8.11%,1.4064E-2
D4-lineage-D1,ref|NC_001142|,217454,GA,G,11,88,12.5%,3.4727E-4
D4-lineage-D1,ref|NC_001142|,247164,CA,C,8,100,8%,3.3616E-3
D4-lineage-D1,ref|NC_001142|,265872,GT,G,13,82,15.85%,6.4842E-5
D4-lineage-D1,ref|NC_001142|,268747,AT,A,13,72,18.06%,5.8991E-5
D4-lineage-D1,ref|NC_001142|,278038,G,GA,6,101,5.94%,1.4417E-2
D4-lineage-D1,ref|NC_001142|,280770,CT,C,7,91,7.69%,6.8706E-3
D4-lineage-D1,ref|NC_001142|,289587,TA,T,14,73,19.18%,2.7518E-5
D4-lineage-D1,ref|NC_001142|,315657,GA,G,10,134,7.46%,8.1113E-4
D4-lineage-D1,ref|NC_001142|,317080,GTA,G,5,80,6.25%,2.9303E-2
D4-lineage-D1,ref|NC_001142|,318742,C,T,7,48,14.58%,6.1774E-3
D4-lineage-D1,ref|NC_001142|,319847,G,GA,6,73,8.22%,1.3928E-2
D4-lineage-D1,ref|NC_001142|,326023,A,G,5,92,5.43%,2.9557E-2
D4-lineage-D1,ref|NC_001142|,334404,T,A,6,100,6%,1.4465E-2
D4-lineage-D1,ref|NC_001142|,342348,AT,A,13,70,18.57%,5.473E-5
D4-lineage-D1,ref|NC_001142|,343288,T,C,5,85,5.88%,2.9417E-2
D4-lineage-D1,ref|NC_001142|,346687,G,A,6,109,5.5%,1.456E-2
D4-lineage-D1,ref|NC_001142|,358212,GT,G,16,81,19.75%,5.333E-6
D4-lineage-D1,ref|NC_001142|,359824,GA,G,7,93,7.53%,6.8813E-3
D4-lineage-D1,ref|NC_001142|,388260,CA,C,10,97,10.31%,7.3507E-4
D4-lineage-D1,ref|NC_001142|,392171,C,T,6,79,7.59%,1.4161E-2
D4-lineage-D1,ref|NC_001142|,393823,GA,G,15,73,20.55%,1.1029E-5
D4-lineage-D1,ref|NC_001142|,393857,T,C,5,65,7.69%,2.8856E-2
D4-lineage-D1,ref|NC_001142|,396952,C,CT,5,99,5.05%,2.9627E-2
D4-lineage-D1,ref|NC_001142|,419705,GA,G,9,110,8.18%,1.6392E-3
D4-lineage-D1,ref|NC_001142|,424172,GAT,G,15,91,16.48%,1.4357E-5
D4-lineage-D1,ref|NC_001142|,424906,CT,C,13,86,15.12%,6.2051E-5
D4-lineage-D1,ref|NC_001142|,436624,G,GT,8,68,11.76%,3.0583E-3
D4-lineage-D1,ref|NC_001142|,456066,GAT,G,9,60,15%,1.3694E-3
D4-lineage-D1,ref|NC_001142|,457903,CA,C,13,75,17.33%,5.818E-5
D4-lineage-D1,ref|NC_001142|,470130,GTAA,G,51,90,56.67%,1.282E-20
D4-lineage-D1,ref|NC_001142|,471047,GA,G,9,102,8.82%,1.587E-3
D4-lineage-D1,ref|NC_001142|,472080,AT,A,8,75,10.67%,3.1618E-3
D4-lineage-D1,ref|NC_001142|,478375,A,C,6,36,16.67%,1.2467E-2
D4-lineage-D1,ref|NC_001142|,478376,T,C,6,36,16.67%,1.2467E-2
D4-lineage-D1,ref|NC_001142|,490992,T,C,12,55,21.82%,1.2473E-4
D4-lineage-D1,ref|NC_001142|,497098,A,AAT,41,59,69.49%,3.8899E-19
D4-lineage-D1,ref|NC_001142|,497303,AAT,A,5,74,6.76%,2.9088E-2
D4-lineage-D1,ref|NC_001142|,523904,T,TA,7,64,10.94%,6.4484E-3
D4-lineage-D1,ref|NC_001142|,525702,GA,G,5,68,7.35%,2.8658E-2
D4-lineage-D1,ref|NC_001142|,525720,C,A,5,48,11.11%,2.7799E-2
D4-lineage-D1,ref|NC_001142|,525782,TA,T,6,41,14.63%,1.219E-2
D4-lineage-D1,ref|NC_001142|,538633,A,AT,7,102,6.86%,6.9846E-3
D4-lineage-D1,ref|NC_001142|,541133,C,T,6,86,6.98%,1.4279E-2
D4-lineage-D1,ref|NC_001142|,541137,G,GT,6,89,6.74%,1.4324E-2
D4-lineage-D1,ref|NC_001142|,550151,C,CT,8,84,9.52%,3.2429E-3
D4-lineage-D1,ref|NC_001142|,568755,TA,T,9,134,6.72%,1.6805E-3
D4-lineage-D1,ref|NC_001142|,570599,G,GT,5,71,7.04%,2.8892E-2
D4-lineage-D1,ref|NC_001142|,575252,G,GA,5,79,6.33%,2.9254E-2
D4-lineage-D1,ref|NC_001142|,580248,C,CT,13,81,16.05%,6.7394E-5
D4-lineage-D1,ref|NC_001142|,586417,C,CA,8,67,11.94%,3.0172E-3
D4-lineage-D1,ref|NC_001142|,620332,C,CA,7,117,5.98%,7.1118E-3
D4-lineage-D1,ref|NC_001142|,620581,C,CT,7,97,7.22%,6.9406E-3
D4-lineage-D1,ref|NC_001142|,636995,CA,C,5,88,5.68%,2.9373E-2
D4-lineage-D1,ref|NC_001142|,639198,CT,C,9,83,10.84%,1.4912E-3
D4-lineage-D1,ref|NC_001142|,639990,AAC,A,6,39,15.38%,1.2549E-2
D4-lineage-D1,ref|NC_001142|,640784,G,GA,73,91,80.22%,2.5502E-34
D4-lineage-D1,ref|NC_001142|,641890,TA,T,6,97,6.19%,1.4365E-2
D4-lineage-D1,ref|NC_001142|,663948,C,CT,7,89,7.87%,6.9019E-3
D4-lineage-D1,ref|NC_001142|,667224,GTA,G,9,75,12%,1.5086E-3
D4-lineage-D1,ref|NC_001142|,711974,TG,T,9,91,9.89%,1.587E-3
D4-lineage-D1,ref|NC_001142|,711982,T,A,9,93,9.68%,1.5945E-3
D4-lineage-D1,ref|NC_001142|,711988,A,AC,9,95,9.47%,1.6016E-3
D4-lineage-D1,ref|NC_001142|,715068,G,A,5,48,10.42%,2.8014E-2
D4-lineage-D1,ref|NC_001142|,715072,G,T,5,46,10.87%,2.7874E-2
D4-lineage-D1,ref|NC_001142|,715081,T,G,8,40,20%,2.653E-3
D4-lineage-D1,ref|NC_001142|,715087,A,G,7,37,18.92%,5.721E-3
D4-lineage-D1,ref|NC_001142|,715095,G,A,25,33,75.76%,1.3235E-11
D4-lineage-D1,ref|NC_001142|,715099,G,T,25,33,75.76%,1.3235E-11
D4-lineage-D1,ref|NC_001142|,715108,A,T,17,28,60.71%,2.1913E-7
D4-lineage-D1,ref|NC_001142|,715114,G,A,8,25,32%,2.0146E-3
D4-lineage-D1,ref|NC_001142|,715141,A,G,6,38,15.79%,1.2628E-2
D4-lineage-D1,ref|NC_001142|,717235,T,TA,10,110,9.09%,7.8191E-4
D4-lineage-D1,ref|NC_001142|,722536,A,AT,5,100,5%,2.966E-2
D4-lineage-D1,ref|NC_001142|,723486,T,C,5,97,5.15%,2.9644E-2
D4-lineage-D1,ref|NC_001142|,738075,G,T,62,191,32.46%,5.7251E-22
D4-lineage-D1,ref|NC_001142|,740238,T,C,25,25,100%,7.9107E-15
D4-lineage-D1,ref|NC_001142|,743850,C,G,39,39,100%,3.6742E-23
D4-lineage-D1,ref|NC_001142|,743851,G,C,39,39,100%,3.6742E-23
D4-lineage-D1,ref|NC_001142|,745710,GT,G,10,13,76.92%,5.3843E-5
D4-lineage-D1,ref|NC_001143|,457,C,CA,90,93,96.77%,2.4934E-50
D4-lineage-D1,ref|NC_001143|,8331,TA,T,8,97,8.25%,3.3331E-3
D4-lineage-D1,ref|NC_001143|,21664,C,CA,5,96,5.21%,2.9575E-2
D4-lineage-D1,ref|NC_001143|,22040,CA,C,7,61,11.48%,6.2693E-3
D4-lineage-D1,ref|NC_001143|,26591,CAT,C,7,55,12.73%,6.0738E-3
D4-lineage-D1,ref|NC_001143|,36588,CAT,C,5,58,8.62%,2.8142E-2
D4-lineage-D1,ref|NC_001143|,55320,ACCT,A,5,99,5.05%,2.9676E-2
D4-lineage-D1,ref|NC_001143|,67773,CT,C,16,71,22.54%,4.8192E-6
D4-lineage-D1,ref|NC_001143|,68454,G,GCC,115,116,99.14%,3.2397E-67
D4-lineage-D1,ref|NC_001143|,68468,T,TG,120,121,99.17%,3.3691E-70
D4-lineage-D1,ref|NC_001143|,78799,TTA,T,10,69,14.49%,6.4957E-4
D4-lineage-D1,ref|NC_001143|,80905,CT,C,7,82,8.54%,6.7884E-3
D4-lineage-D1,ref|NC_001143|,134467,AT,A,9,105,8.57%,1.6151E-3
D4-lineage-D1,ref|NC_001143|,136103,CAT,C,14,66,21.21%,2.6732E-5
D4-lineage-D1,ref|NC_001143|,155859,C,A,6,95,6.32%,1.4405E-2
D4-lineage-D1,ref|NC_001143|,155865,T,A,6,97,6.19%,1.443E-2
D4-lineage-D1,ref|NC_001143|,163579,T,A,6,105,5.71%,1.452E-2
D4-lineage-D1,ref|NC_001143|,164844,CTA,C,7,55,12.73%,6.2092E-3
D4-lineage-D1,ref|NC_001143|,179248,TTA,T,6,101,5.94%,1.4477E-2
D4-lineage-D1,ref|NC_001143|,196211,G,GA,13,85,15.29%,6.859E-5
D4-lineage-D1,ref|NC_001143|,198595,GTT,G,5,86,5.81%,2.9439E-2
D4-lineage-D1,ref|NC_001143|,208022,TA,T,8,64,12.5%,3.0837E-3
D4-lineage-D1,ref|NC_001143|,208908,ACTGCT,A,5,87,5.75%,2.9459E-2
D4-lineage-D1,ref|NC_001143|,214496,G,A,6,99,6.06%,1.4454E-2
D4-lineage-D1,ref|NC_001143|,217107,GA,G,13,104,12.5%,7.6161E-5
D4-lineage-D1,ref|NC_001143|,232203,C,CA,8,115,6.96%,3.4403E-3
D4-lineage-D1,ref|NC_001143|,242787,C,CT,7,82,8.54%,6.801E-3
D4-lineage-D1,ref|NC_001143|,246028,A,AT,6,107,5.61%,1.4499E-2
D4-lineage-D1,ref|NC_001143|,247955,A,AT,6,104,5.77%,1.4509E-2
D4-lineage-D1,ref|NC_001143|,266089,TA,T,10,93,10.75%,7.324E-4
D4-lineage-D1,ref|NC_001143|,274411,CA,C,8,73,10.96%,3.1618E-3
D4-lineage-D1,ref|NC_001143|,277040,AT,A,7,89,7.87%,6.7884E-3
D4-lineage-D1,ref|NC_001143|,280162,GA,G,6,102,5.88%,1.4392E-2
D4-lineage-D1,ref|NC_001143|,280468,TA,T,7,91,7.69%,6.9313E-3
D4-lineage-D1,ref|NC_001143|,285019,G,GA,5,74,6.76%,2.9026E-2
D4-lineage-D1,ref|NC_001143|,285837,T,A,5,80,6.25%,2.9303E-2
D4-lineage-D1,ref|NC_001143|,286448,T,TA,13,83,15.66%,7.0836E-5
D4-lineage-D1,ref|NC_001143|,309693,G,GT,5,72,6.94%,2.8856E-2
D4-lineage-D1,ref|NC_001143|,320823,GT,G,9,65,13.85%,1.3171E-3
D4-lineage-D1,ref|NC_001143|,323019,A,T,96,96,100%,2.7702E-57
D4-lineage-D1,ref|NC_001143|,327725,AT,A,6,99,6.06%,1.4405E-2
D4-lineage-D1,ref|NC_001143|,335103,G,GA,10,66,15.15%,6.345E-4
D4-lineage-D1,ref|NC_001143|,341027,GA,G,7,109,6.42%,7.0535E-3
D4-lineage-D1,ref|NC_001143|,342593,C,CT,5,100,5%,2.966E-2
D4-lineage-D1,ref|NC_001143|,345918,G,GA,5,96,5.21%,2.9627E-2
D4-lineage-D1,ref|NC_001143|,348634,TCC,T,5,64,7.81%,2.8819E-2
D4-lineage-D1,ref|NC_001143|,351197,CT,C,8,79,10.13%,3.1909E-3
D4-lineage-D1,ref|NC_001143|,355182,G,GA,8,96,8.33%,3.2807E-3
D4-lineage-D1,ref|NC_001143|,358106,C,G,91,91,100%,2.7621E-54
D4-lineage-D1,ref|NC_001143|,358455,CT,C,7,121,5.79%,7.1118E-3
D4-lineage-D1,ref|NC_001143|,382560,ATAT,A,5,100,5%,2.9676E-2
D4-lineage-D1,ref|NC_001143|,384845,C,CAT,40,51,78.43%,1.2719E-18
D4-lineage-D1,ref|NC_001143|,385103,C,CTT,15,44,34.09%,3.2298E-6
D4-lineage-D1,ref|NC_001143|,385587,G,GT,6,84,7.14%,1.4197E-2
D4-lineage-D1,ref|NC_001143|,413570,T,A,6,93,6.45%,1.4379E-2
D4-lineage-D1,ref|NC_001143|,419003,G,T,6,100,6%,1.4465E-2
D4-lineage-D1,ref|NC_001143|,428955,GA,G,7,100,7%,6.9846E-3
D4-lineage-D1,ref|NC_001143|,442324,A,T,7,106,6.6%,7.0535E-3
D4-lineage-D1,ref|NC_001143|,451568,GGAACAC,G,57,69,82.61%,2.9938E-27
D4-lineage-D1,ref|NC_001143|,463261,CT,C,14,63,22.22%,1.9604E-5
D4-lineage-D1,ref|NC_001143|,465172,G,GTATA,29,52,55.77%,3.0639E-12
D4-lineage-D1,ref|NC_001143|,489841,T,TA,7,81,8.64%,6.6426E-3
D4-lineage-D1,ref|NC_001143|,518111,CT,C,5,49,10.2%,2.6822E-2
D4-lineage-D1,ref|NC_001143|,521818,G,GA,5,73,6.85%,2.9117E-2
D4-lineage-D1,ref|NC_001143|,524035,AT,A,15,65,23.08%,1.0121E-5
D4-lineage-D1,ref|NC_001143|,556431,GA,G,9,89,10.11%,1.5753E-3
D4-lineage-D1,ref|NC_001143|,571977,A,T,5,92,5.43%,2.9557E-2
D4-lineage-D1,ref|NC_001143|,613990,G,GA,6,87,6.9%,1.4263E-2
D4-lineage-D1,ref|NC_001143|,617557,CT,C,16,81,19.75%,5.8055E-6
D4-lineage-D1,ref|NC_001143|,618946,G,GA,9,71,12.68%,1.4851E-3
D4-lineage-D1,ref|NC_001143|,626626,G,GT,5,95,5.26%,2.9592E-2
D4-lineage-D1,ref|NC_001143|,631098,T,TA,11,97,11.34%,3.5556E-4
D4-lineage-D1,ref|NC_001143|,632832,CA,C,5,69,7.25%,2.8856E-2
D4-lineage-D1,ref|NC_001143|,635468,CT,C,13,90,14.44%,6.9736E-5
D4-lineage-D1,ref|NC_001143|,638422,AT,A,16,111,14.41%,8.1217E-6
D4-lineage-D1,ref|NC_001143|,645204,CA,C,13,93,13.98%,7.2404E-5
D4-lineage-D1,ref|NC_001143|,647609,T,C,5,96,5.21%,2.9627E-2
D4-lineage-D1,ref|NC_001143|,658095,C,CA,6,107,5.61%,1.454E-2
D4-lineage-D1,ref|NC_001143|,659063,T,C,5,76,6.58%,2.9201E-2
D4-lineage-D1,ref|NC_001143|,660577,CA,C,7,84,8.33%,6.8133E-3
D4-lineage-D1,ref|NC_001143|,661401,GA,G,7,93,7.53%,6.9019E-3
D4-lineage-D1,ref|NC_001143|,666556,GT,G,50,50,100%,9.9117E-30
D4-lineage-D1,ref|NC_001143|,666681,G,T,5,46,10.87%,2.764E-2
D4-lineage-D1,ref|NC_001143|,666702,GGT,G,11,33,33.33%,1.7351E-4
D4-lineage-D1,ref|NC_001143|,666732,GGT,G,5,20,25%,2.3166E-2
D4-lineage-D1,ref|NC_001144|,28,A,AC,7,18,38.89%,3.8123E-3
D4-lineage-D1,ref|NC_001144|,10965,T,C,11,33,33.33%,1.8019E-4
D4-lineage-D1,ref|NC_001144|,11210,CA,C,5,92,5.43%,2.9557E-2
D4-lineage-D1,ref|NC_001144|,11225,CA,C,55,82,67.07%,1.9175E-23
D4-lineage-D1,ref|NC_001144|,11237,C,CA,6,68,8.82%,1.3928E-2
D4-lineage-D1,ref|NC_001144|,11238,C,CCA,5,67,7.46%,2.8927E-2
D4-lineage-D1,ref|NC_001144|,11251,CA,C,8,73,10.96%,3.1909E-3
D4-lineage-D1,ref|NC_001144|,11265,CA,C,5,60,8.33%,2.8658E-2
D4-lineage-D1,ref|NC_001144|,11278,CA,C,6,76,7.89%,1.4104E-2
D4-lineage-D1,ref|NC_001144|,11279,AC,A,6,75,8.7%,1.3851E-2
D4-lineage-D1,ref|NC_001144|,11285,C,CA,5,68,7.35%,2.8961E-2
D4-lineage-D1,ref|NC_001144|,14561,A,AT,5,96,5.21%,2.9538E-2
D4-lineage-D1,ref|NC_001144|,19914,C,CT,12,86,13.95%,1.5151E-4
D4-lineage-D1,ref|NC_001144|,24780,C,G,12,70,17.14%,1.4598E-4
D4-lineage-D1,ref|NC_001144|,41223,CAT,C,5,42,11.9%,2.6822E-2
D4-lineage-D1,ref|NC_001144|,48673,TA,T,15,93,16.13%,1.6043E-5
D4-lineage-D1,ref|NC_001144|,48855,CA,C,12,72,16.67%,1.2473E-4
D4-lineage-D1,ref|NC_001144|,52019,AAT,A,12,104,11.54%,1.7068E-4
D4-lineage-D1,ref|NC_001144|,52618,CT,C,7,105,6.67%,6.9587E-3
D4-lineage-D1,ref|NC_001144|,63982,C,CA,8,99,8.08%,3.339E-3
D4-lineage-D1,ref|NC_001144|,66619,CT,C,10,107,9.35%,7.7479E-4
D4-lineage-D1,ref|NC_001144|,73948,G,A,5,95,5.26%,2.961E-2
D4-lineage-D1,ref|NC_001144|,86724,TA,T,16,73,21.92%,4.8192E-6
D4-lineage-D1,ref|NC_001144|,95382,A,AT,9,103,8.74%,1.6183E-3
D4-lineage-D1,ref|NC_001144|,105616,T,TA,10,75,13.33%,7.0212E-4
D4-lineage-D1,ref|NC_001144|,108046,C,CT,10,101,9.9%,7.6099E-4
D4-lineage-D1,ref|NC_001144|,112176,GA,G,8,109,7.34%,3.3874E-3
D4-lineage-D1,ref|NC_001144|,121725,G,GT,7,72,9.72%,6.6426E-3
D4-lineage-D1,ref|NC_001144|,122008,GA,G,10,63,15.87%,5.9342E-4
D4-lineage-D1,ref|NC_001144|,129169,G,GA,5,90,5.56%,2.9459E-2
D4-lineage-D1,ref|NC_001144|,129214,C,CA,6,108,5.56%,1.4488E-2
D4-lineage-D1,ref|NC_001144|,130903,C,CT,7,122,5.74%,7.1118E-3
D4-lineage-D1,ref|NC_001144|,137606,G,A,5,96,5.21%,2.9627E-2
D4-lineage-D1,ref|NC_001144|,161651,TA,T,8,66,12.12%,3.0025E-3
D4-lineage-D1,ref|NC_001144|,172018,AAT,A,7,51,13.73%,6.1097E-3
D4-lineage-D1,ref|NC_001144|,179897,CT,C,10,86,11.63%,7.2967E-4
D4-lineage-D1,ref|NC_001144|,187137,AT,A,90,94,95.74%,1.5844E-49
D4-lineage-D1,ref|NC_001144|,193400,CT,C,7,89,7.87%,6.8917E-3
D4-lineage-D1,ref|NC_001144|,196591,AT,A,12,87,13.79%,1.5455E-4
D4-lineage-D1,ref|NC_001144|,196750,A,AT,5,71,7.04%,2.878E-2
D4-lineage-D1,ref|NC_001144|,204043,GA,G,8,93,8.6%,3.3145E-3
D4-lineage-D1,ref|NC_001144|,212033,G,GA,6,88,6.82%,1.4309E-2
D4-lineage-D1,ref|NC_001144|,229081,T,C,5,100,5%,2.9692E-2
D4-lineage-D1,ref|NC_001144|,234303,T,TA,5,100,5%,2.966E-2
D4-lineage-D1,ref|NC_001144|,234390,A,G,51,114,44.74%,3.0508E-19
D4-lineage-D1,ref|NC_001144|,238444,C,G,6,91,6.59%,1.4352E-2
D4-lineage-D1,ref|NC_001144|,243827,CAT,C,11,109,10.09%,3.7358E-4
D4-lineage-D1,ref|NC_001144|,245256,AAT,A,6,94,6.38%,1.4294E-2
D4-lineage-D1,ref|NC_001144|,246210,GT,G,8,112,7.14%,3.4153E-3
D4-lineage-D1,ref|NC_001144|,248700,A,AT,5,96,5.21%,2.9557E-2
D4-lineage-D1,ref|NC_001144|,251194,GA,G,14,108,13.08%,3.508E-5
D4-lineage-D1,ref|NC_001144|,253093,G,GA,6,67,8.96%,1.3851E-2
D4-lineage-D1,ref|NC_001144|,255164,G,GA,7,101,6.93%,7.0167E-3
D4-lineage-D1,ref|NC_001144|,264076,AT,A,10,71,14.08%,6.2367E-4
D4-lineage-D1,ref|NC_001144|,266819,G,A,5,64,7.81%,2.8819E-2
D4-lineage-D1,ref|NC_001144|,268723,A,T,7,127,5.51%,7.1769E-3
D4-lineage-D1,ref|NC_001144|,280996,GA,G,31,132,23.48%,4.0646E-11
D4-lineage-D1,ref|NC_001144|,289357,C,CT,8,105,7.62%,3.3448E-3
D4-lineage-D1,ref|NC_001144|,291384,A,G,74,74,100%,4.2804E-44
D4-lineage-D1,ref|NC_001144|,291386,A,G,74,74,100%,4.2804E-44
D4-lineage-D1,ref|NC_001144|,292024,G,GA,14,80,17.5%,3.0353E-5
D4-lineage-D1,ref|NC_001144|,296855,G,T,5,86,5.81%,2.9439E-2
D4-lineage-D1,ref|NC_001144|,306620,TA,T,7,94,7.45%,6.8813E-3
D4-lineage-D1,ref|NC_001144|,315793,C,CT,10,102,9.8%,7.6909E-4
D4-lineage-D1,ref|NC_001144|,320335,G,GA,13,98,13.27%,7.7016E-5
D4-lineage-D1,ref|NC_001144|,322104,AT,A,14,93,15.05%,3.1607E-5
D4-lineage-D1,ref|NC_001144|,331061,T,C,5,95,5.26%,2.961E-2
D4-lineage-D1,ref|NC_001144|,331066,T,A,5,96,5.21%,2.9627E-2
D4-lineage-D1,ref|NC_001144|,331071,G,A,5,95,5.26%,2.961E-2
D4-lineage-D1,ref|NC_001144|,345042,C,G,28,81,34.57%,1.9218E-10
D4-lineage-D1,ref|NC_001144|,348735,C,CA,5,89,5.62%,2.9373E-2
D4-lineage-D1,ref|NC_001144|,348919,GT,G,13,83,15.66%,6.6777E-5
D4-lineage-D1,ref|NC_001144|,369387,AT,A,6,106,5.66%,1.452E-2
D4-lineage-D1,ref|NC_001144|,369580,TA,T,5,82,6.1%,2.9303E-2
D4-lineage-D1,ref|NC_001144|,370487,AT,A,6,87,6.9%,1.4231E-2
D4-lineage-D1,ref|NC_001144|,394693,G,GA,12,118,10.17%,1.7732E-4
D4-lineage-D1,ref|NC_001144|,415698,TA,T,5,65,7.69%,2.8856E-2
D4-lineage-D1,ref|NC_001144|,423554,CT,C,7,96,7.29%,6.8813E-3
D4-lineage-D1,ref|NC_001144|,426662,CA,C,11,78,14.1%,3.0799E-4
D4-lineage-D1,ref|NC_001144|,432143,C,CA,8,102,7.84%,3.3824E-3
D4-lineage-D1,ref|NC_001144|,447844,C,CA,5,95,5.26%,2.9538E-2
D4-lineage-D1,ref|NC_001144|,449594,CT,C,7,104,6.73%,7.0243E-3
D4-lineage-D1,ref|NC_001144|,451539,GA,G,7,40,17.5%,5.1909E-3
D4-lineage-D1,ref|NC_001144|,459564,T,C,319,5146,6.2%,6.1841E-90
D4-lineage-D1,ref|NC_001144|,459803,CT,C,1122,9534,11.78%,0E0
D4-lineage-D1,ref|NC_001144|,460002,CA,C,1536,13068,11.75%,0E0
D4-lineage-D1,ref|NC_001144|,460103,T,C,782,13503,5.79%,4.5928E-217
D4-lineage-D1,ref|NC_001144|,460152,T,G,798,14345,5.56%,3.4125E-220
D4-lineage-D1,ref|NC_001144|,460262,G,GTA,805,14762,5.45%,3.4057E-222
D4-lineage-D1,ref|NC_001144|,460383,TA,T,2770,13659,20.28%,0E0
D4-lineage-D1,ref|NC_001144|,460477,AT,A,1019,14521,7.02%,2.0858E-288
D4-lineage-D1,ref|NC_001144|,460621,T,C,1027,11573,8.87%,9.0184E-298
D4-lineage-D1,ref|NC_001144|,491513,C,CT,12,130,9.23%,1.8378E-4
D4-lineage-D1,ref|NC_001144|,513997,C,CA,7,91,7.69%,6.8706E-3
D4-lineage-D1,ref|NC_001144|,514965,C,CT,6,110,5.45%,1.4499E-2
D4-lineage-D1,ref|NC_001144|,522257,C,CA,7,100,7%,7.0009E-3
D4-lineage-D1,ref|NC_001144|,527967,CT,C,11,104,10.58%,3.6409E-4
D4-lineage-D1,ref|NC_001144|,528749,T,A,127,127,100%,6.9069E-76
D4-lineage-D1,ref|NC_001144|,539598,C,CT,5,90,5.56%,2.948E-2
D4-lineage-D1,ref|NC_001144|,545933,C,CT,8,78,10.26%,3.1411E-3
D4-lineage-D1,ref|NC_001144|,550360,CA,C,7,111,6.31%,7.0392E-3
D4-lineage-D1,ref|NC_001144|,556468,CAT,C,11,82,13.41%,3.2718E-4
D4-lineage-D1,ref|NC_001144|,567845,T,C,5,95,5.26%,2.961E-2
D4-lineage-D1,ref|NC_001144|,568017,C,CT,6,90,6.67%,1.4263E-2
D4-lineage-D1,ref|NC_001144|,585920,GA,G,14,84,16.67%,2.713E-5
D4-lineage-D1,ref|NC_001144|,597275,C,T,5,65,7.69%,2.8856E-2
D4-lineage-D1,ref|NC_001144|,597283,G,A,5,63,7.94%,2.878E-2
D4-lineage-D1,ref|NC_001144|,597305,C,A,5,60,8.33%,2.8658E-2
D4-lineage-D1,ref|NC_001144|,597308,C,T,5,50,10%,2.8142E-2
D4-lineage-D1,ref|NC_001144|,612158,G,GA,11,132,8.33%,3.8655E-4
D4-lineage-D1,ref|NC_001144|,625064,TA,T,7,104,6.73%,7.0089E-3
D4-lineage-D1,ref|NC_001144|,626434,G,GA,10,121,8.26%,7.917E-4
D4-lineage-D1,ref|NC_001144|,636551,GT,G,8,47,17.02%,2.653E-3
D4-lineage-D1,ref|NC_001144|,641311,GA,G,12,89,13.48%,1.592E-4
D4-lineage-D1,ref|NC_001144|,645231,T,TA,12,95,12.63%,1.6497E-4
D4-lineage-D1,ref|NC_001144|,646385,G,GA,8,87,9.2%,3.2661E-3
D4-lineage-D1,ref|NC_001144|,657175,C,T,85,85,100%,1.0935E-50
D4-lineage-D1,ref|NC_001144|,657926,G,GT,6,99,6.06%,1.4379E-2
D4-lineage-D1,ref|NC_001144|,663889,CT,C,5,100,5%,2.9692E-2
D4-lineage-D1,ref|NC_001144|,667194,CA,C,7,92,7.61%,6.9406E-3
D4-lineage-D1,ref|NC_001144|,687472,GA,G,14,102,13.73%,3.6214E-5
D4-lineage-D1,ref|NC_001144|,687587,GTA,G,13,106,12.26%,8.155E-5
D4-lineage-D1,ref|NC_001144|,699939,GA,G,7,67,10.45%,6.4484E-3
D4-lineage-D1,ref|NC_001144|,704138,TA,T,19,81,23.46%,4.4235E-7
D4-lineage-D1,ref|NC_001144|,704451,AT,A,8,128,6.3%,3.4802E-3
D4-lineage-D1,ref|NC_001144|,718114,T,TA,6,86,6.98%,1.4161E-2
D4-lineage-D1,ref|NC_001144|,722481,G,GT,7,82,8.54%,6.7622E-3
D4-lineage-D1,ref|NC_001144|,723168,C,CA,6,62,9.68%,1.3641E-2
D4-lineage-D1,ref|NC_001144|,734923,A,AT,8,80,10%,3.1909E-3
D4-lineage-D1,ref|NC_001144|,743995,G,GA,5,86,5.81%,2.9396E-2
D4-lineage-D1,ref|NC_001144|,766503,T,TA,8,62,12.9%,2.8658E-3
D4-lineage-D1,ref|NC_001144|,769162,CAT,C,11,74,14.86%,3.1917E-4
D4-lineage-D1,ref|NC_001144|,777943,GT,G,6,99,6.06%,1.4365E-2
D4-lineage-D1,ref|NC_001144|,781881,T,A,5,98,5.1%,2.966E-2
D4-lineage-D1,ref|NC_001144|,784382,G,GC,81,84,96.43%,4.609E-45
D4-lineage-D1,ref|NC_001144|,802485,AT,A,10,88,11.36%,7.2967E-4
D4-lineage-D1,ref|NC_001144|,812582,T,A,6,106,5.66%,1.453E-2
D4-lineage-D1,ref|NC_001144|,819069,C,CT,11,89,12.36%,3.4872E-4
D4-lineage-D1,ref|NC_001144|,822710,A,T,5,62,8.06%,2.8741E-2
D4-lineage-D1,ref|NC_001144|,828903,C,T,86,87,100%,2.7498E-51
D4-lineage-D1,ref|NC_001144|,829405,G,GTA,6,94,6.38%,1.4279E-2
D4-lineage-D1,ref|NC_001144|,833744,AT,A,6,90,6.67%,1.4294E-2
D4-lineage-D1,ref|NC_001144|,836190,TA,T,7,120,5.83%,7.1405E-3
D4-lineage-D1,ref|NC_001144|,837516,CAT,C,8,80,10%,3.2091E-3
D4-lineage-D1,ref|NC_001144|,837956,G,GA,11,93,11.83%,3.4427E-4
D4-lineage-D1,ref|NC_001144|,879896,A,T,6,103,5.83%,1.4499E-2
D4-lineage-D1,ref|NC_001144|,881947,C,CAT,41,59,69.49%,2.3419E-18
D4-lineage-D1,ref|NC_001144|,931046,AT,A,10,95,10.53%,7.5448E-4
D4-lineage-D1,ref|NC_001144|,937372,TA,T,9,102,8.82%,1.6183E-3
D4-lineage-D1,ref|NC_001144|,944238,C,A,38,38,100%,1.4508E-22
D4-lineage-D1,ref|NC_001144|,950305,C,CT,7,86,8.14%,6.8485E-3
D4-lineage-D1,ref|NC_001144|,950747,T,A,5,92,5.43%,2.9557E-2
D4-lineage-D1,ref|NC_001144|,981461,A,G,7,74,9.46%,6.7346E-3
D4-lineage-D1,ref|NC_001144|,1002214,GA,G,19,102,18.63%,6.0591E-7
D4-lineage-D1,ref|NC_001144|,1006048,C,CA,7,108,6.48%,7.0672E-3
D4-lineage-D1,ref|NC_001144|,1011372,C,CT,13,108,12.04%,7.7839E-5
D4-lineage-D1,ref|NC_001144|,1012324,C,CG,88,91,96.7%,3.7024E-49
D4-lineage-D1,ref|NC_001144|,1012328,A,AGCC,87,91,95.6%,8.7931E-48
D4-lineage-D1,ref|NC_001144|,1015482,AAT,A,7,83,8.43%,6.8133E-3
D4-lineage-D1,ref|NC_001144|,1019116,GA,G,18,103,17.48%,1.5689E-6
D4-lineage-D1,ref|NC_001144|,1024980,AT,A,16,89,17.98%,6.3227E-6
D4-lineage-D1,ref|NC_001144|,1025009,GT,G,8,73,10.96%,3.1191E-3
D4-lineage-D1,ref|NC_001144|,1026686,CT,C,9,74,12.16%,1.4519E-3
D4-lineage-D1,ref|NC_001144|,1027909,G,A,70,81,86.42%,1.469E-34
D4-lineage-D1,ref|NC_001144|,1039435,T,A,96,96,100%,2.7702E-57
D4-lineage-D1,ref|NC_001144|,1053293,AT,A,15,59,25.42%,9.1412E-6
D4-lineage-D1,ref|NC_001144|,1059677,T,TA,13,113,11.5%,8.3185E-5
D4-lineage-D1,ref|NC_001144|,1071573,A,AT,13,225,5.78%,1.0127E-4
D4-lineage-D1,ref|NC_001145|,9528,AT,A,10,113,8.85%,7.8528E-4
D4-lineage-D1,ref|NC_001145|,21958,GTA,G,6,59,10.17%,1.3497E-2
D4-lineage-D1,ref|NC_001145|,26551,AT,A,6,81,7.41%,1.4064E-2
D4-lineage-D1,ref|NC_001145|,26716,AT,A,15,81,18.52%,1.3016E-5
D4-lineage-D1,ref|NC_001145|,34017,TA,T,10,114,8.77%,7.7479E-4
D4-lineage-D1,ref|NC_001145|,34473,T,G,132,132,100%,6.8763E-79
D4-lineage-D1,ref|NC_001145|,41950,GA,G,21,116,18.1%,1.3155E-7
D4-lineage-D1,ref|NC_001145|,43866,CT,C,7,84,8.33%,6.8133E-3
D4-lineage-D1,ref|NC_001145|,43908,A,AT,7,80,8.75%,6.7622E-3
D4-lineage-D1,ref|NC_001145|,49837,CT,C,11,98,11.22%,3.4872E-4
D4-lineage-D1,ref|NC_001145|,58897,C,CT,6,83,7.23%,1.4214E-2
D4-lineage-D1,ref|NC_001145|,65479,A,T,6,110,5.45%,1.457E-2
D4-lineage-D1,ref|NC_001145|,65485,C,T,6,116,5.17%,1.4624E-2
D4-lineage-D1,ref|NC_001145|,65486,A,G,6,116,5.17%,1.4624E-2
D4-lineage-D1,ref|NC_001145|,65492,A,T,6,118,5.08%,1.464E-2
D4-lineage-D1,ref|NC_001145|,86950,CTATTAT,C,14,77,18.18%,2.9687E-5
D4-lineage-D1,ref|NC_001145|,94308,A,AT,6,93,6.45%,1.4309E-2
D4-lineage-D1,ref|NC_001145|,95588,C,CA,9,103,8.74%,1.6051E-3
D4-lineage-D1,ref|NC_001145|,95727,CTA,C,7,78,8.97%,6.7486E-3
D4-lineage-D1,ref|NC_001145|,99274,C,CA,8,89,8.99%,3.2735E-3
D4-lineage-D1,ref|NC_001145|,99599,CAT,C,5,92,5.43%,2.948E-2
D4-lineage-D1,ref|NC_001145|,108637,CA,C,5,68,7.35%,2.8819E-2
D4-lineage-D1,ref|NC_001145|,158396,T,TA,11,69,15.94%,2.8966E-4
D4-lineage-D1,ref|NC_001145|,159852,CAT,C,10,73,13.7%,6.7197E-4
D4-lineage-D1,ref|NC_001145|,164392,GT,G,7,48,14.58%,5.9972E-3
D4-lineage-D1,ref|NC_001145|,165422,C,CT,10,71,14.29%,6.4469E-4
D4-lineage-D1,ref|NC_001145|,169058,CT,C,6,79,7.59%,1.4084E-2
D4-lineage-D1,ref|NC_001145|,191990,AT,A,9,62,14.52%,1.3055E-3
D4-lineage-D1,ref|NC_001145|,192743,GTA,G,9,78,11.54%,1.5196E-3
D4-lineage-D1,ref|NC_001145|,209069,CT,C,6,81,7.41%,1.4161E-2
D4-lineage-D1,ref|NC_001145|,220764,A,G,6,106,5.66%,1.453E-2
D4-lineage-D1,ref|NC_001145|,234752,A,AT,6,104,5.77%,1.4477E-2
D4-lineage-D1,ref|NC_001145|,236652,CT,C,8,84,9.52%,3.2735E-3
D4-lineage-D1,ref|NC_001145|,238763,CT,C,11,77,14.29%,2.9794E-4
D4-lineage-D1,ref|NC_001145|,239353,CAT,C,8,60,13.33%,3.0025E-3
D4-lineage-D1,ref|NC_001145|,241854,C,CT,17,134,12.69%,4.322E-6
D4-lineage-D1,ref|NC_001145|,251661,G,GA,9,109,8.26%,1.6364E-3
D4-lineage-D1,ref|NC_001145|,266854,CAT,C,6,114,5.26%,1.4606E-2
D4-lineage-D1,ref|NC_001145|,309395,TA,T,7,88,7.95%,6.9019E-3
D4-lineage-D1,ref|NC_001145|,310154,C,CT,5,96,5.21%,2.961E-2
D4-lineage-D1,ref|NC_001145|,321328,CAT,C,7,68,10.29%,6.5904E-3
D4-lineage-D1,ref|NC_001145|,323216,CA,C,7,106,6.6%,7.0009E-3
D4-lineage-D1,ref|NC_001145|,325905,T,A,95,95,100%,1.1023E-56
D4-lineage-D1,ref|NC_001145|,337473,C,CA,7,91,7.69%,6.8813E-3
D4-lineage-D1,ref|NC_001145|,348323,A,AT,6,99,6.06%,1.443E-2
D4-lineage-D1,ref|NC_001145|,348566,C,CT,6,70,8.57%,1.3824E-2
D4-lineage-D1,ref|NC_001145|,352552,AT,A,7,125,5.6%,7.1618E-3
D4-lineage-D1,ref|NC_001145|,353678,AT,A,6,77,7.79%,1.3999E-2
D4-lineage-D1,ref|NC_001145|,361550,G,A,70,70,100%,1.0659E-41
D4-lineage-D1,ref|NC_001145|,361725,A,G,40,144,27.78%,3.8889E-14
D4-lineage-D1,ref|NC_001145|,370618,CA,C,9,74,12.16%,1.4851E-3
D4-lineage-D1,ref|NC_001145|,387095,AT,A,16,69,23.19%,5.2337E-6
D4-lineage-D1,ref|NC_001145|,388684,TTATA,T,7,57,12.28%,6.2398E-3
D4-lineage-D1,ref|NC_001145|,390765,G,GT,8,92,8.7%,3.2878E-3
D4-lineage-D1,ref|NC_001145|,400918,C,CA,6,90,6.67%,1.4338E-2
D4-lineage-D1,ref|NC_001145|,406257,T,TA,8,98,8.16%,3.3145E-3
D4-lineage-D1,ref|NC_001145|,409001,C,CA,6,97,6.19%,1.4392E-2
D4-lineage-D1,ref|NC_001145|,411379,C,CT,6,100,6%,1.4417E-2
D4-lineage-D1,ref|NC_001145|,411461,GT,G,6,84,7.14%,1.4161E-2
D4-lineage-D1,ref|NC_001145|,416400,C,CT,6,80,7.5%,1.4124E-2
D4-lineage-D1,ref|NC_001145|,431536,G,GT,6,117,5.13%,1.455E-2
D4-lineage-D1,ref|NC_001145|,433068,GA,G,8,101,7.92%,3.3824E-3
D4-lineage-D1,ref|NC_001145|,448333,G,A,108,108,100%,1.7511E-64
D4-lineage-D1,ref|NC_001145|,448334,A,G,108,108,100%,1.7511E-64
D4-lineage-D1,ref|NC_001145|,462693,CT,C,8,66,12.12%,3.0712E-3
D4-lineage-D1,ref|NC_001145|,475726,GA,G,9,97,9.28%,1.567E-3
D4-lineage-D1,ref|NC_001145|,477973,A,G,5,95,5.26%,2.961E-2
D4-lineage-D1,ref|NC_001145|,483743,GA,G,19,112,16.96%,5.8701E-7
D4-lineage-D1,ref|NC_001145|,494940,C,T,6,93,6.45%,1.4379E-2
D4-lineage-D1,ref|NC_001145|,497919,G,GA,6,88,6.82%,1.4309E-2
D4-lineage-D1,ref|NC_001145|,512087,G,GT,5,71,7.04%,2.9026E-2
D4-lineage-D1,ref|NC_001145|,514073,A,AT,8,73,10.96%,3.1718E-3
D4-lineage-D1,ref|NC_001145|,514293,AT,A,12,111,10.81%,1.7677E-4
D4-lineage-D1,ref|NC_001145|,538607,GCA,G,9,95,9.47%,1.587E-3
D4-lineage-D1,ref|NC_001145|,559048,TA,T,5,65,7.69%,2.878E-2
D4-lineage-D1,ref|NC_001145|,559980,C,CT,10,103,9.71%,7.6099E-4
D4-lineage-D1,ref|NC_001145|,561877,AAT,A,7,50,14%,6.1442E-3
D4-lineage-D1,ref|NC_001145|,571250,C,CA,7,84,8.33%,6.7755E-3
D4-lineage-D1,ref|NC_001145|,599705,G,T,5,85,5.88%,2.9417E-2
D4-lineage-D1,ref|NC_001145|,601268,GA,G,6,106,5.66%,1.4509E-2
D4-lineage-D1,ref|NC_001145|,618182,C,CA,8,75,10.67%,3.1815E-3
D4-lineage-D1,ref|NC_001145|,622168,GTA,G,12,77,15.58%,1.5151E-4
D4-lineage-D1,ref|NC_001145|,625708,C,CT,12,87,13.79%,1.4937E-4
D4-lineage-D1,ref|NC_001145|,630505,A,G,64,64,100%,4.1752E-38
D4-lineage-D1,ref|NC_001145|,646855,CATAT,C,7,74,9.46%,6.5333E-3
D4-lineage-D1,ref|NC_001145|,651263,TA,T,28,117,23.93%,5.9404E-10
D4-lineage-D1,ref|NC_001145|,652533,C,CT,17,102,16.67%,3.5111E-6
D4-lineage-D1,ref|NC_001145|,654142,A,G,5,100,5%,2.9692E-2
D4-lineage-D1,ref|NC_001145|,654916,AAT,A,7,84,8.33%,6.8485E-3
D4-lineage-D1,ref|NC_001145|,667202,C,CA,11,84,13.1%,3.1486E-4
D4-lineage-D1,ref|NC_001145|,672129,T,C,87,87,100%,6.9142E-52
D4-lineage-D1,ref|NC_001145|,674863,G,GA,14,87,16.09%,3.0353E-5
D4-lineage-D1,ref|NC_001145|,680936,T,C,93,93,100%,1.7451E-55
D4-lineage-D1,ref|NC_001145|,680940,C,T,93,93,100%,1.7451E-55
D4-lineage-D1,ref|NC_001145|,687366,G,GT,9,67,13.43%,1.4373E-3
D4-lineage-D1,ref|NC_001145|,688905,A,AT,6,100,6%,1.4465E-2
D4-lineage-D1,ref|NC_001145|,698679,TA,T,16,91,17.58%,6.5626E-6
D4-lineage-D1,ref|NC_001145|,718367,AT,A,8,98,8.16%,3.3616E-3
D4-lineage-D1,ref|NC_001145|,751670,T,TA,5,77,6.49%,2.9146E-2
D4-lineage-D1,ref|NC_001145|,752958,A,AT,6,100,6%,1.4454E-2
D4-lineage-D1,ref|NC_001145|,756824,GT,G,14,93,15.05%,3.3315E-5
D4-lineage-D1,ref|NC_001145|,765922,C,T,5,92,5.43%,2.9557E-2
D4-lineage-D1,ref|NC_001145|,772664,CT,C,17,87,19.54%,2.5734E-6
D4-lineage-D1,ref|NC_001145|,774724,C,CA,11,79,13.92%,3.2907E-4
D4-lineage-D1,ref|NC_001145|,786468,T,A,5,95,5.26%,2.961E-2
D4-lineage-D1,ref|NC_001145|,786904,G,A,5,92,5.43%,2.9557E-2
D4-lineage-D1,ref|NC_001145|,809198,A,G,78,78,100%,1.7165E-46
D4-lineage-D1,ref|NC_001145|,815480,CA,C,5,78,6.41%,2.9174E-2
D4-lineage-D1,ref|NC_001145|,822589,CTT,C,6,55,10.91%,1.2905E-2
D4-lineage-D1,ref|NC_001145|,822630,A,C,10,44,22.73%,5.4972E-4
D4-lineage-D1,ref|NC_001145|,822635,G,T,6,29,21.43%,1.1461E-2
D4-lineage-D1,ref|NC_001145|,847664,A,G,5,98,5.1%,2.966E-2
D4-lineage-D1,ref|NC_001145|,851713,GA,G,15,94,15.96%,1.4663E-5
D4-lineage-D1,ref|NC_001145|,852119,T,A,6,78,7.69%,1.4142E-2
D4-lineage-D1,ref|NC_001145|,852310,G,GA,5,83,6.02%,2.9351E-2
D4-lineage-D1,ref|NC_001145|,854478,C,CT,5,73,6.85%,2.8994E-2
D4-lineage-D1,ref|NC_001145|,860894,CT,C,5,87,5.75%,2.9351E-2
D4-lineage-D1,ref|NC_001145|,866278,C,T,6,67,8.96%,1.3903E-2
D4-lineage-D1,ref|NC_001145|,867234,G,GA,11,106,10.38%,3.685E-4
D4-lineage-D1,ref|NC_001145|,874559,CT,C,15,82,18.29%,1.2266E-5
D4-lineage-D1,ref|NC_001145|,874581,A,C,6,64,9.38%,1.3824E-2
D4-lineage-D1,ref|NC_001145|,878812,CAT,C,12,116,10.34%,1.8047E-4
D4-lineage-D1,ref|NC_001145|,882534,CT,C,7,109,6.42%,7.074E-3
D4-lineage-D1,ref|NC_001145|,892823,G,GA,7,113,6.19%,7.0672E-3
D4-lineage-D1,ref|NC_001145|,908196,G,C,6,18,33.33%,9.5308E-3
D4-lineage-D1,ref|NC_001145|,908198,G,T,6,19,31.58%,9.828E-3
D4-lineage-D1,ref|NC_001145|,908203,G,A,10,23,43.48%,2.8066E-4
D4-lineage-D1,ref|NC_001145|,908218,C,T,21,34,61.76%,4.9442E-9
D4-lineage-D1,ref|NC_001145|,908275,G,A,9,50,18%,1.3171E-3
D4-lineage-D1,ref|NC_001145|,908282,G,T,7,51,13.73%,6.2693E-3
D4-lineage-D1,ref|NC_001145|,908283,T,C,6,53,11.32%,1.3458E-2
D4-lineage-D1,ref|NC_001145|,908359,A,G,11,97,11.34%,3.6177E-4
D4-lineage-D1,ref|NC_001145|,908362,T,C,12,94,12.77%,1.6793E-4
D4-lineage-D1,ref|NC_001145|,908365,A,G,13,90,14.44%,7.6592E-5
D4-lineage-D1,ref|NC_001145|,908558,T,TCAA,22,123,17.89%,8.4286E-8
D4-lineage-D1,ref|NC_001145|,908611,G,A,10,117,8.55%,7.9914E-4
D4-lineage-D1,ref|NC_001145|,914827,GT,G,7,63,11.11%,6.3251E-3
D4-lineage-D1,ref|NC_001145|,918033,CA,C,10,102,9.8%,7.6099E-4
D4-lineage-D1,ref|NC_001145|,918120,C,CT,20,89,22.47%,1.7998E-7
D4-lineage-D1,ref|NC_001145|,921418,CT,C,85,112,75.89%,1.2062E-38
D4-lineage-D1,ref|NC_001145|,924341,G,T,17,17,100%,4.2852E-10
D4-lineage-D1,ref|NC_001145|,924352,G,GGT,14,17,82.35%,4.8851E-7
D4-lineage-D1,ref|NC_001146|,6650,A,C,9,30,30%,9.1169E-4
D4-lineage-D1,ref|NC_001146|,6652,C,A,9,28,32.14%,9.1169E-4
D4-lineage-D1,ref|NC_001146|,6682,C,CA,5,28,17.86%,2.5729E-2
D4-lineage-D1,ref|NC_001146|,7478,A,AT,101,104,97.12%,8.7318E-57
D4-lineage-D1,ref|NC_001146|,8034,C,A,6,79,7.59%,1.4161E-2
D4-lineage-D1,ref|NC_001146|,10214,TA,T,17,95,17.89%,3.0663E-6
D4-lineage-D1,ref|NC_001146|,12975,C,CTT,40,60,66.67%,7.3227E-18
D4-lineage-D1,ref|NC_001146|,14333,G,GC,38,41,92.68%,3.1178E-20
D4-lineage-D1,ref|NC_001146|,28420,GT,G,9,84,10.71%,1.5299E-3
D4-lineage-D1,ref|NC_001146|,43278,AAT,A,8,89,8.99%,3.2179E-3
D4-lineage-D1,ref|NC_001146|,66362,TA,T,7,99,7.07%,6.9846E-3
D4-lineage-D1,ref|NC_001146|,86089,C,CT,11,88,12.5%,3.4727E-4
D4-lineage-D1,ref|NC_001146|,89323,C,CT,12,109,11.01%,1.7385E-4
D4-lineage-D1,ref|NC_001146|,98305,T,C,17,123,13.82%,4.2161E-6
D4-lineage-D1,ref|NC_001146|,98320,C,T,17,119,14.29%,4.1266E-6
D4-lineage-D1,ref|NC_001146|,107294,G,GA,11,105,10.48%,3.5936E-4
D4-lineage-D1,ref|NC_001146|,116771,G,GA,5,81,6.17%,2.9303E-2
D4-lineage-D1,ref|NC_001146|,118987,G,GA,16,83,19.28%,5.2337E-6
D4-lineage-D1,ref|NC_001146|,144841,T,TG,5,100,5%,2.9692E-2
D4-lineage-D1,ref|NC_001146|,154923,GA,G,13,64,20.31%,4.5578E-5
D4-lineage-D1,ref|NC_001146|,169372,GA,G,6,75,8%,1.4042E-2
D4-lineage-D1,ref|NC_001146|,172354,C,CT,6,78,7.69%,1.4064E-2
D4-lineage-D1,ref|NC_001146|,172374,A,C,5,70,7.14%,2.9026E-2
D4-lineage-D1,ref|NC_001146|,172492,CA,C,6,71,8.45%,1.3903E-2
D4-lineage-D1,ref|NC_001146|,172885,C,T,6,88,6.82%,1.4309E-2
D4-lineage-D1,ref|NC_001146|,175206,C,CA,8,109,7.34%,3.4108E-3
D4-lineage-D1,ref|NC_001146|,181308,CA,C,8,101,7.92%,3.3448E-3
D4-lineage-D1,ref|NC_001146|,185103,T,A,5,81,6.17%,2.9327E-2
D4-lineage-D1,ref|NC_001146|,187639,G,GA,5,83,6.02%,2.9327E-2
D4-lineage-D1,ref|NC_001146|,196150,C,CT,14,72,19.44%,2.5488E-5
D4-lineage-D1,ref|NC_001146|,196374,G,GA,6,105,5.71%,1.4509E-2
D4-lineage-D1,ref|NC_001146|,198236,AT,A,8,97,8.25%,3.339E-3
D4-lineage-D1,ref|NC_001146|,235956,C,CT,5,77,6.49%,2.9201E-2
D4-lineage-D1,ref|NC_001146|,263349,AT,A,8,86,9.3%,3.2735E-3
D4-lineage-D1,ref|NC_001146|,277932,GA,G,6,103,5.83%,1.4477E-2
D4-lineage-D1,ref|NC_001146|,280030,C,CA,5,93,5.38%,2.9575E-2
D4-lineage-D1,ref|NC_001146|,281884,G,GA,14,115,12.17%,3.9763E-5
D4-lineage-D1,ref|NC_001146|,282400,G,C,32,111,28.83%,1.6554E-11
D4-lineage-D1,ref|NC_001146|,282401,T,C,24,105,22.86%,1.3517E-8
D4-lineage-D1,ref|NC_001146|,283519,CA,C,5,92,5.43%,2.9557E-2
D4-lineage-D1,ref|NC_001146|,300772,GA,G,7,101,6.93%,7.0167E-3
D4-lineage-D1,ref|NC_001146|,300929,T,G,9,50,18%,1.162E-3
D4-lineage-D1,ref|NC_001146|,307228,CT,C,16,117,13.68%,8.3818E-6
D4-lineage-D1,ref|NC_001146|,309761,A,T,5,92,5.43%,2.9557E-2
D4-lineage-D1,ref|NC_001146|,312328,AACG,A,90,92,97.83%,3.0347E-51
D4-lineage-D1,ref|NC_001146|,321979,AT,A,11,92,11.96%,3.5014E-4
D4-lineage-D1,ref|NC_001146|,357012,CTT,C,5,55,9.09%,2.7465E-2
D4-lineage-D1,ref|NC_001146|,377887,G,T,99,99,100%,4.3954E-59
D4-lineage-D1,ref|NC_001146|,380954,G,GA,7,92,7.61%,6.8706E-3
D4-lineage-D1,ref|NC_001146|,382231,T,TA,8,72,11.11%,3.1302E-3
D4-lineage-D1,ref|NC_001146|,395466,A,AT,5,79,6.33%,2.9279E-2
D4-lineage-D1,ref|NC_001146|,413448,C,CT,6,39,15.38%,1.1977E-2
D4-lineage-D1,ref|NC_001146|,415054,C,CT,6,45,13.33%,1.2841E-2
D4-lineage-D1,ref|NC_001146|,415071,C,CT,7,18,38.89%,3.6151E-3
D4-lineage-D1,ref|NC_001146|,416686,C,CT,6,78,7.69%,1.4064E-2
D4-lineage-D1,ref|NC_001146|,424992,A,T,5,93,5.38%,2.9575E-2
D4-lineage-D1,ref|NC_001146|,429547,C,CA,8,91,8.79%,3.327E-3
D4-lineage-D1,ref|NC_001146|,429776,TTA,T,12,95,12.63%,1.6648E-4
D4-lineage-D1,ref|NC_001146|,439397,G,GT,91,98,92.86%,3.9815E-48
D4-lineage-D1,ref|NC_001146|,444651,C,CT,14,79,17.72%,3.0024E-5
D4-lineage-D1,ref|NC_001146|,471767,A,G,103,103,100%,1.7512E-61
D4-lineage-D1,ref|NC_001146|,479459,AT,A,15,62,24.19%,8.0864E-6
D4-lineage-D1,ref|NC_001146|,482946,GT,G,6,100,6%,1.4465E-2
D4-lineage-D1,ref|NC_001146|,483236,CA,C,6,109,5.5%,1.452E-2
D4-lineage-D1,ref|NC_001146|,486552,TA,T,15,77,19.48%,1.0808E-5
D4-lineage-D1,ref|NC_001146|,490188,AT,A,7,96,7.29%,6.9313E-3
D4-lineage-D1,ref|NC_001146|,493053,TA,T,17,70,24.29%,2.091E-6
D4-lineage-D1,ref|NC_001146|,498360,GT,G,11,71,15.49%,2.9794E-4
D4-lineage-D1,ref|NC_001146|,499475,A,AT,5,97,5.15%,2.9592E-2
D4-lineage-D1,ref|NC_001146|,501129,AT,A,8,75,10.67%,3.1909E-3
D4-lineage-D1,ref|NC_001146|,503013,C,CA,10,109,9.17%,7.7479E-4
D4-lineage-D1,ref|NC_001146|,503040,C,CT,13,95,13.68%,7.6161E-5
D4-lineage-D1,ref|NC_001146|,510328,CT,C,12,82,14.63%,1.5045E-4
D4-lineage-D1,ref|NC_001146|,512460,C,CAT,7,68,10.29%,6.5719E-3
D4-lineage-D1,ref|NC_001146|,516865,AT,A,5,81,6.17%,2.9254E-2
D4-lineage-D1,ref|NC_001146|,523434,G,A,12,103,11.65%,1.7385E-4
D4-lineage-D1,ref|NC_001146|,523441,G,T,12,96,12.5%,1.6933E-4
D4-lineage-D1,ref|NC_001146|,524020,G,A,7,41,17.07%,5.9136E-3
D4-lineage-D1,ref|NC_001146|,524023,T,C,11,46,23.91%,2.4819E-4
D4-lineage-D1,ref|NC_001146|,563070,A,G,7,12,58.33%,2.2883E-3
D4-lineage-D1,ref|NC_001146|,570509,T,C,15,15,100%,6.4467E-9
D4-lineage-D1,ref|NC_001146|,576631,AT,A,6,102,5.88%,1.4454E-2
D4-lineage-D1,ref|NC_001146|,580764,T,A,5,98,5.1%,2.966E-2
D4-lineage-D1,ref|NC_001146|,599550,T,C,8,104,7.69%,3.397E-3
D4-lineage-D1,ref|NC_001146|,601112,T,G,51,160,31.87%,3.8075E-18
D4-lineage-D1,ref|NC_001146|,601202,T,C,84,193,43.52%,4.3967E-31
D4-lineage-D1,ref|NC_001146|,602678,AT,A,5,83,6.02%,2.9327E-2
D4-lineage-D1,ref|NC_001146|,605720,CTA,C,11,48,22.92%,2.4819E-4
D4-lineage-D1,ref|NC_001146|,606166,AAT,A,7,65,10.77%,6.5904E-3
D4-lineage-D1,ref|NC_001146|,609910,G,GA,9,122,7.38%,1.6762E-3
D4-lineage-D1,ref|NC_001146|,616158,C,CA,9,97,9.28%,1.587E-3
D4-lineage-D1,ref|NC_001146|,616826,A,G,28,73,38.36%,1.4898E-10
D4-lineage-D1,ref|NC_001146|,639021,CA,C,5,87,5.75%,2.9459E-2
D4-lineage-D1,ref|NC_001146|,644217,CTA,C,14,97,14.43%,3.5995E-5
D4-lineage-D1,ref|NC_001146|,647314,A,AT,7,101,6.93%,6.9846E-3
D4-lineage-D1,ref|NC_001146|,651857,AT,A,19,109,17.43%,6.6872E-7
D4-lineage-D1,ref|NC_001146|,654648,AT,A,7,90,7.78%,6.9019E-3
D4-lineage-D1,ref|NC_001146|,659173,C,T,7,112,6.25%,7.0934E-3
D4-lineage-D1,ref|NC_001146|,662768,GA,G,9,80,11.25%,1.4724E-3
D4-lineage-D1,ref|NC_001146|,662853,GA,G,5,72,6.94%,2.9026E-2
D4-lineage-D1,ref|NC_001146|,663746,CA,C,5,93,5.38%,2.95E-2
D4-lineage-D1,ref|NC_001146|,667324,CT,C,7,45,15.56%,5.721E-3
D4-lineage-D1,ref|NC_001146|,667351,A,C,6,43,13.95%,1.2967E-2
D4-lineage-D1,ref|NC_001146|,674780,A,AT,8,110,7.27%,3.4108E-3
D4-lineage-D1,ref|NC_001146|,678603,G,GA,8,84,9.52%,3.2264E-3
D4-lineage-D1,ref|NC_001146|,687218,C,CA,8,115,6.96%,3.4323E-3
D4-lineage-D1,ref|NC_001146|,690071,A,AT,9,97,9.28%,1.5712E-3
D4-lineage-D1,ref|NC_001146|,692960,C,CT,6,70,8.57%,1.3824E-2
D4-lineage-D1,ref|NC_001146|,694240,CAT,C,13,76,17.11%,6.7394E-5
D4-lineage-D1,ref|NC_001146|,713938,G,GT,5,79,6.33%,2.9174E-2
D4-lineage-D1,ref|NC_001146|,716416,C,CT,13,90,14.44%,7.0836E-5
D4-lineage-D1,ref|NC_001146|,719304,C,CT,5,98,5.1%,2.966E-2
D4-lineage-D1,ref|NC_001146|,719919,C,T,5,97,5.15%,2.9644E-2
D4-lineage-D1,ref|NC_001146|,721916,T,TA,6,91,6.59%,1.4309E-2
D4-lineage-D1,ref|NC_001146|,722231,G,GA,5,70,7.14%,2.8961E-2
D4-lineage-D1,ref|NC_001146|,722274,CA,C,7,66,10.61%,6.4922E-3
D4-lineage-D1,ref|NC_001146|,764741,GAT,G,8,104,7.69%,3.3824E-3
D4-lineage-D1,ref|NC_001146|,772612,CA,C,18,107,16.82%,1.414E-6
D4-lineage-D1,ref|NC_001146|,774549,AT,A,25,110,22.73%,4.2943E-9
D4-lineage-D1,ref|NC_001146|,776301,AT,A,7,105,6.67%,7.0167E-3
D4-lineage-D1,ref|NC_001146|,777553,AAT,A,25,77,32.47%,1.9778E-9
D4-lineage-D1,ref|NC_001146|,779308,C,CAAAAAA,6,30,20%,9.2021E-3
D4-lineage-D1,ref|NC_001146|,781712,T,A,7,105,6.67%,7.0464E-3
D4-lineage-D1,ref|NC_001146|,784106,GGT,G,12,95,12.77%,1.6573E-4
D4-lineage-D1,ref|NC_001146|,784107,GT,G,7,88,8.14%,6.8813E-3
D4-lineage-D1,ref|NC_001146|,784118,T,TG,6,113,5.36%,1.455E-2
D4-lineage-D1,ref|NC_001146|,784131,GT,G,7,102,6.93%,7.0167E-3
D4-lineage-D1,ref|NC_001146|,784138,GGTGT,G,9,87,10.34%,1.5399E-3
D4-lineage-D1,ref|NC_001146|,784140,T,TGTG,5,88,5.68%,2.9417E-2
D4-lineage-D1,ref|NC_001146|,784142,T,TG,19,80,23.75%,5.0699E-7
D4-lineage-D1,ref|NC_001146|,784153,G,GGT,10,108,9.52%,7.7841E-4
D4-lineage-D1,ref|NC_001146|,784163,T,TG,15,101,14.85%,1.721E-5
D4-lineage-D1,ref|NC_001146|,784168,TG,T,10,107,9.62%,7.6909E-4
D4-lineage-D1,ref|NC_001146|,784169,GGT,G,6,95,6.74%,1.4279E-2
D4-lineage-D1,ref|NC_001146|,784170,GT,G,11,89,13.25%,3.4115E-4
D4-lineage-D1,ref|NC_001146|,784181,TG,T,21,135,15.56%,2.0251E-7
D4-lineage-D1,ref|NC_001146|,784183,G,GT,12,112,10.81%,1.7262E-4
D4-lineage-D1,ref|NC_001146|,784187,TG,T,10,132,7.63%,8.1711E-4
D4-lineage-D1,ref|NC_001146|,784193,T,TG,7,134,5.26%,7.196E-3
D4-lineage-D1,ref|NC_001146|,784194,GGT,G,10,126,8.06%,7.9914E-4
D4-lineage-D1,ref|NC_001146|,784198,T,TG,6,109,5.56%,1.4509E-2
D4-lineage-D1,ref|NC_001146|,784208,T,TG,12,125,9.84%,1.7787E-4
D4-lineage-D1,ref|NC_001146|,784209,G,GGT,7,106,6.8%,6.9928E-3
D4-lineage-D1,ref|NC_001146|,784235,GT,G,8,76,10.53%,3.2179E-3
D4-lineage-D1,ref|NC_001146|,784239,GT,G,10,79,12.66%,7.1814E-4
D4-lineage-D1,ref|NC_001146|,784240,T,TG,7,75,10.77%,6.5719E-3
D4-lineage-D1,ref|NC_001146|,784242,GTGT,G,5,52,10.2%,2.8014E-2
D4-lineage-D1,ref|NC_001146|,784245,T,TG,9,54,16.67%,1.3283E-3
D4-lineage-D1,ref|NC_001146|,784247,T,G,6,56,11.32%,1.3375E-2
D4-lineage-D1,ref|NC_001146|,784257,TG,T,5,71,7.04%,2.9058E-2
D4-lineage-D1,ref|NC_001146|,784259,G,GT,9,63,14.52%,1.4297E-3
D4-lineage-D1,ref|NC_001146|,784270,GGT,G,6,65,9.23%,1.3851E-2
D4-lineage-D1,ref|NC_001146|,784289,G,GGT,5,68,7.35%,2.8856E-2
D4-lineage-D1,ref|NC_001146|,784290,GT,G,5,53,9.62%,2.8261E-2
D4-lineage-D1,ref|NC_001147|,1085,C,CAT,9,71,12.68%,1.4657E-3
D4-lineage-D1,ref|NC_001147|,13997,CA,C,10,82,12.2%,7.1196E-4
D4-lineage-D1,ref|NC_001147|,21727,G,GA,7,79,8.86%,6.7486E-3
D4-lineage-D1,ref|NC_001147|,27928,T,A,24,111,21.62%,1.4791E-8
D4-lineage-D1,ref|NC_001147|,28352,T,C,8,101,7.92%,3.3824E-3
D4-lineage-D1,ref|NC_001147|,33840,AT,A,6,91,6.59%,1.4294E-2
D4-lineage-D1,ref|NC_001147|,50002,C,T,92,92,100%,6.9429E-55
D4-lineage-D1,ref|NC_001147|,50010,A,T,90,90,100%,1.0988E-53
D4-lineage-D1,ref|NC_001147|,50012,C,T,89,89,100%,4.3706E-53
D4-lineage-D1,ref|NC_001147|,57928,C,T,5,86,5.81%,2.9439E-2
D4-lineage-D1,ref|NC_001147|,60061,G,GT,6,65,9.23%,1.3607E-2
D4-lineage-D1,ref|NC_001147|,60213,CT,C,9,57,15.79%,1.2682E-3
D4-lineage-D1,ref|NC_001147|,60240,C,T,47,47,100%,6.1512E-28
D4-lineage-D1,ref|NC_001147|,79297,C,G,92,92,100%,6.9429E-55
D4-lineage-D1,ref|NC_001147|,79304,A,T,96,96,100%,2.7702E-57
D4-lineage-D1,ref|NC_001147|,79305,T,A,96,96,100%,2.7702E-57
D4-lineage-D1,ref|NC_001147|,85382,C,CT,13,102,12.75%,8.0858E-5
D4-lineage-D1,ref|NC_001147|,94613,GA,G,8,106,7.55%,3.3669E-3
D4-lineage-D1,ref|NC_001147|,94815,AC,A,7,34,20.59%,4.9169E-3
D4-lineage-D1,ref|NC_001147|,102256,TA,T,7,111,6.31%,7.0805E-3
D4-lineage-D1,ref|NC_001147|,118032,A,C,160,284,56.34%,1.0583E-63
D4-lineage-D1,ref|NC_001147|,118287,C,A,13,60,21.67%,5.8991E-5
D4-lineage-D1,ref|NC_001147|,118473,G,A,11,51,21.57%,2.6733E-4
D4-lineage-D1,ref|NC_001147|,122965,G,A,7,98,7.14%,6.9928E-3
D4-lineage-D1,ref|NC_001147|,125959,T,A,6,97,6.19%,1.443E-2
D4-lineage-D1,ref|NC_001147|,141471,GA,G,11,108,10.19%,3.6409E-4
D4-lineage-D1,ref|NC_001147|,147321,T,A,7,99,7.07%,7.0009E-3
D4-lineage-D1,ref|NC_001147|,161403,A,T,118,217,54.38%,5.9676E-46
D4-lineage-D1,ref|NC_001147|,161617,T,C,134,246,54.47%,4.0048E-52
D4-lineage-D1,ref|NC_001147|,161762,T,C,127,242,52.48%,6.8517E-49
D4-lineage-D1,ref|NC_001147|,185214,TA,T,5,100,5%,2.9692E-2
D4-lineage-D1,ref|NC_001147|,189467,AT,A,5,85,5.88%,2.9396E-2
D4-lineage-D1,ref|NC_001147|,193675,C,CT,5,91,5.49%,2.95E-2
D4-lineage-D1,ref|NC_001147|,194895,C,CA,9,103,8.74%,1.6183E-3
D4-lineage-D1,ref|NC_001147|,200339,C,CT,7,63,11.11%,6.2092E-3
D4-lineage-D1,ref|NC_001147|,204570,CT,C,16,71,22.54%,5.2337E-6
D4-lineage-D1,ref|NC_001147|,204590,A,C,5,60,8.33%,2.8658E-2
D4-lineage-D1,ref|NC_001147|,208583,A,T,5,96,5.21%,2.9627E-2
D4-lineage-D1,ref|NC_001147|,213870,C,CA,7,82,8.54%,6.837E-3
D4-lineage-D1,ref|NC_001147|,230020,CT,C,17,126,13.49%,3.8819E-6
D4-lineage-D1,ref|NC_001147|,232303,GA,G,5,99,5.05%,2.9627E-2
D4-lineage-D1,ref|NC_001147|,259218,CT,C,5,79,6.33%,2.9146E-2
D4-lineage-D1,ref|NC_001147|,259602,AT,A,6,109,5.5%,1.456E-2
D4-lineage-D1,ref|NC_001147|,271953,CT,C,6,112,5.36%,1.454E-2
D4-lineage-D1,ref|NC_001147|,276968,C,CT,6,106,5.66%,1.452E-2
D4-lineage-D1,ref|NC_001147|,290573,CT,C,5,93,5.38%,2.95E-2
D4-lineage-D1,ref|NC_001147|,292351,G,A,5,85,5.88%,2.9417E-2
D4-lineage-D1,ref|NC_001147|,292354,C,G,5,81,6.17%,2.9327E-2
D4-lineage-D1,ref|NC_001147|,292357,T,C,5,80,6.25%,2.9303E-2
D4-lineage-D1,ref|NC_001147|,315630,CT,C,12,80,15%,1.3976E-4
D4-lineage-D1,ref|NC_001147|,326195,CATAT,C,9,70,12.86%,1.4054E-3
D4-lineage-D1,ref|NC_001147|,333432,GA,G,10,107,9.35%,7.6909E-4
D4-lineage-D1,ref|NC_001147|,348630,G,GA,8,107,7.48%,3.397E-3
D4-lineage-D1,ref|NC_001147|,349580,G,GA,8,110,7.27%,3.3922E-3
D4-lineage-D1,ref|NC_001147|,355083,AAT,A,5,56,8.93%,2.7945E-2
D4-lineage-D1,ref|NC_001147|,372140,G,GA,11,110,10%,3.685E-4
D4-lineage-D1,ref|NC_001147|,384807,AT,A,9,120,7.5%,1.65E-3
D4-lineage-D1,ref|NC_001147|,386646,C,CT,5,98,5.1%,2.961E-2
D4-lineage-D1,ref|NC_001147|,389237,T,G,96,96,100%,2.7702E-57
D4-lineage-D1,ref|NC_001147|,392113,GA,G,7,84,8.33%,6.8253E-3
D4-lineage-D1,ref|NC_001147|,397478,G,GA,8,98,8.16%,3.3669E-3
D4-lineage-D1,ref|NC_001147|,404121,G,GT,6,82,7.32%,1.4142E-2
D4-lineage-D1,ref|NC_001147|,423979,GA,G,6,86,6.98%,1.4197E-2
D4-lineage-D1,ref|NC_001147|,426603,G,GA,15,121,12.4%,1.8115E-5
D4-lineage-D1,ref|NC_001147|,430159,GA,G,9,88,10.23%,1.4657E-3
D4-lineage-D1,ref|NC_001147|,437763,T,A,75,75,100%,1.0773E-44
D4-lineage-D1,ref|NC_001147|,444498,A,AT,19,88,21.59%,5.0699E-7
D4-lineage-D1,ref|NC_001147|,445858,GT,G,6,112,5.36%,1.4588E-2
D4-lineage-D1,ref|NC_001147|,453009,T,C,21,65,32.31%,6.9273E-8
D4-lineage-D1,ref|NC_001147|,462157,A,AT,5,85,5.88%,2.9373E-2
D4-lineage-D1,ref|NC_001147|,475132,C,CA,9,84,10.71%,1.5299E-3
D4-lineage-D1,ref|NC_001147|,479259,A,AT,9,83,10.84%,1.5196E-3
D4-lineage-D1,ref|NC_001147|,483090,G,GT,5,81,6.17%,2.9254E-2
D4-lineage-D1,ref|NC_001147|,486874,C,CA,8,116,6.9%,3.4481E-3
D4-lineage-D1,ref|NC_001147|,489778,CAT,C,5,91,5.49%,2.95E-2
D4-lineage-D1,ref|NC_001147|,491013,CA,C,7,86,8.14%,6.8133E-3
D4-lineage-D1,ref|NC_001147|,511568,C,CA,8,113,7.08%,3.4281E-3
D4-lineage-D1,ref|NC_001147|,514910,GA,G,9,106,8.49%,1.6306E-3
D4-lineage-D1,ref|NC_001147|,519639,A,T,115,115,100%,1.1028E-68
D4-lineage-D1,ref|NC_001147|,522810,T,G,6,46,13.04%,1.3136E-2
D4-lineage-D1,ref|NC_001147|,522811,G,GA,16,61,26.23%,4.1444E-6
D4-lineage-D1,ref|NC_001147|,536839,CT,C,10,79,12.66%,7.1814E-4
D4-lineage-D1,ref|NC_001147|,537259,AT,A,6,74,8.11%,1.3903E-2
D4-lineage-D1,ref|NC_001147|,550529,A,AT,7,88,7.95%,6.837E-3
D4-lineage-D1,ref|NC_001147|,550563,A,AT,6,92,6.52%,1.4279E-2
D4-lineage-D1,ref|NC_001147|,554687,CT,C,5,76,6.58%,2.9174E-2
D4-lineage-D1,ref|NC_001147|,560809,G,GA,5,92,5.43%,2.948E-2
D4-lineage-D1,ref|NC_001147|,581669,C,CA,5,96,5.21%,2.948E-2
D4-lineage-D1,ref|NC_001147|,621698,TA,T,5,99,5.05%,2.9676E-2
D4-lineage-D1,ref|NC_001147|,623489,A,T,5,85,5.88%,2.9417E-2
D4-lineage-D1,ref|NC_001147|,624475,A,AT,6,98,6.12%,1.4442E-2
D4-lineage-D1,ref|NC_001147|,646740,C,T,6,44,13.64%,1.3026E-2
D4-lineage-D1,ref|NC_001147|,664299,A,T,5,79,6.33%,2.9279E-2
D4-lineage-D1,ref|NC_001147|,667564,GAT,G,5,68,7.35%,2.8819E-2
D4-lineage-D1,ref|NC_001147|,667734,T,TA,12,61,19.67%,1.2642E-4
D4-lineage-D1,ref|NC_001147|,670767,GA,G,16,89,17.98%,5.6213E-6
D4-lineage-D1,ref|NC_001147|,675324,CT,C,19,78,24.36%,3.9716E-7
D4-lineage-D1,ref|NC_001147|,681098,C,CA,7,85,8.24%,6.8133E-3
D4-lineage-D1,ref|NC_001147|,698289,A,AT,8,91,8.79%,3.2878E-3
D4-lineage-D1,ref|NC_001147|,704374,G,T,5,99,5.05%,2.9676E-2
D4-lineage-D1,ref|NC_001147|,708819,G,C,39,136,28.68%,7.5044E-14
D4-lineage-D1,ref|NC_001147|,708878,T,C,17,87,19.54%,3.2121E-6
D4-lineage-D1,ref|NC_001147|,718961,A,G,5,100,5%,2.9692E-2
D4-lineage-D1,ref|NC_001147|,720202,GA,G,12,131,9.16%,1.8423E-4
D4-lineage-D1,ref|NC_001147|,745306,CA,C,11,94,11.7%,3.4579E-4
D4-lineage-D1,ref|NC_001147|,746559,C,CA,10,92,10.87%,7.2689E-4
D4-lineage-D1,ref|NC_001147|,749865,A,T,6,95,6.32%,1.4405E-2
D4-lineage-D1,ref|NC_001147|,752140,C,G,7,57,12.28%,6.4254E-3
D4-lineage-D1,ref|NC_001147|,758102,C,CT,10,89,11.24%,7.2967E-4
D4-lineage-D1,ref|NC_001147|,761366,G,GA,5,95,5.26%,2.9575E-2
D4-lineage-D1,ref|NC_001147|,768266,GA,G,6,79,7.59%,1.4124E-2
D4-lineage-D1,ref|NC_001147|,769810,T,TA,7,83,8.43%,6.8133E-3
D4-lineage-D1,ref|NC_001147|,769933,A,AT,5,78,6.41%,2.9117E-2
D4-lineage-D1,ref|NC_001147|,770624,GT,G,18,74,24.32%,7.4863E-7
D4-lineage-D1,ref|NC_001147|,778168,G,T,5,100,5%,2.9692E-2
D4-lineage-D1,ref|NC_001147|,785519,C,CA,5,71,7.04%,2.8927E-2
D4-lineage-D1,ref|NC_001147|,795455,GA,G,10,94,10.64%,7.3768E-4
D4-lineage-D1,ref|NC_001147|,804922,AT,A,13,103,12.62%,7.6592E-5
D4-lineage-D1,ref|NC_001147|,830833,CT,C,8,106,7.55%,3.3561E-3
D4-lineage-D1,ref|NC_001147|,850190,T,TA,8,101,7.92%,3.3773E-3
D4-lineage-D1,ref|NC_001147|,859315,A,T,6,89,6.74%,1.4324E-2
D4-lineage-D1,ref|NC_001147|,875965,GA,G,12,96,12.5%,1.634E-4
D4-lineage-D1,ref|NC_001147|,877096,TA,T,6,80,7.5%,1.4104E-2
D4-lineage-D1,ref|NC_001147|,882623,CT,C,12,57,21.05%,1.1358E-4
D4-lineage-D1,ref|NC_001147|,888848,GT,G,7,48,14.58%,5.6667E-3
D4-lineage-D1,ref|NC_001147|,889748,T,TA,10,77,12.99%,6.8401E-4
D4-lineage-D1,ref|NC_001147|,894338,A,AT,10,95,10.53%,7.5223E-4
D4-lineage-D1,ref|NC_001147|,895762,AT,A,7,93,7.53%,6.9313E-3
D4-lineage-D1,ref|NC_001147|,909076,GT,G,7,46,15.56%,5.721E-3
D4-lineage-D1,ref|NC_001147|,913412,C,T,6,115,5.22%,1.4615E-2
D4-lineage-D1,ref|NC_001147|,923126,GAT,G,10,80,12.5%,7.0876E-4
D4-lineage-D1,ref|NC_001147|,925072,CA,C,8,105,7.62%,3.3505E-3
D4-lineage-D1,ref|NC_001147|,941087,A,T,5,91,5.49%,2.9538E-2
D4-lineage-D1,ref|NC_001147|,944473,CT,C,9,67,13.43%,1.3694E-3
D4-lineage-D1,ref|NC_001147|,954141,CT,C,8,47,17.02%,2.4931E-3
D4-lineage-D1,ref|NC_001147|,960775,T,TA,6,81,7.41%,1.4161E-2
D4-lineage-D1,ref|NC_001147|,967942,AT,A,15,77,19.48%,1.2459E-5
D4-lineage-D1,ref|NC_001147|,977029,CT,C,9,77,11.69%,1.4851E-3
D4-lineage-D1,ref|NC_001147|,978149,CA,C,8,83,9.64%,3.2091E-3
D4-lineage-D1,ref|NC_001147|,980936,C,G,126,126,100%,2.7519E-75
D4-lineage-D1,ref|NC_001147|,984788,TA,T,6,90,6.67%,1.4279E-2
D4-lineage-D1,ref|NC_001147|,989706,G,GA,10,98,10.2%,7.5223E-4
D4-lineage-D1,ref|NC_001147|,994943,C,CT,12,95,12.63%,1.634E-4
D4-lineage-D1,ref|NC_001147|,1000974,AT,A,14,78,17.95%,2.7899E-5
D4-lineage-D1,ref|NC_001147|,1004258,G,GT,8,59,13.56%,2.9389E-3
D4-lineage-D1,ref|NC_001147|,1006918,A,AT,5,75,6.67%,2.9174E-2
D4-lineage-D1,ref|NC_001147|,1013025,CTA,C,8,85,9.41%,3.2807E-3
D4-lineage-D1,ref|NC_001147|,1019588,CT,C,9,91,9.89%,1.5539E-3
D4-lineage-D1,ref|NC_001147|,1031381,CT,C,14,68,20.59%,2.1741E-5
D4-lineage-D1,ref|NC_001147|,1031486,T,A,5,61,8.2%,2.87E-2
D4-lineage-D1,ref|NC_001147|,1036615,GT,G,5,79,6.33%,2.9117E-2
D4-lineage-D1,ref|NC_001147|,1057968,T,TA,5,87,5.75%,2.9373E-2
D4-lineage-D1,ref|NC_001147|,1058879,AT,A,7,115,6.09%,7.1057E-3
D4-lineage-D1,ref|NC_001147|,1074149,T,TA,7,101,6.93%,6.9846E-3
D4-lineage-D1,ref|NC_001147|,1077950,CT,C,26,91,28.57%,1.6521E-9
D4-lineage-D1,ref|NC_001147|,1078302,C,CT,10,87,11.49%,7.2112E-4
D4-lineage-D1,ref|NC_001147|,1079662,T,A,5,51,9.8%,2.8203E-2
D4-lineage-D1,ref|NC_001147|,1081606,CT,C,8,48,16.67%,2.8249E-3
D4-lineage-D1,ref|NC_001147|,1090818,TATA,T,12,24,50%,3.8815E-5
D4-lineage-D1,ref|NC_001148|,7114,T,A,5,38,13.16%,2.7169E-2
D4-lineage-D1,ref|NC_001148|,9518,C,CA,12,68,17.65%,1.3273E-4
D4-lineage-D1,ref|NC_001148|,13174,T,TA,8,103,7.77%,3.3561E-3
D4-lineage-D1,ref|NC_001148|,14824,C,CT,6,86,6.98%,1.4247E-2
D4-lineage-D1,ref|NC_001148|,16931,AT,A,8,79,10.13%,3.1077E-3
D4-lineage-D1,ref|NC_001148|,16995,CT,C,9,62,14.52%,1.3694E-3
D4-lineage-D1,ref|NC_001148|,31572,T,A,6,115,5.22%,1.4615E-2
D4-lineage-D1,ref|NC_001148|,44428,G,GT,6,110,5.45%,1.457E-2
D4-lineage-D1,ref|NC_001148|,44495,TA,T,5,91,5.49%,2.95E-2
D4-lineage-D1,ref|NC_001148|,46594,AT,A,6,68,8.82%,1.3737E-2
D4-lineage-D1,ref|NC_001148|,53828,T,A,6,103,5.83%,1.4499E-2
D4-lineage-D1,ref|NC_001148|,74183,T,TA,9,87,10.34%,1.5399E-3
D4-lineage-D1,ref|NC_001148|,85402,C,CA,17,97,17.53%,3.1765E-6
D4-lineage-D1,ref|NC_001148|,104922,AT,A,6,91,6.59%,1.4294E-2
D4-lineage-D1,ref|NC_001148|,105500,AT,A,7,90,7.78%,6.9217E-3
D4-lineage-D1,ref|NC_001148|,132456,T,TA,18,97,18.56%,1.4677E-6
D4-lineage-D1,ref|NC_001148|,143324,C,CA,7,107,6.54%,7.0167E-3
D4-lineage-D1,ref|NC_001148|,144689,AGGAAACGTC,A,52,69,75.36%,1.6849E-23
D4-lineage-D1,ref|NC_001148|,153278,G,GA,8,87,9.2%,3.2347E-3
D4-lineage-D1,ref|NC_001148|,158512,G,T,6,81,7.41%,1.4197E-2
D4-lineage-D1,ref|NC_001148|,162374,GTA,G,16,86,18.6%,6.9374E-6
D4-lineage-D1,ref|NC_001148|,191944,C,T,111,111,100%,2.7737E-66
D4-lineage-D1,ref|NC_001148|,192966,CA,C,19,71,26.76%,3.5049E-7
D4-lineage-D1,ref|NC_001148|,197949,C,CA,5,67,7.46%,2.8856E-2
D4-lineage-D1,ref|NC_001148|,202659,A,AT,5,96,5.21%,2.9627E-2
D4-lineage-D1,ref|NC_001148|,209962,AT,A,7,92,7.61%,6.9313E-3
D4-lineage-D1,ref|NC_001148|,212823,GAT,G,6,58,10.34%,1.3571E-2
D4-lineage-D1,ref|NC_001148|,212901,TA,T,15,78,19.23%,1.3016E-5
D4-lineage-D1,ref|NC_001148|,215689,GA,G,8,79,10.13%,3.1718E-3
D4-lineage-D1,ref|NC_001148|,239118,GTA,G,10,96,10.42%,7.6307E-4
D4-lineage-D1,ref|NC_001148|,241085,A,T,5,80,6.25%,2.9303E-2
D4-lineage-D1,ref|NC_001148|,244248,TTA,T,12,71,16.9%,1.4479E-4
D4-lineage-D1,ref|NC_001148|,246835,GA,G,10,75,13.33%,6.7609E-4
D4-lineage-D1,ref|NC_001148|,259609,GT,G,14,96,14.58%,3.5546E-5
D4-lineage-D1,ref|NC_001148|,260986,C,CT,6,110,5.45%,1.453E-2
D4-lineage-D1,ref|NC_001148|,282651,CT,C,9,106,8.49%,1.6183E-3
D4-lineage-D1,ref|NC_001148|,296837,CT,C,16,118,13.56%,8.3818E-6
D4-lineage-D1,ref|NC_001148|,302892,C,CT,8,113,7.08%,3.397E-3
D4-lineage-D1,ref|NC_001148|,302994,GA,G,7,96,7.29%,6.9406E-3
D4-lineage-D1,ref|NC_001148|,312942,GTA,G,9,57,15.79%,1.3283E-3
D4-lineage-D1,ref|NC_001148|,325674,G,A,6,117,5.13%,1.4632E-2
D4-lineage-D1,ref|NC_001148|,352496,GA,G,11,113,9.73%,3.7455E-4
D4-lineage-D1,ref|NC_001148|,354069,C,T,15,67,22.39%,1.2648E-5
D4-lineage-D1,ref|NC_001148|,359487,G,GT,8,65,12.31%,2.9718E-3
D4-lineage-D1,ref|NC_001148|,370796,C,CT,6,103,5.83%,1.4477E-2
D4-lineage-D1,ref|NC_001148|,373417,A,AT,8,77,10.39%,3.2002E-3
D4-lineage-D1,ref|NC_001148|,381848,GTA,G,21,80,26.25%,8.1546E-8
D4-lineage-D1,ref|NC_001148|,383323,G,GA,5,98,5.1%,2.9592E-2
D4-lineage-D1,ref|NC_001148|,386559,AT,A,6,88,6.82%,1.4294E-2
D4-lineage-D1,ref|NC_001148|,404759,GT,G,14,65,21.54%,2.1741E-5
D4-lineage-D1,ref|NC_001148|,425229,GA,G,18,102,17.65%,1.5023E-6
D4-lineage-D1,ref|NC_001148|,427833,CA,C,8,137,5.84%,3.4962E-3
D4-lineage-D1,ref|NC_001148|,429162,G,A,6,93,6.45%,1.4379E-2
D4-lineage-D1,ref|NC_001148|,461297,TG,T,6,107,5.61%,1.454E-2
D4-lineage-D1,ref|NC_001148|,462244,GA,G,26,95,27.37%,9.8403E-10
D4-lineage-D1,ref|NC_001148|,475094,G,GA,7,105,6.67%,7.0243E-3
D4-lineage-D1,ref|NC_001148|,481304,AT,A,68,79,86.08%,3.1371E-34
D4-lineage-D1,ref|NC_001148|,482775,C,CT,9,117,7.69%,1.6625E-3
D4-lineage-D1,ref|NC_001148|,491804,C,CT,13,94,13.83%,7.1891E-5
D4-lineage-D1,ref|NC_001148|,502679,CA,C,13,64,20.31%,5.7349E-5
D4-lineage-D1,ref|NC_001148|,503238,T,C,8,57,14.04%,3.0025E-3
D4-lineage-D1,ref|NC_001148|,503385,GA,G,12,73,16.44%,1.2806E-4
D4-lineage-D1,ref|NC_001148|,513028,C,G,5,90,5.56%,2.9519E-2
D4-lineage-D1,ref|NC_001148|,528959,CT,C,5,63,7.94%,2.87E-2
D4-lineage-D1,ref|NC_001148|,538294,CT,C,8,138,5.8%,3.4992E-3
D4-lineage-D1,ref|NC_001148|,547866,T,C,7,90,7.78%,6.9217E-3
D4-lineage-D1,ref|NC_001148|,556594,C,A,5,80,6.25%,2.9303E-2
D4-lineage-D1,ref|NC_001148|,558033,A,AT,8,87,9.2%,3.2585E-3
D4-lineage-D1,ref|NC_001148|,564815,G,T,6,110,5.45%,1.457E-2
D4-lineage-D1,ref|NC_001148|,581369,T,C,6,49,12.24%,1.3285E-2
D4-lineage-D1,ref|NC_001148|,586599,GA,G,9,93,9.68%,1.567E-3
D4-lineage-D1,ref|NC_001148|,588390,C,T,93,93,100%,1.7451E-55
D4-lineage-D1,ref|NC_001148|,589896,CT,C,8,81,9.88%,3.1909E-3
D4-lineage-D1,ref|NC_001148|,591720,CAT,C,15,93,16.13%,1.4959E-5
D4-lineage-D1,ref|NC_001148|,592129,G,GA,10,97,10.31%,7.5448E-4
D4-lineage-D1,ref|NC_001148|,600560,G,GA,10,87,11.49%,7.3768E-4
D4-lineage-D1,ref|NC_001148|,607467,G,GA,6,75,8%,1.4021E-2
D4-lineage-D1,ref|NC_001148|,607820,C,CT,9,98,9.18%,1.567E-3
D4-lineage-D1,ref|NC_001148|,607997,CT,C,8,96,8.33%,3.3145E-3
D4-lineage-D1,ref|NC_001148|,615257,TA,T,7,58,12.28%,6.2977E-3
D4-lineage-D1,ref|NC_001148|,620255,CA,C,8,59,13.56%,2.8658E-3
D4-lineage-D1,ref|NC_001148|,621903,C,CA,8,80,10%,3.2002E-3
D4-lineage-D1,ref|NC_001148|,623198,G,GA,5,81,6.17%,2.9201E-2
D4-lineage-D1,ref|NC_001148|,623381,GA,G,8,99,8.08%,3.3448E-3
D4-lineage-D1,ref|NC_001148|,637259,C,G,7,62,11.29%,6.5333E-3
D4-lineage-D1,ref|NC_001148|,640090,TG,T,6,106,5.66%,1.453E-2
D4-lineage-D1,ref|NC_001148|,641628,G,GA,5,78,6.41%,2.9201E-2
D4-lineage-D1,ref|NC_001148|,643570,C,CT,10,111,9.01%,7.8693E-4
D4-lineage-D1,ref|NC_001148|,643709,G,GA,6,95,6.32%,1.4365E-2
D4-lineage-D1,ref|NC_001148|,643732,G,GA,8,89,8.99%,3.2735E-3
D4-lineage-D1,ref|NC_001148|,646234,C,CT,16,137,11.68%,9.0626E-6
D4-lineage-D1,ref|NC_001148|,650502,CTAT,C,9,82,10.98%,1.535E-3
D4-lineage-D1,ref|NC_001148|,653959,A,AT,6,105,5.71%,1.452E-2
D4-lineage-D1,ref|NC_001148|,655079,G,GA,7,82,8.54%,6.675E-3
D4-lineage-D1,ref|NC_001148|,656481,T,A,7,110,6.36%,7.0805E-3
D4-lineage-D1,ref|NC_001148|,661146,C,A,5,99,5.05%,2.9676E-2
D4-lineage-D1,ref|NC_001148|,661862,T,A,5,95,5.26%,2.961E-2
D4-lineage-D1,ref|NC_001148|,667520,T,G,82,82,100%,6.8742E-49
D4-lineage-D1,ref|NC_001148|,675808,G,GA,6,78,7.69%,1.4064E-2
D4-lineage-D1,ref|NC_001148|,677053,C,CT,5,99,5.05%,2.9676E-2
D4-lineage-D1,ref|NC_001148|,677102,A,G,96,96,100%,2.7702E-57
D4-lineage-D1,ref|NC_001148|,679448,G,GT,5,79,6.33%,2.9174E-2
D4-lineage-D1,ref|NC_001148|,695616,T,TA,8,72,11.11%,3.1191E-3
D4-lineage-D1,ref|NC_001148|,698526,GA,G,9,63,14.29%,1.3283E-3
D4-lineage-D1,ref|NC_001148|,714724,G,T,5,91,5.49%,2.9538E-2
D4-lineage-D1,ref|NC_001148|,746458,A,T,5,98,5.1%,2.966E-2
D4-lineage-D1,ref|NC_001148|,759400,T,G,93,93,100%,1.7451E-55
D4-lineage-D1,ref|NC_001148|,775718,TA,T,5,87,5.75%,2.9459E-2
D4-lineage-D1,ref|NC_001148|,799515,T,C,5,93,5.38%,2.9575E-2
D4-lineage-D1,ref|NC_001148|,802209,GA,G,5,81,6.17%,2.9228E-2
D4-lineage-D1,ref|NC_001148|,814358,C,CA,11,131,8.4%,3.9025E-4
D4-lineage-D1,ref|NC_001148|,819664,A,AT,8,80,10%,3.1815E-3
D4-lineage-D1,ref|NC_001148|,829699,CT,C,6,95,6.32%,1.4365E-2
D4-lineage-D1,ref|NC_001148|,837643,A,AT,10,105,9.52%,7.6512E-4
D4-lineage-D1,ref|NC_001148|,840627,AT,A,16,75,21.33%,3.7826E-6
D4-lineage-D1,ref|NC_001148|,842176,C,CT,6,104,5.77%,1.4477E-2
D4-lineage-D1,ref|NC_001148|,847034,A,C,5,59,8.47%,2.8614E-2
D4-lineage-D1,ref|NC_001148|,852115,T,A,16,43,37.21%,2.7433E-6
D4-lineage-D1,ref|NC_001148|,852516,T,C,7,77,9.09%,6.7755E-3
D4-lineage-D1,ref|NC_001148|,852560,G,T,12,68,17.65%,1.4358E-4
D4-lineage-D1,ref|NC_001148|,852570,T,C,12,70,17.14%,1.4598E-4
D4-lineage-D1,ref|NC_001148|,857189,GT,G,14,106,13.21%,3.5315E-5
D4-lineage-D1,ref|NC_001148|,868371,A,AT,13,70,18.57%,5.818E-5
D4-lineage-D1,ref|NC_001148|,876243,CTA,C,11,79,13.92%,3.2327E-4
D4-lineage-D1,ref|NC_001148|,878701,C,CA,5,92,5.43%,2.9557E-2
D4-lineage-D1,ref|NC_001148|,886454,GT,G,8,84,9.52%,3.2091E-3
D4-lineage-D1,ref|NC_001148|,887933,A,AT,7,72,9.72%,6.6426E-3
D4-lineage-D1,ref|NC_001148|,889529,C,A,5,98,5.1%,2.966E-2
D4-lineage-D1,ref|NC_001148|,890346,T,A,98,98,100%,1.7493E-58
D4-lineage-D1,ref|NC_001148|,909513,G,GA,5,90,5.56%,2.95E-2
D4-lineage-D1,ref|NC_001148|,909717,T,TA,6,74,8.11%,1.4064E-2
D4-lineage-D1,ref|NC_001148|,912564,T,TA,6,84,7.14%,1.4231E-2
D4-lineage-D1,ref|NC_001148|,939183,GA,G,11,70,15.71%,2.925E-4
D4-lineage-D1,ref|NC_001224|,3340,AAT,A,19,376,5.05%,1.5028E-6
D4-lineage-D1,ref|NC_001224|,12803,G,T,32,607,5.27%,1.5295E-10
D4-lineage-D1,ref|NC_001224|,12806,A,C,32,590,5.42%,1.5094E-10
D4-lineage-D1,ref|NC_001224|,16114,AT,A,1081,1718,62.92%,0E0
D4-lineage-D1,ref|NC_001224|,20345,GA,G,1247,1286,96.97%,0E0
D4-lineage-D1,ref|NC_001224|,20934,T,G,1371,1371,100%,0E0
D4-lineage-D1,ref|NC_001224|,33467,T,C,763,763,100%,0E0
D4-lineage-D1,ref|NC_001224|,33618,T,TTC,401,456,87.94%,2.1225E-200
D4-lineage-D1,ref|NC_001224|,33779,AC,A,517,583,88.68%,8.721E-265
D4-lineage-D1,ref|NC_001224|,39517,G,T,1097,1097,100%,0E0
D4-lineage-D1,ref|NC_001224|,43084,A,AT,922,1023,90.13%,0E0
D4-lineage-D1,ref|NC_001224|,44795,A,AT,903,1017,88.79%,0E0
D4-lineage-D1,ref|NC_001224|,49500,A,T,533,533,100%,5.177E-320
D4-lineage-D1,ref|NC_001224|,50980,A,AT,43,796,5.4%,6.2499E-14
D4-lineage-D1,ref|NC_001224|,55436,GC,G,236,758,31.13%,3.043E-81
D4-lineage-D1,ref|NC_001224|,56855,G,T,41,793,5.17%,2.675E-13
D4-lineage-D1,ref|NC_001224|,56858,A,C,40,779,5.13%,5.4412E-13
D4-lineage-D1,ref|NC_001224|,62646,AAT,A,40,405,9.88%,3.2064E-13
D4-lineage-D1,ref|NC_001224|,63656,C,CG,52,776,6.7%,8.6363E-17
D4-lineage-D1,ref|NC_001224|,66972,AAT,A,31,593,5.23%,3.1006E-10
D4-lineage-D1,ref|NC_001224|,73114,AG,A,555,593,93.59%,6.3458E-295
D4-lineage-D1,ref|NC_001224|,73136,TC,T,551,577,95.49%,4.851E-301
D4-lineage-D1,ref|NC_001224|,73518,AT,A,50,764,6.54%,3.6657E-16
D4-lineage-D1,ref|NC_001224|,82253,T,TA,544,618,88.03%,7.7966E-273
D4-lineage-D1,ref|NC_001224|,82507,T,A,487,487,100%,2.4504E-292
