regime,day,well,pair,raw_score,edited_score,edited_freq
Const30,0,1,A,2,2,0.5
Const30,0,2,A,2,2,0.5
Const30,0,3,A,2,2,0.5
Const30,0,4,A,2,2,0.5
Const30,0,5,A,2,2,0.5
Const30,0,6,A,1,1,0.25
Const30,0,7,B,1,3,0.75
Const30,0,8,B,2,2,0.5
Const30,0,9,B,3,1,0.25
Const30,0,10,B,2,2,0.5
Const30,0,11,B,1,3,0.75
Const30,0,12,B,3,1,0.25
Const30,0,13,A,1,1,0.25
Const30,0,14,A,2,2,0.5
Const30,0,15,A,2,2,0.5
Const30,0,16,A,2,2,0.5
Const30,0,17,A,3,3,0.75
Const30,0,18,A,1,1,0.25
Const30,0,19,B,2,2,0.5
Const30,0,20,B,1,3,0.75
Const30,0,21,B,2,2,0.5
Const30,0,22,B,2,2,0.5
Const30,0,23,B,2,2,0.5
Const30,0,24,B,2,2,0.5
Const30,0,25,A,1,1,0.25
Const30,0,26,A,3,3,0.75
Const30,0,27,A,2,2,0.5
Const30,0,28,A,2,2,0.5
Const30,0,29,A,2,2,0.5
Const30,0,30,A,2,2,0.5
Const30,0,31,B,3,1,0.25
Const30,0,32,B,2,2,0.5
Const30,0,33,B,1,3,0.75
Const30,0,34,B,1,3,0.75
Const30,0,35,B,2,2,0.5
Const30,0,36,B,2,2,0.5
Const30,0,37,A,2,2,0.5
Const30,0,38,A,2,2,0.5
Const30,0,39,A,2,2,0.5
Const30,0,40,A,2,2,0.5
Const30,0,41,A,2,2,0.5
Const30,0,42,A,2,2,0.5
Const30,0,43,B,2,2,0.5
Const30,0,44,B,2,2,0.5
Const30,0,45,B,2,2,0.5
Const30,0,46,B,2,2,0.5
Const30,0,47,B,1,3,0.75
Const30,0,48,B,2,2,0.5
Const30,0,49,A,2,2,0.5
Const30,0,50,A,2,2,0.5
Const30,0,51,A,2,2,0.5
Const30,0,52,A,2,2,0.5
Const30,0,53,A,3,3,0.75
Const30,0,54,A,2,2,0.5
Const30,0,55,B,2,2,0.5
Const30,0,56,B,2,2,0.5
Const30,0,57,B,2,2,0.5
Const30,0,58,B,2,2,0.5
Const30,0,59,B,3,1,0.25
Const30,0,60,B,3,1,0.25
Const30,0,61,A,2,2,0.5
Const30,0,62,A,2,2,0.5
Const30,0,63,A,1,1,0.25
Const30,0,64,A,1,1,0.25
Const30,0,65,A,2,2,0.5
Const30,0,66,A,3,3,0.75
Const30,0,67,B,2,2,0.5
Const30,0,68,B,3,1,0.25
Const30,0,69,B,2,2,0.5
Const30,0,70,B,2,2,0.5
Const30,0,71,B,3,1,0.25
Const30,0,72,B,2,2,0.5
Const30,0,73,A,2,2,0.5
Const30,0,74,A,2,2,0.5
Const30,0,75,A,3,3,0.75
Const30,0,76,A,2,2,0.5
Const30,0,77,A,2,2,0.5
Const30,0,78,A,2,2,0.5
Const30,0,79,B,2,2,0.5
Const30,0,80,B,2,2,0.5
Const30,0,81,B,2,2,0.5
Const30,0,82,B,3,1,0.25
Const30,0,83,B,2,2,0.5
Const30,0,84,B,2,2,0.5
Const30,0,85,A,2,2,0.5
Const30,0,86,A,3,3,0.75
Const30,0,87,A,3,3,0.75
Const30,0,88,A,2,2,0.5
Const30,0,89,A,2,2,0.5
Const30,0,90,A,1,1,0.25
Const30,0,91,B,2,2,0.5
Const30,0,92,B,3,1,0.25
Const30,0,93,B,3,1,0.25
Const30,0,94,B,1,3,0.75
Const30,0,95,B,1,3,0.75
Const30,0,96,B,3,1,0.25
Const39,0,1,A,2,2,0.5
Const39,0,2,A,3,3,0.75
Const39,0,3,A,2,2,0.5
Const39,0,4,A,1,1,0.25
Const39,0,5,A,3,3,0.75
Const39,0,6,A,3,3,0.75
Const39,0,7,B,2,2,0.5
Const39,0,8,B,2,2,0.5
Const39,0,9,B,1,3,0.75
Const39,0,10,B,2,2,0.5
Const39,0,11,B,2,2,0.5
Const39,0,12,B,2,2,0.5
Const39,0,13,A,1,1,0.25
Const39,0,14,A,2,2,0.5
Const39,0,15,A,2,2,0.5
Const39,0,16,A,2,2,0.5
Const39,0,17,A,3,3,0.75
Const39,0,18,A,2,2,0.5
Const39,0,19,B,2,2,0.5
Const39,0,20,B,1,3,0.75
Const39,0,21,B,2,2,0.5
Const39,0,22,B,2,2,0.5
Const39,0,23,B,2,2,0.5
Const39,0,24,B,2,2,0.5
Const39,0,25,A,3,3,0.75
Const39,0,26,A,1,1,0.25
Const39,0,27,A,2,2,0.5
Const39,0,28,A,1,1,0.25
Const39,0,29,A,2,2,0.5
Const39,0,30,A,3,3,0.75
Const39,0,31,B,3,1,0.25
Const39,0,32,B,2,2,0.5
Const39,0,33,B,1,3,0.75
Const39,0,34,B,2,2,0.5
Const39,0,35,B,2,2,0.5
Const39,0,36,B,2,2,0.5
Const39,0,37,A,2,2,0.5
Const39,0,38,A,2,2,0.5
Const39,0,39,A,1,1,0.25
Const39,0,40,A,2,2,0.5
Const39,0,41,A,2,2,0.5
Const39,0,42,A,2,2,0.5
Const39,0,43,B,3,1,0.25
Const39,0,44,B,2,2,0.5
Const39,0,45,B,1,3,0.75
Const39,0,46,B,2,2,0.5
Const39,0,47,B,1,3,0.75
Const39,0,48,B,2,2,0.5
Const39,0,49,A,3,3,0.75
Const39,0,50,A,1,1,0.25
Const39,0,51,A,2,2,0.5
Const39,0,52,A,2,2,0.5
Const39,0,53,A,2,2,0.5
Const39,0,54,A,2,2,0.5
Const39,0,55,B,2,2,0.5
Const39,0,56,B,2,2,0.5
Const39,0,57,B,1,3,0.75
Const39,0,58,B,2,2,0.5
Const39,0,59,B,2,2,0.5
Const39,0,60,B,3,1,0.25
Const39,0,61,A,1,1,0.25
Const39,0,62,A,3,3,0.75
Const39,0,63,A,3,3,0.75
Const39,0,64,A,3,3,0.75
Const39,0,65,A,2,2,0.5
Const39,0,66,A,2,2,0.5
Const39,0,67,B,2,2,0.5
Const39,0,68,B,2,2,0.5
Const39,0,69,B,2,2,0.5
Const39,0,70,B,2,2,0.5
Const39,0,71,B,2,2,0.5
Const39,0,72,B,2,2,0.5
Const39,0,73,A,2,2,0.5
Const39,0,74,A,2,2,0.5
Const39,0,75,A,2,2,0.5
Const39,0,76,A,2,2,0.5
Const39,0,77,A,3,3,0.75
Const39,0,78,A,3,3,0.75
Const39,0,79,B,1,3,0.75
Const39,0,80,B,2,2,0.5
Const39,0,81,B,2,2,0.5
Const39,0,82,B,2,2,0.5
Const39,0,83,B,1,3,0.75
Const39,0,84,B,2,2,0.5
Const39,0,85,A,1,1,0.25
Const39,0,86,A,3,3,0.75
Const39,0,87,A,1,1,0.25
Const39,0,88,A,2,2,0.5
Const39,0,89,A,2,2,0.5
Const39,0,90,A,1,1,0.25
Const39,0,91,B,1,3,0.75
Const39,0,92,B,2,2,0.5
Const39,0,93,B,2,2,0.5
Const39,0,94,B,1,3,0.75
Const39,0,95,B,2,2,0.5
Const39,0,96,B,2,2,0.5
25%,0,1,A,1,1,0.25
25%,0,2,A,1,1,0.25
25%,0,3,A,2,2,0.5
25%,0,4,A,2,2,0.5
25%,0,5,A,2,2,0.5
25%,0,6,A,2,2,0.5
25%,0,7,B,2,2,0.5
25%,0,8,B,2,2,0.5
25%,0,9,B,2,2,0.5
25%,0,10,B,2,2,0.5
25%,0,11,B,1,3,0.75
25%,0,12,B,1,3,0.75
25%,0,13,A,3,3,0.75
25%,0,14,A,2,2,0.5
25%,0,15,A,2,2,0.5
25%,0,16,A,3,3,0.75
25%,0,17,A,3,3,0.75
25%,0,18,A,2,2,0.5
25%,0,19,B,3,1,0.25
25%,0,20,B,3,1,0.25
25%,0,21,B,2,2,0.5
25%,0,22,B,3,1,0.25
25%,0,23,B,2,2,0.5
25%,0,24,B,2,2,0.5
25%,0,25,A,1,1,0.25
25%,0,26,A,1,1,0.25
25%,0,27,A,2,2,0.5
25%,0,28,A,2,2,0.5
25%,0,29,A,2,2,0.5
25%,0,30,A,2,2,0.5
25%,0,31,B,2,2,0.5
25%,0,32,B,2,2,0.5
25%,0,33,B,2,2,0.5
25%,0,34,B,2,2,0.5
25%,0,35,B,2,2,0.5
25%,0,36,B,3,1,0.25
25%,0,37,A,2,2,0.5
25%,0,38,A,2,2,0.5
25%,0,39,A,2,2,0.5
25%,0,40,A,3,3,0.75
25%,0,41,A,2,2,0.5
25%,0,42,A,3,3,0.75
25%,0,43,B,2,2,0.5
25%,0,44,B,2,2,0.5
25%,0,45,B,2,2,0.5
25%,0,46,B,2,2,0.5
25%,0,47,B,2,2,0.5
25%,0,48,B,2,2,0.5
25%,0,49,A,2,2,0.5
25%,0,50,A,1,1,0.25
25%,0,51,A,2,2,0.5
25%,0,52,A,3,3,0.75
25%,0,53,A,2,2,0.5
25%,0,54,A,3,3,0.75
25%,0,55,B,2,2,0.5
25%,0,56,B,2,2,0.5
25%,0,57,B,2,2,0.5
25%,0,58,B,2,2,0.5
25%,0,59,B,2,2,0.5
25%,0,60,B,3,1,0.25
25%,0,61,A,3,3,0.75
25%,0,62,A,2,2,0.5
25%,0,63,A,2,2,0.5
25%,0,64,A,2,2,0.5
25%,0,65,A,2,2,0.5
25%,0,66,A,2,2,0.5
25%,0,67,B,3,1,0.25
25%,0,68,B,2,2,0.5
25%,0,69,B,2,2,0.5
25%,0,70,B,1,3,0.75
25%,0,71,B,1,3,0.75
25%,0,72,B,3,1,0.25
25%,0,73,A,2,2,0.5
25%,0,74,A,1,1,0.25
25%,0,75,A,3,3,0.75
25%,0,76,A,1,1,0.25
25%,0,77,A,3,3,0.75
25%,0,78,A,3,3,0.75
25%,0,79,B,2,2,0.5
25%,0,80,B,2,2,0.5
25%,0,81,B,1,3,0.75
25%,0,82,B,2,2,0.5
25%,0,83,B,2,2,0.5
25%,0,84,B,3,1,0.25
25%,0,85,A,2,2,0.5
25%,0,86,A,2,2,0.5
25%,0,87,A,2,2,0.5
25%,0,88,A,2,2,0.5
25%,0,89,A,2,2,0.5
25%,0,90,A,2,2,0.5
25%,0,91,B,2,2,0.5
25%,0,92,B,2,2,0.5
25%,0,93,B,2,2,0.5
25%,0,94,B,1,3,0.75
25%,0,95,B,2,2,0.5
25%,0,96,B,1,3,0.75
15%,0,1,A,3,3,0.75
15%,0,2,A,2,2,0.5
15%,0,3,A,2,2,0.5
15%,0,4,A,3,3,0.75
15%,0,5,A,2,2,0.5
15%,0,6,A,2,2,0.5
15%,0,7,B,2,2,0.5
15%,0,8,B,3,1,0.25
15%,0,9,B,2,2,0.5
15%,0,10,B,3,1,0.25
15%,0,11,B,2,2,0.5
15%,0,12,B,2,2,0.5
15%,0,13,A,2,2,0.5
15%,0,14,A,2,2,0.5
15%,0,15,A,2,2,0.5
15%,0,16,A,2,2,0.5
15%,0,17,A,2,2,0.5
15%,0,18,A,3,3,0.75
15%,0,19,B,3,1,0.25
15%,0,20,B,3,1,0.25
15%,0,21,B,2,2,0.5
15%,0,22,B,2,2,0.5
15%,0,23,B,2,2,0.5
15%,0,24,B,2,2,0.5
15%,0,25,A,2,2,0.5
15%,0,26,A,3,3,0.75
15%,0,27,A,2,2,0.5
15%,0,28,A,1,1,0.25
15%,0,29,A,1,1,0.25
15%,0,30,A,3,3,0.75
15%,0,31,B,2,2,0.5
15%,0,32,B,2,2,0.5
15%,0,33,B,2,2,0.5
15%,0,34,B,2,2,0.5
15%,0,35,B,2,2,0.5
15%,0,36,B,1,3,0.75
15%,0,37,A,2,2,0.5
15%,0,38,A,2,2,0.5
15%,0,39,A,2,2,0.5
15%,0,40,A,3,3,0.75
15%,0,41,A,1,1,0.25
15%,0,42,A,2,2,0.5
15%,0,43,B,1,3,0.75
15%,0,44,B,2,2,0.5
15%,0,45,B,3,1,0.25
15%,0,46,B,2,2,0.5
15%,0,47,B,2,2,0.5
15%,0,48,B,1,3,0.75
15%,0,49,A,2,2,0.5
15%,0,50,A,2,2,0.5
15%,0,51,A,2,2,0.5
15%,0,52,A,3,3,0.75
15%,0,53,A,3,3,0.75
15%,0,54,A,2,2,0.5
15%,0,55,B,1,3,0.75
15%,0,56,B,2,2,0.5
15%,0,57,B,3,1,0.25
15%,0,58,B,3,1,0.25
15%,0,59,B,3,1,0.25
15%,0,60,B,2,2,0.5
15%,0,61,A,3,3,0.75
15%,0,62,A,3,3,0.75
15%,0,63,A,3,3,0.75
15%,0,64,A,3,3,0.75
15%,0,65,A,2,2,0.5
15%,0,66,A,2,2,0.5
15%,0,67,B,2,2,0.5
15%,0,68,B,3,1,0.25
15%,0,69,B,1,3,0.75
15%,0,70,B,2,2,0.5
15%,0,71,B,2,2,0.5
15%,0,72,B,2,2,0.5
15%,0,73,A,2,2,0.5
15%,0,74,A,1,1,0.25
15%,0,75,A,1,1,0.25
15%,0,76,A,2,2,0.5
15%,0,77,A,2,2,0.5
15%,0,78,A,2,2,0.5
15%,0,79,B,2,2,0.5
15%,0,80,B,2,2,0.5
15%,0,81,B,3,1,0.25
15%,0,82,B,1,3,0.75
15%,0,83,B,3,1,0.25
15%,0,84,B,2,2,0.5
15%,0,85,A,2,2,0.5
15%,0,86,A,2,2,0.5
15%,0,87,A,2,2,0.5
15%,0,88,A,1,1,0.25
15%,0,89,A,2,2,0.5
15%,0,90,A,3,3,0.75
15%,0,91,B,2,2,0.5
15%,0,92,B,2,2,0.5
15%,0,93,B,2,2,0.5
15%,0,94,B,3,1,0.25
15%,0,95,B,2,2,0.5
15%,0,96,B,3,1,0.25
35%,0,1,A,2,2,0.5
35%,0,2,A,1,1,0.25
35%,0,3,A,2,2,0.5
35%,0,4,A,2,2,0.5
35%,0,5,A,2,2,0.5
35%,0,6,A,2,2,0.5
35%,0,7,B,2,2,0.5
35%,0,8,B,3,1,0.25
35%,0,9,B,2,2,0.5
35%,0,10,B,2,2,0.5
35%,0,11,B,2,2,0.5
35%,0,12,B,1,3,0.75
35%,0,13,A,2,2,0.5
35%,0,14,A,1,1,0.25
35%,0,15,A,2,2,0.5
35%,0,16,A,3,3,0.75
35%,0,17,A,3,3,0.75
35%,0,18,A,3,3,0.75
35%,0,19,B,3,1,0.25
35%,0,20,B,2,2,0.5
35%,0,21,B,1,3,0.75
35%,0,22,B,2,2,0.5
35%,0,23,B,2,2,0.5
35%,0,24,B,3,1,0.25
35%,0,25,A,2,2,0.5
35%,0,26,A,2,2,0.5
35%,0,27,A,2,2,0.5
35%,0,28,A,1,1,0.25
35%,0,29,A,2,2,0.5
35%,0,30,A,2,2,0.5
35%,0,31,B,1,3,0.75
35%,0,32,B,1,3,0.75
35%,0,33,B,2,2,0.5
35%,0,34,B,1,3,0.75
35%,0,35,B,2,2,0.5
35%,0,36,B,2,2,0.5
35%,0,37,A,2,2,0.5
35%,0,38,A,1,1,0.25
35%,0,39,A,3,3,0.75
35%,0,40,A,2,2,0.5
35%,0,41,A,1,1,0.25
35%,0,42,A,3,3,0.75
35%,0,43,B,2,2,0.5
35%,0,44,B,3,1,0.25
35%,0,45,B,2,2,0.5
35%,0,46,B,2,2,0.5
35%,0,47,B,3,1,0.25
35%,0,48,B,2,2,0.5
35%,0,49,A,2,2,0.5
35%,0,50,A,1,1,0.25
35%,0,51,A,1,1,0.25
35%,0,52,A,1,1,0.25
35%,0,53,A,2,2,0.5
35%,0,54,A,3,3,0.75
35%,0,55,B,2,2,0.5
35%,0,56,B,1,3,0.75
35%,0,57,B,2,2,0.5
35%,0,58,B,2,2,0.5
35%,0,59,B,2,2,0.5
35%,0,60,B,1,3,0.75
35%,0,61,A,2,2,0.5
35%,0,62,A,2,2,0.5
35%,0,63,A,2,2,0.5
35%,0,64,A,3,3,0.75
35%,0,65,A,2,2,0.5
35%,0,66,A,1,1,0.25
35%,0,67,B,1,3,0.75
35%,0,68,B,3,1,0.25
35%,0,69,B,2,2,0.5
35%,0,70,B,2,2,0.5
35%,0,71,B,2,2,0.5
35%,0,72,B,1,3,0.75
35%,0,73,A,1,1,0.25
35%,0,74,A,2,2,0.5
35%,0,75,A,2,2,0.5
35%,0,76,A,2,2,0.5
35%,0,77,A,3,3,0.75
35%,0,78,A,2,2,0.5
35%,0,79,B,1,3,0.75
35%,0,80,B,2,2,0.5
35%,0,81,B,2,2,0.5
35%,0,82,B,2,2,0.5
35%,0,83,B,2,2,0.5
35%,0,84,B,3,1,0.25
35%,0,85,A,2,2,0.5
35%,0,86,A,3,3,0.75
35%,0,87,A,3,3,0.75
35%,0,88,A,2,2,0.5
35%,0,89,A,1,1,0.25
35%,0,90,A,1,1,0.25
35%,0,91,B,2,2,0.5
35%,0,92,B,2,2,0.5
35%,0,93,B,2,2,0.5
35%,0,94,B,2,2,0.5
35%,0,95,B,3,1,0.25
35%,0,96,B,3,1,0.25
Const30,2,1,A,1,1,0.25
Const30,2,2,A,2,2,0.5
Const30,2,3,A,1,1,0.25
Const30,2,4,A,2,2,0.5
Const30,2,5,A,1,1,0.25
Const30,2,6,A,1,1,0.25
Const30,2,7,B,2,2,0.5
Const30,2,8,B,2,2,0.5
Const30,2,9,B,2,2,0.5
Const30,2,10,B,3,1,0.25
Const30,2,11,B,3,1,0.25
Const30,2,12,B,3,1,0.25
Const30,2,13,A,1,1,0.25
Const30,2,14,A,2,2,0.5
Const30,2,15,A,1,1,0.25
Const30,2,16,A,2,2,0.5
Const30,2,17,A,2,2,0.5
Const30,2,18,A,1,1,0.25
Const30,2,19,B,3,1,0.25
Const30,2,20,B,1,3,0.75
Const30,2,21,B,2,2,0.5
Const30,2,22,B,2,2,0.5
Const30,2,23,B,2,2,0.5
Const30,2,24,B,2,2,0.5
Const30,2,25,A,2,2,0.5
Const30,2,26,A,3,3,0.75
Const30,2,27,A,2,2,0.5
Const30,2,28,A,1,1,0.25
Const30,2,29,A,1,1,0.25
Const30,2,30,A,1,1,0.25
Const30,2,31,B,2,2,0.5
Const30,2,32,B,2,2,0.5
Const30,2,33,B,3,1,0.25
Const30,2,34,B,2,2,0.5
Const30,2,35,B,2,2,0.5
Const30,2,36,B,2,2,0.5
Const30,2,37,A,2,2,0.5
Const30,2,38,A,2,2,0.5
Const30,2,39,A,1,1,0.25
Const30,2,40,A,1,1,0.25
Const30,2,41,A,2,2,0.5
Const30,2,42,A,2,2,0.5
Const30,2,43,B,3,1,0.25
Const30,2,44,B,3,1,0.25
Const30,2,45,B,3,1,0.25
Const30,2,46,B,3,1,0.25
Const30,2,47,B,3,1,0.25
Const30,2,48,B,2,2,0.5
Const30,2,49,A,1,1,0.25
Const30,2,50,A,1,1,0.25
Const30,2,51,A,2,2,0.5
Const30,2,52,A,1,1,0.25
Const30,2,53,A,3,3,0.75
Const30,2,54,A,0,0,0.0
Const30,2,55,B,3,1,0.25
Const30,2,56,B,2,2,0.5
Const30,2,57,B,3,1,0.25
Const30,2,58,B,3,1,0.25
Const30,2,59,B,3,1,0.25
Const30,2,60,B,2,2,0.5
Const30,2,61,A,3,3,0.75
Const30,2,62,A,2,2,0.5
Const30,2,63,A,1,1,0.25
Const30,2,64,A,2,2,0.5
Const30,2,65,A,1,1,0.25
Const30,2,66,A,1,1,0.25
Const30,2,67,B,3,1,0.25
Const30,2,68,B,3,1,0.25
Const30,2,69,B,3,1,0.25
Const30,2,70,B,2,2,0.5
Const30,2,71,B,2,2,0.5
Const30,2,72,B,4,0,0.0
Const30,2,73,A,2,2,0.5
Const30,2,74,A,1,1,0.25
Const30,2,75,A,2,2,0.5
Const30,2,76,A,2,2,0.5
Const30,2,77,A,0,0,0.0
Const30,2,78,A,2,2,0.5
Const30,2,79,B,3,1,0.25
Const30,2,80,B,3,1,0.25
Const30,2,81,B,2,2,0.5
Const30,2,82,B,3,1,0.25
Const30,2,83,B,3,1,0.25
Const30,2,84,B,2,2,0.5
Const30,2,85,A,2,2,0.5
Const30,2,86,A,1,1,0.25
Const30,2,87,A,1,1,0.25
Const30,2,88,A,2,2,0.5
Const30,2,89,A,2,2,0.5
Const30,2,90,A,2,2,0.5
Const30,2,91,B,3,1,0.25
Const30,2,92,B,2,2,0.5
Const30,2,93,B,3,1,0.25
Const30,2,94,B,3,1,0.25
Const30,2,95,B,3,1,0.25
Const30,2,96,B,2,2,0.5
Const39,2,1,A,2,2,0.5
Const39,2,2,A,2,2,0.5
Const39,2,3,A,3,3,0.75
Const39,2,4,A,3,3,0.75
Const39,2,5,A,3,3,0.75
Const39,2,6,A,2,2,0.5
Const39,2,7,B,2,2,0.5
Const39,2,8,B,1,3,0.75
Const39,2,9,B,2,2,0.5
Const39,2,10,B,2,2,0.5
Const39,2,11,B,1,3,0.75
Const39,2,12,B,1,3,0.75
Const39,2,13,A,3,3,0.75
Const39,2,14,A,2,2,0.5
Const39,2,15,A,2,2,0.5
Const39,2,16,A,2,2,0.5
Const39,2,17,A,2,2,0.5
Const39,2,18,A,2,2,0.5
Const39,2,19,B,1,3,0.75
Const39,2,20,B,2,2,0.5
Const39,2,21,B,1,3,0.75
Const39,2,22,B,2,2,0.5
Const39,2,23,B,2,2,0.5
Const39,2,24,B,1,3,0.75
Const39,2,25,A,3,3,0.75
Const39,2,26,A,3,3,0.75
Const39,2,27,A,2,2,0.5
Const39,2,28,A,2,2,0.5
Const39,2,29,A,2,2,0.5
Const39,2,30,A,3,3,0.75
Const39,2,31,B,1,3,0.75
Const39,2,32,B,1,3,0.75
Const39,2,33,B,1,3,0.75
Const39,2,34,B,2,2,0.5
Const39,2,35,B,2,2,0.5
Const39,2,36,B,1,3,0.75
Const39,2,37,A,3,3,0.75
Const39,2,38,A,2,2,0.5
Const39,2,39,A,1,1,0.25
Const39,2,40,A,3,3,0.75
Const39,2,41,A,2,2,0.5
Const39,2,42,A,3,3,0.75
Const39,2,43,B,2,2,0.5
Const39,2,44,B,2,2,0.5
Const39,2,45,B,2,2,0.5
Const39,2,46,B,1,3,0.75
Const39,2,47,B,2,2,0.5
Const39,2,48,B,2,2,0.5
Const39,2,49,A,2,2,0.5
Const39,2,50,A,3,3,0.75
Const39,2,51,A,1,1,0.25
Const39,2,52,A,2,2,0.5
Const39,2,53,A,4,4,1.0
Const39,2,54,A,3,3,0.75
Const39,2,55,B,2,2,0.5
Const39,2,56,B,2,2,0.5
Const39,2,57,B,1,3,0.75
Const39,2,58,B,2,2,0.5
Const39,2,59,B,2,2,0.5
Const39,2,60,B,1,3,0.75
Const39,2,61,A,2,2,0.5
Const39,2,62,A,3,3,0.75
Const39,2,63,A,2,2,0.5
Const39,2,64,A,3,3,0.75
Const39,2,65,A,2,2,0.5
Const39,2,66,A,2,2,0.5
Const39,2,67,B,2,2,0.5
Const39,2,68,B,2,2,0.5
Const39,2,69,B,2,2,0.5
Const39,2,70,B,2,2,0.5
Const39,2,71,B,2,2,0.5
Const39,2,72,B,1,3,0.75
Const39,2,73,A,2,2,0.5
Const39,2,74,A,2,2,0.5
Const39,2,75,A,3,3,0.75
Const39,2,76,A,3,3,0.75
Const39,2,77,A,3,3,0.75
Const39,2,78,A,3,3,0.75
Const39,2,79,B,2,2,0.5
Const39,2,80,B,1,3,0.75
Const39,2,81,B,2,2,0.5
Const39,2,82,B,2,2,0.5
Const39,2,83,B,2,2,0.5
Const39,2,84,B,1,3,0.75
Const39,2,85,A,1,1,0.25
Const39,2,86,A,2,2,0.5
Const39,2,87,A,3,3,0.75
Const39,2,88,A,3,3,0.75
Const39,2,89,A,2,2,0.5
Const39,2,90,A,2,2,0.5
Const39,2,91,B,3,1,0.25
Const39,2,92,B,2,2,0.5
Const39,2,93,B,2,2,0.5
Const39,2,94,B,2,2,0.5
Const39,2,95,B,2,2,0.5
Const39,2,96,B,2,2,0.5
25%,2,1,A,2,2,0.5
25%,2,2,A,1,1,0.25
25%,2,3,A,2,2,0.5
25%,2,4,A,3,3,0.75
25%,2,5,A,3,3,0.75
25%,2,6,A,2,2,0.5
25%,2,7,B,1,3,0.75
25%,2,8,B,2,2,0.5
25%,2,9,B,2,2,0.5
25%,2,10,B,1,3,0.75
25%,2,11,B,3,1,0.25
25%,2,12,B,3,1,0.25
25%,2,13,A,2,2,0.5
25%,2,14,A,2,2,0.5
25%,2,15,A,1,1,0.25
25%,2,16,A,3,3,0.75
25%,2,17,A,2,2,0.5
25%,2,18,A,3,3,0.75
25%,2,19,B,2,2,0.5
25%,2,20,B,3,1,0.25
25%,2,21,B,2,2,0.5
25%,2,22,B,2,2,0.5
25%,2,23,B,2,2,0.5
25%,2,24,B,2,2,0.5
25%,2,25,A,3,3,0.75
25%,2,26,A,3,3,0.75
25%,2,27,A,3,3,0.75
25%,2,28,A,2,2,0.5
25%,2,29,A,1,1,0.25
25%,2,30,A,2,2,0.5
25%,2,31,B,3,1,0.25
25%,2,32,B,2,2,0.5
25%,2,33,B,2,2,0.5
25%,2,34,B,2,2,0.5
25%,2,35,B,1,3,0.75
25%,2,36,B,2,2,0.5
25%,2,37,A,3,3,0.75
25%,2,38,A,2,2,0.5
25%,2,39,A,2,2,0.5
25%,2,40,A,1,1,0.25
25%,2,41,A,2,2,0.5
25%,2,42,A,2,2,0.5
25%,2,43,B,2,2,0.5
25%,2,44,B,1,3,0.75
25%,2,45,B,2,2,0.5
25%,2,46,B,3,1,0.25
25%,2,47,B,1,3,0.75
25%,2,48,B,3,1,0.25
25%,2,49,A,2,2,0.5
25%,2,50,A,2,2,0.5
25%,2,51,A,3,3,0.75
25%,2,52,A,1,1,0.25
25%,2,53,A,1,1,0.25
25%,2,54,A,2,2,0.5
25%,2,55,B,3,1,0.25
25%,2,56,B,2,2,0.5
25%,2,57,B,2,2,0.5
25%,2,58,B,2,2,0.5
25%,2,59,B,2,2,0.5
25%,2,60,B,2,2,0.5
25%,2,61,A,2,2,0.5
25%,2,62,A,2,2,0.5
25%,2,63,A,3,3,0.75
25%,2,64,A,2,2,0.5
25%,2,65,A,3,3,0.75
25%,2,66,A,2,2,0.5
25%,2,67,B,1,3,0.75
25%,2,68,B,3,1,0.25
25%,2,69,B,1,3,0.75
25%,2,70,B,3,1,0.25
25%,2,71,B,2,2,0.5
25%,2,72,B,3,1,0.25
25%,2,73,A,1,1,0.25
25%,2,74,A,1,1,0.25
25%,2,75,A,2,2,0.5
25%,2,76,A,2,2,0.5
25%,2,77,A,3,3,0.75
25%,2,78,A,3,3,0.75
25%,2,79,B,1,3,0.75
25%,2,80,B,2,2,0.5
25%,2,81,B,2,2,0.5
25%,2,82,B,1,3,0.75
25%,2,83,B,2,2,0.5
25%,2,84,B,3,1,0.25
25%,2,85,A,2,2,0.5
25%,2,86,A,3,3,0.75
25%,2,87,A,2,2,0.5
25%,2,88,A,2,2,0.5
25%,2,89,A,2,2,0.5
25%,2,90,A,2,2,0.5
25%,2,91,B,2,2,0.5
25%,2,92,B,3,1,0.25
25%,2,93,B,1,3,0.75
25%,2,94,B,2,2,0.5
25%,2,95,B,2,2,0.5
25%,2,96,B,2,2,0.5
15%,2,1,A,3,3,0.75
15%,2,2,A,2,2,0.5
15%,2,3,A,2,2,0.5
15%,2,4,A,2,2,0.5
15%,2,5,A,2,2,0.5
15%,2,6,A,1,1,0.25
15%,2,7,B,2,2,0.5
15%,2,8,B,2,2,0.5
15%,2,9,B,2,2,0.5
15%,2,10,B,1,3,0.75
15%,2,11,B,2,2,0.5
15%,2,12,B,2,2,0.5
15%,2,13,A,3,3,0.75
15%,2,14,A,2,2,0.5
15%,2,15,A,2,2,0.5
15%,2,16,A,2,2,0.5
15%,2,17,A,2,2,0.5
15%,2,18,A,1,1,0.25
15%,2,19,B,2,2,0.5
15%,2,20,B,2,2,0.5
15%,2,21,B,2,2,0.5
15%,2,22,B,3,1,0.25
15%,2,23,B,2,2,0.5
15%,2,24,B,2,2,0.5
15%,2,25,A,2,2,0.5
15%,2,26,A,2,2,0.5
15%,2,27,A,2,2,0.5
15%,2,28,A,3,3,0.75
15%,2,29,A,2,2,0.5
15%,2,30,A,2,2,0.5
15%,2,31,B,1,3,0.75
15%,2,32,B,1,3,0.75
15%,2,33,B,3,1,0.25
15%,2,34,B,1,3,0.75
15%,2,35,B,2,2,0.5
15%,2,36,B,2,2,0.5
15%,2,37,A,2,2,0.5
15%,2,38,A,3,3,0.75
15%,2,39,A,1,1,0.25
15%,2,40,A,2,2,0.5
15%,2,41,A,3,3,0.75
15%,2,42,A,2,2,0.5
15%,2,43,B,2,2,0.5
15%,2,44,B,3,1,0.25
15%,2,45,B,1,3,0.75
15%,2,46,B,1,3,0.75
15%,2,47,B,2,2,0.5
15%,2,48,B,1,3,0.75
15%,2,49,A,2,2,0.5
15%,2,50,A,3,3,0.75
15%,2,51,A,3,3,0.75
15%,2,52,A,2,2,0.5
15%,2,53,A,2,2,0.5
15%,2,54,A,3,3,0.75
15%,2,55,B,3,1,0.25
15%,2,56,B,2,2,0.5
15%,2,57,B,2,2,0.5
15%,2,58,B,2,2,0.5
15%,2,59,B,2,2,0.5
15%,2,60,B,2,2,0.5
15%,2,61,A,2,2,0.5
15%,2,62,A,2,2,0.5
15%,2,63,A,2,2,0.5
15%,2,64,A,2,2,0.5
15%,2,65,A,2,2,0.5
15%,2,66,A,3,3,0.75
15%,2,67,B,2,2,0.5
15%,2,68,B,2,2,0.5
15%,2,69,B,1,3,0.75
15%,2,70,B,3,1,0.25
15%,2,71,B,3,1,0.25
15%,2,72,B,3,1,0.25
15%,2,73,A,2,2,0.5
15%,2,74,A,3,3,0.75
15%,2,75,A,2,2,0.5
15%,2,76,A,3,3,0.75
15%,2,77,A,2,2,0.5
15%,2,78,A,2,2,0.5
15%,2,79,B,2,2,0.5
15%,2,80,B,2,2,0.5
15%,2,81,B,2,2,0.5
15%,2,82,B,2,2,0.5
15%,2,83,B,2,2,0.5
15%,2,84,B,2,2,0.5
15%,2,85,A,1,1,0.25
15%,2,86,A,2,2,0.5
15%,2,87,A,2,2,0.5
15%,2,88,A,1,1,0.25
15%,2,89,A,2,2,0.5
15%,2,90,A,1,1,0.25
15%,2,91,B,3,1,0.25
15%,2,92,B,3,1,0.25
15%,2,93,B,3,1,0.25
15%,2,94,B,2,2,0.5
15%,2,95,B,1,3,0.75
15%,2,96,B,2,2,0.5
35%,2,1,A,2,2,0.5
35%,2,2,A,2,2,0.5
35%,2,3,A,3,3,0.75
35%,2,4,A,2,2,0.5
35%,2,5,A,2,2,0.5
35%,2,6,A,1,1,0.25
35%,2,7,B,1,3,0.75
35%,2,8,B,1,3,0.75
35%,2,9,B,2,2,0.5
35%,2,10,B,2,2,0.5
35%,2,11,B,2,2,0.5
35%,2,12,B,2,2,0.5
35%,2,13,A,2,2,0.5
35%,2,14,A,1,1,0.25
35%,2,15,A,2,2,0.5
35%,2,16,A,2,2,0.5
35%,2,17,A,2,2,0.5
35%,2,18,A,1,1,0.25
35%,2,19,B,1,3,0.75
35%,2,20,B,2,2,0.5
35%,2,21,B,1,3,0.75
35%,2,22,B,2,2,0.5
35%,2,23,B,3,1,0.25
35%,2,24,B,2,2,0.5
35%,2,25,A,1,1,0.25
35%,2,26,A,2,2,0.5
35%,2,27,A,2,2,0.5
35%,2,28,A,2,2,0.5
35%,2,29,A,2,2,0.5
35%,2,30,A,1,1,0.25
35%,2,31,B,2,2,0.5
35%,2,32,B,2,2,0.5
35%,2,33,B,2,2,0.5
35%,2,34,B,2,2,0.5
35%,2,35,B,2,2,0.5
35%,2,36,B,2,2,0.5
35%,2,37,A,3,3,0.75
35%,2,38,A,2,2,0.5
35%,2,39,A,1,1,0.25
35%,2,40,A,2,2,0.5
35%,2,41,A,1,1,0.25
35%,2,42,A,1,1,0.25
35%,2,43,B,2,2,0.5
35%,2,44,B,2,2,0.5
35%,2,45,B,1,3,0.75
35%,2,46,B,1,3,0.75
35%,2,47,B,3,1,0.25
35%,2,48,B,2,2,0.5
35%,2,49,A,2,2,0.5
35%,2,50,A,1,1,0.25
35%,2,51,A,2,2,0.5
35%,2,52,A,3,3,0.75
35%,2,53,A,2,2,0.5
35%,2,54,A,3,3,0.75
35%,2,55,B,2,2,0.5
35%,2,56,B,3,1,0.25
35%,2,57,B,1,3,0.75
35%,2,58,B,1,3,0.75
35%,2,59,B,2,2,0.5
35%,2,60,B,1,3,0.75
35%,2,61,A,3,3,0.75
35%,2,62,A,2,2,0.5
35%,2,63,A,1,1,0.25
35%,2,64,A,2,2,0.5
35%,2,65,A,1,1,0.25
35%,2,66,A,3,3,0.75
35%,2,67,B,2,2,0.5
35%,2,68,B,2,2,0.5
35%,2,69,B,2,2,0.5
35%,2,70,B,2,2,0.5
35%,2,71,B,3,1,0.25
35%,2,72,B,2,2,0.5
35%,2,73,A,3,3,0.75
35%,2,74,A,2,2,0.5
35%,2,75,A,3,3,0.75
35%,2,76,A,1,1,0.25
35%,2,77,A,2,2,0.5
35%,2,78,A,1,1,0.25
35%,2,79,B,3,1,0.25
35%,2,80,B,1,3,0.75
35%,2,81,B,2,2,0.5
35%,2,82,B,2,2,0.5
35%,2,83,B,3,1,0.25
35%,2,84,B,2,2,0.5
35%,2,85,A,2,2,0.5
35%,2,86,A,2,2,0.5
35%,2,87,A,2,2,0.5
35%,2,88,A,2,2,0.5
35%,2,89,A,2,2,0.5
35%,2,90,A,1,1,0.25
35%,2,91,B,2,2,0.5
35%,2,92,B,1,3,0.75
35%,2,93,B,1,3,0.75
35%,2,94,B,1,3,0.75
35%,2,95,B,3,1,0.25
35%,2,96,B,3,1,0.25
Const30,4,1,A,1,1,0.25
Const30,4,2,A,1,1,0.25
Const30,4,3,A,1,1,0.25
Const30,4,4,A,1,1,0.25
Const30,4,5,A,1,1,0.25
Const30,4,6,A,1,1,0.25
Const30,4,7,B,3,1,0.25
Const30,4,8,B,3,1,0.25
Const30,4,9,B,3,1,0.25
Const30,4,10,B,3,1,0.25
Const30,4,11,B,3,1,0.25
Const30,4,12,B,3,1,0.25
Const30,4,13,A,2,2,0.5
Const30,4,14,A,1,1,0.25
Const30,4,15,A,1,1,0.25
Const30,4,16,A,2,2,0.5
Const30,4,17,A,0,0,0.0
Const30,4,18,A,1,1,0.25
Const30,4,19,B,2,2,0.5
Const30,4,20,B,3,1,0.25
Const30,4,21,B,3,1,0.25
Const30,4,22,B,3,1,0.25
Const30,4,23,B,3,1,0.25
Const30,4,24,B,4,0,0.0
Const30,4,25,A,1,1,0.25
Const30,4,26,A,1,1,0.25
Const30,4,27,A,0,0,0.0
Const30,4,28,A,1,1,0.25
Const30,4,29,A,2,2,0.5
Const30,4,30,A,0,0,0.0
Const30,4,31,B,3,1,0.25
Const30,4,32,B,2,2,0.5
Const30,4,33,B,2,2,0.5
Const30,4,34,B,3,1,0.25
Const30,4,35,B,3,1,0.25
Const30,4,36,B,3,1,0.25
Const30,4,37,A,2,2,0.5
Const30,4,38,A,1,1,0.25
Const30,4,39,A,1,1,0.25
Const30,4,40,A,1,1,0.25
Const30,4,41,A,2,2,0.5
Const30,4,42,A,1,1,0.25
Const30,4,43,B,3,1,0.25
Const30,4,44,B,3,1,0.25
Const30,4,45,B,2,2,0.5
Const30,4,46,B,4,0,0.0
Const30,4,47,B,3,1,0.25
Const30,4,48,B,3,1,0.25
Const30,4,49,A,2,2,0.5
Const30,4,50,A,1,1,0.25
Const30,4,51,A,2,2,0.5
Const30,4,52,A,1,1,0.25
Const30,4,53,A,1,1,0.25
Const30,4,54,A,2,2,0.5
Const30,4,55,B,3,1,0.25
Const30,4,56,B,3,1,0.25
Const30,4,57,B,3,1,0.25
Const30,4,58,B,3,1,0.25
Const30,4,59,B,2,2,0.5
Const30,4,60,B,3,1,0.25
Const30,4,61,A,1,1,0.25
Const30,4,62,A,1,1,0.25
Const30,4,63,A,1,1,0.25
Const30,4,64,A,2,2,0.5
Const30,4,65,A,1,1,0.25
Const30,4,66,A,2,2,0.5
Const30,4,67,B,4,0,0.0
Const30,4,68,B,2,2,0.5
Const30,4,69,B,3,1,0.25
Const30,4,70,B,3,1,0.25
Const30,4,71,B,3,1,0.25
Const30,4,72,B,4,0,0.0
Const30,4,73,A,2,2,0.5
Const30,4,74,A,1,1,0.25
Const30,4,75,A,1,1,0.25
Const30,4,76,A,1,1,0.25
Const30,4,77,A,1,1,0.25
Const30,4,78,A,0,0,0.0
Const30,4,79,B,3,1,0.25
Const30,4,80,B,3,1,0.25
Const30,4,81,B,3,1,0.25
Const30,4,82,B,3,1,0.25
Const30,4,83,B,3,1,0.25
Const30,4,84,B,4,0,0.0
Const30,4,85,A,1,1,0.25
Const30,4,86,A,0,0,0.0
Const30,4,87,A,1,1,0.25
Const30,4,88,A,1,1,0.25
Const30,4,89,A,1,1,0.25
Const30,4,90,A,1,1,0.25
Const30,4,91,B,3,1,0.25
Const30,4,92,B,3,1,0.25
Const30,4,93,B,2,2,0.5
Const30,4,94,B,3,1,0.25
Const30,4,95,B,3,1,0.25
Const30,4,96,B,2,2,0.5
Const39,4,1,A,4,4,1.0
Const39,4,2,A,1,1,0.25
Const39,4,3,A,2,2,0.5
Const39,4,4,A,4,4,1.0
Const39,4,5,A,3,3,0.75
Const39,4,6,A,3,3,0.75
Const39,4,7,B,2,2,0.5
Const39,4,8,B,0,4,1.0
Const39,4,9,B,2,2,0.5
Const39,4,10,B,1,3,0.75
Const39,4,11,B,1,3,0.75
Const39,4,12,B,1,3,0.75
Const39,4,13,A,3,3,0.75
Const39,4,14,A,3,3,0.75
Const39,4,15,A,3,3,0.75
Const39,4,16,A,3,3,0.75
Const39,4,17,A,3,3,0.75
Const39,4,18,A,3,3,0.75
Const39,4,19,B,2,2,0.5
Const39,4,20,B,1,3,0.75
Const39,4,21,B,1,3,0.75
Const39,4,22,B,1,3,0.75
Const39,4,23,B,1,3,0.75
Const39,4,24,B,2,2,0.5
Const39,4,25,A,3,3,0.75
Const39,4,26,A,3,3,0.75
Const39,4,27,A,2,2,0.5
Const39,4,28,A,3,3,0.75
Const39,4,29,A,3,3,0.75
Const39,4,30,A,2,2,0.5
Const39,4,31,B,1,3,0.75
Const39,4,32,B,0,4,1.0
Const39,4,33,B,2,2,0.5
Const39,4,34,B,1,3,0.75
Const39,4,35,B,3,1,0.25
Const39,4,36,B,1,3,0.75
Const39,4,37,A,2,2,0.5
Const39,4,38,A,3,3,0.75
Const39,4,39,A,3,3,0.75
Const39,4,40,A,2,2,0.5
Const39,4,41,A,3,3,0.75
Const39,4,42,A,2,2,0.5
Const39,4,43,B,1,3,0.75
Const39,4,44,B,2,2,0.5
Const39,4,45,B,2,2,0.5
Const39,4,46,B,2,2,0.5
Const39,4,47,B,2,2,0.5
Const39,4,48,B,1,3,0.75
Const39,4,49,A,4,4,1.0
Const39,4,50,A,2,2,0.5
Const39,4,51,A,3,3,0.75
Const39,4,52,A,3,3,0.75
Const39,4,53,A,2,2,0.5
Const39,4,54,A,2,2,0.5
Const39,4,55,B,1,3,0.75
Const39,4,56,B,1,3,0.75
Const39,4,57,B,1,3,0.75
Const39,4,58,B,1,3,0.75
Const39,4,59,B,2,2,0.5
Const39,4,60,B,2,2,0.5
Const39,4,61,A,3,3,0.75
Const39,4,62,A,2,2,0.5
Const39,4,63,A,2,2,0.5
Const39,4,64,A,3,3,0.75
Const39,4,65,A,3,3,0.75
Const39,4,66,A,2,2,0.5
Const39,4,67,B,1,3,0.75
Const39,4,68,B,1,3,0.75
Const39,4,69,B,2,2,0.5
Const39,4,70,B,2,2,0.5
Const39,4,71,B,1,3,0.75
Const39,4,72,B,2,2,0.5
Const39,4,73,A,2,2,0.5
Const39,4,74,A,3,3,0.75
Const39,4,75,A,3,3,0.75
Const39,4,76,A,1,1,0.25
Const39,4,77,A,3,3,0.75
Const39,4,78,A,2,2,0.5
Const39,4,79,B,0,4,1.0
Const39,4,80,B,0,4,1.0
Const39,4,81,B,1,3,0.75
Const39,4,82,B,2,2,0.5
Const39,4,83,B,0,4,1.0
Const39,4,84,B,1,3,0.75
Const39,4,85,A,2,2,0.5
Const39,4,86,A,2,2,0.5
Const39,4,87,A,4,4,1.0
Const39,4,88,A,3,3,0.75
Const39,4,89,A,3,3,0.75
Const39,4,90,A,3,3,0.75
Const39,4,91,B,1,3,0.75
Const39,4,92,B,2,2,0.5
Const39,4,93,B,1,3,0.75
Const39,4,94,B,2,2,0.5
Const39,4,95,B,1,3,0.75
Const39,4,96,B,1,3,0.75
25%,4,1,A,2,2,0.5
25%,4,2,A,2,2,0.5
25%,4,3,A,2,2,0.5
25%,4,4,A,1,1,0.25
25%,4,5,A,1,1,0.25
25%,4,6,A,1,1,0.25
25%,4,7,B,2,2,0.5
25%,4,8,B,1,3,0.75
25%,4,9,B,3,1,0.25
25%,4,10,B,3,1,0.25
25%,4,11,B,3,1,0.25
25%,4,12,B,2,2,0.5
25%,4,13,A,1,1,0.25
25%,4,14,A,2,2,0.5
25%,4,15,A,2,2,0.5
25%,4,16,A,1,1,0.25
25%,4,17,A,1,1,0.25
25%,4,18,A,2,2,0.5
25%,4,19,B,3,1,0.25
25%,4,20,B,2,2,0.5
25%,4,21,B,2,2,0.5
25%,4,22,B,2,2,0.5
25%,4,23,B,2,2,0.5
25%,4,24,B,1,3,0.75
25%,4,25,A,2,2,0.5
25%,4,26,A,1,1,0.25
25%,4,27,A,1,1,0.25
25%,4,28,A,2,2,0.5
25%,4,29,A,1,1,0.25
25%,4,30,A,2,2,0.5
25%,4,31,B,4,0,0.0
25%,4,32,B,2,2,0.5
25%,4,33,B,2,2,0.5
25%,4,34,B,3,1,0.25
25%,4,35,B,3,1,0.25
25%,4,36,B,2,2,0.5
25%,4,37,A,2,2,0.5
25%,4,38,A,1,1,0.25
25%,4,39,A,2,2,0.5
25%,4,40,A,2,2,0.5
25%,4,41,A,1,1,0.25
25%,4,42,A,1,1,0.25
25%,4,43,B,3,1,0.25
25%,4,44,B,3,1,0.25
25%,4,45,B,2,2,0.5
25%,4,46,B,2,2,0.5
25%,4,47,B,2,2,0.5
25%,4,48,B,3,1,0.25
25%,4,49,A,2,2,0.5
25%,4,50,A,1,1,0.25
25%,4,51,A,2,2,0.5
25%,4,52,A,3,3,0.75
25%,4,53,A,2,2,0.5
25%,4,54,A,1,1,0.25
25%,4,55,B,1,3,0.75
25%,4,56,B,2,2,0.5
25%,4,57,B,2,2,0.5
25%,4,58,B,2,2,0.5
25%,4,59,B,3,1,0.25
25%,4,60,B,3,1,0.25
25%,4,61,A,1,1,0.25
25%,4,62,A,1,1,0.25
25%,4,63,A,2,2,0.5
25%,4,64,A,1,1,0.25
25%,4,65,A,2,2,0.5
25%,4,66,A,2,2,0.5
25%,4,67,B,2,2,0.5
25%,4,68,B,3,1,0.25
25%,4,69,B,3,1,0.25
25%,4,70,B,3,1,0.25
25%,4,71,B,3,1,0.25
25%,4,72,B,2,2,0.5
25%,4,73,A,1,1,0.25
25%,4,74,A,1,1,0.25
25%,4,75,A,1,1,0.25
25%,4,76,A,1,1,0.25
25%,4,77,A,0,0,0.0
25%,4,78,A,1,1,0.25
25%,4,79,B,2,2,0.5
25%,4,80,B,2,2,0.5
25%,4,81,B,2,2,0.5
25%,4,82,B,2,2,0.5
25%,4,83,B,3,1,0.25
25%,4,84,B,3,1,0.25
25%,4,85,A,1,1,0.25
25%,4,86,A,1,1,0.25
25%,4,87,A,0,0,0.0
25%,4,88,A,2,2,0.5
25%,4,89,A,1,1,0.25
25%,4,90,A,1,1,0.25
25%,4,91,B,4,0,0.0
25%,4,92,B,2,2,0.5
25%,4,93,B,2,2,0.5
25%,4,94,B,2,2,0.5
25%,4,95,B,3,1,0.25
25%,4,96,B,3,1,0.25
15%,4,1,A,1,1,0.25
15%,4,2,A,2,2,0.5
15%,4,3,A,2,2,0.5
15%,4,4,A,1,1,0.25
15%,4,5,A,3,3,0.75
15%,4,6,A,2,2,0.5
15%,4,7,B,2,2,0.5
15%,4,8,B,3,1,0.25
15%,4,9,B,2,2,0.5
15%,4,10,B,3,1,0.25
15%,4,11,B,3,1,0.25
15%,4,12,B,3,1,0.25
15%,4,13,A,1,1,0.25
15%,4,14,A,2,2,0.5
15%,4,15,A,1,1,0.25
15%,4,16,A,1,1,0.25
15%,4,17,A,3,3,0.75
15%,4,18,A,2,2,0.5
15%,4,19,B,2,2,0.5
15%,4,20,B,3,1,0.25
15%,4,21,B,2,2,0.5
15%,4,22,B,3,1,0.25
15%,4,23,B,2,2,0.5
15%,4,24,B,2,2,0.5
15%,4,25,A,2,2,0.5
15%,4,26,A,1,1,0.25
15%,4,27,A,2,2,0.5
15%,4,28,A,1,1,0.25
15%,4,29,A,1,1,0.25
15%,4,30,A,2,2,0.5
15%,4,31,B,2,2,0.5
15%,4,32,B,2,2,0.5
15%,4,33,B,3,1,0.25
15%,4,34,B,2,2,0.5
15%,4,35,B,2,2,0.5
15%,4,36,B,2,2,0.5
15%,4,37,A,3,3,0.75
15%,4,38,A,1,1,0.25
15%,4,39,A,1,1,0.25
15%,4,40,A,1,1,0.25
15%,4,41,A,2,2,0.5
15%,4,42,A,1,1,0.25
15%,4,43,B,2,2,0.5
15%,4,44,B,2,2,0.5
15%,4,45,B,2,2,0.5
15%,4,46,B,2,2,0.5
15%,4,47,B,3,1,0.25
15%,4,48,B,2,2,0.5
15%,4,49,A,2,2,0.5
15%,4,50,A,2,2,0.5
15%,4,51,A,1,1,0.25
15%,4,52,A,1,1,0.25
15%,4,53,A,2,2,0.5
15%,4,54,A,2,2,0.5
15%,4,55,B,2,2,0.5
15%,4,56,B,3,1,0.25
15%,4,57,B,2,2,0.5
15%,4,58,B,2,2,0.5
15%,4,59,B,3,1,0.25
15%,4,60,B,3,1,0.25
15%,4,61,A,1,1,0.25
15%,4,62,A,2,2,0.5
15%,4,63,A,2,2,0.5
15%,4,64,A,2,2,0.5
15%,4,65,A,1,1,0.25
15%,4,66,A,2,2,0.5
15%,4,67,B,3,1,0.25
15%,4,68,B,3,1,0.25
15%,4,69,B,3,1,0.25
15%,4,70,B,3,1,0.25
15%,4,71,B,3,1,0.25
15%,4,72,B,3,1,0.25
15%,4,73,A,1,1,0.25
15%,4,74,A,2,2,0.5
15%,4,75,A,2,2,0.5
15%,4,76,A,2,2,0.5
15%,4,77,A,1,1,0.25
15%,4,78,A,2,2,0.5
15%,4,79,B,2,2,0.5
15%,4,80,B,2,2,0.5
15%,4,81,B,2,2,0.5
15%,4,82,B,3,1,0.25
15%,4,83,B,3,1,0.25
15%,4,84,B,2,2,0.5
15%,4,85,A,1,1,0.25
15%,4,86,A,1,1,0.25
15%,4,87,A,1,1,0.25
15%,4,88,A,1,1,0.25
15%,4,89,A,2,2,0.5
15%,4,90,A,1,1,0.25
15%,4,91,B,2,2,0.5
15%,4,92,B,2,2,0.5
15%,4,93,B,2,2,0.5
15%,4,94,B,3,1,0.25
15%,4,95,B,2,2,0.5
15%,4,96,B,3,1,0.25
35%,4,1,A,1,1,0.25
35%,4,2,A,2,2,0.5
35%,4,3,A,1,1,0.25
35%,4,4,A,1,1,0.25
35%,4,5,A,1,1,0.25
35%,4,6,A,2,2,0.5
35%,4,7,B,4,0,0.0
35%,4,8,B,2,2,0.5
35%,4,9,B,2,2,0.5
35%,4,10,B,3,1,0.25
35%,4,11,B,4,0,0.0
35%,4,12,B,3,1,0.25
35%,4,13,A,1,1,0.25
35%,4,14,A,0,0,0.0
35%,4,15,A,1,1,0.25
35%,4,16,A,1,1,0.25
35%,4,17,A,1,1,0.25
35%,4,18,A,0,0,0.0
35%,4,19,B,4,0,0.0
35%,4,20,B,3,1,0.25
35%,4,21,B,3,1,0.25
35%,4,22,B,3,1,0.25
35%,4,23,B,3,1,0.25
35%,4,24,B,4,0,0.0
35%,4,25,A,0,0,0.0
35%,4,26,A,1,1,0.25
35%,4,27,A,0,0,0.0
35%,4,28,A,1,1,0.25
35%,4,29,A,1,1,0.25
35%,4,30,A,2,2,0.5
35%,4,31,B,4,0,0.0
35%,4,32,B,3,1,0.25
35%,4,33,B,3,1,0.25
35%,4,34,B,3,1,0.25
35%,4,35,B,4,0,0.0
35%,4,36,B,3,1,0.25
35%,4,37,A,0,0,0.0
35%,4,38,A,1,1,0.25
35%,4,39,A,1,1,0.25
35%,4,40,A,2,2,0.5
35%,4,41,A,1,1,0.25
35%,4,42,A,0,0,0.0
35%,4,43,B,3,1,0.25
35%,4,44,B,3,1,0.25
35%,4,45,B,2,2,0.5
35%,4,46,B,3,1,0.25
35%,4,47,B,4,0,0.0
35%,4,48,B,3,1,0.25
35%,4,49,A,0,0,0.0
35%,4,50,A,1,1,0.25
35%,4,51,A,1,1,0.25
35%,4,52,A,1,1,0.25
35%,4,53,A,1,1,0.25
35%,4,54,A,1,1,0.25
35%,4,55,B,3,1,0.25
35%,4,56,B,4,0,0.0
35%,4,57,B,3,1,0.25
35%,4,58,B,3,1,0.25
35%,4,59,B,4,0,0.0
35%,4,60,B,3,1,0.25
35%,4,61,A,1,1,0.25
35%,4,62,A,1,1,0.25
35%,4,63,A,1,1,0.25
35%,4,64,A,1,1,0.25
35%,4,65,A,2,2,0.5
35%,4,66,A,1,1,0.25
35%,4,67,B,3,1,0.25
35%,4,68,B,3,1,0.25
35%,4,69,B,3,1,0.25
35%,4,70,B,3,1,0.25
35%,4,71,B,4,0,0.0
35%,4,72,B,3,1,0.25
35%,4,73,A,1,1,0.25
35%,4,74,A,1,1,0.25
35%,4,75,A,1,1,0.25
35%,4,76,A,1,1,0.25
35%,4,77,A,1,1,0.25
35%,4,78,A,1,1,0.25
35%,4,79,B,3,1,0.25
35%,4,80,B,3,1,0.25
35%,4,81,B,3,1,0.25
35%,4,82,B,3,1,0.25
35%,4,83,B,3,1,0.25
35%,4,84,B,3,1,0.25
35%,4,85,A,2,2,0.5
35%,4,86,A,1,1,0.25
35%,4,87,A,2,2,0.5
35%,4,88,A,1,1,0.25
35%,4,89,A,1,1,0.25
35%,4,90,A,0,0,0.0
35%,4,91,B,3,1,0.25
35%,4,92,B,3,1,0.25
35%,4,93,B,2,2,0.5
35%,4,94,B,3,1,0.25
35%,4,95,B,3,1,0.25
35%,4,96,B,3,1,0.25
Const30,6,1,A,0,0,0.0
Const30,6,2,A,1,1,0.25
Const30,6,3,A,1,1,0.25
Const30,6,4,A,1,1,0.25
Const30,6,5,A,0,0,0.0
Const30,6,6,A,1,1,0.25
Const30,6,7,B,4,0,0.0
Const30,6,8,B,4,0,0.0
Const30,6,9,B,3,1,0.25
Const30,6,10,B,3,1,0.25
Const30,6,11,B,4,0,0.0
Const30,6,12,B,3,1,0.25
Const30,6,13,A,1,1,0.25
Const30,6,14,A,1,1,0.25
Const30,6,15,A,1,1,0.25
Const30,6,16,A,1,1,0.25
Const30,6,17,A,0,0,0.0
Const30,6,18,A,2,2,0.5
Const30,6,19,B,4,0,0.0
Const30,6,20,B,3,1,0.25
Const30,6,21,B,3,1,0.25
Const30,6,22,B,3,1,0.25
Const30,6,23,B,4,0,0.0
Const30,6,24,B,3,1,0.25
Const30,6,25,A,1,1,0.25
Const30,6,26,A,0,0,0.0
Const30,6,27,A,0,0,0.0
Const30,6,28,A,1,1,0.25
Const30,6,29,A,0,0,0.0
Const30,6,30,A,0,0,0.0
Const30,6,31,B,4,0,0.0
Const30,6,32,B,4,0,0.0
Const30,6,33,B,3,1,0.25
Const30,6,34,B,2,2,0.5
Const30,6,35,B,3,1,0.25
Const30,6,36,B,3,1,0.25
Const30,6,37,A,1,1,0.25
Const30,6,38,A,2,2,0.5
Const30,6,39,A,1,1,0.25
Const30,6,40,A,1,1,0.25
Const30,6,41,A,1,1,0.25
Const30,6,42,A,1,1,0.25
Const30,6,43,B,4,0,0.0
Const30,6,44,B,3,1,0.25
Const30,6,45,B,3,1,0.25
Const30,6,46,B,4,0,0.0
Const30,6,47,B,3,1,0.25
Const30,6,48,B,3,1,0.25
Const30,6,49,A,1,1,0.25
Const30,6,50,A,0,0,0.0
Const30,6,51,A,1,1,0.25
Const30,6,52,A,1,1,0.25
Const30,6,53,A,1,1,0.25
Const30,6,54,A,0,0,0.0
Const30,6,55,B,4,0,0.0
Const30,6,56,B,4,0,0.0
Const30,6,57,B,4,0,0.0
Const30,6,58,B,3,1,0.25
Const30,6,59,B,3,1,0.25
Const30,6,60,B,4,0,0.0
Const30,6,61,A,1,1,0.25
Const30,6,62,A,0,0,0.0
Const30,6,63,A,2,2,0.5
Const30,6,64,A,2,2,0.5
Const30,6,65,A,1,1,0.25
Const30,6,66,A,1,1,0.25
Const30,6,67,B,3,1,0.25
Const30,6,68,B,3,1,0.25
Const30,6,69,B,3,1,0.25
Const30,6,70,B,3,1,0.25
Const30,6,71,B,3,1,0.25
Const30,6,72,B,4,0,0.0
Const30,6,73,A,1,1,0.25
Const30,6,74,A,1,1,0.25
Const30,6,75,A,1,1,0.25
Const30,6,76,A,0,0,0.0
Const30,6,77,A,1,1,0.25
Const30,6,78,A,1,1,0.25
Const30,6,79,B,3,1,0.25
Const30,6,80,B,4,0,0.0
Const30,6,81,B,3,1,0.25
Const30,6,82,B,3,1,0.25
Const30,6,83,B,3,1,0.25
Const30,6,84,B,3,1,0.25
Const30,6,85,A,1,1,0.25
Const30,6,86,A,1,1,0.25
Const30,6,87,A,1,1,0.25
Const30,6,88,A,1,1,0.25
Const30,6,89,A,2,2,0.5
Const30,6,90,A,1,1,0.25
Const30,6,91,B,3,1,0.25
Const30,6,92,B,4,0,0.0
Const30,6,93,B,2,2,0.5
Const30,6,94,B,4,0,0.0
Const30,6,95,B,3,1,0.25
Const30,6,96,B,4,0,0.0
Const39,6,1,A,2,2,0.5
Const39,6,2,A,2,2,0.5
Const39,6,3,A,3,3,0.75
Const39,6,4,A,3,3,0.75
Const39,6,5,A,1,1,0.25
Const39,6,6,A,2,2,0.5
Const39,6,7,B,1,3,0.75
Const39,6,8,B,2,2,0.5
Const39,6,9,B,2,2,0.5
Const39,6,10,B,1,3,0.75
Const39,6,11,B,1,3,0.75
Const39,6,12,B,1,3,0.75
Const39,6,13,A,2,2,0.5
Const39,6,14,A,3,3,0.75
Const39,6,15,A,3,3,0.75
Const39,6,16,A,3,3,0.75
Const39,6,17,A,2,2,0.5
Const39,6,18,A,3,3,0.75
Const39,6,19,B,1,3,0.75
Const39,6,20,B,1,3,0.75
Const39,6,21,B,1,3,0.75
Const39,6,22,B,2,2,0.5
Const39,6,23,B,2,2,0.5
Const39,6,24,B,2,2,0.5
Const39,6,25,A,2,2,0.5
Const39,6,26,A,3,3,0.75
Const39,6,27,A,2,2,0.5
Const39,6,28,A,2,2,0.5
Const39,6,29,A,3,3,0.75
Const39,6,30,A,3,3,0.75
Const39,6,31,B,2,2,0.5
Const39,6,32,B,2,2,0.5
Const39,6,33,B,1,3,0.75
Const39,6,34,B,1,3,0.75
Const39,6,35,B,2,2,0.5
Const39,6,36,B,2,2,0.5
Const39,6,37,A,3,3,0.75
Const39,6,38,A,3,3,0.75
Const39,6,39,A,3,3,0.75
Const39,6,40,A,3,3,0.75
Const39,6,41,A,2,2,0.5
Const39,6,42,A,2,2,0.5
Const39,6,43,B,1,3,0.75
Const39,6,44,B,2,2,0.5
Const39,6,45,B,3,1,0.25
Const39,6,46,B,2,2,0.5
Const39,6,47,B,1,3,0.75
Const39,6,48,B,2,2,0.5
Const39,6,49,A,3,3,0.75
Const39,6,50,A,2,2,0.5
Const39,6,51,A,3,3,0.75
Const39,6,52,A,2,2,0.5
Const39,6,53,A,3,3,0.75
Const39,6,54,A,3,3,0.75
Const39,6,55,B,2,2,0.5
Const39,6,56,B,2,2,0.5
Const39,6,57,B,1,3,0.75
Const39,6,58,B,1,3,0.75
Const39,6,59,B,1,3,0.75
Const39,6,60,B,1,3,0.75
Const39,6,61,A,2,2,0.5
Const39,6,62,A,2,2,0.5
Const39,6,63,A,2,2,0.5
Const39,6,64,A,3,3,0.75
Const39,6,65,A,1,1,0.25
Const39,6,66,A,2,2,0.5
Const39,6,67,B,1,3,0.75
Const39,6,68,B,1,3,0.75
Const39,6,69,B,2,2,0.5
Const39,6,70,B,1,3,0.75
Const39,6,71,B,2,2,0.5
Const39,6,72,B,1,3,0.75
Const39,6,73,A,2,2,0.5
Const39,6,74,A,2,2,0.5
Const39,6,75,A,2,2,0.5
Const39,6,76,A,2,2,0.5
Const39,6,77,A,3,3,0.75
Const39,6,78,A,2,2,0.5
Const39,6,79,B,3,1,0.25
Const39,6,80,B,1,3,0.75
Const39,6,81,B,2,2,0.5
Const39,6,82,B,3,1,0.25
Const39,6,83,B,1,3,0.75
Const39,6,84,B,1,3,0.75
Const39,6,85,A,2,2,0.5
Const39,6,86,A,2,2,0.5
Const39,6,87,A,2,2,0.5
Const39,6,88,A,2,2,0.5
Const39,6,89,A,2,2,0.5
Const39,6,90,A,3,3,0.75
Const39,6,91,B,2,2,0.5
Const39,6,92,B,2,2,0.5
Const39,6,93,B,1,3,0.75
Const39,6,94,B,2,2,0.5
Const39,6,95,B,1,3,0.75
Const39,6,96,B,2,2,0.5
25%,6,1,A,1,1,0.25
25%,6,2,A,2,2,0.5
25%,6,3,A,1,1,0.25
25%,6,4,A,1,1,0.25
25%,6,5,A,2,2,0.5
25%,6,6,A,1,1,0.25
25%,6,7,B,3,1,0.25
25%,6,8,B,4,0,0.0
25%,6,9,B,2,2,0.5
25%,6,10,B,2,2,0.5
25%,6,11,B,3,1,0.25
25%,6,12,B,2,2,0.5
25%,6,13,A,1,1,0.25
25%,6,14,A,0,0,0.0
25%,6,15,A,1,1,0.25
25%,6,16,A,1,1,0.25
25%,6,17,A,2,2,0.5
25%,6,18,A,0,0,0.0
25%,6,19,B,3,1,0.25
25%,6,20,B,2,2,0.5
25%,6,21,B,3,1,0.25
25%,6,22,B,3,1,0.25
25%,6,23,B,3,1,0.25
25%,6,24,B,2,2,0.5
25%,6,25,A,1,1,0.25
25%,6,26,A,0,0,0.0
25%,6,27,A,1,1,0.25
25%,6,28,A,1,1,0.25
25%,6,29,A,2,2,0.5
25%,6,30,A,2,2,0.5
25%,6,31,B,2,2,0.5
25%,6,32,B,2,2,0.5
25%,6,33,B,3,1,0.25
25%,6,34,B,3,1,0.25
25%,6,35,B,2,2,0.5
25%,6,36,B,3,1,0.25
25%,6,37,A,1,1,0.25
25%,6,38,A,1,1,0.25
25%,6,39,A,2,2,0.5
25%,6,40,A,2,2,0.5
25%,6,41,A,1,1,0.25
25%,6,42,A,1,1,0.25
25%,6,43,B,3,1,0.25
25%,6,44,B,3,1,0.25
25%,6,45,B,2,2,0.5
25%,6,46,B,4,0,0.0
25%,6,47,B,3,1,0.25
25%,6,48,B,2,2,0.5
25%,6,49,A,2,2,0.5
25%,6,50,A,1,1,0.25
25%,6,51,A,2,2,0.5
25%,6,52,A,1,1,0.25
25%,6,53,A,2,2,0.5
25%,6,54,A,0,0,0.0
25%,6,55,B,3,1,0.25
25%,6,56,B,4,0,0.0
25%,6,57,B,3,1,0.25
25%,6,58,B,2,2,0.5
25%,6,59,B,3,1,0.25
25%,6,60,B,3,1,0.25
25%,6,61,A,2,2,0.5
25%,6,62,A,1,1,0.25
25%,6,63,A,0,0,0.0
25%,6,64,A,0,0,0.0
25%,6,65,A,1,1,0.25
25%,6,66,A,2,2,0.5
25%,6,67,B,3,1,0.25
25%,6,68,B,3,1,0.25
25%,6,69,B,3,1,0.25
25%,6,70,B,3,1,0.25
25%,6,71,B,4,0,0.0
25%,6,72,B,3,1,0.25
25%,6,73,A,1,1,0.25
25%,6,74,A,1,1,0.25
25%,6,75,A,2,2,0.5
25%,6,76,A,2,2,0.5
25%,6,77,A,1,1,0.25
25%,6,78,A,1,1,0.25
25%,6,79,B,3,1,0.25
25%,6,80,B,3,1,0.25
25%,6,81,B,2,2,0.5
25%,6,82,B,3,1,0.25
25%,6,83,B,3,1,0.25
25%,6,84,B,2,2,0.5
25%,6,85,A,1,1,0.25
25%,6,86,A,2,2,0.5
25%,6,87,A,1,1,0.25
25%,6,88,A,1,1,0.25
25%,6,89,A,1,1,0.25
25%,6,90,A,1,1,0.25
25%,6,91,B,2,2,0.5
25%,6,92,B,2,2,0.5
25%,6,93,B,3,1,0.25
25%,6,94,B,3,1,0.25
25%,6,95,B,3,1,0.25
25%,6,96,B,3,1,0.25
15%,6,1,A,2,2,0.5
15%,6,2,A,0,0,0.0
15%,6,3,A,1,1,0.25
15%,6,4,A,1,1,0.25
15%,6,5,A,1,1,0.25
15%,6,6,A,2,2,0.5
15%,6,7,B,3,1,0.25
15%,6,8,B,2,2,0.5
15%,6,9,B,2,2,0.5
15%,6,10,B,3,1,0.25
15%,6,11,B,3,1,0.25
15%,6,12,B,4,0,0.0
15%,6,13,A,1,1,0.25
15%,6,14,A,0,0,0.0
15%,6,15,A,0,0,0.0
15%,6,16,A,1,1,0.25
15%,6,17,A,2,2,0.5
15%,6,18,A,1,1,0.25
15%,6,19,B,4,0,0.0
15%,6,20,B,3,1,0.25
15%,6,21,B,3,1,0.25
15%,6,22,B,3,1,0.25
15%,6,23,B,3,1,0.25
15%,6,24,B,3,1,0.25
15%,6,25,A,2,2,0.5
15%,6,26,A,1,1,0.25
15%,6,27,A,1,1,0.25
15%,6,28,A,1,1,0.25
15%,6,29,A,0,0,0.0
15%,6,30,A,1,1,0.25
15%,6,31,B,4,0,0.0
15%,6,32,B,3,1,0.25
15%,6,33,B,4,0,0.0
15%,6,34,B,3,1,0.25
15%,6,35,B,4,0,0.0
15%,6,36,B,2,2,0.5
15%,6,37,A,1,1,0.25
15%,6,38,A,1,1,0.25
15%,6,39,A,1,1,0.25
15%,6,40,A,2,2,0.5
15%,6,41,A,2,2,0.5
15%,6,42,A,1,1,0.25
15%,6,43,B,3,1,0.25
15%,6,44,B,3,1,0.25
15%,6,45,B,3,1,0.25
15%,6,46,B,3,1,0.25
15%,6,47,B,3,1,0.25
15%,6,48,B,2,2,0.5
15%,6,49,A,1,1,0.25
15%,6,50,A,1,1,0.25
15%,6,51,A,1,1,0.25
15%,6,52,A,1,1,0.25
15%,6,53,A,0,0,0.0
15%,6,54,A,2,2,0.5
15%,6,55,B,3,1,0.25
15%,6,56,B,3,1,0.25
15%,6,57,B,3,1,0.25
15%,6,58,B,4,0,0.0
15%,6,59,B,4,0,0.0
15%,6,60,B,3,1,0.25
15%,6,61,A,1,1,0.25
15%,6,62,A,1,1,0.25
15%,6,63,A,1,1,0.25
15%,6,64,A,2,2,0.5
15%,6,65,A,1,1,0.25
15%,6,66,A,1,1,0.25
15%,6,67,B,3,1,0.25
15%,6,68,B,3,1,0.25
15%,6,69,B,3,1,0.25
15%,6,70,B,2,2,0.5
15%,6,71,B,3,1,0.25
15%,6,72,B,2,2,0.5
15%,6,73,A,1,1,0.25
15%,6,74,A,1,1,0.25
15%,6,75,A,1,1,0.25
15%,6,76,A,1,1,0.25
15%,6,77,A,1,1,0.25
15%,6,78,A,1,1,0.25
15%,6,79,B,3,1,0.25
15%,6,80,B,3,1,0.25
15%,6,81,B,3,1,0.25
15%,6,82,B,2,2,0.5
15%,6,83,B,3,1,0.25
15%,6,84,B,3,1,0.25
15%,6,85,A,1,1,0.25
15%,6,86,A,1,1,0.25
15%,6,87,A,2,2,0.5
15%,6,88,A,2,2,0.5
15%,6,89,A,0,0,0.0
15%,6,90,A,1,1,0.25
15%,6,91,B,3,1,0.25
15%,6,92,B,3,1,0.25
15%,6,93,B,3,1,0.25
15%,6,94,B,4,0,0.0
15%,6,95,B,3,1,0.25
15%,6,96,B,3,1,0.25
35%,6,1,A,1,1,0.25
35%,6,2,A,2,2,0.5
35%,6,3,A,0,0,0.0
35%,6,4,A,1,1,0.25
35%,6,5,A,1,1,0.25
35%,6,6,A,2,2,0.5
35%,6,7,B,3,1,0.25
35%,6,8,B,2,2,0.5
35%,6,9,B,3,1,0.25
35%,6,10,B,2,2,0.5
35%,6,11,B,3,1,0.25
35%,6,12,B,2,2,0.5
35%,6,13,A,1,1,0.25
35%,6,14,A,2,2,0.5
35%,6,15,A,2,2,0.5
35%,6,16,A,2,2,0.5
35%,6,17,A,2,2,0.5
35%,6,18,A,2,2,0.5
35%,6,19,B,3,1,0.25
35%,6,20,B,1,3,0.75
35%,6,21,B,2,2,0.5
35%,6,22,B,2,2,0.5
35%,6,23,B,2,2,0.5
35%,6,24,B,3,1,0.25
35%,6,25,A,1,1,0.25
35%,6,26,A,1,1,0.25
35%,6,27,A,1,1,0.25
35%,6,28,A,1,1,0.25
35%,6,29,A,1,1,0.25
35%,6,30,A,2,2,0.5
35%,6,31,B,2,2,0.5
35%,6,32,B,1,3,0.75
35%,6,33,B,4,0,0.0
35%,6,34,B,3,1,0.25
35%,6,35,B,3,1,0.25
35%,6,36,B,3,1,0.25
35%,6,37,A,1,1,0.25
35%,6,38,A,2,2,0.5
35%,6,39,A,2,2,0.5
35%,6,40,A,1,1,0.25
35%,6,41,A,3,3,0.75
35%,6,42,A,1,1,0.25
35%,6,43,B,2,2,0.5
35%,6,44,B,2,2,0.5
35%,6,45,B,3,1,0.25
35%,6,46,B,3,1,0.25
35%,6,47,B,3,1,0.25
35%,6,48,B,3,1,0.25
35%,6,49,A,1,1,0.25
35%,6,50,A,2,2,0.5
35%,6,51,A,1,1,0.25
35%,6,52,A,1,1,0.25
35%,6,53,A,2,2,0.5
35%,6,54,A,2,2,0.5
35%,6,55,B,3,1,0.25
35%,6,56,B,2,2,0.5
35%,6,57,B,3,1,0.25
35%,6,58,B,2,2,0.5
35%,6,59,B,2,2,0.5
35%,6,60,B,2,2,0.5
35%,6,61,A,2,2,0.5
35%,6,62,A,1,1,0.25
35%,6,63,A,2,2,0.5
35%,6,64,A,1,1,0.25
35%,6,65,A,2,2,0.5
35%,6,66,A,1,1,0.25
35%,6,67,B,2,2,0.5
35%,6,68,B,3,1,0.25
35%,6,69,B,2,2,0.5
35%,6,70,B,2,2,0.5
35%,6,71,B,2,2,0.5
35%,6,72,B,3,1,0.25
35%,6,73,A,2,2,0.5
35%,6,74,A,2,2,0.5
35%,6,75,A,2,2,0.5
35%,6,76,A,2,2,0.5
35%,6,77,A,2,2,0.5
35%,6,78,A,2,2,0.5
35%,6,79,B,3,1,0.25
35%,6,80,B,3,1,0.25
35%,6,81,B,3,1,0.25
35%,6,82,B,2,2,0.5
35%,6,83,B,2,2,0.5
35%,6,84,B,2,2,0.5
35%,6,85,A,0,0,0.0
35%,6,86,A,1,1,0.25
35%,6,87,A,1,1,0.25
35%,6,88,A,2,2,0.5
35%,6,89,A,1,1,0.25
35%,6,90,A,0,0,0.0
35%,6,91,B,2,2,0.5
35%,6,92,B,3,1,0.25
35%,6,93,B,1,3,0.75
35%,6,94,B,3,1,0.25
35%,6,95,B,3,1,0.25
35%,6,96,B,2,2,0.5
Const30,8,1,A,0,0,0.0
Const30,8,2,A,0,0,0.0
Const30,8,3,A,0,0,0.0
Const30,8,4,A,0,0,0.0
Const30,8,5,A,0,0,0.0
Const30,8,6,A,0,0,0.0
Const30,8,7,B,3,1,0.25
Const30,8,8,B,4,0,0.0
Const30,8,9,B,3,1,0.25
Const30,8,10,B,4,0,0.0
Const30,8,11,B,4,0,0.0
Const30,8,12,B,4,0,0.0
Const30,8,13,A,0,0,0.0
Const30,8,14,A,0,0,0.0
Const30,8,15,A,1,1,0.25
Const30,8,16,A,0,0,0.0
Const30,8,17,A,0,0,0.0
Const30,8,18,A,0,0,0.0
Const30,8,19,B,4,0,0.0
Const30,8,20,B,4,0,0.0
Const30,8,21,B,3,1,0.25
Const30,8,22,B,3,1,0.25
Const30,8,23,B,4,0,0.0
Const30,8,24,B,4,0,0.0
Const30,8,25,A,0,0,0.0
Const30,8,26,A,0,0,0.0
Const30,8,27,A,0,0,0.0
Const30,8,28,A,0,0,0.0
Const30,8,29,A,1,1,0.25
Const30,8,30,A,0,0,0.0
Const30,8,31,B,4,0,0.0
Const30,8,32,B,4,0,0.0
Const30,8,33,B,1,3,0.75
Const30,8,34,B,4,0,0.0
Const30,8,35,B,4,0,0.0
Const30,8,36,B,3,1,0.25
Const30,8,37,A,0,0,0.0
Const30,8,38,A,1,1,0.25
Const30,8,39,A,1,1,0.25
Const30,8,40,A,0,0,0.0
Const30,8,41,A,1,1,0.25
Const30,8,42,A,0,0,0.0
Const30,8,43,B,4,0,0.0
Const30,8,44,B,4,0,0.0
Const30,8,45,B,3,1,0.25
Const30,8,46,B,4,0,0.0
Const30,8,47,B,3,1,0.25
Const30,8,48,B,3,1,0.25
Const30,8,49,A,1,1,0.25
Const30,8,50,A,1,1,0.25
Const30,8,51,A,1,1,0.25
Const30,8,52,A,1,1,0.25
Const30,8,53,A,0,0,0.0
Const30,8,54,A,0,0,0.0
Const30,8,55,B,3,1,0.25
Const30,8,56,B,2,2,0.5
Const30,8,57,B,4,0,0.0
Const30,8,58,B,3,1,0.25
Const30,8,59,B,4,0,0.0
Const30,8,60,B,2,2,0.5
Const30,8,61,A,1,1,0.25
Const30,8,62,A,1,1,0.25
Const30,8,63,A,1,1,0.25
Const30,8,64,A,1,1,0.25
Const30,8,65,A,1,1,0.25
Const30,8,66,A,0,0,0.0
Const30,8,67,B,4,0,0.0
Const30,8,68,B,4,0,0.0
Const30,8,69,B,3,1,0.25
Const30,8,70,B,3,1,0.25
Const30,8,71,B,3,1,0.25
Const30,8,72,B,3,1,0.25
Const30,8,73,A,0,0,0.0
Const30,8,74,A,0,0,0.0
Const30,8,75,A,0,0,0.0
Const30,8,76,A,0,0,0.0
Const30,8,77,A,1,1,0.25
Const30,8,78,A,0,0,0.0
Const30,8,79,B,3,1,0.25
Const30,8,80,B,4,0,0.0
Const30,8,81,B,4,0,0.0
Const30,8,82,B,3,1,0.25
Const30,8,83,B,3,1,0.25
Const30,8,84,B,4,0,0.0
Const30,8,85,A,0,0,0.0
Const30,8,86,A,1,1,0.25
Const30,8,87,A,1,1,0.25
Const30,8,88,A,0,0,0.0
Const30,8,89,A,0,0,0.0
Const30,8,90,A,1,1,0.25
Const30,8,91,B,4,0,0.0
Const30,8,92,B,4,0,0.0
Const30,8,93,B,3,1,0.25
Const30,8,94,B,3,1,0.25
Const30,8,95,B,4,0,0.0
Const30,8,96,B,3,1,0.25
Const39,8,1,A,2,2,0.5
Const39,8,2,A,3,3,0.75
Const39,8,3,A,1,1,0.25
Const39,8,4,A,2,2,0.5
Const39,8,5,A,2,2,0.5
Const39,8,6,A,3,3,0.75
Const39,8,7,B,2,2,0.5
Const39,8,8,B,3,1,0.25
Const39,8,9,B,2,2,0.5
Const39,8,10,B,2,2,0.5
Const39,8,11,B,2,2,0.5
Const39,8,12,B,2,2,0.5
Const39,8,13,A,2,2,0.5
Const39,8,14,A,2,2,0.5
Const39,8,15,A,2,2,0.5
Const39,8,16,A,1,1,0.25
Const39,8,17,A,2,2,0.5
Const39,8,18,A,2,2,0.5
Const39,8,19,B,2,2,0.5
Const39,8,20,B,1,3,0.75
Const39,8,21,B,2,2,0.5
Const39,8,22,B,2,2,0.5
Const39,8,23,B,2,2,0.5
Const39,8,24,B,1,3,0.75
Const39,8,25,A,1,1,0.25
Const39,8,26,A,2,2,0.5
Const39,8,27,A,3,3,0.75
Const39,8,28,A,3,3,0.75
Const39,8,29,A,3,3,0.75
Const39,8,30,A,2,2,0.5
Const39,8,31,B,2,2,0.5
Const39,8,32,B,3,1,0.25
Const39,8,33,B,2,2,0.5
Const39,8,34,B,2,2,0.5
Const39,8,35,B,2,2,0.5
Const39,8,36,B,3,1,0.25
Const39,8,37,A,2,2,0.5
Const39,8,38,A,2,2,0.5
Const39,8,39,A,1,1,0.25
Const39,8,40,A,2,2,0.5
Const39,8,41,A,2,2,0.5
Const39,8,42,A,2,2,0.5
Const39,8,43,B,3,1,0.25
Const39,8,44,B,2,2,0.5
Const39,8,45,B,1,3,0.75
Const39,8,46,B,2,2,0.5
Const39,8,47,B,3,1,0.25
Const39,8,48,B,2,2,0.5
Const39,8,49,A,3,3,0.75
Const39,8,50,A,2,2,0.5
Const39,8,51,A,2,2,0.5
Const39,8,52,A,1,1,0.25
Const39,8,53,A,2,2,0.5
Const39,8,54,A,2,2,0.5
Const39,8,55,B,3,1,0.25
Const39,8,56,B,3,1,0.25
Const39,8,57,B,2,2,0.5
Const39,8,58,B,2,2,0.5
Const39,8,59,B,3,1,0.25
Const39,8,60,B,3,1,0.25
Const39,8,61,A,2,2,0.5
Const39,8,62,A,2,2,0.5
Const39,8,63,A,2,2,0.5
Const39,8,64,A,1,1,0.25
Const39,8,65,A,3,3,0.75
Const39,8,66,A,3,3,0.75
Const39,8,67,B,2,2,0.5
Const39,8,68,B,3,1,0.25
Const39,8,69,B,3,1,0.25
Const39,8,70,B,2,2,0.5
Const39,8,71,B,2,2,0.5
Const39,8,72,B,3,1,0.25
Const39,8,73,A,2,2,0.5
Const39,8,74,A,2,2,0.5
Const39,8,75,A,2,2,0.5
Const39,8,76,A,2,2,0.5
Const39,8,77,A,2,2,0.5
Const39,8,78,A,2,2,0.5
Const39,8,79,B,2,2,0.5
Const39,8,80,B,2,2,0.5
Const39,8,81,B,2,2,0.5
Const39,8,82,B,3,1,0.25
Const39,8,83,B,3,1,0.25
Const39,8,84,B,2,2,0.5
Const39,8,85,A,2,2,0.5
Const39,8,86,A,3,3,0.75
Const39,8,87,A,2,2,0.5
Const39,8,88,A,3,3,0.75
Const39,8,89,A,1,1,0.25
Const39,8,90,A,2,2,0.5
Const39,8,91,B,1,3,0.75
Const39,8,92,B,2,2,0.5
Const39,8,93,B,1,3,0.75
Const39,8,94,B,1,3,0.75
Const39,8,95,B,2,2,0.5
Const39,8,96,B,3,1,0.25
25%,8,1,A,2,2,0.5
25%,8,2,A,1,1,0.25
25%,8,3,A,1,1,0.25
25%,8,4,A,1,1,0.25
25%,8,5,A,2,2,0.5
25%,8,6,A,1,1,0.25
25%,8,7,B,3,1,0.25
25%,8,8,B,3,1,0.25
25%,8,9,B,3,1,0.25
25%,8,10,B,3,1,0.25
25%,8,11,B,2,2,0.5
25%,8,12,B,3,1,0.25
25%,8,13,A,1,1,0.25
25%,8,14,A,1,1,0.25
25%,8,15,A,0,0,0.0
25%,8,16,A,1,1,0.25
25%,8,17,A,1,1,0.25
25%,8,18,A,1,1,0.25
25%,8,19,B,3,1,0.25
25%,8,20,B,3,1,0.25
25%,8,21,B,2,2,0.5
25%,8,22,B,3,1,0.25
25%,8,23,B,4,0,0.0
25%,8,24,B,3,1,0.25
25%,8,25,A,1,1,0.25
25%,8,26,A,2,2,0.5
25%,8,27,A,1,1,0.25
25%,8,28,A,1,1,0.25
25%,8,29,A,2,2,0.5
25%,8,30,A,2,2,0.5
25%,8,31,B,2,2,0.5
25%,8,32,B,3,1,0.25
25%,8,33,B,3,1,0.25
25%,8,34,B,2,2,0.5
25%,8,35,B,4,0,0.0
25%,8,36,B,2,2,0.5
25%,8,37,A,2,2,0.5
25%,8,38,A,2,2,0.5
25%,8,39,A,1,1,0.25
25%,8,40,A,2,2,0.5
25%,8,41,A,2,2,0.5
25%,8,42,A,1,1,0.25
25%,8,43,B,3,1,0.25
25%,8,44,B,4,0,0.0
25%,8,45,B,3,1,0.25
25%,8,46,B,3,1,0.25
25%,8,47,B,3,1,0.25
25%,8,48,B,3,1,0.25
25%,8,49,A,1,1,0.25
25%,8,50,A,1,1,0.25
25%,8,51,A,1,1,0.25
25%,8,52,A,1,1,0.25
25%,8,53,A,1,1,0.25
25%,8,54,A,0,0,0.0
25%,8,55,B,3,1,0.25
25%,8,56,B,3,1,0.25
25%,8,57,B,3,1,0.25
25%,8,58,B,4,0,0.0
25%,8,59,B,3,1,0.25
25%,8,60,B,3,1,0.25
25%,8,61,A,1,1,0.25
25%,8,62,A,1,1,0.25
25%,8,63,A,2,2,0.5
25%,8,64,A,1,1,0.25
25%,8,65,A,2,2,0.5
25%,8,66,A,1,1,0.25
25%,8,67,B,3,1,0.25
25%,8,68,B,2,2,0.5
25%,8,69,B,3,1,0.25
25%,8,70,B,3,1,0.25
25%,8,71,B,2,2,0.5
25%,8,72,B,2,2,0.5
25%,8,73,A,1,1,0.25
25%,8,74,A,1,1,0.25
25%,8,75,A,1,1,0.25
25%,8,76,A,2,2,0.5
25%,8,77,A,1,1,0.25
25%,8,78,A,1,1,0.25
25%,8,79,B,3,1,0.25
25%,8,80,B,3,1,0.25
25%,8,81,B,3,1,0.25
25%,8,82,B,2,2,0.5
25%,8,83,B,3,1,0.25
25%,8,84,B,3,1,0.25
25%,8,85,A,2,2,0.5
25%,8,86,A,1,1,0.25
25%,8,87,A,2,2,0.5
25%,8,88,A,2,2,0.5
25%,8,89,A,1,1,0.25
25%,8,90,A,2,2,0.5
25%,8,91,B,2,2,0.5
25%,8,92,B,1,3,0.75
25%,8,93,B,3,1,0.25
25%,8,94,B,3,1,0.25
25%,8,95,B,4,0,0.0
25%,8,96,B,3,1,0.25
15%,8,1,A,1,1,0.25
15%,8,2,A,2,2,0.5
15%,8,3,A,1,1,0.25
15%,8,4,A,1,1,0.25
15%,8,5,A,2,2,0.5
15%,8,6,A,1,1,0.25
15%,8,7,B,4,0,0.0
15%,8,8,B,3,1,0.25
15%,8,9,B,3,1,0.25
15%,8,10,B,3,1,0.25
15%,8,11,B,3,1,0.25
15%,8,12,B,3,1,0.25
15%,8,13,A,0,0,0.0
15%,8,14,A,1,1,0.25
15%,8,15,A,1,1,0.25
15%,8,16,A,1,1,0.25
15%,8,17,A,1,1,0.25
15%,8,18,A,2,2,0.5
15%,8,19,B,3,1,0.25
15%,8,20,B,3,1,0.25
15%,8,21,B,3,1,0.25
15%,8,22,B,2,2,0.5
15%,8,23,B,3,1,0.25
15%,8,24,B,3,1,0.25
15%,8,25,A,2,2,0.5
15%,8,26,A,1,1,0.25
15%,8,27,A,2,2,0.5
15%,8,28,A,1,1,0.25
15%,8,29,A,1,1,0.25
15%,8,30,A,2,2,0.5
15%,8,31,B,3,1,0.25
15%,8,32,B,3,1,0.25
15%,8,33,B,3,1,0.25
15%,8,34,B,2,2,0.5
15%,8,35,B,3,1,0.25
15%,8,36,B,4,0,0.0
15%,8,37,A,1,1,0.25
15%,8,38,A,1,1,0.25
15%,8,39,A,2,2,0.5
15%,8,40,A,1,1,0.25
15%,8,41,A,1,1,0.25
15%,8,42,A,1,1,0.25
15%,8,43,B,2,2,0.5
15%,8,44,B,3,1,0.25
15%,8,45,B,3,1,0.25
15%,8,46,B,3,1,0.25
15%,8,47,B,3,1,0.25
15%,8,48,B,3,1,0.25
15%,8,49,A,1,1,0.25
15%,8,50,A,2,2,0.5
15%,8,51,A,1,1,0.25
15%,8,52,A,1,1,0.25
15%,8,53,A,0,0,0.0
15%,8,54,A,1,1,0.25
15%,8,55,B,3,1,0.25
15%,8,56,B,2,2,0.5
15%,8,57,B,2,2,0.5
15%,8,58,B,4,0,0.0
15%,8,59,B,3,1,0.25
15%,8,60,B,4,0,0.0
15%,8,61,A,0,0,0.0
15%,8,62,A,1,1,0.25
15%,8,63,A,1,1,0.25
15%,8,64,A,1,1,0.25
15%,8,65,A,0,0,0.0
15%,8,66,A,1,1,0.25
15%,8,67,B,1,3,0.75
15%,8,68,B,3,1,0.25
15%,8,69,B,3,1,0.25
15%,8,70,B,3,1,0.25
15%,8,71,B,3,1,0.25
15%,8,72,B,2,2,0.5
15%,8,73,A,1,1,0.25
15%,8,74,A,1,1,0.25
15%,8,75,A,2,2,0.5
15%,8,76,A,1,1,0.25
15%,8,77,A,2,2,0.5
15%,8,78,A,2,2,0.5
15%,8,79,B,3,1,0.25
15%,8,80,B,3,1,0.25
15%,8,81,B,3,1,0.25
15%,8,82,B,3,1,0.25
15%,8,83,B,3,1,0.25
15%,8,84,B,3,1,0.25
15%,8,85,A,1,1,0.25
15%,8,86,A,1,1,0.25
15%,8,87,A,2,2,0.5
15%,8,88,A,1,1,0.25
15%,8,89,A,2,2,0.5
15%,8,90,A,1,1,0.25
15%,8,91,B,3,1,0.25
15%,8,92,B,3,1,0.25
15%,8,93,B,3,1,0.25
15%,8,94,B,3,1,0.25
15%,8,95,B,3,1,0.25
15%,8,96,B,3,1,0.25
35%,8,1,A,0,0,0.0
35%,8,2,A,0,0,0.0
35%,8,3,A,0,0,0.0
35%,8,4,A,0,0,0.0
35%,8,5,A,0,0,0.0
35%,8,6,A,0,0,0.0
35%,8,7,B,3,1,0.25
35%,8,8,B,4,0,0.0
35%,8,9,B,4,0,0.0
35%,8,10,B,4,0,0.0
35%,8,11,B,4,0,0.0
35%,8,12,B,4,0,0.0
35%,8,13,A,0,0,0.0
35%,8,14,A,0,0,0.0
35%,8,15,A,0,0,0.0
35%,8,16,A,0,0,0.0
35%,8,17,A,0,0,0.0
35%,8,18,A,1,1,0.25
35%,8,19,B,4,0,0.0
35%,8,20,B,4,0,0.0
35%,8,21,B,4,0,0.0
35%,8,22,B,4,0,0.0
35%,8,23,B,3,1,0.25
35%,8,24,B,4,0,0.0
35%,8,25,A,0,0,0.0
35%,8,26,A,0,0,0.0
35%,8,27,A,0,0,0.0
35%,8,28,A,0,0,0.0
35%,8,29,A,0,0,0.0
35%,8,30,A,0,0,0.0
35%,8,31,B,4,0,0.0
35%,8,32,B,3,1,0.25
35%,8,33,B,4,0,0.0
35%,8,34,B,4,0,0.0
35%,8,35,B,4,0,0.0
35%,8,36,B,3,1,0.25
35%,8,37,A,1,1,0.25
35%,8,38,A,0,0,0.0
35%,8,39,A,1,1,0.25
35%,8,40,A,0,0,0.0
35%,8,41,A,0,0,0.0
35%,8,42,A,0,0,0.0
35%,8,43,B,4,0,0.0
35%,8,44,B,4,0,0.0
35%,8,45,B,3,1,0.25
35%,8,46,B,4,0,0.0
35%,8,47,B,4,0,0.0
35%,8,48,B,4,0,0.0
35%,8,49,A,1,1,0.25
35%,8,50,A,1,1,0.25
35%,8,51,A,0,0,0.0
35%,8,52,A,0,0,0.0
35%,8,53,A,0,0,0.0
35%,8,54,A,0,0,0.0
35%,8,55,B,3,1,0.25
35%,8,56,B,4,0,0.0
35%,8,57,B,4,0,0.0
35%,8,58,B,4,0,0.0
35%,8,59,B,3,1,0.25
35%,8,60,B,4,0,0.0
35%,8,61,A,0,0,0.0
35%,8,62,A,0,0,0.0
35%,8,63,A,0,0,0.0
35%,8,64,A,0,0,0.0
35%,8,65,A,1,1,0.25
35%,8,66,A,0,0,0.0
35%,8,67,B,4,0,0.0
35%,8,68,B,3,1,0.25
35%,8,69,B,4,0,0.0
35%,8,70,B,4,0,0.0
35%,8,71,B,4,0,0.0
35%,8,72,B,4,0,0.0
35%,8,73,A,0,0,0.0
35%,8,74,A,0,0,0.0
35%,8,75,A,0,0,0.0
35%,8,76,A,0,0,0.0
35%,8,77,A,0,0,0.0
35%,8,78,A,0,0,0.0
35%,8,79,B,3,1,0.25
35%,8,80,B,4,0,0.0
35%,8,81,B,4,0,0.0
35%,8,82,B,4,0,0.0
35%,8,83,B,3,1,0.25
35%,8,84,B,4,0,0.0
35%,8,85,A,0,0,0.0
35%,8,86,A,1,1,0.25
35%,8,87,A,0,0,0.0
35%,8,88,A,0,0,0.0
35%,8,89,A,0,0,0.0
35%,8,90,A,0,0,0.0
35%,8,91,B,3,1,0.25
35%,8,92,B,4,0,0.0
35%,8,93,B,4,0,0.0
35%,8,94,B,3,1,0.25
35%,8,95,B,4,0,0.0
35%,8,96,B,4,0,0.0
Const30,10,1,A,1,1,0.25
Const30,10,2,A,0,0,0.0
Const30,10,3,A,0,0,0.0
Const30,10,4,A,1,1,0.25
Const30,10,5,A,0,0,0.0
Const30,10,6,A,1,1,0.25
Const30,10,7,B,4,0,0.0
Const30,10,8,B,4,0,0.0
Const30,10,9,B,4,0,0.0
Const30,10,10,B,4,0,0.0
Const30,10,11,B,4,0,0.0
Const30,10,12,B,4,0,0.0
Const30,10,13,A,1,1,0.25
Const30,10,14,A,0,0,0.0
Const30,10,15,A,0,0,0.0
Const30,10,16,A,0,0,0.0
Const30,10,17,A,0,0,0.0
Const30,10,18,A,1,1,0.25
Const30,10,19,B,4,0,0.0
Const30,10,20,B,3,1,0.25
Const30,10,21,B,4,0,0.0
Const30,10,22,B,4,0,0.0
Const30,10,23,B,4,0,0.0
Const30,10,24,B,4,0,0.0
Const30,10,25,A,0,0,0.0
Const30,10,26,A,2,2,0.5
Const30,10,27,A,1,1,0.25
Const30,10,28,A,1,1,0.25
Const30,10,29,A,0,0,0.0
Const30,10,30,A,1,1,0.25
Const30,10,31,B,4,0,0.0
Const30,10,32,B,4,0,0.0
Const30,10,33,B,4,0,0.0
Const30,10,34,B,4,0,0.0
Const30,10,35,B,4,0,0.0
Const30,10,36,B,4,0,0.0
Const30,10,37,A,0,0,0.0
Const30,10,38,A,1,1,0.25
Const30,10,39,A,1,1,0.25
Const30,10,40,A,0,0,0.0
Const30,10,41,A,0,0,0.0
Const30,10,42,A,0,0,0.0
Const30,10,43,B,4,0,0.0
Const30,10,44,B,4,0,0.0
Const30,10,45,B,3,1,0.25
Const30,10,46,B,3,1,0.25
Const30,10,47,B,4,0,0.0
Const30,10,48,B,4,0,0.0
Const30,10,49,A,0,0,0.0
Const30,10,50,A,0,0,0.0
Const30,10,51,A,0,0,0.0
Const30,10,52,A,0,0,0.0
Const30,10,53,A,0,0,0.0
Const30,10,54,A,0,0,0.0
Const30,10,55,B,4,0,0.0
Const30,10,56,B,4,0,0.0
Const30,10,57,B,4,0,0.0
Const30,10,58,B,4,0,0.0
Const30,10,59,B,3,1,0.25
Const30,10,60,B,4,0,0.0
Const30,10,61,A,0,0,0.0
Const30,10,62,A,1,1,0.25
Const30,10,63,A,0,0,0.0
Const30,10,64,A,0,0,0.0
Const30,10,65,A,0,0,0.0
Const30,10,66,A,0,0,0.0
Const30,10,67,B,4,0,0.0
Const30,10,68,B,4,0,0.0
Const30,10,69,B,4,0,0.0
Const30,10,70,B,4,0,0.0
Const30,10,71,B,4,0,0.0
Const30,10,72,B,4,0,0.0
Const30,10,73,A,1,1,0.25
Const30,10,74,A,1,1,0.25
Const30,10,75,A,1,1,0.25
Const30,10,76,A,0,0,0.0
Const30,10,77,A,1,1,0.25
Const30,10,78,A,0,0,0.0
Const30,10,79,B,4,0,0.0
Const30,10,80,B,4,0,0.0
Const30,10,81,B,4,0,0.0
Const30,10,82,B,3,1,0.25
Const30,10,83,B,4,0,0.0
Const30,10,84,B,4,0,0.0
Const30,10,85,A,1,1,0.25
Const30,10,86,A,0,0,0.0
Const30,10,87,A,0,0,0.0
Const30,10,88,A,0,0,0.0
Const30,10,89,A,0,0,0.0
Const30,10,90,A,0,0,0.0
Const30,10,91,B,4,0,0.0
Const30,10,92,B,4,0,0.0
Const30,10,93,B,4,0,0.0
Const30,10,94,B,4,0,0.0
Const30,10,95,B,4,0,0.0
Const30,10,96,B,4,0,0.0
Const39,10,1,A,1,1,0.25
Const39,10,2,A,2,2,0.5
Const39,10,3,A,1,1,0.25
Const39,10,4,A,2,2,0.5
Const39,10,5,A,2,2,0.5
Const39,10,6,A,2,2,0.5
Const39,10,7,B,2,2,0.5
Const39,10,8,B,3,1,0.25
Const39,10,9,B,3,1,0.25
Const39,10,10,B,3,1,0.25
Const39,10,11,B,3,1,0.25
Const39,10,12,B,3,1,0.25
Const39,10,13,A,1,1,0.25
Const39,10,14,A,1,1,0.25
Const39,10,15,A,1,1,0.25
Const39,10,16,A,1,1,0.25
Const39,10,17,A,2,2,0.5
Const39,10,18,A,1,1,0.25
Const39,10,19,B,3,1,0.25
Const39,10,20,B,2,2,0.5
Const39,10,21,B,3,1,0.25
Const39,10,22,B,3,1,0.25
Const39,10,23,B,3,1,0.25
Const39,10,24,B,3,1,0.25
Const39,10,25,A,1,1,0.25
Const39,10,26,A,2,2,0.5
Const39,10,27,A,1,1,0.25
Const39,10,28,A,1,1,0.25
Const39,10,29,A,1,1,0.25
Const39,10,30,A,0,0,0.0
Const39,10,31,B,3,1,0.25
Const39,10,32,B,3,1,0.25
Const39,10,33,B,2,2,0.5
Const39,10,34,B,3,1,0.25
Const39,10,35,B,3,1,0.25
Const39,10,36,B,3,1,0.25
Const39,10,37,A,1,1,0.25
Const39,10,38,A,1,1,0.25
Const39,10,39,A,1,1,0.25
Const39,10,40,A,0,0,0.0
Const39,10,41,A,2,2,0.5
Const39,10,42,A,1,1,0.25
Const39,10,43,B,2,2,0.5
Const39,10,44,B,3,1,0.25
Const39,10,45,B,3,1,0.25
Const39,10,46,B,3,1,0.25
Const39,10,47,B,2,2,0.5
Const39,10,48,B,3,1,0.25
Const39,10,49,A,2,2,0.5
Const39,10,50,A,2,2,0.5
Const39,10,51,A,1,1,0.25
Const39,10,52,A,1,1,0.25
Const39,10,53,A,1,1,0.25
Const39,10,54,A,1,1,0.25
Const39,10,55,B,3,1,0.25
Const39,10,56,B,3,1,0.25
Const39,10,57,B,3,1,0.25
Const39,10,58,B,3,1,0.25
Const39,10,59,B,4,0,0.0
Const39,10,60,B,3,1,0.25
Const39,10,61,A,1,1,0.25
Const39,10,62,A,1,1,0.25
Const39,10,63,A,0,0,0.0
Const39,10,64,A,1,1,0.25
Const39,10,65,A,1,1,0.25
Const39,10,66,A,2,2,0.5
Const39,10,67,B,3,1,0.25
Const39,10,68,B,3,1,0.25
Const39,10,69,B,3,1,0.25
Const39,10,70,B,3,1,0.25
Const39,10,71,B,3,1,0.25
Const39,10,72,B,2,2,0.5
Const39,10,73,A,1,1,0.25
Const39,10,74,A,2,2,0.5
Const39,10,75,A,0,0,0.0
Const39,10,76,A,0,0,0.0
Const39,10,77,A,1,1,0.25
Const39,10,78,A,2,2,0.5
Const39,10,79,B,3,1,0.25
Const39,10,80,B,3,1,0.25
Const39,10,81,B,3,1,0.25
Const39,10,82,B,3,1,0.25
Const39,10,83,B,3,1,0.25
Const39,10,84,B,3,1,0.25
Const39,10,85,A,1,1,0.25
Const39,10,86,A,1,1,0.25
Const39,10,87,A,1,1,0.25
Const39,10,88,A,1,1,0.25
Const39,10,89,A,0,0,0.0
Const39,10,90,A,1,1,0.25
Const39,10,91,B,2,2,0.5
Const39,10,92,B,2,2,0.5
Const39,10,93,B,3,1,0.25
Const39,10,94,B,3,1,0.25
Const39,10,95,B,3,1,0.25
Const39,10,96,B,2,2,0.5
25%,10,1,A,0,0,0.0
25%,10,2,A,0,0,0.0
25%,10,3,A,1,1,0.25
25%,10,4,A,1,1,0.25
25%,10,5,A,1,1,0.25
25%,10,6,A,1,1,0.25
25%,10,7,B,2,2,0.5
25%,10,8,B,3,1,0.25
25%,10,9,B,4,0,0.0
25%,10,10,B,3,1,0.25
25%,10,11,B,2,2,0.5
25%,10,12,B,3,1,0.25
25%,10,13,A,0,0,0.0
25%,10,14,A,1,1,0.25
25%,10,15,A,1,1,0.25
25%,10,16,A,0,0,0.0
25%,10,17,A,0,0,0.0
25%,10,18,A,1,1,0.25
25%,10,19,B,3,1,0.25
25%,10,20,B,3,1,0.25
25%,10,21,B,3,1,0.25
25%,10,22,B,3,1,0.25
25%,10,23,B,4,0,0.0
25%,10,24,B,3,1,0.25
25%,10,25,A,1,1,0.25
25%,10,26,A,1,1,0.25
25%,10,27,A,1,1,0.25
25%,10,28,A,0,0,0.0
25%,10,29,A,0,0,0.0
25%,10,30,A,2,2,0.5
25%,10,31,B,3,1,0.25
25%,10,32,B,4,0,0.0
25%,10,33,B,3,1,0.25
25%,10,34,B,3,1,0.25
25%,10,35,B,4,0,0.0
25%,10,36,B,3,1,0.25
25%,10,37,A,1,1,0.25
25%,10,38,A,1,1,0.25
25%,10,39,A,1,1,0.25
25%,10,40,A,0,0,0.0
25%,10,41,A,0,0,0.0
25%,10,42,A,2,2,0.5
25%,10,43,B,4,0,0.0
25%,10,44,B,3,1,0.25
25%,10,45,B,4,0,0.0
25%,10,46,B,3,1,0.25
25%,10,47,B,3,1,0.25
25%,10,48,B,3,1,0.25
25%,10,49,A,1,1,0.25
25%,10,50,A,1,1,0.25
25%,10,51,A,1,1,0.25
25%,10,52,A,2,2,0.5
25%,10,53,A,0,0,0.0
25%,10,54,A,1,1,0.25
25%,10,55,B,3,1,0.25
25%,10,56,B,4,0,0.0
25%,10,57,B,3,1,0.25
25%,10,58,B,3,1,0.25
25%,10,59,B,3,1,0.25
25%,10,60,B,3,1,0.25
25%,10,61,A,1,1,0.25
25%,10,62,A,0,0,0.0
25%,10,63,A,1,1,0.25
25%,10,64,A,2,2,0.5
25%,10,65,A,1,1,0.25
25%,10,66,A,1,1,0.25
25%,10,67,B,3,1,0.25
25%,10,68,B,2,2,0.5
25%,10,69,B,4,0,0.0
25%,10,70,B,3,1,0.25
25%,10,71,B,3,1,0.25
25%,10,72,B,3,1,0.25
25%,10,73,A,1,1,0.25
25%,10,74,A,0,0,0.0
25%,10,75,A,1,1,0.25
25%,10,76,A,0,0,0.0
25%,10,77,A,0,0,0.0
25%,10,78,A,1,1,0.25
25%,10,79,B,3,1,0.25
25%,10,80,B,4,0,0.0
25%,10,81,B,3,1,0.25
25%,10,82,B,4,0,0.0
25%,10,83,B,3,1,0.25
25%,10,84,B,3,1,0.25
25%,10,85,A,1,1,0.25
25%,10,86,A,1,1,0.25
25%,10,87,A,1,1,0.25
25%,10,88,A,1,1,0.25
25%,10,89,A,0,0,0.0
25%,10,90,A,1,1,0.25
25%,10,91,B,4,0,0.0
25%,10,92,B,3,1,0.25
25%,10,93,B,3,1,0.25
25%,10,94,B,3,1,0.25
25%,10,95,B,3,1,0.25
25%,10,96,B,4,0,0.0
15%,10,1,A,0,0,0.0
15%,10,2,A,1,1,0.25
15%,10,3,A,1,1,0.25
15%,10,4,A,1,1,0.25
15%,10,5,A,1,1,0.25
15%,10,6,A,1,1,0.25
15%,10,7,B,4,0,0.0
15%,10,8,B,3,1,0.25
15%,10,9,B,3,1,0.25
15%,10,10,B,3,1,0.25
15%,10,11,B,4,0,0.0
15%,10,12,B,4,0,0.0
15%,10,13,A,1,1,0.25
15%,10,14,A,1,1,0.25
15%,10,15,A,1,1,0.25
15%,10,16,A,1,1,0.25
15%,10,17,A,1,1,0.25
15%,10,18,A,1,1,0.25
15%,10,19,B,2,2,0.5
15%,10,20,B,4,0,0.0
15%,10,21,B,3,1,0.25
15%,10,22,B,4,0,0.0
15%,10,23,B,3,1,0.25
15%,10,24,B,3,1,0.25
15%,10,25,A,1,1,0.25
15%,10,26,A,0,0,0.0
15%,10,27,A,0,0,0.0
15%,10,28,A,1,1,0.25
15%,10,29,A,1,1,0.25
15%,10,30,A,0,0,0.0
15%,10,31,B,3,1,0.25
15%,10,32,B,3,1,0.25
15%,10,33,B,3,1,0.25
15%,10,34,B,3,1,0.25
15%,10,35,B,2,2,0.5
15%,10,36,B,4,0,0.0
15%,10,37,A,1,1,0.25
15%,10,38,A,1,1,0.25
15%,10,39,A,1,1,0.25
15%,10,40,A,2,2,0.5
15%,10,41,A,1,1,0.25
15%,10,42,A,0,0,0.0
15%,10,43,B,4,0,0.0
15%,10,44,B,3,1,0.25
15%,10,45,B,4,0,0.0
15%,10,46,B,3,1,0.25
15%,10,47,B,3,1,0.25
15%,10,48,B,4,0,0.0
15%,10,49,A,1,1,0.25
15%,10,50,A,1,1,0.25
15%,10,51,A,1,1,0.25
15%,10,52,A,0,0,0.0
15%,10,53,A,2,2,0.5
15%,10,54,A,1,1,0.25
15%,10,55,B,4,0,0.0
15%,10,56,B,4,0,0.0
15%,10,57,B,3,1,0.25
15%,10,58,B,4,0,0.0
15%,10,59,B,4,0,0.0
15%,10,60,B,2,2,0.5
15%,10,61,A,1,1,0.25
15%,10,62,A,0,0,0.0
15%,10,63,A,0,0,0.0
15%,10,64,A,1,1,0.25
15%,10,65,A,1,1,0.25
15%,10,66,A,0,0,0.0
15%,10,67,B,4,0,0.0
15%,10,68,B,4,0,0.0
15%,10,69,B,4,0,0.0
15%,10,70,B,2,2,0.5
15%,10,71,B,4,0,0.0
15%,10,72,B,4,0,0.0
15%,10,73,A,1,1,0.25
15%,10,74,A,1,1,0.25
15%,10,75,A,0,0,0.0
15%,10,76,A,1,1,0.25
15%,10,77,A,1,1,0.25
15%,10,78,A,1,1,0.25
15%,10,79,B,3,1,0.25
15%,10,80,B,3,1,0.25
15%,10,81,B,3,1,0.25
15%,10,82,B,3,1,0.25
15%,10,83,B,3,1,0.25
15%,10,84,B,3,1,0.25
15%,10,85,A,1,1,0.25
15%,10,86,A,1,1,0.25
15%,10,87,A,2,2,0.5
15%,10,88,A,1,1,0.25
15%,10,89,A,0,0,0.0
15%,10,90,A,2,2,0.5
15%,10,91,B,4,0,0.0
15%,10,92,B,3,1,0.25
15%,10,93,B,3,1,0.25
15%,10,94,B,3,1,0.25
15%,10,95,B,4,0,0.0
15%,10,96,B,3,1,0.25
35%,10,1,A,0,0,0.0
35%,10,2,A,0,0,0.0
35%,10,3,A,0,0,0.0
35%,10,4,A,0,0,0.0
35%,10,5,A,0,0,0.0
35%,10,6,A,0,0,0.0
35%,10,7,B,4,0,0.0
35%,10,8,B,4,0,0.0
35%,10,9,B,4,0,0.0
35%,10,10,B,4,0,0.0
35%,10,11,B,4,0,0.0
35%,10,12,B,4,0,0.0
35%,10,13,A,0,0,0.0
35%,10,14,A,0,0,0.0
35%,10,15,A,0,0,0.0
35%,10,16,A,0,0,0.0
35%,10,17,A,0,0,0.0
35%,10,18,A,0,0,0.0
35%,10,19,B,4,0,0.0
35%,10,20,B,4,0,0.0
35%,10,21,B,4,0,0.0
35%,10,22,B,4,0,0.0
35%,10,23,B,4,0,0.0
35%,10,24,B,4,0,0.0
35%,10,25,A,0,0,0.0
35%,10,26,A,0,0,0.0
35%,10,27,A,0,0,0.0
35%,10,28,A,0,0,0.0
35%,10,29,A,0,0,0.0
35%,10,30,A,0,0,0.0
35%,10,31,B,4,0,0.0
35%,10,32,B,4,0,0.0
35%,10,33,B,4,0,0.0
35%,10,34,B,4,0,0.0
35%,10,35,B,4,0,0.0
35%,10,36,B,4,0,0.0
35%,10,37,A,0,0,0.0
35%,10,38,A,0,0,0.0
35%,10,39,A,0,0,0.0
35%,10,40,A,0,0,0.0
35%,10,41,A,0,0,0.0
35%,10,42,A,0,0,0.0
35%,10,43,B,4,0,0.0
35%,10,44,B,4,0,0.0
35%,10,45,B,4,0,0.0
35%,10,46,B,4,0,0.0
35%,10,47,B,4,0,0.0
35%,10,48,B,4,0,0.0
35%,10,49,A,0,0,0.0
35%,10,50,A,0,0,0.0
35%,10,51,A,0,0,0.0
35%,10,52,A,0,0,0.0
35%,10,53,A,0,0,0.0
35%,10,54,A,0,0,0.0
35%,10,55,B,4,0,0.0
35%,10,56,B,4,0,0.0
35%,10,57,B,4,0,0.0
35%,10,58,B,4,0,0.0
35%,10,59,B,4,0,0.0
35%,10,60,B,4,0,0.0
35%,10,61,A,0,0,0.0
35%,10,62,A,0,0,0.0
35%,10,63,A,0,0,0.0
35%,10,64,A,0,0,0.0
35%,10,65,A,0,0,0.0
35%,10,66,A,0,0,0.0
35%,10,67,B,4,0,0.0
35%,10,68,B,4,0,0.0
35%,10,69,B,4,0,0.0
35%,10,70,B,4,0,0.0
35%,10,71,B,4,0,0.0
35%,10,72,B,4,0,0.0
35%,10,73,A,0,0,0.0
35%,10,74,A,0,0,0.0
35%,10,75,A,0,0,0.0
35%,10,76,A,0,0,0.0
35%,10,77,A,0,0,0.0
35%,10,78,A,0,0,0.0
35%,10,79,B,4,0,0.0
35%,10,80,B,4,0,0.0
35%,10,81,B,4,0,0.0
35%,10,82,B,4,0,0.0
35%,10,83,B,4,0,0.0
35%,10,84,B,4,0,0.0
35%,10,85,A,0,0,0.0
35%,10,86,A,0,0,0.0
35%,10,87,A,0,0,0.0
35%,10,88,A,0,0,0.0
35%,10,89,A,0,0,0.0
35%,10,90,A,0,0,0.0
35%,10,91,B,4,0,0.0
35%,10,92,B,4,0,0.0
35%,10,93,B,4,0,0.0
35%,10,94,B,4,0,0.0
35%,10,95,B,4,0,0.0
35%,10,96,B,4,0,0.0
Const30,12,1,A,1,1,0.25
Const30,12,2,A,0,0,0.0
Const30,12,3,A,0,0,0.0
Const30,12,4,A,0,0,0.0
Const30,12,5,A,0,0,0.0
Const30,12,6,A,0,0,0.0
Const30,12,7,B,4,0,0.0
Const30,12,8,B,4,0,0.0
Const30,12,9,B,4,0,0.0
Const30,12,10,B,4,0,0.0
Const30,12,11,B,4,0,0.0
Const30,12,12,B,4,0,0.0
Const30,12,13,A,0,0,0.0
Const30,12,14,A,0,0,0.0
Const30,12,15,A,0,0,0.0
Const30,12,16,A,0,0,0.0
Const30,12,17,A,0,0,0.0
Const30,12,18,A,0,0,0.0
Const30,12,19,B,3,1,0.25
Const30,12,20,B,4,0,0.0
Const30,12,21,B,4,0,0.0
Const30,12,22,B,4,0,0.0
Const30,12,23,B,4,0,0.0
Const30,12,24,B,4,0,0.0
Const30,12,25,A,0,0,0.0
Const30,12,26,A,0,0,0.0
Const30,12,27,A,0,0,0.0
Const30,12,28,A,0,0,0.0
Const30,12,29,A,0,0,0.0
Const30,12,30,A,0,0,0.0
Const30,12,31,B,4,0,0.0
Const30,12,32,B,3,1,0.25
Const30,12,33,B,4,0,0.0
Const30,12,34,B,4,0,0.0
Const30,12,35,B,4,0,0.0
Const30,12,36,B,4,0,0.0
Const30,12,37,A,0,0,0.0
Const30,12,38,A,0,0,0.0
Const30,12,39,A,0,0,0.0
Const30,12,40,A,0,0,0.0
Const30,12,41,A,0,0,0.0
Const30,12,42,A,0,0,0.0
Const30,12,43,B,4,0,0.0
Const30,12,44,B,4,0,0.0
Const30,12,45,B,4,0,0.0
Const30,12,46,B,4,0,0.0
Const30,12,47,B,4,0,0.0
Const30,12,48,B,4,0,0.0
Const30,12,49,A,0,0,0.0
Const30,12,50,A,0,0,0.0
Const30,12,51,A,0,0,0.0
Const30,12,52,A,0,0,0.0
Const30,12,53,A,0,0,0.0
Const30,12,54,A,0,0,0.0
Const30,12,55,B,4,0,0.0
Const30,12,56,B,4,0,0.0
Const30,12,57,B,4,0,0.0
Const30,12,58,B,4,0,0.0
Const30,12,59,B,4,0,0.0
Const30,12,60,B,4,0,0.0
Const30,12,61,A,1,1,0.25
Const30,12,62,A,0,0,0.0
Const30,12,63,A,0,0,0.0
Const30,12,64,A,0,0,0.0
Const30,12,65,A,0,0,0.0
Const30,12,66,A,0,0,0.0
Const30,12,67,B,4,0,0.0
Const30,12,68,B,4,0,0.0
Const30,12,69,B,4,0,0.0
Const30,12,70,B,4,0,0.0
Const30,12,71,B,4,0,0.0
Const30,12,72,B,4,0,0.0
Const30,12,73,A,0,0,0.0
Const30,12,74,A,0,0,0.0
Const30,12,75,A,1,1,0.25
Const30,12,76,A,0,0,0.0
Const30,12,77,A,0,0,0.0
Const30,12,78,A,0,0,0.0
Const30,12,79,B,4,0,0.0
Const30,12,80,B,4,0,0.0
Const30,12,81,B,4,0,0.0
Const30,12,82,B,4,0,0.0
Const30,12,83,B,4,0,0.0
Const30,12,84,B,4,0,0.0
Const30,12,85,A,0,0,0.0
Const30,12,86,A,0,0,0.0
Const30,12,87,A,0,0,0.0
Const30,12,88,A,0,0,0.0
Const30,12,89,A,0,0,0.0
Const30,12,90,A,0,0,0.0
Const30,12,91,B,4,0,0.0
Const30,12,92,B,4,0,0.0
Const30,12,93,B,4,0,0.0
Const30,12,94,B,4,0,0.0
Const30,12,95,B,4,0,0.0
Const30,12,96,B,4,0,0.0
Const39,12,1,A,0,0,0.0
Const39,12,2,A,0,0,0.0
Const39,12,3,A,1,1,0.25
Const39,12,4,A,0,0,0.0
Const39,12,5,A,0,0,0.0
Const39,12,6,A,1,1,0.25
Const39,12,7,B,3,1,0.25
Const39,12,8,B,2,2,0.5
Const39,12,9,B,3,1,0.25
Const39,12,10,B,4,0,0.0
Const39,12,11,B,3,1,0.25
Const39,12,12,B,4,0,0.0
Const39,12,13,A,0,0,0.0
Const39,12,14,A,1,1,0.25
Const39,12,15,A,1,1,0.25
Const39,12,16,A,2,2,0.5
Const39,12,17,A,0,0,0.0
Const39,12,18,A,0,0,0.0
Const39,12,19,B,3,1,0.25
Const39,12,20,B,3,1,0.25
Const39,12,21,B,3,1,0.25
Const39,12,22,B,3,1,0.25
Const39,12,23,B,3,1,0.25
Const39,12,24,B,3,1,0.25
Const39,12,25,A,1,1,0.25
Const39,12,26,A,1,1,0.25
Const39,12,27,A,0,0,0.0
Const39,12,28,A,1,1,0.25
Const39,12,29,A,0,0,0.0
Const39,12,30,A,1,1,0.25
Const39,12,31,B,3,1,0.25
Const39,12,32,B,3,1,0.25
Const39,12,33,B,4,0,0.0
Const39,12,34,B,2,2,0.5
Const39,12,35,B,3,1,0.25
Const39,12,36,B,3,1,0.25
Const39,12,37,A,0,0,0.0
Const39,12,38,A,0,0,0.0
Const39,12,39,A,1,1,0.25
Const39,12,40,A,1,1,0.25
Const39,12,41,A,0,0,0.0
Const39,12,42,A,1,1,0.25
Const39,12,43,B,4,0,0.0
Const39,12,44,B,4,0,0.0
Const39,12,45,B,4,0,0.0
Const39,12,46,B,3,1,0.25
Const39,12,47,B,4,0,0.0
Const39,12,48,B,4,0,0.0
Const39,12,49,A,0,0,0.0
Const39,12,50,A,0,0,0.0
Const39,12,51,A,0,0,0.0
Const39,12,52,A,1,1,0.25
Const39,12,53,A,1,1,0.25
Const39,12,54,A,1,1,0.25
Const39,12,55,B,4,0,0.0
Const39,12,56,B,3,1,0.25
Const39,12,57,B,4,0,0.0
Const39,12,58,B,3,1,0.25
Const39,12,59,B,4,0,0.0
Const39,12,60,B,4,0,0.0
Const39,12,61,A,0,0,0.0
Const39,12,62,A,1,1,0.25
Const39,12,63,A,0,0,0.0
Const39,12,64,A,0,0,0.0
Const39,12,65,A,1,1,0.25
Const39,12,66,A,1,1,0.25
Const39,12,67,B,4,0,0.0
Const39,12,68,B,3,1,0.25
Const39,12,69,B,3,1,0.25
Const39,12,70,B,4,0,0.0
Const39,12,71,B,3,1,0.25
Const39,12,72,B,3,1,0.25
Const39,12,73,A,1,1,0.25
Const39,12,74,A,1,1,0.25
Const39,12,75,A,1,1,0.25
Const39,12,76,A,0,0,0.0
Const39,12,77,A,0,0,0.0
Const39,12,78,A,1,1,0.25
Const39,12,79,B,4,0,0.0
Const39,12,80,B,4,0,0.0
Const39,12,81,B,2,2,0.5
Const39,12,82,B,4,0,0.0
Const39,12,83,B,3,1,0.25
Const39,12,84,B,4,0,0.0
Const39,12,85,A,1,1,0.25
Const39,12,86,A,1,1,0.25
Const39,12,87,A,0,0,0.0
Const39,12,88,A,0,0,0.0
Const39,12,89,A,1,1,0.25
Const39,12,90,A,1,1,0.25
Const39,12,91,B,3,1,0.25
Const39,12,92,B,3,1,0.25
Const39,12,93,B,3,1,0.25
Const39,12,94,B,3,1,0.25
Const39,12,95,B,2,2,0.5
Const39,12,96,B,3,1,0.25
25%,12,1,A,1,1,0.25
25%,12,2,A,1,1,0.25
25%,12,3,A,1,1,0.25
25%,12,4,A,1,1,0.25
25%,12,5,A,0,0,0.0
25%,12,6,A,1,1,0.25
25%,12,7,B,3,1,0.25
25%,12,8,B,3,1,0.25
25%,12,9,B,3,1,0.25
25%,12,10,B,4,0,0.0
25%,12,11,B,3,1,0.25
25%,12,12,B,3,1,0.25
25%,12,13,A,1,1,0.25
25%,12,14,A,2,2,0.5
25%,12,15,A,2,2,0.5
25%,12,16,A,1,1,0.25
25%,12,17,A,1,1,0.25
25%,12,18,A,0,0,0.0
25%,12,19,B,3,1,0.25
25%,12,20,B,3,1,0.25
25%,12,21,B,2,2,0.5
25%,12,22,B,3,1,0.25
25%,12,23,B,3,1,0.25
25%,12,24,B,3,1,0.25
25%,12,25,A,1,1,0.25
25%,12,26,A,0,0,0.0
25%,12,27,A,0,0,0.0
25%,12,28,A,1,1,0.25
25%,12,29,A,1,1,0.25
25%,12,30,A,0,0,0.0
25%,12,31,B,3,1,0.25
25%,12,32,B,3,1,0.25
25%,12,33,B,4,0,0.0
25%,12,34,B,3,1,0.25
25%,12,35,B,3,1,0.25
25%,12,36,B,2,2,0.5
25%,12,37,A,1,1,0.25
25%,12,38,A,1,1,0.25
25%,12,39,A,1,1,0.25
25%,12,40,A,1,1,0.25
25%,12,41,A,1,1,0.25
25%,12,42,A,1,1,0.25
25%,12,43,B,3,1,0.25
25%,12,44,B,3,1,0.25
25%,12,45,B,3,1,0.25
25%,12,46,B,3,1,0.25
25%,12,47,B,4,0,0.0
25%,12,48,B,4,0,0.0
25%,12,49,A,1,1,0.25
25%,12,50,A,1,1,0.25
25%,12,51,A,0,0,0.0
25%,12,52,A,0,0,0.0
25%,12,53,A,1,1,0.25
25%,12,54,A,1,1,0.25
25%,12,55,B,3,1,0.25
25%,12,56,B,2,2,0.5
25%,12,57,B,4,0,0.0
25%,12,58,B,3,1,0.25
25%,12,59,B,3,1,0.25
25%,12,60,B,3,1,0.25
25%,12,61,A,1,1,0.25
25%,12,62,A,1,1,0.25
25%,12,63,A,1,1,0.25
25%,12,64,A,1,1,0.25
25%,12,65,A,1,1,0.25
25%,12,66,A,0,0,0.0
25%,12,67,B,4,0,0.0
25%,12,68,B,3,1,0.25
25%,12,69,B,4,0,0.0
25%,12,70,B,4,0,0.0
25%,12,71,B,3,1,0.25
25%,12,72,B,3,1,0.25
25%,12,73,A,1,1,0.25
25%,12,74,A,1,1,0.25
25%,12,75,A,1,1,0.25
25%,12,76,A,1,1,0.25
25%,12,77,A,1,1,0.25
25%,12,78,A,0,0,0.0
25%,12,79,B,2,2,0.5
25%,12,80,B,3,1,0.25
25%,12,81,B,4,0,0.0
25%,12,82,B,3,1,0.25
25%,12,83,B,3,1,0.25
25%,12,84,B,4,0,0.0
25%,12,85,A,0,0,0.0
25%,12,86,A,0,0,0.0
25%,12,87,A,2,2,0.5
25%,12,88,A,1,1,0.25
25%,12,89,A,1,1,0.25
25%,12,90,A,1,1,0.25
25%,12,91,B,3,1,0.25
25%,12,92,B,4,0,0.0
25%,12,93,B,3,1,0.25
25%,12,94,B,3,1,0.25
25%,12,95,B,3,1,0.25
25%,12,96,B,4,0,0.0
15%,12,1,A,1,1,0.25
15%,12,2,A,0,0,0.0
15%,12,3,A,1,1,0.25
15%,12,4,A,0,0,0.0
15%,12,5,A,0,0,0.0
15%,12,6,A,0,0,0.0
15%,12,7,B,3,1,0.25
15%,12,8,B,4,0,0.0
15%,12,9,B,4,0,0.0
15%,12,10,B,3,1,0.25
15%,12,11,B,4,0,0.0
15%,12,12,B,3,1,0.25
15%,12,13,A,1,1,0.25
15%,12,14,A,1,1,0.25
15%,12,15,A,1,1,0.25
15%,12,16,A,1,1,0.25
15%,12,17,A,0,0,0.0
15%,12,18,A,1,1,0.25
15%,12,19,B,3,1,0.25
15%,12,20,B,3,1,0.25
15%,12,21,B,4,0,0.0
15%,12,22,B,3,1,0.25
15%,12,23,B,3,1,0.25
15%,12,24,B,3,1,0.25
15%,12,25,A,0,0,0.0
15%,12,26,A,0,0,0.0
15%,12,27,A,0,0,0.0
15%,12,28,A,1,1,0.25
15%,12,29,A,0,0,0.0
15%,12,30,A,1,1,0.25
15%,12,31,B,3,1,0.25
15%,12,32,B,3,1,0.25
15%,12,33,B,4,0,0.0
15%,12,34,B,4,0,0.0
15%,12,35,B,3,1,0.25
15%,12,36,B,4,0,0.0
15%,12,37,A,0,0,0.0
15%,12,38,A,0,0,0.0
15%,12,39,A,0,0,0.0
15%,12,40,A,0,0,0.0
15%,12,41,A,1,1,0.25
15%,12,42,A,0,0,0.0
15%,12,43,B,4,0,0.0
15%,12,44,B,3,1,0.25
15%,12,45,B,4,0,0.0
15%,12,46,B,4,0,0.0
15%,12,47,B,3,1,0.25
15%,12,48,B,3,1,0.25
15%,12,49,A,0,0,0.0
15%,12,50,A,0,0,0.0
15%,12,51,A,0,0,0.0
15%,12,52,A,0,0,0.0
15%,12,53,A,0,0,0.0
15%,12,54,A,0,0,0.0
15%,12,55,B,3,1,0.25
15%,12,56,B,4,0,0.0
15%,12,57,B,4,0,0.0
15%,12,58,B,3,1,0.25
15%,12,59,B,4,0,0.0
15%,12,60,B,4,0,0.0
15%,12,61,A,1,1,0.25
15%,12,62,A,0,0,0.0
15%,12,63,A,1,1,0.25
15%,12,64,A,1,1,0.25
15%,12,65,A,1,1,0.25
15%,12,66,A,1,1,0.25
15%,12,67,B,2,2,0.5
15%,12,68,B,3,1,0.25
15%,12,69,B,4,0,0.0
15%,12,70,B,4,0,0.0
15%,12,71,B,4,0,0.0
15%,12,72,B,3,1,0.25
15%,12,73,A,0,0,0.0
15%,12,74,A,0,0,0.0
15%,12,75,A,1,1,0.25
15%,12,76,A,0,0,0.0
15%,12,77,A,1,1,0.25
15%,12,78,A,0,0,0.0
15%,12,79,B,4,0,0.0
15%,12,80,B,3,1,0.25
15%,12,81,B,3,1,0.25
15%,12,82,B,4,0,0.0
15%,12,83,B,4,0,0.0
15%,12,84,B,4,0,0.0
15%,12,85,A,0,0,0.0
15%,12,86,A,0,0,0.0
15%,12,87,A,1,1,0.25
15%,12,88,A,0,0,0.0
15%,12,89,A,0,0,0.0
15%,12,90,A,0,0,0.0
15%,12,91,B,4,0,0.0
15%,12,92,B,4,0,0.0
15%,12,93,B,4,0,0.0
15%,12,94,B,4,0,0.0
15%,12,95,B,3,1,0.25
15%,12,96,B,3,1,0.25
35%,12,1,A,0,0,0.0
35%,12,2,A,0,0,0.0
35%,12,3,A,0,0,0.0
35%,12,4,A,0,0,0.0
35%,12,5,A,0,0,0.0
35%,12,6,A,0,0,0.0
35%,12,7,B,4,0,0.0
35%,12,8,B,4,0,0.0
35%,12,9,B,4,0,0.0
35%,12,10,B,4,0,0.0
35%,12,11,B,4,0,0.0
35%,12,12,B,4,0,0.0
35%,12,13,A,0,0,0.0
35%,12,14,A,0,0,0.0
35%,12,15,A,0,0,0.0
35%,12,16,A,0,0,0.0
35%,12,17,A,0,0,0.0
35%,12,18,A,0,0,0.0
35%,12,19,B,4,0,0.0
35%,12,20,B,4,0,0.0
35%,12,21,B,4,0,0.0
35%,12,22,B,4,0,0.0
35%,12,23,B,4,0,0.0
35%,12,24,B,4,0,0.0
35%,12,25,A,0,0,0.0
35%,12,26,A,0,0,0.0
35%,12,27,A,0,0,0.0
35%,12,28,A,0,0,0.0
35%,12,29,A,0,0,0.0
35%,12,30,A,0,0,0.0
35%,12,31,B,4,0,0.0
35%,12,32,B,4,0,0.0
35%,12,33,B,4,0,0.0
35%,12,34,B,4,0,0.0
35%,12,35,B,4,0,0.0
35%,12,36,B,4,0,0.0
35%,12,37,A,0,0,0.0
35%,12,38,A,0,0,0.0
35%,12,39,A,0,0,0.0
35%,12,40,A,0,0,0.0
35%,12,41,A,0,0,0.0
35%,12,42,A,0,0,0.0
35%,12,43,B,4,0,0.0
35%,12,44,B,4,0,0.0
35%,12,45,B,4,0,0.0
35%,12,46,B,4,0,0.0
35%,12,47,B,4,0,0.0
35%,12,48,B,4,0,0.0
35%,12,49,A,0,0,0.0
35%,12,50,A,0,0,0.0
35%,12,51,A,0,0,0.0
35%,12,52,A,0,0,0.0
35%,12,53,A,1,1,0.25
35%,12,54,A,0,0,0.0
35%,12,55,B,4,0,0.0
35%,12,56,B,4,0,0.0
35%,12,57,B,4,0,0.0
35%,12,58,B,4,0,0.0
35%,12,59,B,4,0,0.0
35%,12,60,B,4,0,0.0
35%,12,61,A,0,0,0.0
35%,12,62,A,0,0,0.0
35%,12,63,A,0,0,0.0
35%,12,64,A,0,0,0.0
35%,12,65,A,0,0,0.0
35%,12,66,A,0,0,0.0
35%,12,67,B,3,1,0.25
35%,12,68,B,3,1,0.25
35%,12,69,B,4,0,0.0
35%,12,70,B,4,0,0.0
35%,12,71,B,4,0,0.0
35%,12,72,B,4,0,0.0
35%,12,73,A,0,0,0.0
35%,12,74,A,0,0,0.0
35%,12,75,A,0,0,0.0
35%,12,76,A,0,0,0.0
35%,12,77,A,0,0,0.0
35%,12,78,A,0,0,0.0
35%,12,79,B,3,1,0.25
35%,12,80,B,4,0,0.0
35%,12,81,B,4,0,0.0
35%,12,82,B,3,1,0.25
35%,12,83,B,4,0,0.0
35%,12,84,B,4,0,0.0
35%,12,85,A,0,0,0.0
35%,12,86,A,0,0,0.0
35%,12,87,A,0,0,0.0
35%,12,88,A,0,0,0.0
35%,12,89,A,0,0,0.0
35%,12,90,A,0,0,0.0
35%,12,91,B,4,0,0.0
35%,12,92,B,4,0,0.0
35%,12,93,B,4,0,0.0
35%,12,94,B,4,0,0.0
35%,12,95,B,4,0,0.0
35%,12,96,B,4,0,0.0
Const30,14,1,A,0,0,0.0
Const30,14,2,A,0,0,0.0
Const30,14,3,A,0,0,0.0
Const30,14,4,A,0,0,0.0
Const30,14,5,A,0,0,0.0
Const30,14,6,A,0,0,0.0
Const30,14,7,B,3,1,0.25
Const30,14,8,B,4,0,0.0
Const30,14,9,B,4,0,0.0
Const30,14,10,B,4,0,0.0
Const30,14,11,B,4,0,0.0
Const30,14,12,B,4,0,0.0
Const30,14,13,A,0,0,0.0
Const30,14,14,A,0,0,0.0
Const30,14,15,A,0,0,0.0
Const30,14,16,A,0,0,0.0
Const30,14,17,A,1,1,0.25
Const30,14,18,A,0,0,0.0
Const30,14,19,B,4,0,0.0
Const30,14,20,B,4,0,0.0
Const30,14,21,B,4,0,0.0
Const30,14,22,B,4,0,0.0
Const30,14,23,B,4,0,0.0
Const30,14,24,B,4,0,0.0
Const30,14,25,A,1,1,0.25
Const30,14,26,A,0,0,0.0
Const30,14,27,A,0,0,0.0
Const30,14,28,A,0,0,0.0
Const30,14,29,A,0,0,0.0
Const30,14,30,A,0,0,0.0
Const30,14,31,B,4,0,0.0
Const30,14,32,B,4,0,0.0
Const30,14,33,B,4,0,0.0
Const30,14,34,B,4,0,0.0
Const30,14,35,B,4,0,0.0
Const30,14,36,B,4,0,0.0
Const30,14,37,A,0,0,0.0
Const30,14,38,A,0,0,0.0
Const30,14,39,A,0,0,0.0
Const30,14,40,A,0,0,0.0
Const30,14,41,A,0,0,0.0
Const30,14,42,A,0,0,0.0
Const30,14,43,B,4,0,0.0
Const30,14,44,B,4,0,0.0
Const30,14,45,B,3,1,0.25
Const30,14,46,B,4,0,0.0
Const30,14,47,B,4,0,0.0
Const30,14,48,B,4,0,0.0
Const30,14,49,A,0,0,0.0
Const30,14,50,A,0,0,0.0
Const30,14,51,A,0,0,0.0
Const30,14,52,A,0,0,0.0
Const30,14,53,A,0,0,0.0
Const30,14,54,A,0,0,0.0
Const30,14,55,B,4,0,0.0
Const30,14,56,B,4,0,0.0
Const30,14,57,B,4,0,0.0
Const30,14,58,B,4,0,0.0
Const30,14,59,B,4,0,0.0
Const30,14,60,B,4,0,0.0
Const30,14,61,A,0,0,0.0
Const30,14,62,A,0,0,0.0
Const30,14,63,A,0,0,0.0
Const30,14,64,A,0,0,0.0
Const30,14,65,A,0,0,0.0
Const30,14,66,A,0,0,0.0
Const30,14,67,B,4,0,0.0
Const30,14,68,B,3,1,0.25
Const30,14,69,B,4,0,0.0
Const30,14,70,B,4,0,0.0
Const30,14,71,B,4,0,0.0
Const30,14,72,B,4,0,0.0
Const30,14,73,A,0,0,0.0
Const30,14,74,A,0,0,0.0
Const30,14,75,A,1,1,0.25
Const30,14,76,A,0,0,0.0
Const30,14,77,A,0,0,0.0
Const30,14,78,A,0,0,0.0
Const30,14,79,B,4,0,0.0
Const30,14,80,B,4,0,0.0
Const30,14,81,B,4,0,0.0
Const30,14,82,B,4,0,0.0
Const30,14,83,B,4,0,0.0
Const30,14,84,B,4,0,0.0
Const30,14,85,A,0,0,0.0
Const30,14,86,A,0,0,0.0
Const30,14,87,A,0,0,0.0
Const30,14,88,A,0,0,0.0
Const30,14,89,A,0,0,0.0
Const30,14,90,A,0,0,0.0
Const30,14,91,B,4,0,0.0
Const30,14,92,B,4,0,0.0
Const30,14,93,B,3,1,0.25
Const30,14,94,B,4,0,0.0
Const30,14,95,B,4,0,0.0
Const30,14,96,B,3,1,0.25
Const39,14,1,A,0,0,0.0
Const39,14,2,A,0,0,0.0
Const39,14,3,A,1,1,0.25
Const39,14,4,A,1,1,0.25
Const39,14,5,A,1,1,0.25
Const39,14,6,A,0,0,0.0
Const39,14,7,B,4,0,0.0
Const39,14,8,B,3,1,0.25
Const39,14,9,B,4,0,0.0
Const39,14,10,B,4,0,0.0
Const39,14,11,B,4,0,0.0
Const39,14,12,B,4,0,0.0
Const39,14,13,A,0,0,0.0
Const39,14,14,A,0,0,0.0
Const39,14,15,A,0,0,0.0
Const39,14,16,A,0,0,0.0
Const39,14,17,A,0,0,0.0
Const39,14,18,A,0,0,0.0
Const39,14,19,B,4,0,0.0
Const39,14,20,B,4,0,0.0
Const39,14,21,B,4,0,0.0
Const39,14,22,B,4,0,0.0
Const39,14,23,B,4,0,0.0
Const39,14,24,B,3,1,0.25
Const39,14,25,A,0,0,0.0
Const39,14,26,A,0,0,0.0
Const39,14,27,A,0,0,0.0
Const39,14,28,A,0,0,0.0
Const39,14,29,A,1,1,0.25
Const39,14,30,A,0,0,0.0
Const39,14,31,B,4,0,0.0
Const39,14,32,B,4,0,0.0
Const39,14,33,B,4,0,0.0
Const39,14,34,B,3,1,0.25
Const39,14,35,B,4,0,0.0
Const39,14,36,B,4,0,0.0
Const39,14,37,A,1,1,0.25
Const39,14,38,A,0,0,0.0
Const39,14,39,A,0,0,0.0
Const39,14,40,A,0,0,0.0
Const39,14,41,A,0,0,0.0
Const39,14,42,A,0,0,0.0
Const39,14,43,B,4,0,0.0
Const39,14,44,B,4,0,0.0
Const39,14,45,B,4,0,0.0
Const39,14,46,B,4,0,0.0
Const39,14,47,B,4,0,0.0
Const39,14,48,B,4,0,0.0
Const39,14,49,A,0,0,0.0
Const39,14,50,A,0,0,0.0
Const39,14,51,A,0,0,0.0
Const39,14,52,A,0,0,0.0
Const39,14,53,A,1,1,0.25
Const39,14,54,A,0,0,0.0
Const39,14,55,B,4,0,0.0
Const39,14,56,B,4,0,0.0
Const39,14,57,B,4,0,0.0
Const39,14,58,B,4,0,0.0
Const39,14,59,B,4,0,0.0
Const39,14,60,B,4,0,0.0
Const39,14,61,A,0,0,0.0
Const39,14,62,A,2,2,0.5
Const39,14,63,A,0,0,0.0
Const39,14,64,A,0,0,0.0
Const39,14,65,A,0,0,0.0
Const39,14,66,A,0,0,0.0
Const39,14,67,B,4,0,0.0
Const39,14,68,B,4,0,0.0
Const39,14,69,B,4,0,0.0
Const39,14,70,B,3,1,0.25
Const39,14,71,B,4,0,0.0
Const39,14,72,B,4,0,0.0
Const39,14,73,A,0,0,0.0
Const39,14,74,A,1,1,0.25
Const39,14,75,A,0,0,0.0
Const39,14,76,A,0,0,0.0
Const39,14,77,A,0,0,0.0
Const39,14,78,A,0,0,0.0
Const39,14,79,B,4,0,0.0
Const39,14,80,B,4,0,0.0
Const39,14,81,B,4,0,0.0
Const39,14,82,B,3,1,0.25
Const39,14,83,B,4,0,0.0
Const39,14,84,B,4,0,0.0
Const39,14,85,A,0,0,0.0
Const39,14,86,A,1,1,0.25
Const39,14,87,A,0,0,0.0
Const39,14,88,A,0,0,0.0
Const39,14,89,A,0,0,0.0
Const39,14,90,A,0,0,0.0
Const39,14,91,B,4,0,0.0
Const39,14,92,B,3,1,0.25
Const39,14,93,B,3,1,0.25
Const39,14,94,B,4,0,0.0
Const39,14,95,B,4,0,0.0
Const39,14,96,B,4,0,0.0
25%,14,1,A,1,1,0.25
25%,14,2,A,1,1,0.25
25%,14,3,A,0,0,0.0
25%,14,4,A,0,0,0.0
25%,14,5,A,0,0,0.0
25%,14,6,A,1,1,0.25
25%,14,7,B,4,0,0.0
25%,14,8,B,4,0,0.0
25%,14,9,B,3,1,0.25
25%,14,10,B,4,0,0.0
25%,14,11,B,3,1,0.25
25%,14,12,B,4,0,0.0
25%,14,13,A,1,1,0.25
25%,14,14,A,0,0,0.0
25%,14,15,A,1,1,0.25
25%,14,16,A,1,1,0.25
25%,14,17,A,1,1,0.25
25%,14,18,A,0,0,0.0
25%,14,19,B,3,1,0.25
25%,14,20,B,3,1,0.25
25%,14,21,B,3,1,0.25
25%,14,22,B,4,0,0.0
25%,14,23,B,3,1,0.25
25%,14,24,B,3,1,0.25
25%,14,25,A,0,0,0.0
25%,14,26,A,0,0,0.0
25%,14,27,A,1,1,0.25
25%,14,28,A,1,1,0.25
25%,14,29,A,1,1,0.25
25%,14,30,A,0,0,0.0
25%,14,31,B,3,1,0.25
25%,14,32,B,4,0,0.0
25%,14,33,B,4,0,0.0
25%,14,34,B,4,0,0.0
25%,14,35,B,3,1,0.25
25%,14,36,B,4,0,0.0
25%,14,37,A,0,0,0.0
25%,14,38,A,0,0,0.0
25%,14,39,A,0,0,0.0
25%,14,40,A,1,1,0.25
25%,14,41,A,0,0,0.0
25%,14,42,A,0,0,0.0
25%,14,43,B,3,1,0.25
25%,14,44,B,4,0,0.0
25%,14,45,B,4,0,0.0
25%,14,46,B,4,0,0.0
25%,14,47,B,4,0,0.0
25%,14,48,B,3,1,0.25
25%,14,49,A,0,0,0.0
25%,14,50,A,1,1,0.25
25%,14,51,A,0,0,0.0
25%,14,52,A,0,0,0.0
25%,14,53,A,0,0,0.0
25%,14,54,A,0,0,0.0
25%,14,55,B,4,0,0.0
25%,14,56,B,3,1,0.25
25%,14,57,B,4,0,0.0
25%,14,58,B,3,1,0.25
25%,14,59,B,4,0,0.0
25%,14,60,B,3,1,0.25
25%,14,61,A,0,0,0.0
25%,14,62,A,1,1,0.25
25%,14,63,A,0,0,0.0
25%,14,64,A,0,0,0.0
25%,14,65,A,0,0,0.0
25%,14,66,A,1,1,0.25
25%,14,67,B,3,1,0.25
25%,14,68,B,4,0,0.0
25%,14,69,B,3,1,0.25
25%,14,70,B,3,1,0.25
25%,14,71,B,4,0,0.0
25%,14,72,B,4,0,0.0
25%,14,73,A,0,0,0.0
25%,14,74,A,1,1,0.25
25%,14,75,A,1,1,0.25
25%,14,76,A,0,0,0.0
25%,14,77,A,1,1,0.25
25%,14,78,A,1,1,0.25
25%,14,79,B,4,0,0.0
25%,14,80,B,3,1,0.25
25%,14,81,B,3,1,0.25
25%,14,82,B,4,0,0.0
25%,14,83,B,4,0,0.0
25%,14,84,B,4,0,0.0
25%,14,85,A,0,0,0.0
25%,14,86,A,1,1,0.25
25%,14,87,A,1,1,0.25
25%,14,88,A,0,0,0.0
25%,14,89,A,0,0,0.0
25%,14,90,A,0,0,0.0
25%,14,91,B,3,1,0.25
25%,14,92,B,4,0,0.0
25%,14,93,B,4,0,0.0
25%,14,94,B,3,1,0.25
25%,14,95,B,3,1,0.25
25%,14,96,B,4,0,0.0
15%,14,1,A,0,0,0.0
15%,14,2,A,0,0,0.0
15%,14,3,A,0,0,0.0
15%,14,4,A,0,0,0.0
15%,14,5,A,0,0,0.0
15%,14,6,A,0,0,0.0
15%,14,7,B,4,0,0.0
15%,14,8,B,4,0,0.0
15%,14,9,B,4,0,0.0
15%,14,10,B,4,0,0.0
15%,14,11,B,4,0,0.0
15%,14,12,B,4,0,0.0
15%,14,13,A,2,2,0.5
15%,14,14,A,0,0,0.0
15%,14,15,A,0,0,0.0
15%,14,16,A,0,0,0.0
15%,14,17,A,1,1,0.25
15%,14,18,A,0,0,0.0
15%,14,19,B,4,0,0.0
15%,14,20,B,4,0,0.0
15%,14,21,B,4,0,0.0
15%,14,22,B,4,0,0.0
15%,14,23,B,4,0,0.0
15%,14,24,B,4,0,0.0
15%,14,25,A,0,0,0.0
15%,14,26,A,0,0,0.0
15%,14,27,A,0,0,0.0
15%,14,28,A,0,0,0.0
15%,14,29,A,0,0,0.0
15%,14,30,A,0,0,0.0
15%,14,31,B,4,0,0.0
15%,14,32,B,3,1,0.25
15%,14,33,B,4,0,0.0
15%,14,34,B,4,0,0.0
15%,14,35,B,4,0,0.0
15%,14,36,B,4,0,0.0
15%,14,37,A,0,0,0.0
15%,14,38,A,0,0,0.0
15%,14,39,A,0,0,0.0
15%,14,40,A,1,1,0.25
15%,14,41,A,0,0,0.0
15%,14,42,A,1,1,0.25
15%,14,43,B,4,0,0.0
15%,14,44,B,4,0,0.0
15%,14,45,B,3,1,0.25
15%,14,46,B,4,0,0.0
15%,14,47,B,3,1,0.25
15%,14,48,B,3,1,0.25
15%,14,49,A,0,0,0.0
15%,14,50,A,0,0,0.0
15%,14,51,A,0,0,0.0
15%,14,52,A,0,0,0.0
15%,14,53,A,1,1,0.25
15%,14,54,A,0,0,0.0
15%,14,55,B,4,0,0.0
15%,14,56,B,3,1,0.25
15%,14,57,B,3,1,0.25
15%,14,58,B,4,0,0.0
15%,14,59,B,4,0,0.0
15%,14,60,B,4,0,0.0
15%,14,61,A,0,0,0.0
15%,14,62,A,0,0,0.0
15%,14,63,A,0,0,0.0
15%,14,64,A,0,0,0.0
15%,14,65,A,0,0,0.0
15%,14,66,A,0,0,0.0
15%,14,67,B,3,1,0.25
15%,14,68,B,4,0,0.0
15%,14,69,B,4,0,0.0
15%,14,70,B,3,1,0.25
15%,14,71,B,4,0,0.0
15%,14,72,B,4,0,0.0
15%,14,73,A,0,0,0.0
15%,14,74,A,0,0,0.0
15%,14,75,A,0,0,0.0
15%,14,76,A,0,0,0.0
15%,14,77,A,0,0,0.0
15%,14,78,A,0,0,0.0
15%,14,79,B,4,0,0.0
15%,14,80,B,4,0,0.0
15%,14,81,B,4,0,0.0
15%,14,82,B,4,0,0.0
15%,14,83,B,4,0,0.0
15%,14,84,B,4,0,0.0
15%,14,85,A,1,1,0.25
15%,14,86,A,0,0,0.0
15%,14,87,A,0,0,0.0
15%,14,88,A,0,0,0.0
15%,14,89,A,0,0,0.0
15%,14,90,A,1,1,0.25
15%,14,91,B,4,0,0.0
15%,14,92,B,4,0,0.0
15%,14,93,B,4,0,0.0
15%,14,94,B,4,0,0.0
15%,14,95,B,4,0,0.0
15%,14,96,B,4,0,0.0
35%,14,1,A,0,0,0.0
35%,14,2,A,0,0,0.0
35%,14,3,A,0,0,0.0
35%,14,4,A,0,0,0.0
35%,14,5,A,0,0,0.0
35%,14,6,A,0,0,0.0
35%,14,7,B,4,0,0.0
35%,14,8,B,4,0,0.0
35%,14,9,B,4,0,0.0
35%,14,10,B,4,0,0.0
35%,14,11,B,4,0,0.0
35%,14,12,B,4,0,0.0
35%,14,13,A,0,0,0.0
35%,14,14,A,0,0,0.0
35%,14,15,A,0,0,0.0
35%,14,16,A,0,0,0.0
35%,14,17,A,0,0,0.0
35%,14,18,A,0,0,0.0
35%,14,19,B,4,0,0.0
35%,14,20,B,4,0,0.0
35%,14,21,B,4,0,0.0
35%,14,22,B,4,0,0.0
35%,14,23,B,4,0,0.0
35%,14,24,B,4,0,0.0
35%,14,25,A,0,0,0.0
35%,14,26,A,0,0,0.0
35%,14,27,A,0,0,0.0
35%,14,28,A,0,0,0.0
35%,14,29,A,0,0,0.0
35%,14,30,A,0,0,0.0
35%,14,31,B,4,0,0.0
35%,14,32,B,4,0,0.0
35%,14,33,B,4,0,0.0
35%,14,34,B,4,0,0.0
35%,14,35,B,4,0,0.0
35%,14,36,B,4,0,0.0
35%,14,37,A,0,0,0.0
35%,14,38,A,0,0,0.0
35%,14,39,A,0,0,0.0
35%,14,40,A,0,0,0.0
35%,14,41,A,0,0,0.0
35%,14,42,A,0,0,0.0
35%,14,43,B,4,0,0.0
35%,14,44,B,3,1,0.25
35%,14,45,B,4,0,0.0
35%,14,46,B,4,0,0.0
35%,14,47,B,4,0,0.0
35%,14,48,B,4,0,0.0
35%,14,49,A,0,0,0.0
35%,14,50,A,0,0,0.0
35%,14,51,A,0,0,0.0
35%,14,52,A,0,0,0.0
35%,14,53,A,0,0,0.0
35%,14,54,A,0,0,0.0
35%,14,55,B,4,0,0.0
35%,14,56,B,4,0,0.0
35%,14,57,B,4,0,0.0
35%,14,58,B,4,0,0.0
35%,14,59,B,4,0,0.0
35%,14,60,B,4,0,0.0
35%,14,61,A,0,0,0.0
35%,14,62,A,0,0,0.0
35%,14,63,A,0,0,0.0
35%,14,64,A,0,0,0.0
35%,14,65,A,0,0,0.0
35%,14,66,A,0,0,0.0
35%,14,67,B,4,0,0.0
35%,14,68,B,4,0,0.0
35%,14,69,B,4,0,0.0
35%,14,70,B,4,0,0.0
35%,14,71,B,4,0,0.0
35%,14,72,B,4,0,0.0
35%,14,73,A,0,0,0.0
35%,14,74,A,0,0,0.0
35%,14,75,A,0,0,0.0
35%,14,76,A,0,0,0.0
35%,14,77,A,0,0,0.0
35%,14,78,A,0,0,0.0
35%,14,79,B,4,0,0.0
35%,14,80,B,4,0,0.0
35%,14,81,B,4,0,0.0
35%,14,82,B,4,0,0.0
35%,14,83,B,4,0,0.0
35%,14,84,B,4,0,0.0
35%,14,85,A,0,0,0.0
35%,14,86,A,0,0,0.0
35%,14,87,A,0,0,0.0
35%,14,88,A,0,0,0.0
35%,14,89,A,0,0,0.0
35%,14,90,A,0,0,0.0
35%,14,91,B,4,0,0.0
35%,14,92,B,4,0,0.0
35%,14,93,B,4,0,0.0
35%,14,94,B,4,0,0.0
35%,14,95,B,4,0,0.0
35%,14,96,B,4,0,0.0
Const30,16,1,A,0,0,0.0
Const30,16,2,A,0,0,0.0
Const30,16,3,A,0,0,0.0
Const30,16,4,A,0,0,0.0
Const30,16,5,A,0,0,0.0
Const30,16,6,A,0,0,0.0
Const30,16,7,B,4,0,0.0
Const30,16,8,B,4,0,0.0
Const30,16,9,B,4,0,0.0
Const30,16,10,B,4,0,0.0
Const30,16,11,B,4,0,0.0
Const30,16,12,B,4,0,0.0
Const30,16,13,A,0,0,0.0
Const30,16,14,A,1,1,0.25
Const30,16,15,A,0,0,0.0
Const30,16,16,A,0,0,0.0
Const30,16,17,A,0,0,0.0
Const30,16,18,A,0,0,0.0
Const30,16,19,B,4,0,0.0
Const30,16,20,B,4,0,0.0
Const30,16,21,B,4,0,0.0
Const30,16,22,B,4,0,0.0
Const30,16,23,B,4,0,0.0
Const30,16,24,B,4,0,0.0
Const30,16,25,A,0,0,0.0
Const30,16,26,A,0,0,0.0
Const30,16,27,A,0,0,0.0
Const30,16,28,A,0,0,0.0
Const30,16,29,A,0,0,0.0
Const30,16,30,A,0,0,0.0
Const30,16,31,B,4,0,0.0
Const30,16,32,B,4,0,0.0
Const30,16,33,B,4,0,0.0
Const30,16,34,B,4,0,0.0
Const30,16,35,B,4,0,0.0
Const30,16,36,B,4,0,0.0
Const30,16,37,A,0,0,0.0
Const30,16,38,A,0,0,0.0
Const30,16,39,A,0,0,0.0
Const30,16,40,A,0,0,0.0
Const30,16,41,A,0,0,0.0
Const30,16,42,A,0,0,0.0
Const30,16,43,B,4,0,0.0
Const30,16,44,B,4,0,0.0
Const30,16,45,B,3,1,0.25
Const30,16,46,B,4,0,0.0
Const30,16,47,B,4,0,0.0
Const30,16,48,B,4,0,0.0
Const30,16,49,A,0,0,0.0
Const30,16,50,A,0,0,0.0
Const30,16,51,A,0,0,0.0
Const30,16,52,A,1,1,0.25
Const30,16,53,A,0,0,0.0
Const30,16,54,A,0,0,0.0
Const30,16,55,B,4,0,0.0
Const30,16,56,B,4,0,0.0
Const30,16,57,B,4,0,0.0
Const30,16,58,B,4,0,0.0
Const30,16,59,B,4,0,0.0
Const30,16,60,B,4,0,0.0
Const30,16,61,A,0,0,0.0
Const30,16,62,A,0,0,0.0
Const30,16,63,A,0,0,0.0
Const30,16,64,A,0,0,0.0
Const30,16,65,A,0,0,0.0
Const30,16,66,A,0,0,0.0
Const30,16,67,B,4,0,0.0
Const30,16,68,B,4,0,0.0
Const30,16,69,B,4,0,0.0
Const30,16,70,B,4,0,0.0
Const30,16,71,B,4,0,0.0
Const30,16,72,B,4,0,0.0
Const30,16,73,A,0,0,0.0
Const30,16,74,A,0,0,0.0
Const30,16,75,A,0,0,0.0
Const30,16,76,A,0,0,0.0
Const30,16,77,A,0,0,0.0
Const30,16,78,A,0,0,0.0
Const30,16,79,B,4,0,0.0
Const30,16,80,B,4,0,0.0
Const30,16,81,B,4,0,0.0
Const30,16,82,B,4,0,0.0
Const30,16,83,B,4,0,0.0
Const30,16,84,B,4,0,0.0
Const30,16,85,A,0,0,0.0
Const30,16,86,A,0,0,0.0
Const30,16,87,A,0,0,0.0
Const30,16,88,A,0,0,0.0
Const30,16,89,A,0,0,0.0
Const30,16,90,A,0,0,0.0
Const30,16,91,B,4,0,0.0
Const30,16,92,B,4,0,0.0
Const30,16,93,B,4,0,0.0
Const30,16,94,B,4,0,0.0
Const30,16,95,B,4,0,0.0
Const30,16,96,B,4,0,0.0
Const39,16,1,A,0,0,0.0
Const39,16,2,A,0,0,0.0
Const39,16,3,A,0,0,0.0
Const39,16,4,A,0,0,0.0
Const39,16,5,A,0,0,0.0
Const39,16,6,A,0,0,0.0
Const39,16,7,B,4,0,0.0
Const39,16,8,B,4,0,0.0
Const39,16,9,B,4,0,0.0
Const39,16,10,B,4,0,0.0
Const39,16,11,B,4,0,0.0
Const39,16,12,B,4,0,0.0
Const39,16,13,A,0,0,0.0
Const39,16,14,A,0,0,0.0
Const39,16,15,A,0,0,0.0
Const39,16,16,A,0,0,0.0
Const39,16,17,A,0,0,0.0
Const39,16,18,A,0,0,0.0
Const39,16,19,B,4,0,0.0
Const39,16,20,B,4,0,0.0
Const39,16,21,B,3,1,0.25
Const39,16,22,B,4,0,0.0
Const39,16,23,B,4,0,0.0
Const39,16,24,B,4,0,0.0
Const39,16,25,A,0,0,0.0
Const39,16,26,A,0,0,0.0
Const39,16,27,A,0,0,0.0
Const39,16,28,A,0,0,0.0
Const39,16,29,A,0,0,0.0
Const39,16,30,A,0,0,0.0
Const39,16,31,B,4,0,0.0
Const39,16,32,B,4,0,0.0
Const39,16,33,B,4,0,0.0
Const39,16,34,B,4,0,0.0
Const39,16,35,B,4,0,0.0
Const39,16,36,B,4,0,0.0
Const39,16,37,A,0,0,0.0
Const39,16,38,A,0,0,0.0
Const39,16,39,A,0,0,0.0
Const39,16,40,A,0,0,0.0
Const39,16,41,A,0,0,0.0
Const39,16,42,A,0,0,0.0
Const39,16,43,B,4,0,0.0
Const39,16,44,B,4,0,0.0
Const39,16,45,B,3,1,0.25
Const39,16,46,B,4,0,0.0
Const39,16,47,B,4,0,0.0
Const39,16,48,B,4,0,0.0
Const39,16,49,A,0,0,0.0
Const39,16,50,A,1,1,0.25
Const39,16,51,A,0,0,0.0
Const39,16,52,A,0,0,0.0
Const39,16,53,A,0,0,0.0
Const39,16,54,A,0,0,0.0
Const39,16,55,B,4,0,0.0
Const39,16,56,B,4,0,0.0
Const39,16,57,B,4,0,0.0
Const39,16,58,B,4,0,0.0
Const39,16,59,B,4,0,0.0
Const39,16,60,B,4,0,0.0
Const39,16,61,A,1,1,0.25
Const39,16,62,A,1,1,0.25
Const39,16,63,A,0,0,0.0
Const39,16,64,A,0,0,0.0
Const39,16,65,A,0,0,0.0
Const39,16,66,A,0,0,0.0
Const39,16,67,B,4,0,0.0
Const39,16,68,B,4,0,0.0
Const39,16,69,B,4,0,0.0
Const39,16,70,B,3,1,0.25
Const39,16,71,B,4,0,0.0
Const39,16,72,B,4,0,0.0
Const39,16,73,A,0,0,0.0
Const39,16,74,A,0,0,0.0
Const39,16,75,A,0,0,0.0
Const39,16,76,A,0,0,0.0
Const39,16,77,A,0,0,0.0
Const39,16,78,A,0,0,0.0
Const39,16,79,B,4,0,0.0
Const39,16,80,B,4,0,0.0
Const39,16,81,B,4,0,0.0
Const39,16,82,B,4,0,0.0
Const39,16,83,B,4,0,0.0
Const39,16,84,B,4,0,0.0
Const39,16,85,A,0,0,0.0
Const39,16,86,A,0,0,0.0
Const39,16,87,A,0,0,0.0
Const39,16,88,A,0,0,0.0
Const39,16,89,A,0,0,0.0
Const39,16,90,A,0,0,0.0
Const39,16,91,B,4,0,0.0
Const39,16,92,B,4,0,0.0
Const39,16,93,B,4,0,0.0
Const39,16,94,B,4,0,0.0
Const39,16,95,B,4,0,0.0
Const39,16,96,B,4,0,0.0
25%,16,1,A,0,0,0.0
25%,16,2,A,1,1,0.25
25%,16,3,A,0,0,0.0
25%,16,4,A,0,0,0.0
25%,16,5,A,0,0,0.0
25%,16,6,A,0,0,0.0
25%,16,7,B,4,0,0.0
25%,16,8,B,4,0,0.0
25%,16,9,B,4,0,0.0
25%,16,10,B,4,0,0.0
25%,16,11,B,4,0,0.0
25%,16,12,B,4,0,0.0
25%,16,13,A,0,0,0.0
25%,16,14,A,0,0,0.0
25%,16,15,A,0,0,0.0
25%,16,16,A,0,0,0.0
25%,16,17,A,0,0,0.0
25%,16,18,A,0,0,0.0
25%,16,19,B,4,0,0.0
25%,16,20,B,4,0,0.0
25%,16,21,B,3,1,0.25
25%,16,22,B,4,0,0.0
25%,16,23,B,4,0,0.0
25%,16,24,B,4,0,0.0
25%,16,25,A,0,0,0.0
25%,16,26,A,0,0,0.0
25%,16,27,A,0,0,0.0
25%,16,28,A,0,0,0.0
25%,16,29,A,1,1,0.25
25%,16,30,A,0,0,0.0
25%,16,31,B,4,0,0.0
25%,16,32,B,4,0,0.0
25%,16,33,B,4,0,0.0
25%,16,34,B,4,0,0.0
25%,16,35,B,4,0,0.0
25%,16,36,B,4,0,0.0
25%,16,37,A,1,1,0.25
25%,16,38,A,0,0,0.0
25%,16,39,A,0,0,0.0
25%,16,40,A,0,0,0.0
25%,16,41,A,0,0,0.0
25%,16,42,A,0,0,0.0
25%,16,43,B,4,0,0.0
25%,16,44,B,3,1,0.25
25%,16,45,B,4,0,0.0
25%,16,46,B,4,0,0.0
25%,16,47,B,4,0,0.0
25%,16,48,B,4,0,0.0
25%,16,49,A,0,0,0.0
25%,16,50,A,0,0,0.0
25%,16,51,A,0,0,0.0
25%,16,52,A,0,0,0.0
25%,16,53,A,0,0,0.0
25%,16,54,A,0,0,0.0
25%,16,55,B,4,0,0.0
25%,16,56,B,4,0,0.0
25%,16,57,B,3,1,0.25
25%,16,58,B,3,1,0.25
25%,16,59,B,4,0,0.0
25%,16,60,B,4,0,0.0
25%,16,61,A,0,0,0.0
25%,16,62,A,0,0,0.0
25%,16,63,A,0,0,0.0
25%,16,64,A,1,1,0.25
25%,16,65,A,0,0,0.0
25%,16,66,A,0,0,0.0
25%,16,67,B,4,0,0.0
25%,16,68,B,4,0,0.0
25%,16,69,B,4,0,0.0
25%,16,70,B,4,0,0.0
25%,16,71,B,4,0,0.0
25%,16,72,B,4,0,0.0
25%,16,73,A,0,0,0.0
25%,16,74,A,0,0,0.0
25%,16,75,A,0,0,0.0
25%,16,76,A,1,1,0.25
25%,16,77,A,0,0,0.0
25%,16,78,A,0,0,0.0
25%,16,79,B,4,0,0.0
25%,16,80,B,4,0,0.0
25%,16,81,B,4,0,0.0
25%,16,82,B,4,0,0.0
25%,16,83,B,3,1,0.25
25%,16,84,B,4,0,0.0
25%,16,85,A,1,1,0.25
25%,16,86,A,0,0,0.0
25%,16,87,A,0,0,0.0
25%,16,88,A,1,1,0.25
25%,16,89,A,0,0,0.0
25%,16,90,A,0,0,0.0
25%,16,91,B,4,0,0.0
25%,16,92,B,3,1,0.25
25%,16,93,B,4,0,0.0
25%,16,94,B,4,0,0.0
25%,16,95,B,4,0,0.0
25%,16,96,B,3,1,0.25
15%,16,1,A,1,1,0.25
15%,16,2,A,0,0,0.0
15%,16,3,A,0,0,0.0
15%,16,4,A,0,0,0.0
15%,16,5,A,0,0,0.0
15%,16,6,A,0,0,0.0
15%,16,7,B,4,0,0.0
15%,16,8,B,4,0,0.0
15%,16,9,B,4,0,0.0
15%,16,10,B,4,0,0.0
15%,16,11,B,4,0,0.0
15%,16,12,B,4,0,0.0
15%,16,13,A,1,1,0.25
15%,16,14,A,0,0,0.0
15%,16,15,A,0,0,0.0
15%,16,16,A,0,0,0.0
15%,16,17,A,0,0,0.0
15%,16,18,A,1,1,0.25
15%,16,19,B,3,1,0.25
15%,16,20,B,3,1,0.25
15%,16,21,B,4,0,0.0
15%,16,22,B,4,0,0.0
15%,16,23,B,4,0,0.0
15%,16,24,B,4,0,0.0
15%,16,25,A,0,0,0.0
15%,16,26,A,0,0,0.0
15%,16,27,A,0,0,0.0
15%,16,28,A,0,0,0.0
15%,16,29,A,0,0,0.0
15%,16,30,A,0,0,0.0
15%,16,31,B,4,0,0.0
15%,16,32,B,4,0,0.0
15%,16,33,B,3,1,0.25
15%,16,34,B,4,0,0.0
15%,16,35,B,4,0,0.0
15%,16,36,B,4,0,0.0
15%,16,37,A,0,0,0.0
15%,16,38,A,0,0,0.0
15%,16,39,A,0,0,0.0
15%,16,40,A,1,1,0.25
15%,16,41,A,0,0,0.0
15%,16,42,A,0,0,0.0
15%,16,43,B,3,1,0.25
15%,16,44,B,4,0,0.0
15%,16,45,B,4,0,0.0
15%,16,46,B,4,0,0.0
15%,16,47,B,4,0,0.0
15%,16,48,B,3,1,0.25
15%,16,49,A,0,0,0.0
15%,16,50,A,0,0,0.0
15%,16,51,A,0,0,0.0
15%,16,52,A,0,0,0.0
15%,16,53,A,1,1,0.25
15%,16,54,A,1,1,0.25
15%,16,55,B,4,0,0.0
15%,16,56,B,4,0,0.0
15%,16,57,B,3,1,0.25
15%,16,58,B,4,0,0.0
15%,16,59,B,4,0,0.0
15%,16,60,B,4,0,0.0
15%,16,61,A,0,0,0.0
15%,16,62,A,0,0,0.0
15%,16,63,A,1,1,0.25
15%,16,64,A,1,1,0.25
15%,16,65,A,0,0,0.0
15%,16,66,A,1,1,0.25
15%,16,67,B,4,0,0.0
15%,16,68,B,4,0,0.0
15%,16,69,B,4,0,0.0
15%,16,70,B,4,0,0.0
15%,16,71,B,4,0,0.0
15%,16,72,B,4,0,0.0
15%,16,73,A,0,0,0.0
15%,16,74,A,0,0,0.0
15%,16,75,A,0,0,0.0
15%,16,76,A,0,0,0.0
15%,16,77,A,0,0,0.0
15%,16,78,A,1,1,0.25
15%,16,79,B,4,0,0.0
15%,16,80,B,4,0,0.0
15%,16,81,B,4,0,0.0
15%,16,82,B,4,0,0.0
15%,16,83,B,3,1,0.25
15%,16,84,B,4,0,0.0
15%,16,85,A,0,0,0.0
15%,16,86,A,0,0,0.0
15%,16,87,A,0,0,0.0
15%,16,88,A,0,0,0.0
15%,16,89,A,0,0,0.0
15%,16,90,A,1,1,0.25
15%,16,91,B,4,0,0.0
15%,16,92,B,4,0,0.0
15%,16,93,B,4,0,0.0
15%,16,94,B,4,0,0.0
15%,16,95,B,4,0,0.0
15%,16,96,B,3,1,0.25
35%,16,1,A,0,0,0.0
35%,16,2,A,0,0,0.0
35%,16,3,A,0,0,0.0
35%,16,4,A,0,0,0.0
35%,16,5,A,0,0,0.0
35%,16,6,A,0,0,0.0
35%,16,7,B,4,0,0.0
35%,16,8,B,4,0,0.0
35%,16,9,B,4,0,0.0
35%,16,10,B,4,0,0.0
35%,16,11,B,4,0,0.0
35%,16,12,B,4,0,0.0
35%,16,13,A,0,0,0.0
35%,16,14,A,0,0,0.0
35%,16,15,A,0,0,0.0
35%,16,16,A,0,0,0.0
35%,16,17,A,0,0,0.0
35%,16,18,A,0,0,0.0
35%,16,19,B,4,0,0.0
35%,16,20,B,4,0,0.0
35%,16,21,B,4,0,0.0
35%,16,22,B,4,0,0.0
35%,16,23,B,4,0,0.0
35%,16,24,B,4,0,0.0
35%,16,25,A,0,0,0.0
35%,16,26,A,0,0,0.0
35%,16,27,A,0,0,0.0
35%,16,28,A,0,0,0.0
35%,16,29,A,0,0,0.0
35%,16,30,A,0,0,0.0
35%,16,31,B,4,0,0.0
35%,16,32,B,4,0,0.0
35%,16,33,B,4,0,0.0
35%,16,34,B,4,0,0.0
35%,16,35,B,4,0,0.0
35%,16,36,B,4,0,0.0
35%,16,37,A,0,0,0.0
35%,16,38,A,0,0,0.0
35%,16,39,A,0,0,0.0
35%,16,40,A,0,0,0.0
35%,16,41,A,0,0,0.0
35%,16,42,A,0,0,0.0
35%,16,43,B,4,0,0.0
35%,16,44,B,4,0,0.0
35%,16,45,B,4,0,0.0
35%,16,46,B,4,0,0.0
35%,16,47,B,4,0,0.0
35%,16,48,B,4,0,0.0
35%,16,49,A,0,0,0.0
35%,16,50,A,0,0,0.0
35%,16,51,A,0,0,0.0
35%,16,52,A,0,0,0.0
35%,16,53,A,0,0,0.0
35%,16,54,A,0,0,0.0
35%,16,55,B,4,0,0.0
35%,16,56,B,4,0,0.0
35%,16,57,B,4,0,0.0
35%,16,58,B,4,0,0.0
35%,16,59,B,4,0,0.0
35%,16,60,B,4,0,0.0
35%,16,61,A,0,0,0.0
35%,16,62,A,0,0,0.0
35%,16,63,A,0,0,0.0
35%,16,64,A,0,0,0.0
35%,16,65,A,0,0,0.0
35%,16,66,A,0,0,0.0
35%,16,67,B,4,0,0.0
35%,16,68,B,4,0,0.0
35%,16,69,B,4,0,0.0
35%,16,70,B,4,0,0.0
35%,16,71,B,4,0,0.0
35%,16,72,B,4,0,0.0
35%,16,73,A,0,0,0.0
35%,16,74,A,0,0,0.0
35%,16,75,A,0,0,0.0
35%,16,76,A,0,0,0.0
35%,16,77,A,0,0,0.0
35%,16,78,A,0,0,0.0
35%,16,79,B,4,0,0.0
35%,16,80,B,4,0,0.0
35%,16,81,B,4,0,0.0
35%,16,82,B,4,0,0.0
35%,16,83,B,4,0,0.0
35%,16,84,B,4,0,0.0
35%,16,85,A,0,0,0.0
35%,16,86,A,0,0,0.0
35%,16,87,A,0,0,0.0
35%,16,88,A,0,0,0.0
35%,16,89,A,0,0,0.0
35%,16,90,A,0,0,0.0
35%,16,91,B,4,0,0.0
35%,16,92,B,4,0,0.0
35%,16,93,B,4,0,0.0
35%,16,94,B,4,0,0.0
35%,16,95,B,4,0,0.0
35%,16,96,B,4,0,0.0
Const30,18,1,A,0,0,0.0
Const30,18,2,A,0,0,0.0
Const30,18,3,A,0,0,0.0
Const30,18,4,A,0,0,0.0
Const30,18,5,A,0,0,0.0
Const30,18,6,A,0,0,0.0
Const30,18,7,B,4,0,0.0
Const30,18,8,B,4,0,0.0
Const30,18,9,B,4,0,0.0
Const30,18,10,B,4,0,0.0
Const30,18,11,B,4,0,0.0
Const30,18,12,B,4,0,0.0
Const30,18,13,A,0,0,0.0
Const30,18,14,A,0,0,0.0
Const30,18,15,A,0,0,0.0
Const30,18,16,A,0,0,0.0
Const30,18,17,A,0,0,0.0
Const30,18,18,A,0,0,0.0
Const30,18,19,B,4,0,0.0
Const30,18,20,B,4,0,0.0
Const30,18,21,B,4,0,0.0
Const30,18,22,B,4,0,0.0
Const30,18,23,B,4,0,0.0
Const30,18,24,B,4,0,0.0
Const30,18,25,A,0,0,0.0
Const30,18,26,A,0,0,0.0
Const30,18,27,A,0,0,0.0
Const30,18,28,A,0,0,0.0
Const30,18,29,A,0,0,0.0
Const30,18,30,A,0,0,0.0
Const30,18,31,B,4,0,0.0
Const30,18,32,B,4,0,0.0
Const30,18,33,B,4,0,0.0
Const30,18,34,B,4,0,0.0
Const30,18,35,B,4,0,0.0
Const30,18,36,B,4,0,0.0
Const30,18,37,A,0,0,0.0
Const30,18,38,A,0,0,0.0
Const30,18,39,A,0,0,0.0
Const30,18,40,A,0,0,0.0
Const30,18,41,A,0,0,0.0
Const30,18,42,A,0,0,0.0
Const30,18,43,B,4,0,0.0
Const30,18,44,B,4,0,0.0
Const30,18,45,B,4,0,0.0
Const30,18,46,B,4,0,0.0
Const30,18,47,B,4,0,0.0
Const30,18,48,B,4,0,0.0
Const30,18,49,A,0,0,0.0
Const30,18,50,A,0,0,0.0
Const30,18,51,A,0,0,0.0
Const30,18,52,A,0,0,0.0
Const30,18,53,A,0,0,0.0
Const30,18,54,A,0,0,0.0
Const30,18,55,B,4,0,0.0
Const30,18,56,B,4,0,0.0
Const30,18,57,B,4,0,0.0
Const30,18,58,B,4,0,0.0
Const30,18,59,B,4,0,0.0
Const30,18,60,B,4,0,0.0
Const30,18,61,A,0,0,0.0
Const30,18,62,A,0,0,0.0
Const30,18,63,A,0,0,0.0
Const30,18,64,A,0,0,0.0
Const30,18,65,A,0,0,0.0
Const30,18,66,A,0,0,0.0
Const30,18,67,B,4,0,0.0
Const30,18,68,B,4,0,0.0
Const30,18,69,B,4,0,0.0
Const30,18,70,B,4,0,0.0
Const30,18,71,B,4,0,0.0
Const30,18,72,B,4,0,0.0
Const30,18,73,A,0,0,0.0
Const30,18,74,A,0,0,0.0
Const30,18,75,A,0,0,0.0
Const30,18,76,A,0,0,0.0
Const30,18,77,A,0,0,0.0
Const30,18,78,A,0,0,0.0
Const30,18,79,B,4,0,0.0
Const30,18,80,B,4,0,0.0
Const30,18,81,B,4,0,0.0
Const30,18,82,B,4,0,0.0
Const30,18,83,B,4,0,0.0
Const30,18,84,B,4,0,0.0
Const30,18,85,A,0,0,0.0
Const30,18,86,A,0,0,0.0
Const30,18,87,A,0,0,0.0
Const30,18,88,A,0,0,0.0
Const30,18,89,A,0,0,0.0
Const30,18,90,A,0,0,0.0
Const30,18,91,B,4,0,0.0
Const30,18,92,B,3,1,0.25
Const30,18,93,B,4,0,0.0
Const30,18,94,B,4,0,0.0
Const30,18,95,B,4,0,0.0
Const30,18,96,B,4,0,0.0
Const39,18,1,A,0,0,0.0
Const39,18,2,A,0,0,0.0
Const39,18,3,A,0,0,0.0
Const39,18,4,A,0,0,0.0
Const39,18,5,A,0,0,0.0
Const39,18,6,A,0,0,0.0
Const39,18,7,B,4,0,0.0
Const39,18,8,B,4,0,0.0
Const39,18,9,B,4,0,0.0
Const39,18,10,B,3,1,0.25
Const39,18,11,B,4,0,0.0
Const39,18,12,B,4,0,0.0
Const39,18,13,A,0,0,0.0
Const39,18,14,A,0,0,0.0
Const39,18,15,A,0,0,0.0
Const39,18,16,A,0,0,0.0
Const39,18,17,A,0,0,0.0
Const39,18,18,A,0,0,0.0
Const39,18,19,B,4,0,0.0
Const39,18,20,B,4,0,0.0
Const39,18,21,B,4,0,0.0
Const39,18,22,B,4,0,0.0
Const39,18,23,B,4,0,0.0
Const39,18,24,B,4,0,0.0
Const39,18,25,A,0,0,0.0
Const39,18,26,A,0,0,0.0
Const39,18,27,A,0,0,0.0
Const39,18,28,A,0,0,0.0
Const39,18,29,A,0,0,0.0
Const39,18,30,A,0,0,0.0
Const39,18,31,B,4,0,0.0
Const39,18,32,B,4,0,0.0
Const39,18,33,B,4,0,0.0
Const39,18,34,B,4,0,0.0
Const39,18,35,B,4,0,0.0
Const39,18,36,B,4,0,0.0
Const39,18,37,A,0,0,0.0
Const39,18,38,A,1,1,0.25
Const39,18,39,A,0,0,0.0
Const39,18,40,A,0,0,0.0
Const39,18,41,A,0,0,0.0
Const39,18,42,A,0,0,0.0
Const39,18,43,B,4,0,0.0
Const39,18,44,B,4,0,0.0
Const39,18,45,B,4,0,0.0
Const39,18,46,B,4,0,0.0
Const39,18,47,B,4,0,0.0
Const39,18,48,B,4,0,0.0
Const39,18,49,A,0,0,0.0
Const39,18,50,A,0,0,0.0
Const39,18,51,A,0,0,0.0
Const39,18,52,A,0,0,0.0
Const39,18,53,A,0,0,0.0
Const39,18,54,A,0,0,0.0
Const39,18,55,B,4,0,0.0
Const39,18,56,B,4,0,0.0
Const39,18,57,B,4,0,0.0
Const39,18,58,B,4,0,0.0
Const39,18,59,B,4,0,0.0
Const39,18,60,B,4,0,0.0
Const39,18,61,A,0,0,0.0
Const39,18,62,A,0,0,0.0
Const39,18,63,A,1,1,0.25
Const39,18,64,A,0,0,0.0
Const39,18,65,A,0,0,0.0
Const39,18,66,A,0,0,0.0
Const39,18,67,B,4,0,0.0
Const39,18,68,B,4,0,0.0
Const39,18,69,B,4,0,0.0
Const39,18,70,B,4,0,0.0
Const39,18,71,B,4,0,0.0
Const39,18,72,B,4,0,0.0
Const39,18,73,A,0,0,0.0
Const39,18,74,A,0,0,0.0
Const39,18,75,A,0,0,0.0
Const39,18,76,A,0,0,0.0
Const39,18,77,A,0,0,0.0
Const39,18,78,A,1,1,0.25
Const39,18,79,B,4,0,0.0
Const39,18,80,B,4,0,0.0
Const39,18,81,B,4,0,0.0
Const39,18,82,B,4,0,0.0
Const39,18,83,B,4,0,0.0
Const39,18,84,B,4,0,0.0
Const39,18,85,A,0,0,0.0
Const39,18,86,A,0,0,0.0
Const39,18,87,A,0,0,0.0
Const39,18,88,A,0,0,0.0
Const39,18,89,A,0,0,0.0
Const39,18,90,A,0,0,0.0
Const39,18,91,B,4,0,0.0
Const39,18,92,B,4,0,0.0
Const39,18,93,B,4,0,0.0
Const39,18,94,B,4,0,0.0
Const39,18,95,B,4,0,0.0
Const39,18,96,B,4,0,0.0
25%,18,1,A,0,0,0.0
25%,18,2,A,0,0,0.0
25%,18,3,A,1,1,0.25
25%,18,4,A,0,0,0.0
25%,18,5,A,1,1,0.25
25%,18,6,A,0,0,0.0
25%,18,7,B,4,0,0.0
25%,18,8,B,3,1,0.25
25%,18,9,B,3,1,0.25
25%,18,10,B,3,1,0.25
25%,18,11,B,4,0,0.0
25%,18,12,B,3,1,0.25
25%,18,13,A,0,0,0.0
25%,18,14,A,1,1,0.25
25%,18,15,A,1,1,0.25
25%,18,16,A,1,1,0.25
25%,18,17,A,1,1,0.25
25%,18,18,A,0,0,0.0
25%,18,19,B,4,0,0.0
25%,18,20,B,4,0,0.0
25%,18,21,B,4,0,0.0
25%,18,22,B,4,0,0.0
25%,18,23,B,3,1,0.25
25%,18,24,B,4,0,0.0
25%,18,25,A,1,1,0.25
25%,18,26,A,0,0,0.0
25%,18,27,A,0,0,0.0
25%,18,28,A,1,1,0.25
25%,18,29,A,1,1,0.25
25%,18,30,A,0,0,0.0
25%,18,31,B,4,0,0.0
25%,18,32,B,3,1,0.25
25%,18,33,B,4,0,0.0
25%,18,34,B,4,0,0.0
25%,18,35,B,4,0,0.0
25%,18,36,B,4,0,0.0
25%,18,37,A,0,0,0.0
25%,18,38,A,1,1,0.25
25%,18,39,A,0,0,0.0
25%,18,40,A,0,0,0.0
25%,18,41,A,0,0,0.0
25%,18,42,A,0,0,0.0
25%,18,43,B,3,1,0.25
25%,18,44,B,3,1,0.25
25%,18,45,B,2,2,0.5
25%,18,46,B,3,1,0.25
25%,18,47,B,4,0,0.0
25%,18,48,B,4,0,0.0
25%,18,49,A,1,1,0.25
25%,18,50,A,1,1,0.25
25%,18,51,A,1,1,0.25
25%,18,52,A,1,1,0.25
25%,18,53,A,0,0,0.0
25%,18,54,A,0,0,0.0
25%,18,55,B,3,1,0.25
25%,18,56,B,3,1,0.25
25%,18,57,B,4,0,0.0
25%,18,58,B,4,0,0.0
25%,18,59,B,3,1,0.25
25%,18,60,B,4,0,0.0
25%,18,61,A,0,0,0.0
25%,18,62,A,0,0,0.0
25%,18,63,A,1,1,0.25
25%,18,64,A,0,0,0.0
25%,18,65,A,1,1,0.25
25%,18,66,A,1,1,0.25
25%,18,67,B,4,0,0.0
25%,18,68,B,4,0,0.0
25%,18,69,B,3,1,0.25
25%,18,70,B,4,0,0.0
25%,18,71,B,3,1,0.25
25%,18,72,B,4,0,0.0
25%,18,73,A,0,0,0.0
25%,18,74,A,1,1,0.25
25%,18,75,A,1,1,0.25
25%,18,76,A,0,0,0.0
25%,18,77,A,1,1,0.25
25%,18,78,A,1,1,0.25
25%,18,79,B,4,0,0.0
25%,18,80,B,4,0,0.0
25%,18,81,B,3,1,0.25
25%,18,82,B,4,0,0.0
25%,18,83,B,4,0,0.0
25%,18,84,B,3,1,0.25
25%,18,85,A,1,1,0.25
25%,18,86,A,0,0,0.0
25%,18,87,A,1,1,0.25
25%,18,88,A,0,0,0.0
25%,18,89,A,0,0,0.0
25%,18,90,A,1,1,0.25
25%,18,91,B,4,0,0.0
25%,18,92,B,4,0,0.0
25%,18,93,B,4,0,0.0
25%,18,94,B,4,0,0.0
25%,18,95,B,4,0,0.0
25%,18,96,B,4,0,0.0
15%,18,1,A,0,0,0.0
15%,18,2,A,0,0,0.0
15%,18,3,A,0,0,0.0
15%,18,4,A,0,0,0.0
15%,18,5,A,0,0,0.0
15%,18,6,A,0,0,0.0
15%,18,7,B,4,0,0.0
15%,18,8,B,3,1,0.25
15%,18,9,B,4,0,0.0
15%,18,10,B,4,0,0.0
15%,18,11,B,4,0,0.0
15%,18,12,B,4,0,0.0
15%,18,13,A,1,1,0.25
15%,18,14,A,0,0,0.0
15%,18,15,A,0,0,0.0
15%,18,16,A,0,0,0.0
15%,18,17,A,0,0,0.0
15%,18,18,A,0,0,0.0
15%,18,19,B,4,0,0.0
15%,18,20,B,4,0,0.0
15%,18,21,B,4,0,0.0
15%,18,22,B,4,0,0.0
15%,18,23,B,4,0,0.0
15%,18,24,B,4,0,0.0
15%,18,25,A,0,0,0.0
15%,18,26,A,0,0,0.0
15%,18,27,A,0,0,0.0
15%,18,28,A,0,0,0.0
15%,18,29,A,0,0,0.0
15%,18,30,A,0,0,0.0
15%,18,31,B,4,0,0.0
15%,18,32,B,4,0,0.0
15%,18,33,B,4,0,0.0
15%,18,34,B,4,0,0.0
15%,18,35,B,4,0,0.0
15%,18,36,B,4,0,0.0
15%,18,37,A,0,0,0.0
15%,18,38,A,0,0,0.0
15%,18,39,A,1,1,0.25
15%,18,40,A,0,0,0.0
15%,18,41,A,0,0,0.0
15%,18,42,A,0,0,0.0
15%,18,43,B,4,0,0.0
15%,18,44,B,4,0,0.0
15%,18,45,B,4,0,0.0
15%,18,46,B,4,0,0.0
15%,18,47,B,4,0,0.0
15%,18,48,B,4,0,0.0
15%,18,49,A,0,0,0.0
15%,18,50,A,0,0,0.0
15%,18,51,A,0,0,0.0
15%,18,52,A,0,0,0.0
15%,18,53,A,1,1,0.25
15%,18,54,A,0,0,0.0
15%,18,55,B,4,0,0.0
15%,18,56,B,4,0,0.0
15%,18,57,B,4,0,0.0
15%,18,58,B,4,0,0.0
15%,18,59,B,4,0,0.0
15%,18,60,B,3,1,0.25
15%,18,61,A,0,0,0.0
15%,18,62,A,0,0,0.0
15%,18,63,A,0,0,0.0
15%,18,64,A,0,0,0.0
15%,18,65,A,1,1,0.25
15%,18,66,A,0,0,0.0
15%,18,67,B,4,0,0.0
15%,18,68,B,4,0,0.0
15%,18,69,B,4,0,0.0
15%,18,70,B,4,0,0.0
15%,18,71,B,4,0,0.0
15%,18,72,B,4,0,0.0
15%,18,73,A,0,0,0.0
15%,18,74,A,0,0,0.0
15%,18,75,A,0,0,0.0
15%,18,76,A,0,0,0.0
15%,18,77,A,0,0,0.0
15%,18,78,A,0,0,0.0
15%,18,79,B,4,0,0.0
15%,18,80,B,4,0,0.0
15%,18,81,B,4,0,0.0
15%,18,82,B,4,0,0.0
15%,18,83,B,4,0,0.0
15%,18,84,B,4,0,0.0
15%,18,85,A,0,0,0.0
15%,18,86,A,0,0,0.0
15%,18,87,A,0,0,0.0
15%,18,88,A,0,0,0.0
15%,18,89,A,0,0,0.0
15%,18,90,A,0,0,0.0
15%,18,91,B,4,0,0.0
15%,18,92,B,4,0,0.0
15%,18,93,B,4,0,0.0
15%,18,94,B,3,1,0.25
15%,18,95,B,4,0,0.0
15%,18,96,B,4,0,0.0
35%,18,1,A,0,0,0.0
35%,18,2,A,0,0,0.0
35%,18,3,A,0,0,0.0
35%,18,4,A,0,0,0.0
35%,18,5,A,0,0,0.0
35%,18,6,A,0,0,0.0
35%,18,7,B,4,0,0.0
35%,18,8,B,4,0,0.0
35%,18,9,B,4,0,0.0
35%,18,10,B,4,0,0.0
35%,18,11,B,4,0,0.0
35%,18,12,B,4,0,0.0
35%,18,13,A,0,0,0.0
35%,18,14,A,0,0,0.0
35%,18,15,A,0,0,0.0
35%,18,16,A,0,0,0.0
35%,18,17,A,0,0,0.0
35%,18,18,A,0,0,0.0
35%,18,19,B,4,0,0.0
35%,18,20,B,4,0,0.0
35%,18,21,B,4,0,0.0
35%,18,22,B,3,1,0.25
35%,18,23,B,4,0,0.0
35%,18,24,B,4,0,0.0
35%,18,25,A,0,0,0.0
35%,18,26,A,0,0,0.0
35%,18,27,A,0,0,0.0
35%,18,28,A,0,0,0.0
35%,18,29,A,0,0,0.0
35%,18,30,A,0,0,0.0
35%,18,31,B,4,0,0.0
35%,18,32,B,4,0,0.0
35%,18,33,B,4,0,0.0
35%,18,34,B,4,0,0.0
35%,18,35,B,4,0,0.0
35%,18,36,B,4,0,0.0
35%,18,37,A,0,0,0.0
35%,18,38,A,0,0,0.0
35%,18,39,A,0,0,0.0
35%,18,40,A,0,0,0.0
35%,18,41,A,0,0,0.0
35%,18,42,A,0,0,0.0
35%,18,43,B,4,0,0.0
35%,18,44,B,4,0,0.0
35%,18,45,B,4,0,0.0
35%,18,46,B,4,0,0.0
35%,18,47,B,4,0,0.0
35%,18,48,B,4,0,0.0
35%,18,49,A,0,0,0.0
35%,18,50,A,0,0,0.0
35%,18,51,A,0,0,0.0
35%,18,52,A,0,0,0.0
35%,18,53,A,0,0,0.0
35%,18,54,A,0,0,0.0
35%,18,55,B,4,0,0.0
35%,18,56,B,4,0,0.0
35%,18,57,B,4,0,0.0
35%,18,58,B,4,0,0.0
35%,18,59,B,4,0,0.0
35%,18,60,B,4,0,0.0
35%,18,61,A,0,0,0.0
35%,18,62,A,0,0,0.0
35%,18,63,A,0,0,0.0
35%,18,64,A,0,0,0.0
35%,18,65,A,0,0,0.0
35%,18,66,A,0,0,0.0
35%,18,67,B,4,0,0.0
35%,18,68,B,4,0,0.0
35%,18,69,B,4,0,0.0
35%,18,70,B,4,0,0.0
35%,18,71,B,4,0,0.0
35%,18,72,B,4,0,0.0
35%,18,73,A,0,0,0.0
35%,18,74,A,0,0,0.0
35%,18,75,A,0,0,0.0
35%,18,76,A,0,0,0.0
35%,18,77,A,0,0,0.0
35%,18,78,A,0,0,0.0
35%,18,79,B,4,0,0.0
35%,18,80,B,4,0,0.0
35%,18,81,B,4,0,0.0
35%,18,82,B,4,0,0.0
35%,18,83,B,4,0,0.0
35%,18,84,B,4,0,0.0
35%,18,85,A,0,0,0.0
35%,18,86,A,0,0,0.0
35%,18,87,A,0,0,0.0
35%,18,88,A,0,0,0.0
35%,18,89,A,0,0,0.0
35%,18,90,A,0,0,0.0
35%,18,91,B,4,0,0.0
35%,18,92,B,4,0,0.0
35%,18,93,B,4,0,0.0
35%,18,94,B,4,0,0.0
35%,18,95,B,4,0,0.0
35%,18,96,B,4,0,0.0
Const30,20,1,A,0,0,0.0
Const30,20,2,A,0,0,0.0
Const30,20,3,A,0,0,0.0
Const30,20,4,A,0,0,0.0
Const30,20,5,A,0,0,0.0
Const30,20,6,A,0,0,0.0
Const30,20,7,B,4,0,0.0
Const30,20,8,B,4,0,0.0
Const30,20,9,B,4,0,0.0
Const30,20,10,B,4,0,0.0
Const30,20,11,B,4,0,0.0
Const30,20,12,B,4,0,0.0
Const30,20,13,A,0,0,0.0
Const30,20,14,A,0,0,0.0
Const30,20,15,A,0,0,0.0
Const30,20,16,A,0,0,0.0
Const30,20,17,A,0,0,0.0
Const30,20,18,A,0,0,0.0
Const30,20,19,B,4,0,0.0
Const30,20,20,B,4,0,0.0
Const30,20,21,B,4,0,0.0
Const30,20,22,B,4,0,0.0
Const30,20,23,B,4,0,0.0
Const30,20,24,B,4,0,0.0
Const30,20,25,A,0,0,0.0
Const30,20,26,A,0,0,0.0
Const30,20,27,A,0,0,0.0
Const30,20,28,A,0,0,0.0
Const30,20,29,A,0,0,0.0
Const30,20,30,A,0,0,0.0
Const30,20,31,B,4,0,0.0
Const30,20,32,B,4,0,0.0
Const30,20,33,B,4,0,0.0
Const30,20,34,B,4,0,0.0
Const30,20,35,B,4,0,0.0
Const30,20,36,B,4,0,0.0
Const30,20,37,A,0,0,0.0
Const30,20,38,A,0,0,0.0
Const30,20,39,A,0,0,0.0
Const30,20,40,A,0,0,0.0
Const30,20,41,A,0,0,0.0
Const30,20,42,A,0,0,0.0
Const30,20,43,B,4,0,0.0
Const30,20,44,B,4,0,0.0
Const30,20,45,B,4,0,0.0
Const30,20,46,B,4,0,0.0
Const30,20,47,B,4,0,0.0
Const30,20,48,B,4,0,0.0
Const30,20,49,A,0,0,0.0
Const30,20,50,A,0,0,0.0
Const30,20,51,A,0,0,0.0
Const30,20,52,A,0,0,0.0
Const30,20,53,A,0,0,0.0
Const30,20,54,A,0,0,0.0
Const30,20,55,B,4,0,0.0
Const30,20,56,B,4,0,0.0
Const30,20,57,B,4,0,0.0
Const30,20,58,B,4,0,0.0
Const30,20,59,B,4,0,0.0
Const30,20,60,B,4,0,0.0
Const30,20,61,A,0,0,0.0
Const30,20,62,A,0,0,0.0
Const30,20,63,A,0,0,0.0
Const30,20,64,A,0,0,0.0
Const30,20,65,A,0,0,0.0
Const30,20,66,A,0,0,0.0
Const30,20,67,B,4,0,0.0
Const30,20,68,B,4,0,0.0
Const30,20,69,B,4,0,0.0
Const30,20,70,B,4,0,0.0
Const30,20,71,B,4,0,0.0
Const30,20,72,B,4,0,0.0
Const30,20,73,A,0,0,0.0
Const30,20,74,A,0,0,0.0
Const30,20,75,A,0,0,0.0
Const30,20,76,A,0,0,0.0
Const30,20,77,A,0,0,0.0
Const30,20,78,A,0,0,0.0
Const30,20,79,B,4,0,0.0
Const30,20,80,B,4,0,0.0
Const30,20,81,B,4,0,0.0
Const30,20,82,B,4,0,0.0
Const30,20,83,B,4,0,0.0
Const30,20,84,B,4,0,0.0
Const30,20,85,A,0,0,0.0
Const30,20,86,A,0,0,0.0
Const30,20,87,A,0,0,0.0
Const30,20,88,A,0,0,0.0
Const30,20,89,A,1,1,0.25
Const30,20,90,A,0,0,0.0
Const30,20,91,B,4,0,0.0
Const30,20,92,B,4,0,0.0
Const30,20,93,B,4,0,0.0
Const30,20,94,B,4,0,0.0
Const30,20,95,B,4,0,0.0
Const30,20,96,B,4,0,0.0
Const39,20,1,A,0,0,0.0
Const39,20,2,A,0,0,0.0
Const39,20,3,A,0,0,0.0
Const39,20,4,A,0,0,0.0
Const39,20,5,A,0,0,0.0
Const39,20,6,A,0,0,0.0
Const39,20,7,B,4,0,0.0
Const39,20,8,B,4,0,0.0
Const39,20,9,B,4,0,0.0
Const39,20,10,B,4,0,0.0
Const39,20,11,B,4,0,0.0
Const39,20,12,B,4,0,0.0
Const39,20,13,A,0,0,0.0
Const39,20,14,A,0,0,0.0
Const39,20,15,A,0,0,0.0
Const39,20,16,A,0,0,0.0
Const39,20,17,A,0,0,0.0
Const39,20,18,A,0,0,0.0
Const39,20,19,B,4,0,0.0
Const39,20,20,B,4,0,0.0
Const39,20,21,B,4,0,0.0
Const39,20,22,B,4,0,0.0
Const39,20,23,B,4,0,0.0
Const39,20,24,B,4,0,0.0
Const39,20,25,A,0,0,0.0
Const39,20,26,A,0,0,0.0
Const39,20,27,A,0,0,0.0
Const39,20,28,A,0,0,0.0
Const39,20,29,A,0,0,0.0
Const39,20,30,A,0,0,0.0
Const39,20,31,B,4,0,0.0
Const39,20,32,B,4,0,0.0
Const39,20,33,B,4,0,0.0
Const39,20,34,B,4,0,0.0
Const39,20,35,B,4,0,0.0
Const39,20,36,B,4,0,0.0
Const39,20,37,A,0,0,0.0
Const39,20,38,A,0,0,0.0
Const39,20,39,A,0,0,0.0
Const39,20,40,A,1,1,0.25
Const39,20,41,A,0,0,0.0
Const39,20,42,A,0,0,0.0
Const39,20,43,B,4,0,0.0
Const39,20,44,B,4,0,0.0
Const39,20,45,B,4,0,0.0
Const39,20,46,B,4,0,0.0
Const39,20,47,B,4,0,0.0
Const39,20,48,B,4,0,0.0
Const39,20,49,A,0,0,0.0
Const39,20,50,A,0,0,0.0
Const39,20,51,A,1,1,0.25
Const39,20,52,A,0,0,0.0
Const39,20,53,A,0,0,0.0
Const39,20,54,A,0,0,0.0
Const39,20,55,B,4,0,0.0
Const39,20,56,B,4,0,0.0
Const39,20,57,B,4,0,0.0
Const39,20,58,B,4,0,0.0
Const39,20,59,B,4,0,0.0
Const39,20,60,B,4,0,0.0
Const39,20,61,A,0,0,0.0
Const39,20,62,A,0,0,0.0
Const39,20,63,A,0,0,0.0
Const39,20,64,A,0,0,0.0
Const39,20,65,A,0,0,0.0
Const39,20,66,A,0,0,0.0
Const39,20,67,B,4,0,0.0
Const39,20,68,B,4,0,0.0
Const39,20,69,B,4,0,0.0
Const39,20,70,B,4,0,0.0
Const39,20,71,B,4,0,0.0
Const39,20,72,B,4,0,0.0
Const39,20,73,A,0,0,0.0
Const39,20,74,A,0,0,0.0
Const39,20,75,A,0,0,0.0
Const39,20,76,A,0,0,0.0
Const39,20,77,A,0,0,0.0
Const39,20,78,A,0,0,0.0
Const39,20,79,B,4,0,0.0
Const39,20,80,B,4,0,0.0
Const39,20,81,B,4,0,0.0
Const39,20,82,B,4,0,0.0
Const39,20,83,B,4,0,0.0
Const39,20,84,B,4,0,0.0
Const39,20,85,A,0,0,0.0
Const39,20,86,A,0,0,0.0
Const39,20,87,A,0,0,0.0
Const39,20,88,A,0,0,0.0
Const39,20,89,A,0,0,0.0
Const39,20,90,A,0,0,0.0
Const39,20,91,B,4,0,0.0
Const39,20,92,B,4,0,0.0
Const39,20,93,B,4,0,0.0
Const39,20,94,B,4,0,0.0
Const39,20,95,B,4,0,0.0
Const39,20,96,B,4,0,0.0
25%,20,1,A,0,0,0.0
25%,20,2,A,0,0,0.0
25%,20,3,A,0,0,0.0
25%,20,4,A,0,0,0.0
25%,20,5,A,0,0,0.0
25%,20,6,A,0,0,0.0
25%,20,7,B,3,1,0.25
25%,20,8,B,4,0,0.0
25%,20,9,B,3,1,0.25
25%,20,10,B,4,0,0.0
25%,20,11,B,4,0,0.0
25%,20,12,B,4,0,0.0
25%,20,13,A,0,0,0.0
25%,20,14,A,0,0,0.0
25%,20,15,A,1,1,0.25
25%,20,16,A,0,0,0.0
25%,20,17,A,0,0,0.0
25%,20,18,A,0,0,0.0
25%,20,19,B,4,0,0.0
25%,20,20,B,4,0,0.0
25%,20,21,B,3,1,0.25
25%,20,22,B,3,1,0.25
25%,20,23,B,4,0,0.0
25%,20,24,B,4,0,0.0
25%,20,25,A,0,0,0.0
25%,20,26,A,0,0,0.0
25%,20,27,A,0,0,0.0
25%,20,28,A,0,0,0.0
25%,20,29,A,1,1,0.25
25%,20,30,A,0,0,0.0
25%,20,31,B,4,0,0.0
25%,20,32,B,4,0,0.0
25%,20,33,B,4,0,0.0
25%,20,34,B,4,0,0.0
25%,20,35,B,4,0,0.0
25%,20,36,B,4,0,0.0
25%,20,37,A,0,0,0.0
25%,20,38,A,0,0,0.0
25%,20,39,A,1,1,0.25
25%,20,40,A,0,0,0.0
25%,20,41,A,0,0,0.0
25%,20,42,A,0,0,0.0
25%,20,43,B,3,1,0.25
25%,20,44,B,4,0,0.0
25%,20,45,B,4,0,0.0
25%,20,46,B,4,0,0.0
25%,20,47,B,3,1,0.25
25%,20,48,B,4,0,0.0
25%,20,49,A,1,1,0.25
25%,20,50,A,0,0,0.0
25%,20,51,A,0,0,0.0
25%,20,52,A,0,0,0.0
25%,20,53,A,1,1,0.25
25%,20,54,A,0,0,0.0
25%,20,55,B,4,0,0.0
25%,20,56,B,4,0,0.0
25%,20,57,B,4,0,0.0
25%,20,58,B,4,0,0.0
25%,20,59,B,4,0,0.0
25%,20,60,B,4,0,0.0
25%,20,61,A,1,1,0.25
25%,20,62,A,0,0,0.0
25%,20,63,A,0,0,0.0
25%,20,64,A,0,0,0.0
25%,20,65,A,1,1,0.25
25%,20,66,A,0,0,0.0
25%,20,67,B,4,0,0.0
25%,20,68,B,4,0,0.0
25%,20,69,B,4,0,0.0
25%,20,70,B,4,0,0.0
25%,20,71,B,3,1,0.25
25%,20,72,B,4,0,0.0
25%,20,73,A,0,0,0.0
25%,20,74,A,0,0,0.0
25%,20,75,A,0,0,0.0
25%,20,76,A,1,1,0.25
25%,20,77,A,1,1,0.25
25%,20,78,A,0,0,0.0
25%,20,79,B,4,0,0.0
25%,20,80,B,3,1,0.25
25%,20,81,B,3,1,0.25
25%,20,82,B,4,0,0.0
25%,20,83,B,4,0,0.0
25%,20,84,B,4,0,0.0
25%,20,85,A,0,0,0.0
25%,20,86,A,0,0,0.0
25%,20,87,A,0,0,0.0
25%,20,88,A,0,0,0.0
25%,20,89,A,0,0,0.0
25%,20,90,A,0,0,0.0
25%,20,91,B,4,0,0.0
25%,20,92,B,4,0,0.0
25%,20,93,B,4,0,0.0
25%,20,94,B,4,0,0.0
25%,20,95,B,4,0,0.0
25%,20,96,B,4,0,0.0
15%,20,1,A,0,0,0.0
15%,20,2,A,0,0,0.0
15%,20,3,A,0,0,0.0
15%,20,4,A,0,0,0.0
15%,20,5,A,0,0,0.0
15%,20,6,A,0,0,0.0
15%,20,7,B,4,0,0.0
15%,20,8,B,4,0,0.0
15%,20,9,B,4,0,0.0
15%,20,10,B,4,0,0.0
15%,20,11,B,4,0,0.0
15%,20,12,B,4,0,0.0
15%,20,13,A,0,0,0.0
15%,20,14,A,2,2,0.5
15%,20,15,A,0,0,0.0
15%,20,16,A,0,0,0.0
15%,20,17,A,0,0,0.0
15%,20,18,A,0,0,0.0
15%,20,19,B,4,0,0.0
15%,20,20,B,4,0,0.0
15%,20,21,B,4,0,0.0
15%,20,22,B,4,0,0.0
15%,20,23,B,4,0,0.0
15%,20,24,B,4,0,0.0
15%,20,25,A,1,1,0.25
15%,20,26,A,0,0,0.0
15%,20,27,A,0,0,0.0
15%,20,28,A,0,0,0.0
15%,20,29,A,0,0,0.0
15%,20,30,A,0,0,0.0
15%,20,31,B,4,0,0.0
15%,20,32,B,4,0,0.0
15%,20,33,B,4,0,0.0
15%,20,34,B,3,1,0.25
15%,20,35,B,4,0,0.0
15%,20,36,B,4,0,0.0
15%,20,37,A,0,0,0.0
15%,20,38,A,0,0,0.0
15%,20,39,A,0,0,0.0
15%,20,40,A,0,0,0.0
15%,20,41,A,0,0,0.0
15%,20,42,A,0,0,0.0
15%,20,43,B,4,0,0.0
15%,20,44,B,4,0,0.0
15%,20,45,B,4,0,0.0
15%,20,46,B,4,0,0.0
15%,20,47,B,3,1,0.25
15%,20,48,B,4,0,0.0
15%,20,49,A,0,0,0.0
15%,20,50,A,0,0,0.0
15%,20,51,A,0,0,0.0
15%,20,52,A,0,0,0.0
15%,20,53,A,0,0,0.0
15%,20,54,A,0,0,0.0
15%,20,55,B,4,0,0.0
15%,20,56,B,4,0,0.0
15%,20,57,B,3,1,0.25
15%,20,58,B,4,0,0.0
15%,20,59,B,4,0,0.0
15%,20,60,B,4,0,0.0
15%,20,61,A,0,0,0.0
15%,20,62,A,0,0,0.0
15%,20,63,A,0,0,0.0
15%,20,64,A,0,0,0.0
15%,20,65,A,0,0,0.0
15%,20,66,A,0,0,0.0
15%,20,67,B,4,0,0.0
15%,20,68,B,4,0,0.0
15%,20,69,B,4,0,0.0
15%,20,70,B,4,0,0.0
15%,20,71,B,4,0,0.0
15%,20,72,B,4,0,0.0
15%,20,73,A,0,0,0.0
15%,20,74,A,0,0,0.0
15%,20,75,A,0,0,0.0
15%,20,76,A,0,0,0.0
15%,20,77,A,0,0,0.0
15%,20,78,A,0,0,0.0
15%,20,79,B,4,0,0.0
15%,20,80,B,4,0,0.0
15%,20,81,B,4,0,0.0
15%,20,82,B,4,0,0.0
15%,20,83,B,4,0,0.0
15%,20,84,B,4,0,0.0
15%,20,85,A,0,0,0.0
15%,20,86,A,0,0,0.0
15%,20,87,A,0,0,0.0
15%,20,88,A,0,0,0.0
15%,20,89,A,0,0,0.0
15%,20,90,A,0,0,0.0
15%,20,91,B,4,0,0.0
15%,20,92,B,4,0,0.0
15%,20,93,B,4,0,0.0
15%,20,94,B,4,0,0.0
15%,20,95,B,4,0,0.0
15%,20,96,B,4,0,0.0
35%,20,1,A,0,0,0.0
35%,20,2,A,0,0,0.0
35%,20,3,A,0,0,0.0
35%,20,4,A,0,0,0.0
35%,20,5,A,0,0,0.0
35%,20,6,A,0,0,0.0
35%,20,7,B,4,0,0.0
35%,20,8,B,4,0,0.0
35%,20,9,B,4,0,0.0
35%,20,10,B,4,0,0.0
35%,20,11,B,4,0,0.0
35%,20,12,B,4,0,0.0
35%,20,13,A,0,0,0.0
35%,20,14,A,0,0,0.0
35%,20,15,A,0,0,0.0
35%,20,16,A,0,0,0.0
35%,20,17,A,0,0,0.0
35%,20,18,A,0,0,0.0
35%,20,19,B,4,0,0.0
35%,20,20,B,4,0,0.0
35%,20,21,B,4,0,0.0
35%,20,22,B,4,0,0.0
35%,20,23,B,4,0,0.0
35%,20,24,B,4,0,0.0
35%,20,25,A,0,0,0.0
35%,20,26,A,0,0,0.0
35%,20,27,A,0,0,0.0
35%,20,28,A,0,0,0.0
35%,20,29,A,0,0,0.0
35%,20,30,A,0,0,0.0
35%,20,31,B,4,0,0.0
35%,20,32,B,4,0,0.0
35%,20,33,B,4,0,0.0
35%,20,34,B,4,0,0.0
35%,20,35,B,4,0,0.0
35%,20,36,B,4,0,0.0
35%,20,37,A,0,0,0.0
35%,20,38,A,0,0,0.0
35%,20,39,A,0,0,0.0
35%,20,40,A,0,0,0.0
35%,20,41,A,0,0,0.0
35%,20,42,A,0,0,0.0
35%,20,43,B,4,0,0.0
35%,20,44,B,4,0,0.0
35%,20,45,B,4,0,0.0
35%,20,46,B,4,0,0.0
35%,20,47,B,4,0,0.0
35%,20,48,B,4,0,0.0
35%,20,49,A,0,0,0.0
35%,20,50,A,0,0,0.0
35%,20,51,A,0,0,0.0
35%,20,52,A,0,0,0.0
35%,20,53,A,0,0,0.0
35%,20,54,A,0,0,0.0
35%,20,55,B,4,0,0.0
35%,20,56,B,4,0,0.0
35%,20,57,B,4,0,0.0
35%,20,58,B,4,0,0.0
35%,20,59,B,4,0,0.0
35%,20,60,B,4,0,0.0
35%,20,61,A,0,0,0.0
35%,20,62,A,0,0,0.0
35%,20,63,A,0,0,0.0
35%,20,64,A,0,0,0.0
35%,20,65,A,0,0,0.0
35%,20,66,A,0,0,0.0
35%,20,67,B,4,0,0.0
35%,20,68,B,4,0,0.0
35%,20,69,B,4,0,0.0
35%,20,70,B,4,0,0.0
35%,20,71,B,4,0,0.0
35%,20,72,B,4,0,0.0
35%,20,73,A,0,0,0.0
35%,20,74,A,0,0,0.0
35%,20,75,A,0,0,0.0
35%,20,76,A,0,0,0.0
35%,20,77,A,0,0,0.0
35%,20,78,A,0,0,0.0
35%,20,79,B,4,0,0.0
35%,20,80,B,4,0,0.0
35%,20,81,B,4,0,0.0
35%,20,82,B,4,0,0.0
35%,20,83,B,4,0,0.0
35%,20,84,B,4,0,0.0
35%,20,85,A,0,0,0.0
35%,20,86,A,0,0,0.0
35%,20,87,A,0,0,0.0
35%,20,88,A,0,0,0.0
35%,20,89,A,0,0,0.0
35%,20,90,A,0,0,0.0
35%,20,91,B,4,0,0.0
35%,20,92,B,4,0,0.0
35%,20,93,B,4,0,0.0
35%,20,94,B,4,0,0.0
35%,20,95,B,4,0,0.0
35%,20,96,B,4,0,0.0
Const30,22,1,A,0,0,0.0
Const30,22,2,A,0,0,0.0
Const30,22,3,A,0,0,0.0
Const30,22,4,A,0,0,0.0
Const30,22,5,A,0,0,0.0
Const30,22,6,A,0,0,0.0
Const30,22,7,B,4,0,0.0
Const30,22,8,B,4,0,0.0
Const30,22,9,B,4,0,0.0
Const30,22,10,B,4,0,0.0
Const30,22,11,B,4,0,0.0
Const30,22,12,B,4,0,0.0
Const30,22,13,A,0,0,0.0
Const30,22,14,A,0,0,0.0
Const30,22,15,A,0,0,0.0
Const30,22,16,A,0,0,0.0
Const30,22,17,A,0,0,0.0
Const30,22,18,A,0,0,0.0
Const30,22,19,B,4,0,0.0
Const30,22,20,B,4,0,0.0
Const30,22,21,B,4,0,0.0
Const30,22,22,B,4,0,0.0
Const30,22,23,B,4,0,0.0
Const30,22,24,B,4,0,0.0
Const30,22,25,A,0,0,0.0
Const30,22,26,A,0,0,0.0
Const30,22,27,A,0,0,0.0
Const30,22,28,A,0,0,0.0
Const30,22,29,A,0,0,0.0
Const30,22,30,A,0,0,0.0
Const30,22,31,B,4,0,0.0
Const30,22,32,B,4,0,0.0
Const30,22,33,B,4,0,0.0
Const30,22,34,B,4,0,0.0
Const30,22,35,B,4,0,0.0
Const30,22,36,B,4,0,0.0
Const30,22,37,A,0,0,0.0
Const30,22,38,A,0,0,0.0
Const30,22,39,A,0,0,0.0
Const30,22,40,A,0,0,0.0
Const30,22,41,A,0,0,0.0
Const30,22,42,A,0,0,0.0
Const30,22,43,B,4,0,0.0
Const30,22,44,B,4,0,0.0
Const30,22,45,B,4,0,0.0
Const30,22,46,B,4,0,0.0
Const30,22,47,B,4,0,0.0
Const30,22,48,B,4,0,0.0
Const30,22,49,A,0,0,0.0
Const30,22,50,A,0,0,0.0
Const30,22,51,A,0,0,0.0
Const30,22,52,A,0,0,0.0
Const30,22,53,A,0,0,0.0
Const30,22,54,A,0,0,0.0
Const30,22,55,B,4,0,0.0
Const30,22,56,B,4,0,0.0
Const30,22,57,B,4,0,0.0
Const30,22,58,B,4,0,0.0
Const30,22,59,B,4,0,0.0
Const30,22,60,B,4,0,0.0
Const30,22,61,A,0,0,0.0
Const30,22,62,A,0,0,0.0
Const30,22,63,A,0,0,0.0
Const30,22,64,A,0,0,0.0
Const30,22,65,A,0,0,0.0
Const30,22,66,A,0,0,0.0
Const30,22,67,B,4,0,0.0
Const30,22,68,B,4,0,0.0
Const30,22,69,B,4,0,0.0
Const30,22,70,B,4,0,0.0
Const30,22,71,B,4,0,0.0
Const30,22,72,B,4,0,0.0
Const30,22,73,A,0,0,0.0
Const30,22,74,A,0,0,0.0
Const30,22,75,A,0,0,0.0
Const30,22,76,A,0,0,0.0
Const30,22,77,A,0,0,0.0
Const30,22,78,A,0,0,0.0
Const30,22,79,B,4,0,0.0
Const30,22,80,B,4,0,0.0
Const30,22,81,B,4,0,0.0
Const30,22,82,B,4,0,0.0
Const30,22,83,B,4,0,0.0
Const30,22,84,B,4,0,0.0
Const30,22,85,A,0,0,0.0
Const30,22,86,A,0,0,0.0
Const30,22,87,A,0,0,0.0
Const30,22,88,A,0,0,0.0
Const30,22,89,A,0,0,0.0
Const30,22,90,A,0,0,0.0
Const30,22,91,B,4,0,0.0
Const30,22,92,B,4,0,0.0
Const30,22,93,B,4,0,0.0
Const30,22,94,B,4,0,0.0
Const30,22,95,B,4,0,0.0
Const30,22,96,B,4,0,0.0
Const39,22,1,A,0,0,0.0
Const39,22,2,A,0,0,0.0
Const39,22,3,A,0,0,0.0
Const39,22,4,A,0,0,0.0
Const39,22,5,A,0,0,0.0
Const39,22,6,A,0,0,0.0
Const39,22,7,B,4,0,0.0
Const39,22,8,B,4,0,0.0
Const39,22,9,B,4,0,0.0
Const39,22,10,B,4,0,0.0
Const39,22,11,B,4,0,0.0
Const39,22,12,B,4,0,0.0
Const39,22,13,A,0,0,0.0
Const39,22,14,A,0,0,0.0
Const39,22,15,A,0,0,0.0
Const39,22,16,A,0,0,0.0
Const39,22,17,A,0,0,0.0
Const39,22,18,A,0,0,0.0
Const39,22,19,B,4,0,0.0
Const39,22,20,B,4,0,0.0
Const39,22,21,B,4,0,0.0
Const39,22,22,B,4,0,0.0
Const39,22,23,B,4,0,0.0
Const39,22,24,B,4,0,0.0
Const39,22,25,A,0,0,0.0
Const39,22,26,A,0,0,0.0
Const39,22,27,A,0,0,0.0
Const39,22,28,A,0,0,0.0
Const39,22,29,A,0,0,0.0
Const39,22,30,A,0,0,0.0
Const39,22,31,B,4,0,0.0
Const39,22,32,B,4,0,0.0
Const39,22,33,B,4,0,0.0
Const39,22,34,B,4,0,0.0
Const39,22,35,B,4,0,0.0
Const39,22,36,B,4,0,0.0
Const39,22,37,A,0,0,0.0
Const39,22,38,A,0,0,0.0
Const39,22,39,A,0,0,0.0
Const39,22,40,A,0,0,0.0
Const39,22,41,A,0,0,0.0
Const39,22,42,A,0,0,0.0
Const39,22,43,B,4,0,0.0
Const39,22,44,B,4,0,0.0
Const39,22,45,B,4,0,0.0
Const39,22,46,B,4,0,0.0
Const39,22,47,B,4,0,0.0
Const39,22,48,B,4,0,0.0
Const39,22,49,A,0,0,0.0
Const39,22,50,A,0,0,0.0
Const39,22,51,A,0,0,0.0
Const39,22,52,A,0,0,0.0
Const39,22,53,A,0,0,0.0
Const39,22,54,A,0,0,0.0
Const39,22,55,B,4,0,0.0
Const39,22,56,B,4,0,0.0
Const39,22,57,B,4,0,0.0
Const39,22,58,B,4,0,0.0
Const39,22,59,B,4,0,0.0
Const39,22,60,B,4,0,0.0
Const39,22,61,A,0,0,0.0
Const39,22,62,A,0,0,0.0
Const39,22,63,A,0,0,0.0
Const39,22,64,A,0,0,0.0
Const39,22,65,A,0,0,0.0
Const39,22,66,A,0,0,0.0
Const39,22,67,B,4,0,0.0
Const39,22,68,B,4,0,0.0
Const39,22,69,B,4,0,0.0
Const39,22,70,B,4,0,0.0
Const39,22,71,B,4,0,0.0
Const39,22,72,B,4,0,0.0
Const39,22,73,A,0,0,0.0
Const39,22,74,A,0,0,0.0
Const39,22,75,A,0,0,0.0
Const39,22,76,A,0,0,0.0
Const39,22,77,A,0,0,0.0
Const39,22,78,A,0,0,0.0
Const39,22,79,B,4,0,0.0
Const39,22,80,B,4,0,0.0
Const39,22,81,B,4,0,0.0
Const39,22,82,B,4,0,0.0
Const39,22,83,B,4,0,0.0
Const39,22,84,B,4,0,0.0
Const39,22,85,A,0,0,0.0
Const39,22,86,A,0,0,0.0
Const39,22,87,A,0,0,0.0
Const39,22,88,A,0,0,0.0
Const39,22,89,A,0,0,0.0
Const39,22,90,A,0,0,0.0
Const39,22,91,B,4,0,0.0
Const39,22,92,B,4,0,0.0
Const39,22,93,B,4,0,0.0
Const39,22,94,B,4,0,0.0
Const39,22,95,B,4,0,0.0
Const39,22,96,B,4,0,0.0
25%,22,1,A,0,0,0.0
25%,22,2,A,1,1,0.25
25%,22,3,A,0,0,0.0
25%,22,4,A,0,0,0.0
25%,22,5,A,1,1,0.25
25%,22,6,A,0,0,0.0
25%,22,7,B,4,0,0.0
25%,22,8,B,4,0,0.0
25%,22,9,B,4,0,0.0
25%,22,10,B,4,0,0.0
25%,22,11,B,4,0,0.0
25%,22,12,B,4,0,0.0
25%,22,13,A,0,0,0.0
25%,22,14,A,1,1,0.25
25%,22,15,A,0,0,0.0
25%,22,16,A,0,0,0.0
25%,22,17,A,0,0,0.0
25%,22,18,A,0,0,0.0
25%,22,19,B,4,0,0.0
25%,22,20,B,4,0,0.0
25%,22,21,B,4,0,0.0
25%,22,22,B,3,1,0.25
25%,22,23,B,4,0,0.0
25%,22,24,B,4,0,0.0
25%,22,25,A,0,0,0.0
25%,22,26,A,0,0,0.0
25%,22,27,A,0,0,0.0
25%,22,28,A,0,0,0.0
25%,22,29,A,0,0,0.0
25%,22,30,A,0,0,0.0
25%,22,31,B,4,0,0.0
25%,22,32,B,4,0,0.0
25%,22,33,B,4,0,0.0
25%,22,34,B,3,1,0.25
25%,22,35,B,3,1,0.25
25%,22,36,B,4,0,0.0
25%,22,37,A,1,1,0.25
25%,22,38,A,0,0,0.0
25%,22,39,A,0,0,0.0
25%,22,40,A,0,0,0.0
25%,22,41,A,0,0,0.0
25%,22,42,A,0,0,0.0
25%,22,43,B,4,0,0.0
25%,22,44,B,3,1,0.25
25%,22,45,B,4,0,0.0
25%,22,46,B,4,0,0.0
25%,22,47,B,4,0,0.0
25%,22,48,B,4,0,0.0
25%,22,49,A,0,0,0.0
25%,22,50,A,0,0,0.0
25%,22,51,A,0,0,0.0
25%,22,52,A,0,0,0.0
25%,22,53,A,0,0,0.0
25%,22,54,A,0,0,0.0
25%,22,55,B,4,0,0.0
25%,22,56,B,4,0,0.0
25%,22,57,B,4,0,0.0
25%,22,58,B,4,0,0.0
25%,22,59,B,4,0,0.0
25%,22,60,B,4,0,0.0
25%,22,61,A,0,0,0.0
25%,22,62,A,0,0,0.0
25%,22,63,A,0,0,0.0
25%,22,64,A,0,0,0.0
25%,22,65,A,0,0,0.0
25%,22,66,A,0,0,0.0
25%,22,67,B,4,0,0.0
25%,22,68,B,4,0,0.0
25%,22,69,B,4,0,0.0
25%,22,70,B,4,0,0.0
25%,22,71,B,3,1,0.25
25%,22,72,B,4,0,0.0
25%,22,73,A,0,0,0.0
25%,22,74,A,0,0,0.0
25%,22,75,A,0,0,0.0
25%,22,76,A,0,0,0.0
25%,22,77,A,0,0,0.0
25%,22,78,A,0,0,0.0
25%,22,79,B,4,0,0.0
25%,22,80,B,4,0,0.0
25%,22,81,B,4,0,0.0
25%,22,82,B,3,1,0.25
25%,22,83,B,4,0,0.0
25%,22,84,B,4,0,0.0
25%,22,85,A,0,0,0.0
25%,22,86,A,1,1,0.25
25%,22,87,A,0,0,0.0
25%,22,88,A,0,0,0.0
25%,22,89,A,0,0,0.0
25%,22,90,A,0,0,0.0
25%,22,91,B,4,0,0.0
25%,22,92,B,4,0,0.0
25%,22,93,B,4,0,0.0
25%,22,94,B,4,0,0.0
25%,22,95,B,4,0,0.0
25%,22,96,B,4,0,0.0
15%,22,1,A,0,0,0.0
15%,22,2,A,0,0,0.0
15%,22,3,A,0,0,0.0
15%,22,4,A,0,0,0.0
15%,22,5,A,0,0,0.0
15%,22,6,A,0,0,0.0
15%,22,7,B,4,0,0.0
15%,22,8,B,4,0,0.0
15%,22,9,B,4,0,0.0
15%,22,10,B,4,0,0.0
15%,22,11,B,3,1,0.25
15%,22,12,B,4,0,0.0
15%,22,13,A,1,1,0.25
15%,22,14,A,0,0,0.0
15%,22,15,A,0,0,0.0
15%,22,16,A,1,1,0.25
15%,22,17,A,0,0,0.0
15%,22,18,A,0,0,0.0
15%,22,19,B,4,0,0.0
15%,22,20,B,4,0,0.0
15%,22,21,B,4,0,0.0
15%,22,22,B,4,0,0.0
15%,22,23,B,4,0,0.0
15%,22,24,B,4,0,0.0
15%,22,25,A,0,0,0.0
15%,22,26,A,0,0,0.0
15%,22,27,A,1,1,0.25
15%,22,28,A,0,0,0.0
15%,22,29,A,0,0,0.0
15%,22,30,A,0,0,0.0
15%,22,31,B,4,0,0.0
15%,22,32,B,4,0,0.0
15%,22,33,B,4,0,0.0
15%,22,34,B,4,0,0.0
15%,22,35,B,4,0,0.0
15%,22,36,B,4,0,0.0
15%,22,37,A,0,0,0.0
15%,22,38,A,0,0,0.0
15%,22,39,A,0,0,0.0
15%,22,40,A,0,0,0.0
15%,22,41,A,0,0,0.0
15%,22,42,A,0,0,0.0
15%,22,43,B,3,1,0.25
15%,22,44,B,4,0,0.0
15%,22,45,B,4,0,0.0
15%,22,46,B,4,0,0.0
15%,22,47,B,4,0,0.0
15%,22,48,B,4,0,0.0
15%,22,49,A,0,0,0.0
15%,22,50,A,0,0,0.0
15%,22,51,A,0,0,0.0
15%,22,52,A,0,0,0.0
15%,22,53,A,0,0,0.0
15%,22,54,A,0,0,0.0
15%,22,55,B,4,0,0.0
15%,22,56,B,4,0,0.0
15%,22,57,B,4,0,0.0
15%,22,58,B,4,0,0.0
15%,22,59,B,4,0,0.0
15%,22,60,B,4,0,0.0
15%,22,61,A,0,0,0.0
15%,22,62,A,0,0,0.0
15%,22,63,A,0,0,0.0
15%,22,64,A,0,0,0.0
15%,22,65,A,0,0,0.0
15%,22,66,A,0,0,0.0
15%,22,67,B,4,0,0.0
15%,22,68,B,4,0,0.0
15%,22,69,B,4,0,0.0
15%,22,70,B,4,0,0.0
15%,22,71,B,4,0,0.0
15%,22,72,B,4,0,0.0
15%,22,73,A,0,0,0.0
15%,22,74,A,0,0,0.0
15%,22,75,A,0,0,0.0
15%,22,76,A,0,0,0.0
15%,22,77,A,0,0,0.0
15%,22,78,A,0,0,0.0
15%,22,79,B,4,0,0.0
15%,22,80,B,4,0,0.0
15%,22,81,B,4,0,0.0
15%,22,82,B,4,0,0.0
15%,22,83,B,4,0,0.0
15%,22,84,B,4,0,0.0
15%,22,85,A,0,0,0.0
15%,22,86,A,0,0,0.0
15%,22,87,A,0,0,0.0
15%,22,88,A,0,0,0.0
15%,22,89,A,0,0,0.0
15%,22,90,A,0,0,0.0
15%,22,91,B,4,0,0.0
15%,22,92,B,4,0,0.0
15%,22,93,B,4,0,0.0
15%,22,94,B,4,0,0.0
15%,22,95,B,4,0,0.0
15%,22,96,B,4,0,0.0
35%,22,1,A,0,0,0.0
35%,22,2,A,0,0,0.0
35%,22,3,A,0,0,0.0
35%,22,4,A,0,0,0.0
35%,22,5,A,0,0,0.0
35%,22,6,A,0,0,0.0
35%,22,7,B,4,0,0.0
35%,22,8,B,4,0,0.0
35%,22,9,B,4,0,0.0
35%,22,10,B,4,0,0.0
35%,22,11,B,4,0,0.0
35%,22,12,B,4,0,0.0
35%,22,13,A,0,0,0.0
35%,22,14,A,0,0,0.0
35%,22,15,A,0,0,0.0
35%,22,16,A,0,0,0.0
35%,22,17,A,0,0,0.0
35%,22,18,A,0,0,0.0
35%,22,19,B,4,0,0.0
35%,22,20,B,4,0,0.0
35%,22,21,B,4,0,0.0
35%,22,22,B,4,0,0.0
35%,22,23,B,4,0,0.0
35%,22,24,B,4,0,0.0
35%,22,25,A,0,0,0.0
35%,22,26,A,0,0,0.0
35%,22,27,A,0,0,0.0
35%,22,28,A,0,0,0.0
35%,22,29,A,0,0,0.0
35%,22,30,A,0,0,0.0
35%,22,31,B,4,0,0.0
35%,22,32,B,4,0,0.0
35%,22,33,B,4,0,0.0
35%,22,34,B,4,0,0.0
35%,22,35,B,4,0,0.0
35%,22,36,B,4,0,0.0
35%,22,37,A,0,0,0.0
35%,22,38,A,0,0,0.0
35%,22,39,A,0,0,0.0
35%,22,40,A,0,0,0.0
35%,22,41,A,0,0,0.0
35%,22,42,A,0,0,0.0
35%,22,43,B,4,0,0.0
35%,22,44,B,4,0,0.0
35%,22,45,B,4,0,0.0
35%,22,46,B,4,0,0.0
35%,22,47,B,4,0,0.0
35%,22,48,B,4,0,0.0
35%,22,49,A,0,0,0.0
35%,22,50,A,0,0,0.0
35%,22,51,A,0,0,0.0
35%,22,52,A,0,0,0.0
35%,22,53,A,0,0,0.0
35%,22,54,A,0,0,0.0
35%,22,55,B,4,0,0.0
35%,22,56,B,4,0,0.0
35%,22,57,B,4,0,0.0
35%,22,58,B,4,0,0.0
35%,22,59,B,4,0,0.0
35%,22,60,B,4,0,0.0
35%,22,61,A,0,0,0.0
35%,22,62,A,0,0,0.0
35%,22,63,A,0,0,0.0
35%,22,64,A,0,0,0.0
35%,22,65,A,0,0,0.0
35%,22,66,A,0,0,0.0
35%,22,67,B,4,0,0.0
35%,22,68,B,4,0,0.0
35%,22,69,B,4,0,0.0
35%,22,70,B,4,0,0.0
35%,22,71,B,4,0,0.0
35%,22,72,B,4,0,0.0
35%,22,73,A,0,0,0.0
35%,22,74,A,0,0,0.0
35%,22,75,A,0,0,0.0
35%,22,76,A,0,0,0.0
35%,22,77,A,0,0,0.0
35%,22,78,A,0,0,0.0
35%,22,79,B,4,0,0.0
35%,22,80,B,4,0,0.0
35%,22,81,B,4,0,0.0
35%,22,82,B,4,0,0.0
35%,22,83,B,4,0,0.0
35%,22,84,B,4,0,0.0
35%,22,85,A,0,0,0.0
35%,22,86,A,0,0,0.0
35%,22,87,A,0,0,0.0
35%,22,88,A,0,0,0.0
35%,22,89,A,0,0,0.0
35%,22,90,A,0,0,0.0
35%,22,91,B,4,0,0.0
35%,22,92,B,4,0,0.0
35%,22,93,B,4,0,0.0
35%,22,94,B,4,0,0.0
35%,22,95,B,4,0,0.0
35%,22,96,B,4,0,0.0
Const30,24,1,A,0,0,0.0
Const30,24,2,A,0,0,0.0
Const30,24,3,A,0,0,0.0
Const30,24,4,A,0,0,0.0
Const30,24,5,A,0,0,0.0
Const30,24,6,A,0,0,0.0
Const30,24,7,B,4,0,0.0
Const30,24,8,B,4,0,0.0
Const30,24,9,B,4,0,0.0
Const30,24,10,B,4,0,0.0
Const30,24,11,B,4,0,0.0
Const30,24,12,B,4,0,0.0
Const30,24,13,A,0,0,0.0
Const30,24,14,A,0,0,0.0
Const30,24,15,A,0,0,0.0
Const30,24,16,A,0,0,0.0
Const30,24,17,A,0,0,0.0
Const30,24,18,A,0,0,0.0
Const30,24,19,B,4,0,0.0
Const30,24,20,B,4,0,0.0
Const30,24,21,B,4,0,0.0
Const30,24,22,B,4,0,0.0
Const30,24,23,B,4,0,0.0
Const30,24,24,B,4,0,0.0
Const30,24,25,A,0,0,0.0
Const30,24,26,A,0,0,0.0
Const30,24,27,A,0,0,0.0
Const30,24,28,A,0,0,0.0
Const30,24,29,A,0,0,0.0
Const30,24,30,A,0,0,0.0
Const30,24,31,B,4,0,0.0
Const30,24,32,B,4,0,0.0
Const30,24,33,B,4,0,0.0
Const30,24,34,B,4,0,0.0
Const30,24,35,B,4,0,0.0
Const30,24,36,B,4,0,0.0
Const30,24,37,A,0,0,0.0
Const30,24,38,A,0,0,0.0
Const30,24,39,A,0,0,0.0
Const30,24,40,A,0,0,0.0
Const30,24,41,A,0,0,0.0
Const30,24,42,A,0,0,0.0
Const30,24,43,B,4,0,0.0
Const30,24,44,B,4,0,0.0
Const30,24,45,B,4,0,0.0
Const30,24,46,B,4,0,0.0
Const30,24,47,B,4,0,0.0
Const30,24,48,B,4,0,0.0
Const30,24,49,A,0,0,0.0
Const30,24,50,A,0,0,0.0
Const30,24,51,A,0,0,0.0
Const30,24,52,A,0,0,0.0
Const30,24,53,A,0,0,0.0
Const30,24,54,A,0,0,0.0
Const30,24,55,B,4,0,0.0
Const30,24,56,B,4,0,0.0
Const30,24,57,B,4,0,0.0
Const30,24,58,B,4,0,0.0
Const30,24,59,B,4,0,0.0
Const30,24,60,B,4,0,0.0
Const30,24,61,A,0,0,0.0
Const30,24,62,A,0,0,0.0
Const30,24,63,A,0,0,0.0
Const30,24,64,A,0,0,0.0
Const30,24,65,A,0,0,0.0
Const30,24,66,A,0,0,0.0
Const30,24,67,B,4,0,0.0
Const30,24,68,B,4,0,0.0
Const30,24,69,B,4,0,0.0
Const30,24,70,B,4,0,0.0
Const30,24,71,B,4,0,0.0
Const30,24,72,B,4,0,0.0
Const30,24,73,A,0,0,0.0
Const30,24,74,A,0,0,0.0
Const30,24,75,A,0,0,0.0
Const30,24,76,A,0,0,0.0
Const30,24,77,A,0,0,0.0
Const30,24,78,A,0,0,0.0
Const30,24,79,B,4,0,0.0
Const30,24,80,B,4,0,0.0
Const30,24,81,B,4,0,0.0
Const30,24,82,B,4,0,0.0
Const30,24,83,B,4,0,0.0
Const30,24,84,B,4,0,0.0
Const30,24,85,A,0,0,0.0
Const30,24,86,A,0,0,0.0
Const30,24,87,A,0,0,0.0
Const30,24,88,A,0,0,0.0
Const30,24,89,A,0,0,0.0
Const30,24,90,A,0,0,0.0
Const30,24,91,B,4,0,0.0
Const30,24,92,B,4,0,0.0
Const30,24,93,B,4,0,0.0
Const30,24,94,B,4,0,0.0
Const30,24,95,B,4,0,0.0
Const30,24,96,B,4,0,0.0
Const39,24,1,A,0,0,0.0
Const39,24,2,A,0,0,0.0
Const39,24,3,A,0,0,0.0
Const39,24,4,A,0,0,0.0
Const39,24,5,A,0,0,0.0
Const39,24,6,A,0,0,0.0
Const39,24,7,B,4,0,0.0
Const39,24,8,B,4,0,0.0
Const39,24,9,B,4,0,0.0
Const39,24,10,B,4,0,0.0
Const39,24,11,B,4,0,0.0
Const39,24,12,B,4,0,0.0
Const39,24,13,A,0,0,0.0
Const39,24,14,A,0,0,0.0
Const39,24,15,A,0,0,0.0
Const39,24,16,A,0,0,0.0
Const39,24,17,A,0,0,0.0
Const39,24,18,A,0,0,0.0
Const39,24,19,B,4,0,0.0
Const39,24,20,B,4,0,0.0
Const39,24,21,B,4,0,0.0
Const39,24,22,B,4,0,0.0
Const39,24,23,B,4,0,0.0
Const39,24,24,B,4,0,0.0
Const39,24,25,A,0,0,0.0
Const39,24,26,A,0,0,0.0
Const39,24,27,A,0,0,0.0
Const39,24,28,A,0,0,0.0
Const39,24,29,A,0,0,0.0
Const39,24,30,A,0,0,0.0
Const39,24,31,B,4,0,0.0
Const39,24,32,B,4,0,0.0
Const39,24,33,B,4,0,0.0
Const39,24,34,B,4,0,0.0
Const39,24,35,B,4,0,0.0
Const39,24,36,B,4,0,0.0
Const39,24,37,A,0,0,0.0
Const39,24,38,A,0,0,0.0
Const39,24,39,A,0,0,0.0
Const39,24,40,A,0,0,0.0
Const39,24,41,A,0,0,0.0
Const39,24,42,A,0,0,0.0
Const39,24,43,B,4,0,0.0
Const39,24,44,B,4,0,0.0
Const39,24,45,B,4,0,0.0
Const39,24,46,B,4,0,0.0
Const39,24,47,B,4,0,0.0
Const39,24,48,B,4,0,0.0
Const39,24,49,A,0,0,0.0
Const39,24,50,A,0,0,0.0
Const39,24,51,A,0,0,0.0
Const39,24,52,A,0,0,0.0
Const39,24,53,A,0,0,0.0
Const39,24,54,A,0,0,0.0
Const39,24,55,B,4,0,0.0
Const39,24,56,B,4,0,0.0
Const39,24,57,B,4,0,0.0
Const39,24,58,B,4,0,0.0
Const39,24,59,B,4,0,0.0
Const39,24,60,B,4,0,0.0
Const39,24,61,A,0,0,0.0
Const39,24,62,A,0,0,0.0
Const39,24,63,A,0,0,0.0
Const39,24,64,A,0,0,0.0
Const39,24,65,A,0,0,0.0
Const39,24,66,A,0,0,0.0
Const39,24,67,B,4,0,0.0
Const39,24,68,B,4,0,0.0
Const39,24,69,B,4,0,0.0
Const39,24,70,B,4,0,0.0
Const39,24,71,B,4,0,0.0
Const39,24,72,B,4,0,0.0
Const39,24,73,A,0,0,0.0
Const39,24,74,A,0,0,0.0
Const39,24,75,A,0,0,0.0
Const39,24,76,A,0,0,0.0
Const39,24,77,A,0,0,0.0
Const39,24,78,A,0,0,0.0
Const39,24,79,B,4,0,0.0
Const39,24,80,B,4,0,0.0
Const39,24,81,B,4,0,0.0
Const39,24,82,B,4,0,0.0
Const39,24,83,B,4,0,0.0
Const39,24,84,B,4,0,0.0
Const39,24,85,A,0,0,0.0
Const39,24,86,A,0,0,0.0
Const39,24,87,A,0,0,0.0
Const39,24,88,A,0,0,0.0
Const39,24,89,A,0,0,0.0
Const39,24,90,A,0,0,0.0
Const39,24,91,B,4,0,0.0
Const39,24,92,B,4,0,0.0
Const39,24,93,B,4,0,0.0
Const39,24,94,B,4,0,0.0
Const39,24,95,B,4,0,0.0
Const39,24,96,B,4,0,0.0
25%,24,1,A,1,1,0.25
25%,24,2,A,0,0,0.0
25%,24,3,A,0,0,0.0
25%,24,4,A,0,0,0.0
25%,24,5,A,0,0,0.0
25%,24,6,A,0,0,0.0
25%,24,7,B,4,0,0.0
25%,24,8,B,4,0,0.0
25%,24,9,B,4,0,0.0
25%,24,10,B,4,0,0.0
25%,24,11,B,3,1,0.25
25%,24,12,B,3,1,0.25
25%,24,13,A,0,0,0.0
25%,24,14,A,0,0,0.0
25%,24,15,A,0,0,0.0
25%,24,16,A,1,1,0.25
25%,24,17,A,0,0,0.0
25%,24,18,A,1,1,0.25
25%,24,19,B,4,0,0.0
25%,24,20,B,4,0,0.0
25%,24,21,B,3,1,0.25
25%,24,22,B,3,1,0.25
25%,24,23,B,4,0,0.0
25%,24,24,B,4,0,0.0
25%,24,25,A,0,0,0.0
25%,24,26,A,0,0,0.0
25%,24,27,A,1,1,0.25
25%,24,28,A,0,0,0.0
25%,24,29,A,0,0,0.0
25%,24,30,A,0,0,0.0
25%,24,31,B,4,0,0.0
25%,24,32,B,4,0,0.0
25%,24,33,B,4,0,0.0
25%,24,34,B,4,0,0.0
25%,24,35,B,4,0,0.0
25%,24,36,B,3,1,0.25
25%,24,37,A,0,0,0.0
25%,24,38,A,0,0,0.0
25%,24,39,A,1,1,0.25
25%,24,40,A,1,1,0.25
25%,24,41,A,0,0,0.0
25%,24,42,A,1,1,0.25
25%,24,43,B,3,1,0.25
25%,24,44,B,3,1,0.25
25%,24,45,B,3,1,0.25
25%,24,46,B,4,0,0.0
25%,24,47,B,4,0,0.0
25%,24,48,B,4,0,0.0
25%,24,49,A,0,0,0.0
25%,24,50,A,0,0,0.0
25%,24,51,A,1,1,0.25
25%,24,52,A,0,0,0.0
25%,24,53,A,0,0,0.0
25%,24,54,A,0,0,0.0
25%,24,55,B,3,1,0.25
25%,24,56,B,4,0,0.0
25%,24,57,B,4,0,0.0
25%,24,58,B,4,0,0.0
25%,24,59,B,4,0,0.0
25%,24,60,B,4,0,0.0
25%,24,61,A,0,0,0.0
25%,24,62,A,0,0,0.0
25%,24,63,A,1,1,0.25
25%,24,64,A,1,1,0.25
25%,24,65,A,0,0,0.0
25%,24,66,A,0,0,0.0
25%,24,67,B,3,1,0.25
25%,24,68,B,4,0,0.0
25%,24,69,B,4,0,0.0
25%,24,70,B,4,0,0.0
25%,24,71,B,3,1,0.25
25%,24,72,B,3,1,0.25
25%,24,73,A,0,0,0.0
25%,24,74,A,0,0,0.0
25%,24,75,A,1,1,0.25
25%,24,76,A,0,0,0.0
25%,24,77,A,0,0,0.0
25%,24,78,A,0,0,0.0
25%,24,79,B,4,0,0.0
25%,24,80,B,4,0,0.0
25%,24,81,B,3,1,0.25
25%,24,82,B,4,0,0.0
25%,24,83,B,4,0,0.0
25%,24,84,B,4,0,0.0
25%,24,85,A,0,0,0.0
25%,24,86,A,1,1,0.25
25%,24,87,A,0,0,0.0
25%,24,88,A,1,1,0.25
25%,24,89,A,0,0,0.0
25%,24,90,A,1,1,0.25
25%,24,91,B,4,0,0.0
25%,24,92,B,4,0,0.0
25%,24,93,B,4,0,0.0
25%,24,94,B,3,1,0.25
25%,24,95,B,3,1,0.25
25%,24,96,B,4,0,0.0
15%,24,1,A,0,0,0.0
15%,24,2,A,0,0,0.0
15%,24,3,A,0,0,0.0
15%,24,4,A,0,0,0.0
15%,24,5,A,0,0,0.0
15%,24,6,A,0,0,0.0
15%,24,7,B,4,0,0.0
15%,24,8,B,4,0,0.0
15%,24,9,B,4,0,0.0
15%,24,10,B,4,0,0.0
15%,24,11,B,4,0,0.0
15%,24,12,B,4,0,0.0
15%,24,13,A,0,0,0.0
15%,24,14,A,0,0,0.0
15%,24,15,A,0,0,0.0
15%,24,16,A,0,0,0.0
15%,24,17,A,0,0,0.0
15%,24,18,A,0,0,0.0
15%,24,19,B,4,0,0.0
15%,24,20,B,4,0,0.0
15%,24,21,B,4,0,0.0
15%,24,22,B,4,0,0.0
15%,24,23,B,4,0,0.0
15%,24,24,B,4,0,0.0
15%,24,25,A,0,0,0.0
15%,24,26,A,0,0,0.0
15%,24,27,A,0,0,0.0
15%,24,28,A,0,0,0.0
15%,24,29,A,1,1,0.25
15%,24,30,A,0,0,0.0
15%,24,31,B,4,0,0.0
15%,24,32,B,4,0,0.0
15%,24,33,B,4,0,0.0
15%,24,34,B,4,0,0.0
15%,24,35,B,4,0,0.0
15%,24,36,B,4,0,0.0
15%,24,37,A,0,0,0.0
15%,24,38,A,0,0,0.0
15%,24,39,A,0,0,0.0
15%,24,40,A,0,0,0.0
15%,24,41,A,0,0,0.0
15%,24,42,A,0,0,0.0
15%,24,43,B,4,0,0.0
15%,24,44,B,3,1,0.25
15%,24,45,B,4,0,0.0
15%,24,46,B,4,0,0.0
15%,24,47,B,4,0,0.0
15%,24,48,B,4,0,0.0
15%,24,49,A,0,0,0.0
15%,24,50,A,0,0,0.0
15%,24,51,A,0,0,0.0
15%,24,52,A,0,0,0.0
15%,24,53,A,0,0,0.0
15%,24,54,A,0,0,0.0
15%,24,55,B,4,0,0.0
15%,24,56,B,4,0,0.0
15%,24,57,B,4,0,0.0
15%,24,58,B,4,0,0.0
15%,24,59,B,4,0,0.0
15%,24,60,B,4,0,0.0
15%,24,61,A,0,0,0.0
15%,24,62,A,0,0,0.0
15%,24,63,A,0,0,0.0
15%,24,64,A,0,0,0.0
15%,24,65,A,0,0,0.0
15%,24,66,A,0,0,0.0
15%,24,67,B,4,0,0.0
15%,24,68,B,4,0,0.0
15%,24,69,B,4,0,0.0
15%,24,70,B,4,0,0.0
15%,24,71,B,4,0,0.0
15%,24,72,B,4,0,0.0
15%,24,73,A,0,0,0.0
15%,24,74,A,0,0,0.0
15%,24,75,A,0,0,0.0
15%,24,76,A,0,0,0.0
15%,24,77,A,0,0,0.0
15%,24,78,A,0,0,0.0
15%,24,79,B,4,0,0.0
15%,24,80,B,4,0,0.0
15%,24,81,B,4,0,0.0
15%,24,82,B,4,0,0.0
15%,24,83,B,4,0,0.0
15%,24,84,B,4,0,0.0
15%,24,85,A,0,0,0.0
15%,24,86,A,0,0,0.0
15%,24,87,A,0,0,0.0
15%,24,88,A,0,0,0.0
15%,24,89,A,0,0,0.0
15%,24,90,A,0,0,0.0
15%,24,91,B,4,0,0.0
15%,24,92,B,4,0,0.0
15%,24,93,B,3,1,0.25
15%,24,94,B,4,0,0.0
15%,24,95,B,4,0,0.0
15%,24,96,B,4,0,0.0
35%,24,1,A,0,0,0.0
35%,24,2,A,0,0,0.0
35%,24,3,A,0,0,0.0
35%,24,4,A,0,0,0.0
35%,24,5,A,0,0,0.0
35%,24,6,A,0,0,0.0
35%,24,7,B,4,0,0.0
35%,24,8,B,4,0,0.0
35%,24,9,B,4,0,0.0
35%,24,10,B,4,0,0.0
35%,24,11,B,4,0,0.0
35%,24,12,B,4,0,0.0
35%,24,13,A,0,0,0.0
35%,24,14,A,0,0,0.0
35%,24,15,A,0,0,0.0
35%,24,16,A,0,0,0.0
35%,24,17,A,0,0,0.0
35%,24,18,A,0,0,0.0
35%,24,19,B,4,0,0.0
35%,24,20,B,4,0,0.0
35%,24,21,B,4,0,0.0
35%,24,22,B,4,0,0.0
35%,24,23,B,4,0,0.0
35%,24,24,B,4,0,0.0
35%,24,25,A,0,0,0.0
35%,24,26,A,0,0,0.0
35%,24,27,A,0,0,0.0
35%,24,28,A,0,0,0.0
35%,24,29,A,0,0,0.0
35%,24,30,A,0,0,0.0
35%,24,31,B,4,0,0.0
35%,24,32,B,4,0,0.0
35%,24,33,B,4,0,0.0
35%,24,34,B,4,0,0.0
35%,24,35,B,4,0,0.0
35%,24,36,B,4,0,0.0
35%,24,37,A,0,0,0.0
35%,24,38,A,0,0,0.0
35%,24,39,A,0,0,0.0
35%,24,40,A,0,0,0.0
35%,24,41,A,0,0,0.0
35%,24,42,A,0,0,0.0
35%,24,43,B,4,0,0.0
35%,24,44,B,4,0,0.0
35%,24,45,B,4,0,0.0
35%,24,46,B,4,0,0.0
35%,24,47,B,4,0,0.0
35%,24,48,B,4,0,0.0
35%,24,49,A,0,0,0.0
35%,24,50,A,0,0,0.0
35%,24,51,A,0,0,0.0
35%,24,52,A,0,0,0.0
35%,24,53,A,0,0,0.0
35%,24,54,A,0,0,0.0
35%,24,55,B,4,0,0.0
35%,24,56,B,4,0,0.0
35%,24,57,B,4,0,0.0
35%,24,58,B,4,0,0.0
35%,24,59,B,4,0,0.0
35%,24,60,B,4,0,0.0
35%,24,61,A,0,0,0.0
35%,24,62,A,0,0,0.0
35%,24,63,A,0,0,0.0
35%,24,64,A,0,0,0.0
35%,24,65,A,0,0,0.0
35%,24,66,A,0,0,0.0
35%,24,67,B,4,0,0.0
35%,24,68,B,4,0,0.0
35%,24,69,B,4,0,0.0
35%,24,70,B,4,0,0.0
35%,24,71,B,4,0,0.0
35%,24,72,B,4,0,0.0
35%,24,73,A,0,0,0.0
35%,24,74,A,0,0,0.0
35%,24,75,A,0,0,0.0
35%,24,76,A,0,0,0.0
35%,24,77,A,0,0,0.0
35%,24,78,A,0,0,0.0
35%,24,79,B,4,0,0.0
35%,24,80,B,4,0,0.0
35%,24,81,B,4,0,0.0
35%,24,82,B,4,0,0.0
35%,24,83,B,4,0,0.0
35%,24,84,B,4,0,0.0
35%,24,85,A,0,0,0.0
35%,24,86,A,0,0,0.0
35%,24,87,A,0,0,0.0
35%,24,88,A,0,0,0.0
35%,24,89,A,0,0,0.0
35%,24,90,A,0,0,0.0
35%,24,91,B,4,0,0.0
35%,24,92,B,4,0,0.0
35%,24,93,B,4,0,0.0
35%,24,94,B,4,0,0.0
35%,24,95,B,4,0,0.0
35%,24,96,B,4,0,0.0
