mis-segregation rate,environmental switching rate,geometric mean fitness,temporal variance,Shannon entropy,extinction probability
1e-07,0.0,1.9986140866147466,0.00022005961196315904,0.0013039530913468295,0.0
1e-07,0.001,1.9709469920905376,0.015647476972003204,0.003602719640258024,0.0
1e-07,0.0013503140378698735,1.9540611612358918,0.02497152399383229,0.0050343292613266154,0.0
1e-07,0.0018233480008684403,1.9384330385755915,0.03354593642233607,0.006423489172803421,0.0
1e-07,0.0024620924014946257,1.9303303654047257,0.037862124298421646,0.007175797368130973,0.0
1e-07,0.0033245979322709418,1.9098169956382185,0.04919440012097533,0.00859423588414353,0.0
1e-07,0.004489251258218608,1.8686431923004687,0.07100109121777706,0.012730480385569043,0.0
1e-07,0.006061898993497572,1.8343494744806024,0.08925607769331237,0.015147679676945143,0.0
1e-07,0.008185467307069028,1.802316175254932,0.10502972413959669,0.018934840695909345,0.0
1e-07,0.011052951411260215,1.7552608836420267,0.12902737411533952,0.023311302049240302,0.0
1e-07,0.014924955450518291,1.6870965572979666,0.16154602977973515,0.0300877638004837,0.0
1e-07,0.02015337685941733,1.6288368802035635,0.18754866734563677,0.03618104298660765,0.0
1e-07,0.027213387683753074,1.540172116138976,0.22573611247662945,0.04372175280761345,0.0
1e-07,0.03674661940736688,1.5056137272087802,0.2384946938514139,0.04823732096295194,0.0
1e-07,0.04961947603002903,1.4156456199541254,0.268953669092462,0.059108537207073986,0.0
1e-07,0.06700187503509587,1.357612497623604,0.2863573288871432,0.06423229976341592,0.0
1e-07,0.09047357242349298,1.309103393589904,0.2970532928117271,0.07263038564851869,0.0
1e-07,0.12216773489967918,1.2528639331242393,0.3067623043684844,0.08197078496189543,0.0
1e-07,0.16496480740980207,1.2032313588102366,0.313755741678688,0.08772117916750752,0.0
1e-07,0.22275429519995563,1.1777365715993473,0.3131431931019391,0.09666477814979867,0.0
1e-07,0.3007882518043099,1.154300359824495,0.3110758541818922,0.10586437339973832,0.0
1e-07,0.40615859883769795,1.1388865826343326,0.3140774502246817,0.10362731344878919,0.0
1e-07,0.5484416576121015,1.1206724312723841,0.30902166554316934,0.11699643912717166,0.0
1e-07,0.7405684692262434,1.1058919925597643,0.29816036433171117,0.1420361537709847,0.0
1e-07,1.0,1.0954450092560453,0.02931182970431259,0.6169211534379885,0.0
1.3257113655901082e-07,0.0,1.9986140537329233,0.000220059595594111,0.0013899625211494173,0.0
1.3257113655901082e-07,0.001,1.9776493851353207,0.011920813959180382,0.0031535464732904317,0.0
1.3257113655901082e-07,0.0013503140378698735,1.951895875583695,0.026082626417892905,0.005351176466840541,0.0
1.3257113655901082e-07,0.0018233480008684403,1.940055440547703,0.032650662783649455,0.006407564246660138,0.0
1.3257113655901082e-07,0.0024620924014946257,1.9176255906622146,0.0446152084736124,0.008467168336073983,0.0
1.3257113655901082e-07,0.0033245979322709418,1.9026726454372835,0.0529329174116558,0.009739633744993295,0.0
1.3257113655901082e-07,0.004489251258218608,1.8812780843613732,0.06422730072468393,0.01168677817440869,0.0
1.3257113655901082e-07,0.006061898993497572,1.839324862570746,0.08638228034633402,0.0153733456215854,0.0
1.3257113655901082e-07,0.008185467307069028,1.8034436225475825,0.1045093040160121,0.018844422259745332,0.0
1.3257113655901082e-07,0.011052951411260215,1.7290281247833303,0.1411873966888093,0.026631724230946983,0.0
1.3257113655901082e-07,0.014924955450518291,1.6784922257654817,0.1659693179907736,0.0301861182544208,0.0
1.3257113655901082e-07,0.02015337685941733,1.6367855090007337,0.18357013232866126,0.035641299303339015,0.0
1.3257113655901082e-07,0.027213387683753074,1.5442342572420575,0.22269561509010155,0.045588169393244525,0.0
1.3257113655901082e-07,0.03674661940736688,1.486617823982942,0.2450262173455212,0.051071758260608904,0.0
1.3257113655901082e-07,0.04961947603002903,1.4460612856420374,0.25841146296479983,0.056824736693854426,0.0
1.3257113655901082e-07,0.06700187503509587,1.3501125884690468,0.2857232539783519,0.07152415639933025,0.0
1.3257113655901082e-07,0.09047357242349298,1.3008384461288913,0.29665128664200474,0.07784366775677007,0.0
1.3257113655901082e-07,0.12216773489967918,1.2506589076365955,0.3071678861260389,0.08188957900522577,0.0
1.3257113655901082e-07,0.16496480740980207,1.2103511559560856,0.31149438070059415,0.08976228909828593,0.0
1.3257113655901082e-07,0.22275429519995563,1.1762723148238368,0.3119949622066351,0.09962523310343792,0.0
1.3257113655901082e-07,0.3007882518043099,1.148001852599956,0.31208891318485626,0.10570540661420845,0.0
1.3257113655901082e-07,0.40615859883769795,1.1373836782120934,0.31186294308861345,0.10839023898159486,0.0
1.3257113655901082e-07,0.5484416576121015,1.118809376988805,0.31213528961654896,0.11024685542445087,0.0
1.3257113655901082e-07,0.7405684692262434,1.1080635200152285,0.3010395291878508,0.13453719920789559,0.0
1.3257113655901082e-07,1.0,1.095445018284297,0.02931006555165252,0.6169975564959099,0.0
1.757510624854793e-07,0.0,1.9986140089791118,0.00022005982355963047,0.00150653329311862,0.0
1.757510624854793e-07,0.001,1.9682869849274611,0.017083267929652875,0.00406101086634696,0.0
1.757510624854793e-07,0.0013503140378698735,1.9678255930118285,0.01736857793524789,0.004102401399345539,0.0
1.757510624854793e-07,0.0018233480008684403,1.9526798536960281,0.025720933030638993,0.005382541510452633,0.0
1.757510624854793e-07,0.0024620924014946257,1.917697834711871,0.044761218512737205,0.008501607902831184,0.0
1.757510624854793e-07,0.0033245979322709418,1.9001906875643284,0.05429924977995182,0.00994707561142997,0.0
1.757510624854793e-07,0.004489251258218608,1.8700746184145585,0.06985288596728736,0.012961563975281871,0.0
1.757510624854793e-07,0.006061898993497572,1.8551304293285729,0.07834450423358809,0.01374984182841411,0.0
1.757510624854793e-07,0.008185467307069028,1.802252796518735,0.10501407059293967,0.01979338304074002,0.0
1.757510624854793e-07,0.011052951411260215,1.7570512109557839,0.12733064820306245,0.023886181272921768,0.0
1.757510624854793e-07,0.014924955450518291,1.67413779322875,0.167414744162936,0.031778619295727735,0.0
1.757510624854793e-07,0.02015337685941733,1.6150534278843065,0.19318677781987917,0.03842577902837681,0.0
1.757510624854793e-07,0.027213387683753074,1.542777050838606,0.22205178236758882,0.048823616459309695,0.0
1.757510624854793e-07,0.03674661940736688,1.49623856184531,0.24007348775946893,0.052554827450092885,0.0
1.757510624854793e-07,0.04961947603002903,1.41625061917097,0.2670226694824082,0.06201119869611955,0.0
1.757510624854793e-07,0.06700187503509587,1.3439236663982776,0.28551089877470326,0.07500123218754949,0.0
1.757510624854793e-07,0.09047357242349298,1.3122137596175065,0.29412462476409934,0.07717634777665582,0.0
1.757510624854793e-07,0.12216773489967918,1.2580243667306552,0.30428211860652965,0.08536531525899504,0.0
1.757510624854793e-07,0.16496480740980207,1.2109896950314085,0.3108840890298466,0.09074639430521798,0.0
1.757510624854793e-07,0.22275429519995563,1.1892892654679552,0.31278979638620513,0.09448399829910037,0.0
1.757510624854793e-07,0.3007882518043099,1.1567966018475502,0.31411279216636895,0.1000086915563685,0.0
1.757510624854793e-07,0.40615859883769795,1.1312065143331753,0.30881210833221073,0.11575591939911527,0.0
1.757510624854793e-07,0.5484416576121015,1.1186412414164508,0.30884716276368035,0.11762973833803776,0.0
1.757510624854793e-07,0.7405684692262434,1.106001588384795,0.29479922376694406,0.14760435202575964,0.0
1.757510624854793e-07,1.0,1.0954450260044026,0.029308953358904807,0.6170946830342054,0.0
2.329951810515372e-07,0.0,1.9986139538924939,0.00022005952130056818,0.0016358264656670459,0.0
2.329951810515372e-07,0.001,1.9633705116840214,0.019787341080745112,0.004658619233902537,0.0
2.329951810515372e-07,0.0013503140378698735,1.9614572624996578,0.02087751185461045,0.004753836412902601,0.0
2.329951810515372e-07,0.0018233480008684403,1.9478991974116389,0.028186018889256037,0.006061829026771092,0.0
2.329951810515372e-07,0.0024620924014946257,1.941673025532839,0.031576003032469276,0.006667944302572539,0.0
2.329951810515372e-07,0.0033245979322709418,1.8901072023941399,0.05939298469260342,0.011324865658822831,0.0
2.329951810515372e-07,0.004489251258218608,1.8771809430590771,0.06634064947097265,0.01240643086454781,0.0
2.329951810515372e-07,0.006061898993497572,1.8466536909134208,0.08244306659348469,0.015209171411886773,0.0
2.329951810515372e-07,0.008185467307069028,1.8165077597445218,0.09797541270177071,0.018044732898397618,0.0
2.329951810515372e-07,0.011052951411260215,1.758158603594219,0.12712282390966484,0.02408261267507141,0.0
2.329951810515372e-07,0.014924955450518291,1.6995421101685895,0.15491418549190553,0.02988341481848701,0.0
2.329951810515372e-07,0.02015337685941733,1.6318210404445135,0.1853949662272395,0.03833957162664258,0.0
2.329951810515372e-07,0.027213387683753074,1.5824162429550916,0.20677482611759015,0.04327175343974503,0.0
2.329951810515372e-07,0.03674661940736688,1.4840722301574476,0.24485975318461237,0.0535377927286582,0.0
2.329951810515372e-07,0.04961947603002903,1.4051528690902162,0.2709399296455413,0.06432193912293319,0.0
2.329951810515372e-07,0.06700187503509587,1.3418309747968125,0.28639919749775855,0.0756326292026407,0.0
2.329951810515372e-07,0.09047357242349298,1.31068414632754,0.2958217877029146,0.07450639238149871,0.0
2.329951810515372e-07,0.12216773489967918,1.252555147789202,0.3056788466419108,0.08469944819027808,0.0
2.329951810515372e-07,0.16496480740980207,1.2169171287960003,0.30931122554954626,0.09219280961653505,0.0
2.329951810515372e-07,0.22275429519995563,1.178960389069122,0.3114870622740275,0.10038678826306549,0.0
2.329951810515372e-07,0.3007882518043099,1.1478697919818188,0.30856165845244365,0.11342778962799688,0.0
2.329951810515372e-07,0.40615859883769795,1.1356920145250586,0.31157701099524526,0.10921160950449549,0.0
2.329951810515372e-07,0.5484416576121015,1.1203384754220156,0.3135247944922621,0.10759110413309557,0.0
2.329951810515372e-07,0.7405684692262434,1.1060983015976666,0.295664602269617,0.14650520436794084,0.0
2.329951810515372e-07,1.0,1.095445031262406,0.029306805170323066,0.617223399005612,0.0
3.0888435964774783e-07,0.0,1.998613878185742,0.00022005947502795495,0.001815266623726025,0.0
3.0888435964774783e-07,0.001,1.9674576591901374,0.01745511578023947,0.004458459300773071,0.0
3.0888435964774783e-07,0.0013503140378698735,1.9619267946239844,0.020645060053076234,0.004831815499877377,0.0
3.0888435964774783e-07,0.0018233480008684403,1.9443842413219856,0.030248207260162214,0.006412986647236937,0.0
3.0888435964774783e-07,0.0024620924014946257,1.917686189111465,0.04472894866706499,0.008875799084285565,0.0
3.0888435964774783e-07,0.0033245979322709418,1.899261965703953,0.05445074411227688,0.010749869208676165,0.0
3.0888435964774783e-07,0.004489251258218608,1.8726299172053773,0.06849104621105177,0.013327385568055442,0.0
3.0888435964774783e-07,0.006061898993497572,1.8467438011261461,0.0821940034601631,0.01568612152863353,0.0
3.0888435964774783e-07,0.008185467307069028,1.808212612834429,0.10158536202144737,0.020121485768799786,0.0
3.0888435964774783e-07,0.011052951411260215,1.752805131075578,0.12959166461874433,0.02492788138078134,0.0
3.0888435964774783e-07,0.014924955450518291,1.710873198607152,0.14929319852555129,0.029644954302028216,0.0
3.0888435964774783e-07,0.02015337685941733,1.643566955007547,0.17961269595373588,0.037551079214417055,0.0
3.0888435964774783e-07,0.027213387683753074,1.5649991320570558,0.21325315058179484,0.04581639286893932,0.0
3.0888435964774783e-07,0.03674661940736688,1.4908438320106252,0.2417920026117902,0.05481105629752887,0.0
3.0888435964774783e-07,0.04961947603002903,1.4244694627973966,0.26369220482482864,0.06370586608011987,0.0
3.0888435964774783e-07,0.06700187503509587,1.3583336578946559,0.2831034236971162,0.07200842351085322,0.0
3.0888435964774783e-07,0.09047357242349298,1.3007673692780792,0.295240004929038,0.08240449083628974,0.0
3.0888435964774783e-07,0.12216773489967918,1.2484583541856855,0.3034238888797494,0.09173003922251337,0.0
3.0888435964774783e-07,0.16496480740980207,1.2096977968497078,0.30673376876633107,0.0997618784089264,0.0
3.0888435964774783e-07,0.22275429519995563,1.1819126304911907,0.3096260281954338,0.10319716927485197,0.0
3.0888435964774783e-07,0.3007882518043099,1.1566714211690252,0.31132059683614416,0.10651971967391942,0.0
3.0888435964774783e-07,0.40615859883769795,1.1386296806121243,0.3110644055998508,0.10998756047009624,0.0
3.0888435964774783e-07,0.5484416576121015,1.1248111425283935,0.31105773351012533,0.11170884398636251,0.0
3.0888435964774783e-07,0.7405684692262434,1.1075995778784729,0.30188253021661027,0.13339631581788344,0.0
3.0888435964774783e-07,1.0,1.0954450473559878,0.029305310372151623,0.617386389438191,0.0
4.0949150623804273e-07,0.0,1.9986137776391508,0.0002200594444490517,0.002046859377393225,0.0
4.0949150623804273e-07,0.001,1.9723465921907153,0.014787416181436152,0.004274166127910605,0.0
4.0949150623804273e-07,0.0013503140378698735,1.9572201185854408,0.023013485886227307,0.00566821400065479,0.0
4.0949150623804273e-07,0.0018233480008684403,1.934870864177071,0.035234734956002996,0.007683503031082546,0.0
4.0949150623804273e-07,0.0024620924014946257,1.936099750205642,0.03455032060361918,0.007562072197908517,0.0
4.0949150623804273e-07,0.0033245979322709418,1.9356304947883038,0.03482287155252977,0.007608549448910627,0.0
4.0949150623804273e-07,0.004489251258218608,1.8820033452059983,0.06346941232656354,0.012722545353920374,0.0
4.0949150623804273e-07,0.006061898993497572,1.8333463254172835,0.08876028962005812,0.0177179616361584,0.0
4.0949150623804273e-07,0.008185467307069028,1.806263038570458,0.10307025408677269,0.019978770905190013,0.0
4.0949150623804273e-07,0.011052951411260215,1.7621550494792382,0.1244571863839842,0.02491757951968779,0.0
4.0949150623804273e-07,0.014924955450518291,1.7080403281223298,0.1506016481234612,0.030772010949590853,0.0
4.0949150623804273e-07,0.02015337685941733,1.6411338524593841,0.18077133376363821,0.03799376862502877,0.0
4.0949150623804273e-07,0.027213387683753074,1.5685981832799087,0.2119243279461806,0.045937853144168934,0.0
4.0949150623804273e-07,0.03674661940736688,1.4955086445999686,0.23884083197701556,0.056578930511483196,0.0
4.0949150623804273e-07,0.04961947603002903,1.4295091670574596,0.2612309456993001,0.0648997085408422,0.0
4.0949150623804273e-07,0.06700187503509587,1.3723901152066371,0.27904239013208465,0.07055369213213489,0.0
4.0949150623804273e-07,0.09047357242349298,1.3171443193200636,0.2922365303606747,0.07930290481004147,0.0
4.0949150623804273e-07,0.12216773489967918,1.2649342698975623,0.30121832448137026,0.08856232102646833,0.0
4.0949150623804273e-07,0.16496480740980207,1.223826030408241,0.30838671201236784,0.09251493294590583,0.0
4.0949150623804273e-07,0.22275429519995563,1.1926838633349537,0.31089559910777687,0.09722831823135876,0.0
4.0949150623804273e-07,0.3007882518043099,1.1620719964379314,0.31095785989225266,0.10590814621951035,0.0
4.0949150623804273e-07,0.40615859883769795,1.137989599191368,0.30741969702898814,0.11774166437196118,0.0
4.0949150623804273e-07,0.5484416576121015,1.1216370668258981,0.3067303621909142,0.12216471494012579,0.0
4.0949150623804273e-07,0.7405684692262434,1.107777110597876,0.2974407425237686,0.14292234768988646,0.0
4.0949150623804273e-07,1.0,1.0954450599519918,0.02930019581249704,0.6176017488011833,0.0
5.428675439323859e-07,0.0,1.9986136445313425,0.00022005932812942317,0.0023435326123312688,0.0
5.428675439323859e-07,0.001,1.9766604964205887,0.012358796126339253,0.004226409577198996,0.0
5.428675439323859e-07,0.0013503140378698735,1.9635138173806648,0.01960562161572788,0.0052924833196564295,0.0
5.428675439323859e-07,0.0018233480008684403,1.9501898691246076,0.026890217718141388,0.006541623330290807,0.0
5.428675439323859e-07,0.0024620924014946257,1.9227780151939402,0.04174803039477976,0.009120417821803261,0.0
5.428675439323859e-07,0.0033245979322709418,1.9132263802714102,0.04683420379557758,0.009916330644775586,0.0
5.428675439323859e-07,0.004489251258218608,1.8822130273540274,0.06340391403387764,0.01289909613662555,0.0
5.428675439323859e-07,0.006061898993497572,1.8454210204371497,0.08261953327566705,0.01661091267179243,0.0
5.428675439323859e-07,0.008185467307069028,1.8093614702984102,0.10050137022067629,0.02067713423404092,0.0
5.428675439323859e-07,0.011052951411260215,1.7719300438101335,0.11935261011633025,0.02402491885232311,0.0
5.428675439323859e-07,0.014924955450518291,1.6940167783796796,0.15681333298762362,0.032772562160651005,0.0
5.428675439323859e-07,0.02015337685941733,1.650793449850757,0.176388490936149,0.037547591317786594,0.0
5.428675439323859e-07,0.027213387683753074,1.5476446039520033,0.21909190308650436,0.05138036115888581,0.0
5.428675439323859e-07,0.03674661940736688,1.5044442916826208,0.23602982095243713,0.055812547593071304,0.0
5.428675439323859e-07,0.04961947603002903,1.4271024627551003,0.261304477426939,0.06743127207197477,0.0
5.428675439323859e-07,0.06700187503509587,1.382429742372876,0.2771776118382313,0.06813349437701345,0.0
5.428675439323859e-07,0.09047357242349298,1.319505860887094,0.2904706307303995,0.08082317851159809,0.0
5.428675439323859e-07,0.12216773489967918,1.271251595435564,0.30100845088393885,0.08637306940385306,0.0
5.428675439323859e-07,0.16496480740980207,1.2228036937875806,0.30683331981541323,0.09495710116194939,0.0
5.428675439323859e-07,0.22275429519995563,1.1931237446102396,0.31091291202703153,0.0974764236899933,0.0
5.428675439323859e-07,0.3007882518043099,1.1562816594960286,0.3067744545904751,0.11631335148903162,0.0
5.428675439323859e-07,0.40615859883769795,1.135392049807546,0.3099685321266114,0.11429416733298776,0.0
5.428675439323859e-07,0.5484416576121015,1.1185212611634976,0.2978953504525888,0.141162795595114,0.0
5.428675439323859e-07,0.7405684692262434,1.1082071306019485,0.2970157357669751,0.14421862861077986,0.0
5.428675439323859e-07,1.0,1.0954450849884725,0.02929699828916766,0.6178766045033393,0.0
7.196856730011514e-07,0.0,1.9986134684411174,0.000220059245936668,0.0027233583807409934,0.0
7.196856730011514e-07,0.001,1.963623834420702,0.019536482332831274,0.00552605819714672,0.0
7.196856730011514e-07,0.0013503140378698735,1.962584926145358,0.020147137999443326,0.005678129019584439,0.0
7.196856730011514e-07,0.0018233480008684403,1.9527524731667802,0.025466090381973887,0.00671729310190058,0.0
7.196856730011514e-07,0.0024620924014946257,1.932553127127288,0.03637306880352238,0.008522066826516876,0.0
7.196856730011514e-07,0.0033245979322709418,1.9029034898610593,0.052404631974472135,0.011151078480244459,0.0
7.196856730011514e-07,0.004489251258218608,1.8854752004280408,0.06150906989326983,0.013174396157168438,0.0
7.196856730011514e-07,0.006061898993497572,1.8415809240128842,0.08433556470833087,0.0175260564155708,0.0
7.196856730011514e-07,0.008185467307069028,1.7982449546967487,0.10592304716439038,0.022325419110811533,0.0
7.196856730011514e-07,0.011052951411260215,1.7847075616440582,0.11278022830608105,0.023804343358660093,0.0
7.196856730011514e-07,0.014924955450518291,1.7176058770824305,0.1460218454675076,0.02999858770715409,0.0
7.196856730011514e-07,0.02015337685941733,1.6503678516570501,0.1765570986445179,0.03827137246774759,0.0
7.196856730011514e-07,0.027213387683753074,1.572169195670679,0.2089807330402645,0.047928112273205294,0.0
7.196856730011514e-07,0.03674661940736688,1.5153886872497906,0.2315894572253686,0.054455149555416756,0.0
7.196856730011514e-07,0.04961947603002903,1.4476275537188528,0.2550646596293267,0.06400380089825479,0.0
7.196856730011514e-07,0.06700187503509587,1.3769316835204637,0.2758379536339343,0.07384304944868722,0.0
7.196856730011514e-07,0.09047357242349298,1.3218622597161915,0.290016324672972,0.0812369178429476,0.0
7.196856730011514e-07,0.12216773489967918,1.272691508418166,0.29836255379940646,0.0906035573676089,0.0
7.196856730011514e-07,0.16496480740980207,1.218249084668625,0.30560582305041134,0.10011086231986588,0.0
7.196856730011514e-07,0.22275429519995563,1.196706229563475,0.3097743951849593,0.09940509183129763,0.0
7.196856730011514e-07,0.3007882518043099,1.1573044522204734,0.30577342133513485,0.11908450413742669,0.0
7.196856730011514e-07,0.40615859883769795,1.1390783400530882,0.3081285450626997,0.11712886299443914,0.0
7.196856730011514e-07,0.5484416576121015,1.1215719453734077,0.3033437166454172,0.13035120938942948,0.0
7.196856730011514e-07,0.7405684692262434,1.108117485130653,0.29229611013670154,0.1536201715178068,0.0
7.196856730011514e-07,1.0,1.0954451168398787,0.029291307148811414,0.6182325788491545,0.0
9.540954763499944e-07,0.0,1.998613234611896,0.0002200590706680008,0.0032102567641904083,0.0
9.540954763499944e-07,0.001,1.9728227058516252,0.014442047521896456,0.0053438479250524475,0.0
9.540954763499944e-07,0.0013503140378698735,1.9668109141229806,0.017742554671571084,0.005750014183123243,0.0
9.540954763499944e-07,0.0018233480008684403,1.9533055369081278,0.025163100530408874,0.006951940413411351,0.0
9.540954763499944e-07,0.0024620924014946257,1.937767423375289,0.0334803486534944,0.008506873245789857,0.0
9.540954763499944e-07,0.0033245979322709418,1.91225107197981,0.04705303169114949,0.011030375013870995,0.0
9.540954763499944e-07,0.004489251258218608,1.906917580049613,0.050099957762825685,0.011368489002481665,0.0
9.540954763499944e-07,0.006061898993497572,1.872735439983873,0.06800514317232195,0.014844986322016678,0.0
9.540954763499944e-07,0.008185467307069028,1.826729095735041,0.09178987174639981,0.01957493778897435,0.0
9.540954763499944e-07,0.011052951411260215,1.7739162377820559,0.11856194773911076,0.024622119391083542,0.0
9.540954763499944e-07,0.014924955450518291,1.721754714413645,0.14399267630265664,0.030306761635187845,0.0
9.540954763499944e-07,0.02015337685941733,1.6641837265825132,0.1700746447463808,0.03724736206038891,0.0
9.540954763499944e-07,0.027213387683753074,1.5764330261505841,0.2076829788111286,0.047936020768419824,0.0
9.540954763499944e-07,0.03674661940736688,1.526548525403116,0.22749018025459342,0.05415774320569422,0.0
9.540954763499944e-07,0.04961947603002903,1.4234441055445186,0.2625147197092929,0.06814550629077708,0.0
9.540954763499944e-07,0.06700187503509587,1.3775652250031254,0.27628047437507003,0.07366218429372026,0.0
9.540954763499944e-07,0.09047357242349298,1.319585508892966,0.2888948054601409,0.08482606062127757,0.0
9.540954763499944e-07,0.12216773489967918,1.2746021083803705,0.29764104209482434,0.0917031091892017,0.0
9.540954763499944e-07,0.16496480740980207,1.2314474607995252,0.30393962287153703,0.09897064522294897,0.0
9.540954763499944e-07,0.22275429519995563,1.1916760543071128,0.309477956295754,0.10231443962431505,0.0
9.540954763499944e-07,0.3007882518043099,1.1592394219527506,0.30974997418490874,0.11032993677539954,0.0
9.540954763499944e-07,0.40615859883769795,1.1399895753800255,0.30249255836720473,0.1291487317052439,0.0
9.540954763499944e-07,0.5484416576121015,1.1212737064789557,0.3003147469226909,0.1368362949068476,0.0
9.540954763499944e-07,0.7405684692262434,1.1067122310175947,0.2941443396621835,0.1526808732038738,0.0
9.540954763499944e-07,1.0,1.095445166266688,0.029283711123291634,0.6186959926948771,0.0
1.2648552168552959e-06,0.0,1.998612926313826,0.00022005904039825144,0.0038331513180725036,0.0
1.2648552168552959e-06,0.001,1.9774603391620582,0.011910408010551694,0.00548138626378178,0.0
1.2648552168552959e-06,0.0013503140378698735,1.9662479782840712,0.018068213573080926,0.0063092294300649086,0.0
1.2648552168552959e-06,0.0018233480008684403,1.9455093960568284,0.029331328851010488,0.008051996685578574,0.0
1.2648552168552959e-06,0.0024620924014946257,1.9327640501391152,0.03608036102400108,0.009432702939368274,0.0
1.2648552168552959e-06,0.0033245979322709418,1.9152190479209756,0.04566011102392858,0.01095424438881248,0.0
1.2648552168552959e-06,0.004489251258218608,1.8894541650234364,0.059351043644800865,0.013280047238660653,0.0
1.2648552168552959e-06,0.006061898993497572,1.8608875792019475,0.0743595417507001,0.016176957370434366,0.0
1.2648552168552959e-06,0.008185467307069028,1.8123923492589644,0.09900900647129868,0.021510714380796065,0.0
1.2648552168552959e-06,0.011052951411260215,1.7682575427749192,0.12120112420800797,0.025918428195547558,0.0
1.2648552168552959e-06,0.014924955450518291,1.7235989690329208,0.1427782611031515,0.03108199456584401,0.0
1.2648552168552959e-06,0.02015337685941733,1.6491747192689485,0.1763017340765976,0.040536267479657266,0.0
1.2648552168552959e-06,0.027213387683753074,1.5848072098172359,0.20372039412935533,0.04768207758449504,0.0
1.2648552168552959e-06,0.03674661940736688,1.5212586485612742,0.228849043131558,0.056236439500118945,0.0
1.2648552168552959e-06,0.04961947603002903,1.439253041316819,0.255951610400977,0.06898775847925928,0.0
1.2648552168552959e-06,0.06700187503509587,1.377366652296415,0.27536152093468846,0.0760629154487662,0.0
1.2648552168552959e-06,0.09047357242349298,1.3267050429021112,0.2862309429846223,0.08589899172226059,0.0
1.2648552168552959e-06,0.12216773489967918,1.2625422095380539,0.2978859835227502,0.0971888097523816,0.0
1.2648552168552959e-06,0.16496480740980207,1.2255744206682655,0.3019729503742002,0.10510372147173747,0.0
1.2648552168552959e-06,0.22275429519995563,1.1880637546302941,0.30300562450851226,0.11668921280014018,0.0
1.2648552168552959e-06,0.3007882518043099,1.1573069527683202,0.30417902583079476,0.12271062819139043,0.0
1.2648552168552959e-06,0.40615859883769795,1.1455492074007512,0.3080970028934957,0.1172343735110893,0.0
1.2648552168552959e-06,0.5484416576121015,1.1208670619577419,0.3021309179540491,0.13391873295917453,0.0
1.2648552168552959e-06,0.7405684692262434,1.1098092728635514,0.29372368189971715,0.1526539377676099,0.0
1.2648552168552959e-06,1.0,1.0954452389549527,0.029269700476652512,0.6192901358728296,0.0
1.67683293681101e-06,0.0,1.9986125155226337,0.00022005860004485064,0.004625666835028367,0.0
1.67683293681101e-06,0.001,1.968780466075185,0.01658974725129974,0.00671241451118629,0.0
1.67683293681101e-06,0.0013503140378698735,1.9635998530530971,0.019404282795424225,0.0072159974973963655,0.0
1.67683293681101e-06,0.0018233480008684403,1.9529923827462097,0.025205959168073624,0.008084652757018486,0.0
1.67683293681101e-06,0.0024620924014946257,1.9424041639854572,0.030952657977694562,0.009106479554926454,0.0
1.67683293681101e-06,0.0033245979322709418,1.9139689573775547,0.046275766229608696,0.011268673968612938,0.0
1.67683293681101e-06,0.004489251258218608,1.8970427604030997,0.05536486242252354,0.012998788356211882,0.0
1.67683293681101e-06,0.006061898993497572,1.864862548658876,0.0721771962817006,0.016410305265819446,0.0
1.67683293681101e-06,0.008185467307069028,1.823994149390566,0.09282358879012784,0.02097643637406217,0.0
1.67683293681101e-06,0.011052951411260215,1.7585942882135428,0.12545863771095153,0.028202570073163007,0.0
1.67683293681101e-06,0.014924955450518291,1.7144877323518573,0.1464437780660567,0.03329923959041109,0.0
1.67683293681101e-06,0.02015337685941733,1.6709260872496294,0.16632656997099624,0.03819878733003588,0.0
1.67683293681101e-06,0.027213387683753074,1.5819469707712621,0.20390827117308577,0.049806655016600206,0.0
1.67683293681101e-06,0.03674661940736688,1.5319959936552583,0.22475036796445017,0.05471353536427524,0.0
1.67683293681101e-06,0.04961947603002903,1.4551560074954617,0.25137270344368506,0.06641702490802937,0.0
1.67683293681101e-06,0.06700187503509587,1.3925978443694598,0.27054128435810376,0.07521352416745068,0.0
1.67683293681101e-06,0.09047357242349298,1.3258927745493552,0.28687298889585794,0.08587155330988988,0.0
1.67683293681101e-06,0.12216773489967918,1.2787103961579624,0.2949832893480495,0.09540028712150742,0.0
1.67683293681101e-06,0.16496480740980207,1.2344233817409342,0.3027077428349495,0.10058418826072728,0.0
1.67683293681101e-06,0.22275429519995563,1.190270143748567,0.30331780341207615,0.11576042230172971,0.0
1.67683293681101e-06,0.3007882518043099,1.1653060511663063,0.30255247223011594,0.12458570858598134,0.0
1.67683293681101e-06,0.40615859883769795,1.1413038287439055,0.301920335398506,0.1313556146350432,0.0
1.67683293681101e-06,0.5484416576121015,1.1230103143363104,0.2992767728530906,0.1389834021711605,0.0
1.67683293681101e-06,0.7405684692262434,1.1087981979197974,0.29438207879203343,0.15208745748765057,0.0
1.67683293681101e-06,1.0,1.0954453016848567,0.029259395103313244,0.6200531705527328,0.0
2.2229964825261954e-06,0.0,1.9986119731764698,0.00022005826364920254,0.005645016366611922,0.0
2.2229964825261954e-06,0.001,1.9786058012940015,0.011168859845959682,0.007160019993881961,0.0
2.2229964825261954e-06,0.0013503140378698735,1.9611186769619589,0.02074473618691022,0.008097629812501773,0.0
2.2229964825261954e-06,0.0018233480008684403,1.9628273583461986,0.019778909370876688,0.008323363368487192,0.0
2.2229964825261954e-06,0.0024620924014946257,1.9242491249239781,0.040716849140649845,0.011246738113284605,0.0
2.2229964825261954e-06,0.0033245979322709418,1.9046614526773789,0.0510002675425296,0.013382507201071404,0.0
2.2229964825261954e-06,0.004489251258218608,1.9002774383329808,0.05336682645228208,0.013695974634493848,0.0
2.2229964825261954e-06,0.006061898993497572,1.866162219113942,0.07107180727930117,0.017388251698473876,0.0
2.2229964825261954e-06,0.008185467307069028,1.8270690477571094,0.09133818074730284,0.021309341523708624,0.0
2.2229964825261954e-06,0.011052951411260215,1.767540745019674,0.12069579544510672,0.0279521964684628,0.0
2.2229964825261954e-06,0.014924955450518291,1.71838746572569,0.14427345654552146,0.0337319560413994,0.0
2.2229964825261954e-06,0.02015337685941733,1.6712809052055095,0.16561994618296633,0.04010850320382567,0.0
2.2229964825261954e-06,0.027213387683753074,1.5953933757531118,0.1973016135919914,0.050841534717557584,0.0
2.2229964825261954e-06,0.03674661940736688,1.5192151115235792,0.22803328023370067,0.05935542089619829,0.0
2.2229964825261954e-06,0.04961947603002903,1.456101768101299,0.24963598514616783,0.06920986933358296,0.0
2.2229964825261954e-06,0.06700187503509587,1.4018416486096812,0.2677091941451707,0.07456495322756873,0.0
2.2229964825261954e-06,0.09047357242349298,1.3318456133907697,0.2847574659040359,0.08722567273130834,0.0
2.2229964825261954e-06,0.12216773489967918,1.2779665908265614,0.2953118907497504,0.09610805964607995,0.0
2.2229964825261954e-06,0.16496480740980207,1.2306441048472698,0.30106440648674376,0.10624437991319158,0.0
2.2229964825261954e-06,0.22275429519995563,1.2050664520920373,0.3010823417853047,0.11528422954736932,0.0
2.2229964825261954e-06,0.3007882518043099,1.1668070080429385,0.30710957860268345,0.11555926830195119,0.0
2.2229964825261954e-06,0.40615859883769795,1.1469181679474059,0.3068400153035414,0.12062684702064398,0.0
2.2229964825261954e-06,0.5484416576121015,1.1213394175316969,0.292916046389067,0.15383366122889186,0.0
2.2229964825261954e-06,0.7405684692262434,1.1097621043521946,0.2963567214933842,0.14727693308876194,0.0
2.2229964825261954e-06,1.0,1.0954454147038217,0.029238882561112383,0.6210400099880974,0.0
2.94705170255181e-06,0.0,1.9986112470677282,0.00022005868551239134,0.006955989597591955,0.0
2.94705170255181e-06,0.001,1.9683233197158887,0.01679369513617192,0.00855600197764404,0.0
2.94705170255181e-06,0.0013503140378698735,1.9699191854838418,0.01592781463408399,0.008478130544780412,0.0
2.94705170255181e-06,0.0018233480008684403,1.9560776453350792,0.023510634947648882,0.009624037015005686,0.0
2.94705170255181e-06,0.0024620924014946257,1.9371732904858368,0.03364214272854958,0.011145235967659784,0.0
2.94705170255181e-06,0.0033245979322709418,1.9104827864116036,0.04781244153567601,0.013381922398110032,0.0
2.94705170255181e-06,0.004489251258218608,1.8982991746589195,0.05434654505753733,0.014484981859554808,0.0
2.94705170255181e-06,0.006061898993497572,1.875287514762966,0.06614385265504136,0.017033113792237157,0.0
2.94705170255181e-06,0.008185467307069028,1.8448594615500056,0.0817648344765907,0.02026961980635852,0.0
2.94705170255181e-06,0.011052951411260215,1.7667802326132052,0.1213392838215895,0.02842304164716455,0.0
2.94705170255181e-06,0.014924955450518291,1.7188944564674595,0.143107222261015,0.03513657361897379,0.0
2.94705170255181e-06,0.02015337685941733,1.6720562963485597,0.1648911641034367,0.04024580128886669,0.0
2.94705170255181e-06,0.027213387683753074,1.580583540188357,0.2045351030822448,0.051767659100969574,0.0
2.94705170255181e-06,0.03674661940736688,1.5113767043337758,0.2297906822170183,0.06363527642658608,0.0
2.94705170255181e-06,0.04961947603002903,1.4491245583779688,0.25104345141934253,0.07222325310444767,0.0
2.94705170255181e-06,0.06700187503509587,1.3805224966136829,0.2726071770195463,0.08018282258718433,0.0
2.94705170255181e-06,0.09047357242349298,1.3274142462981637,0.2831706191249402,0.09315020040998173,0.0
2.94705170255181e-06,0.12216773489967918,1.2752090318588258,0.2940261119988349,0.10011697906943388,0.0
2.94705170255181e-06,0.16496480740980207,1.2317644798195735,0.299153876493751,0.109447835415759,0.0
2.94705170255181e-06,0.22275429519995563,1.2046505469374558,0.301905806423814,0.1147070133233628,0.0
2.94705170255181e-06,0.3007882518043099,1.1708821378194985,0.30215142245385795,0.12474549739596316,0.0
2.94705170255181e-06,0.40615859883769795,1.1438073180939954,0.3059604777268193,0.12381917441127337,0.0
2.94705170255181e-06,0.5484416576121015,1.1218178000199202,0.29212662439604825,0.15624288944413978,0.0
2.94705170255181e-06,0.7405684692262434,1.10844003679071,0.29358227366036554,0.1560750710795382,0.0
2.94705170255181e-06,1.0,1.095445550538498,0.029218743008102607,0.6223031592909781,0.0
3.906939937054621e-06,0.0,1.9986102900725464,0.00022005777598988719,0.008611211887290863,0.0
3.906939937054621e-06,0.001,1.971757724964004,0.014847607069661121,0.00978289238396914,0.0
3.906939937054621e-06,0.0013503140378698735,1.9672962495220032,0.017413837462174907,0.0096555390508203,0.0
3.906939937054621e-06,0.0018233480008684403,1.9560613469061772,0.023343203239789438,0.01096763594059489,0.0
3.906939937054621e-06,0.0024620924014946257,1.9340641615248573,0.035268079295173026,0.012463173892700189,0.0
3.906939937054621e-06,0.0033245979322709418,1.923466969641047,0.040806980252865506,0.013495257984651345,0.0
3.906939937054621e-06,0.004489251258218608,1.8994921731567664,0.053697070844686216,0.015148451643676251,0.0
3.906939937054621e-06,0.006061898993497572,1.853793614197458,0.07723161944041969,0.02013838598994159,0.0
3.906939937054621e-06,0.008185467307069028,1.8332829958768357,0.08787952808777076,0.02219385415169826,0.0
3.906939937054621e-06,0.011052951411260215,1.7851752856732235,0.11160992388023022,0.027557187858152112,0.0
3.906939937054621e-06,0.014924955450518291,1.7381907645894639,0.13423385695831216,0.03332431557274466,0.0
3.906939937054621e-06,0.02015337685941733,1.6943756262438177,0.1549140729360242,0.038717645703073886,0.0
3.906939937054621e-06,0.027213387683753074,1.6232033621680675,0.18593221955622366,0.04785181638543555,0.0
3.906939937054621e-06,0.03674661940736688,1.542464219275462,0.21882691192600934,0.05822863852594901,0.0
3.906939937054621e-06,0.04961947603002903,1.4751246055863727,0.243130312380792,0.06726964162859879,0.0
3.906939937054621e-06,0.06700187503509587,1.3845113804294122,0.26778946846752844,0.08723254498352612,0.0
3.906939937054621e-06,0.09047357242349298,1.3271398570567543,0.28244131060032374,0.0958203264775591,0.0
3.906939937054621e-06,0.12216773489967918,1.2835254260853035,0.2920382118249635,0.10042765653192723,0.0
3.906939937054621e-06,0.16496480740980207,1.2320951147779282,0.2971731708377351,0.11444379362188194,0.0
3.906939937054621e-06,0.22275429519995563,1.1966292575249065,0.2993331616130235,0.12350550839577573,0.0
3.906939937054621e-06,0.3007882518043099,1.1616908997488915,0.29947742692585405,0.1336832356269342,0.0
3.906939937054621e-06,0.40615859883769795,1.1441641221270087,0.29920451663392555,0.1381927869495148,0.0
3.906939937054621e-06,0.5484416576121015,1.1229590603779915,0.2977476289831518,0.14571932461876907,0.0
3.906939937054621e-06,0.7405684692262434,1.1098828475852165,0.29818162698450285,0.14817359312382106,0.0
3.906939937054621e-06,1.0,1.0954457419379717,0.029182286458316428,0.6239165925619836,0.0
5.179474679231212e-06,0.0,1.9986090266539789,0.00022005714122625515,0.010693557444087353,0.0
5.179474679231212e-06,0.001,1.9761513830394877,0.012508194160712234,0.010801223899827104,0.0
5.179474679231212e-06,0.0013503140378698735,1.9660375998093151,0.018030786279201905,0.011504603884617836,0.0
5.179474679231212e-06,0.0018233480008684403,1.9505182902970357,0.02633145725678854,0.01232996485682652,0.0
5.179474679231212e-06,0.0024620924014946257,1.945246551611388,0.029077504128472,0.01308336958282554,0.0
5.179474679231212e-06,0.0033245979322709418,1.921659292889858,0.04165798386080245,0.01457021228881766,0.0
5.179474679231212e-06,0.004489251258218608,1.905857314208966,0.05019802120182902,0.015919532527852744,0.0
5.179474679231212e-06,0.006061898993497572,1.8723592174169024,0.06765913505663441,0.018986296041884083,0.0
5.179474679231212e-06,0.008185467307069028,1.844441033754206,0.08199459140697005,0.022022505781910732,0.0
5.179474679231212e-06,0.011052951411260215,1.782521686591917,0.11282813971532153,0.02953943474146204,0.0
5.179474679231212e-06,0.014924955450518291,1.7188744581478752,0.14314809260033223,0.03708754738309939,0.0
5.179474679231212e-06,0.02015337685941733,1.6915819632189115,0.15512909110181378,0.0410980048691134,0.0
5.179474679231212e-06,0.027213387683753074,1.619837904846613,0.1869665745579068,0.04990586595365597,0.0
5.179474679231212e-06,0.03674661940736688,1.5525372768420056,0.21374657158728733,0.059733892021438965,0.0
5.179474679231212e-06,0.04961947603002903,1.4646849141565221,0.24539152398615968,0.07239949061439571,0.0
5.179474679231212e-06,0.06700187503509587,1.4099126331204077,0.2624761722541887,0.08074199656503676,0.0
5.179474679231212e-06,0.09047357242349298,1.3375316714434,0.2809194824466113,0.09270746004004139,0.0
5.179474679231212e-06,0.12216773489967918,1.2833650613645806,0.2898208446143718,0.10544769620230743,0.0
5.179474679231212e-06,0.16496480740980207,1.2464362324829525,0.2958017268111732,0.11217163739151131,0.0
5.179474679231212e-06,0.22275429519995563,1.1883392348787012,0.2990314576334552,0.12842150782064415,0.0
5.179474679231212e-06,0.3007882518043099,1.1654813351633326,0.29784192038152263,0.13710992989379392,0.0
5.179474679231212e-06,0.40615859883769795,1.14807019250972,0.3027027577902496,0.13159350288907523,0.0
5.179474679231212e-06,0.5484416576121015,1.1260773716951673,0.2983213481207652,0.14608828464270138,0.0
5.179474679231212e-06,0.7405684692262434,1.1106860340170603,0.28906362788560647,0.16767589296458502,0.0
5.179474679231212e-06,1.0,1.095445994833886,0.029139759200525375,0.6259680270234597,0.0
6.866488450042998e-06,0.0,1.9986073345822082,0.00022005689940095488,0.013398934303727409,0.0
6.866488450042998e-06,0.001,1.9673422463704615,0.0172264505212812,0.013366098577106128,0.0
6.866488450042998e-06,0.0013503140378698735,1.9733867241998653,0.013970190137178533,0.013209238021317607,0.0
6.866488450042998e-06,0.0018233480008684403,1.9589578165096735,0.02175823060215888,0.013884656259443023,0.0
6.866488450042998e-06,0.0024620924014946257,1.9393622014657395,0.03205505603354984,0.015470420732596737,0.0
6.866488450042998e-06,0.0033245979322709418,1.9287488880439208,0.03786454478394042,0.01597326546890576,0.0
6.866488450042998e-06,0.004489251258218608,1.914579950117193,0.045551006155149114,0.016157378908384847,0.0
6.866488450042998e-06,0.006061898993497572,1.8641265704901584,0.07164272036036756,0.021184494844956065,0.0
6.866488450042998e-06,0.008185467307069028,1.822826477043368,0.09257454440685373,0.025715587307548478,0.0
6.866488450042998e-06,0.011052951411260215,1.7828191933960207,0.11245207682056414,0.03014498425031513,0.0
6.866488450042998e-06,0.014924955450518291,1.747797324641965,0.12944500822991065,0.03398240644917426,0.0
6.866488450042998e-06,0.02015337685941733,1.662512260916727,0.16808610315768654,0.04598222418887912,0.0
6.866488450042998e-06,0.027213387683753074,1.6163062020850087,0.18738939257455633,0.05278638075440111,0.0
6.866488450042998e-06,0.03674661940736688,1.549798682552443,0.21449054143469704,0.06096523934352413,0.0
6.866488450042998e-06,0.04961947603002903,1.4709093432923341,0.2417744699482847,0.07501658745076153,0.0
6.866488450042998e-06,0.06700187503509587,1.4180952709232557,0.260241994215131,0.08017520468136695,0.0
6.866488450042998e-06,0.09047357242349298,1.3440603699586489,0.27806751032434535,0.09484919231266109,0.0
6.866488450042998e-06,0.12216773489967918,1.277315987609616,0.2902688726402486,0.10894588186496924,0.0
6.866488450042998e-06,0.16496480740980207,1.244019373422176,0.2954576114671857,0.11443983154489704,0.0
6.866488450042998e-06,0.22275429519995563,1.2034273684089918,0.2982651049691302,0.12573977263253003,0.0
6.866488450042998e-06,0.3007882518043099,1.1713767346117703,0.2962696528912503,0.13953122667033438,0.0
6.866488450042998e-06,0.40615859883769795,1.1507119127262049,0.2988835429431831,0.14026667090780737,0.0
6.866488450042998e-06,0.5484416576121015,1.1265409874999028,0.30021427056301453,0.14364531233000394,0.0
6.866488450042998e-06,0.7405684692262434,1.1100851783149959,0.28784113127030003,0.17281308015966226,0.0
6.866488450042998e-06,1.0,1.0954463557023864,0.02907795175032781,0.6286183232811067,0.0
9.102981779915228e-06,0.0,1.998605104840633,0.00022005628683543927,0.016774879485625425,0.0
9.102981779915228e-06,0.001,1.9754811068119138,0.012814378414628807,0.015429263125485827,0.0
9.102981779915228e-06,0.0013503140378698735,1.969923399382715,0.015818414718339904,0.015101702042754989,0.0
9.102981779915228e-06,0.0018233480008684403,1.9524259216034041,0.025223333305430175,0.0158486703548893,0.0
9.102981779915228e-06,0.0024620924014946257,1.9376340590880452,0.03313284450246108,0.01684593517323758,0.0
9.102981779915228e-06,0.0033245979322709418,1.9313861949053859,0.03631172192250695,0.017530949509505175,0.0
9.102981779915228e-06,0.004489251258218608,1.9021209743703993,0.0517998446784651,0.018839158175274935,0.0
9.102981779915228e-06,0.006061898993497572,1.8877514951315326,0.059103742501319924,0.020953135794568832,0.0
9.102981779915228e-06,0.008185467307069028,1.8388774256963119,0.08430307369633483,0.025607874787830165,0.0
9.102981779915228e-06,0.011052951411260215,1.804422348566233,0.10170222888968841,0.028574115460174274,0.0
9.102981779915228e-06,0.014924955450518291,1.7501739592054575,0.12756521557189662,0.035677538450687815,0.0
9.102981779915228e-06,0.02015337685941733,1.7025416604279313,0.14960592597020886,0.042285236790132325,0.0
9.102981779915228e-06,0.027213387683753074,1.6029851604988368,0.19289969777036728,0.05544371830907301,0.0
9.102981779915228e-06,0.03674661940736688,1.5432242704329797,0.21607283578522335,0.06496847311749827,0.0
9.102981779915228e-06,0.04961947603002903,1.4881483336775152,0.23598539616109085,0.07346764202824624,0.0
9.102981779915228e-06,0.06700187503509587,1.4197829570082052,0.2581427036534254,0.08333020347674765,0.0
9.102981779915228e-06,0.09047357242349298,1.3465560884698415,0.27620588937695345,0.09782975953994978,0.0
9.102981779915228e-06,0.12216773489967918,1.2904934869013174,0.286886663031749,0.11009424291477106,0.0
9.102981779915228e-06,0.16496480740980207,1.2509228311396987,0.2946031701250815,0.11431800381445906,0.0
9.102981779915228e-06,0.22275429519995563,1.2090550581208417,0.29613983720040926,0.12815443664385173,0.0
9.102981779915228e-06,0.3007882518043099,1.169645940661481,0.29538656973602684,0.14377763203780317,0.0
9.102981779915228e-06,0.40615859883769795,1.148916996206053,0.29849479245096056,0.14360579498102785,0.0
9.102981779915228e-06,0.5484416576121015,1.1251803836924017,0.2862168139470891,0.17427982658703717,0.0
9.102981779915228e-06,0.7405684692262434,1.110681736100913,0.27978266910333,0.19148776951607252,0.0
9.102981779915228e-06,1.0,1.0954467866623168,0.029007786981572706,0.6319815563202593,0.0
1.2067926406393289e-05,0.0,1.9986021566121497,0.00022005365984383439,0.020992884665216562,0.0
1.2067926406393289e-05,0.001,1.9800548178992947,0.010291249602733973,0.0190995196189171,0.0
1.2067926406393289e-05,0.0013503140378698735,1.9638626932541703,0.019015933162372847,0.018719934673590833,0.0
1.2067926406393289e-05,0.0018233480008684403,1.9574449588629048,0.02250575895773399,0.018715880660727373,0.0
1.2067926406393289e-05,0.0024620924014946257,1.9436675185327137,0.029808323694892155,0.019359339712384318,0.0
1.2067926406393289e-05,0.0033245979322709418,1.9341698443183502,0.03497994549572973,0.01861358173809174,0.0
1.2067926406393289e-05,0.004489251258218608,1.899038151407998,0.05329801736453157,0.021558160702192995,0.0
1.2067926406393289e-05,0.006061898993497572,1.8837434920290166,0.061024189213274994,0.023297859071862388,0.0
1.2067926406393289e-05,0.008185467307069028,1.833296649727992,0.08680544082391509,0.027728587356894426,0.0
1.2067926406393289e-05,0.011052951411260215,1.8087353250830531,0.09888228130065453,0.030985825077155377,0.0
1.2067926406393289e-05,0.014924955450518291,1.744241949892235,0.12991664777673687,0.038653705285335994,0.0
1.2067926406393289e-05,0.02015337685941733,1.704208045463479,0.14886868143408602,0.04311428098517926,0.0
1.2067926406393289e-05,0.027213387683753074,1.6377834949670549,0.17752007138634557,0.05313433615006687,0.0
1.2067926406393289e-05,0.03674661940736688,1.551622274116518,0.2121590147832428,0.06578623359493745,0.0
1.2067926406393289e-05,0.04961947603002903,1.492566093387551,0.2330997182511905,0.07651018777259526,0.0
1.2067926406393289e-05,0.06700187503509587,1.4045411083053985,0.2608364767474872,0.09053767877927248,0.0
1.2067926406393289e-05,0.09047357242349298,1.3443849073252383,0.2749145056853372,0.10263233200080889,0.0
1.2067926406393289e-05,0.12216773489967918,1.2876481994125997,0.2843672077479774,0.11746716591013631,0.0
1.2067926406393289e-05,0.16496480740980207,1.2398168477540412,0.29145903497485115,0.12648010086212855,0.0
1.2067926406393289e-05,0.22275429519995563,1.2016017117794364,0.294082238525016,0.137011513075359,0.0
1.2067926406393289e-05,0.3007882518043099,1.1723317919283993,0.2960548409603584,0.14334246506763257,0.0
1.2067926406393289e-05,0.40615859883769795,1.14684318997557,0.29178590012655997,0.15951619604108985,0.0
1.2067926406393289e-05,0.5484416576121015,1.1260208817058686,0.29056264140263643,0.1667057675355371,0.0
1.2067926406393289e-05,0.7405684692262434,1.1119285171992908,0.2797370651310312,0.1935778639931482,0.0
1.2067926406393289e-05,1.0,1.095447417552882,0.028909143758362836,0.6362393423476141,0.0
1.5998587196060572e-05,0.0,1.9985982222245695,0.0002200529964235003,0.026381239173482805,0.0
1.5998587196060572e-05,0.001,1.9773797612511754,0.011692052703133215,0.023447682332168446,0.0
1.5998587196060572e-05,0.0013503140378698735,1.9661444637752574,0.017725793641529167,0.022843201110860748,0.0
1.5998587196060572e-05,0.0018233480008684403,1.9622123231318533,0.01990285068429527,0.022016696302080772,0.0
1.5998587196060572e-05,0.0024620924014946257,1.9423331933605958,0.030503961978582204,0.021461467916227495,0.0
1.5998587196060572e-05,0.0033245979322709418,1.9347313772660377,0.0344103739016929,0.022137539073271654,0.0
1.5998587196060572e-05,0.004489251258218608,1.9200067886344565,0.04224875013172636,0.023476029597658314,0.0
1.5998587196060572e-05,0.006061898993497572,1.877336391506706,0.0643765648176005,0.025085917427344156,0.0
1.5998587196060572e-05,0.008185467307069028,1.8612055454789411,0.07260173927808873,0.02738447125024403,0.0
1.5998587196060572e-05,0.011052951411260215,1.8138693145584959,0.09627059580376943,0.032135119168230544,0.0
1.5998587196060572e-05,0.014924955450518291,1.758945377390436,0.12282891759435476,0.03837273325419611,0.0
1.5998587196060572e-05,0.02015337685941733,1.6777611925055202,0.15997893445015154,0.04956342601739201,0.0
1.5998587196060572e-05,0.027213387683753074,1.6252711131799853,0.1823023074817818,0.057198984058736135,0.0
1.5998587196060572e-05,0.03674661940736688,1.5614179703225937,0.20864948383873821,0.0655413572851569,0.0
1.5998587196060572e-05,0.04961947603002903,1.4912267620231,0.23336577296863276,0.07774464828348722,0.0
1.5998587196060572e-05,0.06700187503509587,1.424775378605187,0.2533480611838666,0.09071775451760204,0.0
1.5998587196060572e-05,0.09047357242349298,1.350561369937423,0.2715631046533869,0.10721424235203879,0.0
1.5998587196060572e-05,0.12216773489967918,1.3099078463198786,0.2809935635687089,0.11292680801716587,0.0
1.5998587196060572e-05,0.16496480740980207,1.2661560120498068,0.29020202116342414,0.11816077779446056,0.0
1.5998587196060572e-05,0.22275429519995563,1.2129527329438659,0.2935650510201017,0.13529806643806971,0.0
1.5998587196060572e-05,0.3007882518043099,1.180515917504328,0.295798364123214,0.14278977556575795,0.0
1.5998587196060572e-05,0.40615859883769795,1.1527831300624587,0.2938774891160616,0.15578870360588018,0.0
1.5998587196060572e-05,0.5484416576121015,1.1287344146036322,0.28998027200206516,0.17138563262322043,0.0
1.5998587196060572e-05,0.7405684692262434,1.1113253947620636,0.27894856165574333,0.20032884517780486,0.0
1.5998587196060572e-05,1.0,1.0954482521487214,0.02877099102454409,0.6416151359900986,0.0
2.1209508879201926e-05,0.0,1.9985930204747107,0.0002200512214092773,0.03311695269450271,0.0
2.1209508879201926e-05,0.001,1.975797670278371,0.01249974679745491,0.028530054829444505,0.0
2.1209508879201926e-05,0.0013503140378698735,1.974336426037639,0.013303510502511363,0.02781293070314608,0.0
2.1209508879201926e-05,0.0018233480008684403,1.9599795989469166,0.021032081583432692,0.02671008836924561,0.0
2.1209508879201926e-05,0.0024620924014946257,1.959432705502274,0.02127902697691707,0.02669590702090815,0.0
2.1209508879201926e-05,0.0033245979322709418,1.9362972773623284,0.03353714383165639,0.025888639563258178,0.0
2.1209508879201926e-05,0.004489251258218608,1.9067312493369704,0.048859343338442524,0.028133958799577936,0.0
2.1209508879201926e-05,0.006061898993497572,1.890723207606257,0.05743495301394829,0.027440484477566366,0.0
2.1209508879201926e-05,0.008185467307069028,1.8593570421171504,0.07307366916632073,0.029781222466904938,0.0
2.1209508879201926e-05,0.011052951411260215,1.8099921760878102,0.09796445268480113,0.03485240067678737,0.0
2.1209508879201926e-05,0.014924955450518291,1.7676690047303443,0.11862406621074047,0.03916294114199539,0.0
2.1209508879201926e-05,0.02015337685941733,1.7046729245814431,0.1475699399735915,0.04773148136542117,0.0
2.1209508879201926e-05,0.027213387683753074,1.6405913243707977,0.175153351971974,0.05760600285421216,0.0
2.1209508879201926e-05,0.03674661940736688,1.5626255718427748,0.20607105289945776,0.070179630536106,0.0
2.1209508879201926e-05,0.04961947603002903,1.505171328999058,0.22843673596140335,0.07710620059003649,0.0
2.1209508879201926e-05,0.06700187503509587,1.436555042404838,0.2500349200391584,0.09008000469657147,0.0
2.1209508879201926e-05,0.09047357242349298,1.3723124106711835,0.26587829841764715,0.10523679941703898,0.0
2.1209508879201926e-05,0.12216773489967918,1.3050578435992244,0.28066196829565904,0.11800734277360367,0.0
2.1209508879201926e-05,0.16496480740980207,1.2508626697897849,0.2885101241809667,0.13051041422991105,0.0
2.1209508879201926e-05,0.22275429519995563,1.2106365554079717,0.2915737703494263,0.14199922373463716,0.0
2.1209508879201926e-05,0.3007882518043099,1.1776180836387975,0.29317036381351985,0.15126826298871215,0.0
2.1209508879201926e-05,0.40615859883769795,1.1519271606811228,0.29009278517831005,0.16675972186031462,0.0
2.1209508879201926e-05,0.5484416576121015,1.1269319641349667,0.2817024674188532,0.19208611515077523,0.0
2.1209508879201926e-05,0.7405684692262434,1.1113364250203221,0.27656461232289214,0.20983291882828067,0.0
2.1209508879201926e-05,1.0,1.095449327331853,0.028601874127391316,0.6483594448930555,0.0
2.811768697974231e-05,0.0,1.9985861338529343,0.0002200470830146162,0.04149834928313935,0.0
2.811768697974231e-05,0.001,1.9737653365125698,0.013568201931168422,0.03355531746070943,0.0
2.811768697974231e-05,0.0013503140378698735,1.9719544125275348,0.01459002460383443,0.033521966013749675,0.0
2.811768697974231e-05,0.0018233480008684403,1.964570315869136,0.018526453354358634,0.031131942617219143,0.0
2.811768697974231e-05,0.0024620924014946257,1.949249822576451,0.02661532110901029,0.030761411038175236,0.0
2.811768697974231e-05,0.0033245979322709418,1.9197125604882026,0.042153654690403455,0.029729395504342015,0.0
2.811768697974231e-05,0.004489251258218608,1.9148504819971195,0.0447126512740263,0.028796081734028974,0.0
2.811768697974231e-05,0.006061898993497572,1.8962246214183607,0.054399334453695755,0.03114991325697659,0.0
2.811768697974231e-05,0.008185467307069028,1.870866457058276,0.0673601851137506,0.030996749767385347,0.0
2.811768697974231e-05,0.011052951411260215,1.8132927248205986,0.09602996918092278,0.03708234526225187,0.0
2.811768697974231e-05,0.014924955450518291,1.7664782854589205,0.11862128223984501,0.04246090173166317,0.0
2.811768697974231e-05,0.02015337685941733,1.7059619349629416,0.14604188797479267,0.05060373713892826,0.0
2.811768697974231e-05,0.027213387683753074,1.6417208331630753,0.1748840515935193,0.0585809057697765,0.0
2.811768697974231e-05,0.03674661940736688,1.572725281158552,0.20312446908343523,0.06848233220276051,0.0
2.811768697974231e-05,0.04961947603002903,1.5099399124559945,0.22481174239180407,0.08186523630515893,0.0
2.811768697974231e-05,0.06700187503509587,1.435900327724456,0.24900290731819955,0.09402832740667481,0.0
2.811768697974231e-05,0.09047357242349298,1.369176216043927,0.26676926439444065,0.10683798348366141,0.0
2.811768697974231e-05,0.12216773489967918,1.312038219186334,0.28007539061602194,0.11666724170610698,0.0
2.811768697974231e-05,0.16496480740980207,1.2583277075610966,0.2864840393188569,0.13301449746139002,0.0
2.811768697974231e-05,0.22275429519995563,1.210195243228739,0.28934776995599243,0.14842076545143962,0.0
2.811768697974231e-05,0.3007882518043099,1.1776740119499005,0.2903279352781575,0.16017957504162286,0.0
2.811768697974231e-05,0.40615859883769795,1.1558378969696401,0.2890616540190927,0.1708122020487286,0.0
2.811768697974231e-05,0.5484416576121015,1.1300233278842664,0.28802977355461273,0.18333757996986882,0.0
2.811768697974231e-05,0.7405684692262434,1.1135044782555603,0.28011662560044803,0.2103084378671192,0.0
2.811768697974231e-05,1.0,1.0954507126517037,0.02838143266083681,0.6568342629384196,0.0
3.727593720314938e-05,0.0,1.9985770290867633,0.0002200402961768713,0.051858995433226834,0.0
3.727593720314938e-05,0.001,1.9849938655380241,0.007529347597944099,0.04654772081193439,0.0
3.727593720314938e-05,0.0013503140378698735,1.9730607491882888,0.013930109053557495,0.042150430488569667,0.0
3.727593720314938e-05,0.0018233480008684403,1.9610943767329323,0.020336242431670395,0.03867894645204004,0.0
3.727593720314938e-05,0.0024620924014946257,1.9540078978856243,0.024018857700714588,0.03663623352033824,0.0
3.727593720314938e-05,0.0033245979322709418,1.9332202498859783,0.035003552233991424,0.035143885180858,0.0
3.727593720314938e-05,0.004489251258218608,1.9146648517099611,0.04479529667902423,0.03397642171209047,0.0
3.727593720314938e-05,0.006061898993497572,1.8944303678480277,0.055135163272634485,0.03441560982382956,0.0
3.727593720314938e-05,0.008185467307069028,1.857011725603471,0.07430704660568983,0.036129619206485004,0.0
3.727593720314938e-05,0.011052951411260215,1.8117535280769166,0.09624649277464238,0.04077405402023935,0.0
3.727593720314938e-05,0.014924955450518291,1.7591195961648625,0.1216888898846972,0.046879325939909705,0.0
3.727593720314938e-05,0.02015337685941733,1.6936615169447147,0.1509592598758796,0.055182502383061396,0.0
3.727593720314938e-05,0.027213387683753074,1.6555191266645866,0.16785250220366602,0.06112395653251735,0.0
3.727593720314938e-05,0.03674661940736688,1.5762906828625947,0.200160159625348,0.07310999018135812,0.0
3.727593720314938e-05,0.04961947603002903,1.4970203617286635,0.228136761599197,0.0882777767879264,0.0
3.727593720314938e-05,0.06700187503509587,1.4450704154774185,0.24562544722998075,0.09520310650586301,0.0
3.727593720314938e-05,0.09047357242349298,1.3742496078253086,0.2647193058834201,0.11010517814702933,0.0
3.727593720314938e-05,0.12216773489967918,1.3161686434290012,0.27615918209193124,0.12445778675656022,0.0
3.727593720314938e-05,0.16496480740980207,1.2658070455378183,0.2835114216379793,0.1370090345268425,0.0
3.727593720314938e-05,0.22275429519995563,1.222646065864627,0.2890331622320102,0.14812815289875314,0.0
3.727593720314938e-05,0.3007882518043099,1.17899889403806,0.28588971633237764,0.17148543113738343,0.0
3.727593720314938e-05,0.40615859883769795,1.1468126122739772,0.28720345203675585,0.18265057949745228,0.0
3.727593720314938e-05,0.5484416576121015,1.1292097028558448,0.2805476659470351,0.20089746242828418,0.0
3.727593720314938e-05,0.7405684692262434,1.1109776242270037,0.26981230586585325,0.23519430855009546,0.0
3.727593720314938e-05,1.0,1.0954526333973849,0.028063038160914988,0.6673629720807008,0.0
4.9417133613238384e-05,0.0,1.9985649082445165,0.00022003388022164217,0.06477561987577807,0.0
4.9417133613238384e-05,0.001,1.9786912160169963,0.010853178569931503,0.05323202328757768,0.0
4.9417133613238384e-05,0.0013503140378698735,1.9755197438378889,0.012552363724475537,0.053386855078413314,0.0
4.9417133613238384e-05,0.0018233480008684403,1.9611036456524527,0.02017274157751525,0.04766385733390135,0.0
4.9417133613238384e-05,0.0024620924014946257,1.9549555013248094,0.023473523225342675,0.045162253013240436,0.0
4.9417133613238384e-05,0.0033245979322709418,1.9428877026217881,0.029759319838814424,0.04352089174520427,0.0
4.9417133613238384e-05,0.004489251258218608,1.9157519196254962,0.04389124777107968,0.03991908629936245,0.0
4.9417133613238384e-05,0.006061898993497572,1.8910510267297413,0.05661131324050555,0.04097733184172625,0.0
4.9417133613238384e-05,0.008185467307069028,1.8528891290831424,0.07575949079590086,0.04240952254909954,0.0
4.9417133613238384e-05,0.011052951411260215,1.8109654597382001,0.09605577691279178,0.046308897578989004,0.0
4.9417133613238384e-05,0.014924955450518291,1.7671315273669244,0.1173329081271416,0.049949202112726666,0.0
4.9417133613238384e-05,0.02015337685941733,1.7271257403564093,0.13591930107726957,0.05528466204313113,0.0
4.9417133613238384e-05,0.027213387683753074,1.6721185077148675,0.16007429112723257,0.06240903165818365,0.0
4.9417133613238384e-05,0.03674661940736688,1.58548746211867,0.19483958362239162,0.07646291353987265,0.0
4.9417133613238384e-05,0.04961947603002903,1.5110876298611169,0.22226146099640984,0.09008611743865579,0.0
4.9417133613238384e-05,0.06700187503509587,1.4370258703566925,0.24504882803856762,0.10570229722767482,0.0
4.9417133613238384e-05,0.09047357242349298,1.3813923215412889,0.26105647293493184,0.1135086036142267,0.0
4.9417133613238384e-05,0.12216773489967918,1.3186002569131967,0.2740478608515542,0.12946755907022856,0.0
4.9417133613238384e-05,0.16496480740980207,1.2654035888312765,0.28091512220315534,0.14714261914133026,0.0
4.9417133613238384e-05,0.22275429519995563,1.2163676344584011,0.28329667001181996,0.16399248817681028,0.0
4.9417133613238384e-05,0.3007882518043099,1.1773378148696945,0.28607285345107253,0.17578314063917494,0.0
4.9417133613238384e-05,0.40615859883769795,1.1554035120235633,0.28512924828642316,0.1864751538766162,0.0
4.9417133613238384e-05,0.5484416576121015,1.1342617497142153,0.28277254455748396,0.2049350973831981,0.0
4.9417133613238384e-05,0.7405684692262434,1.1121587008432732,0.2709716203527496,0.24224715368029198,0.0
4.9417133613238384e-05,1.0,1.0954550247224433,0.027681709916026927,0.6805862515206559,0.0
6.55128556859551e-05,0.0,1.9985488337196142,0.00022002765314060594,0.08065606323314446,0.0
6.55128556859551e-05,0.001,1.9839171093910726,0.008079238933861805,0.06716995291103495,0.0
6.55128556859551e-05,0.0013503140378698735,1.9747707770663976,0.012889027876150328,0.062133976190502316,0.0
6.55128556859551e-05,0.0018233480008684403,1.9537127718991134,0.02400050627468656,0.052580189426396265,0.0
6.55128556859551e-05,0.0024620924014946257,1.948297101835856,0.026874344141462562,0.051385677935924176,0.0
6.55128556859551e-05,0.0033245979322709418,1.9455482363837013,0.028331677653949425,0.053593914028420044,0.0
6.55128556859551e-05,0.004489251258218608,1.9286332196178588,0.037160426585449165,0.045723461422623214,0.0
6.55128556859551e-05,0.006061898993497572,1.9095705160896188,0.04705348623209587,0.046261735740439576,0.0
6.55128556859551e-05,0.008185467307069028,1.8652045602096587,0.06963891985240016,0.04616700635247973,0.0
6.55128556859551e-05,0.011052951411260215,1.8135518451357082,0.09510643548000527,0.04920965430781397,0.0
6.55128556859551e-05,0.014924955450518291,1.771068253452079,0.11533570582966064,0.05378673414001393,0.0
6.55128556859551e-05,0.02015337685941733,1.73295056137498,0.13310015975489495,0.0569331390988649,0.0
6.55128556859551e-05,0.027213387683753074,1.6663167613739251,0.1621232771634263,0.06747646794223629,0.0
6.55128556859551e-05,0.03674661940736688,1.592086459528236,0.19230167258785785,0.0783330064777908,0.0
6.55128556859551e-05,0.04961947603002903,1.5139649816915,0.22061195126182384,0.09356200980057193,0.0
6.55128556859551e-05,0.06700187503509587,1.459185480955369,0.23804346033273213,0.1050813612016916,0.0
6.55128556859551e-05,0.09047357242349298,1.389385617250695,0.2587362361339728,0.11730696894392088,0.0
6.55128556859551e-05,0.12216773489967918,1.3206746025155942,0.27468365963967756,0.13088247604075307,0.0
6.55128556859551e-05,0.16496480740980207,1.268960202806628,0.2809070319570512,0.14722496684768424,0.0
6.55128556859551e-05,0.22275429519995563,1.223723934281957,0.28344611949808274,0.16471341625425315,0.0
6.55128556859551e-05,0.3007882518043099,1.1883513934097765,0.28541895854853444,0.17911583827079372,0.0
6.55128556859551e-05,0.40615859883769795,1.156545009729525,0.2856747469044212,0.19266013417975772,0.0
6.55128556859551e-05,0.5484416576121015,1.1327970819476,0.27706133986747206,0.2248226057682308,0.0
6.55128556859551e-05,0.7405684692262434,1.1133447563266217,0.2684375939440934,0.2597348570784797,0.0
6.55128556859551e-05,1.0,1.095458135362093,0.02718299266117581,0.6965246732922631,0.0
8.68511373751352e-05,0.0,1.9985275881533882,0.00022001428802503659,0.09993733362318356,0.0
8.68511373751352e-05,0.001,1.9779601357440746,0.011170106972729714,0.07934025098837659,0.0
8.68511373751352e-05,0.0013503140378698735,1.97210322071574,0.014229549639155617,0.07538982779208896,0.0
8.68511373751352e-05,0.0018233480008684403,1.9600824911234453,0.020605155738711096,0.070197447460427,0.0
8.68511373751352e-05,0.0024620924014946257,1.951852510471626,0.02488739633802974,0.06335070026372504,0.0
8.68511373751352e-05,0.0033245979322709418,1.945428320994817,0.02822778062915769,0.061120086693428256,0.0
8.68511373751352e-05,0.004489251258218608,1.9323834601742327,0.03503755638590253,0.058138014356162324,0.0
8.68511373751352e-05,0.006061898993497572,1.8915569128351997,0.05601707994998709,0.05158892876362041,0.0
8.68511373751352e-05,0.008185467307069028,1.870568495726274,0.0664306324444734,0.05358463196976069,0.0
8.68511373751352e-05,0.011052951411260215,1.8340746671865196,0.08454510258991425,0.0548423705615531,0.0
8.68511373751352e-05,0.014924955450518291,1.7847952459346113,0.10838523692121392,0.05714650899102101,0.0
8.68511373751352e-05,0.02015337685941733,1.7385033380212567,0.12993614696216357,0.06249310030589593,0.0
8.68511373751352e-05,0.027213387683753074,1.6518663969641751,0.16747678663325813,0.07443321353888724,0.0
8.68511373751352e-05,0.03674661940736688,1.6116836576514946,0.18405867117313185,0.08127912687799635,0.0
8.68511373751352e-05,0.04961947603002903,1.524845322805135,0.21696418117225244,0.09480213674805646,0.0
8.68511373751352e-05,0.06700187503509587,1.451832307225198,0.2401767623572683,0.1093827837566878,0.0
8.68511373751352e-05,0.09047357242349298,1.3807500610707328,0.2586778707408534,0.12588463244134368,0.0
8.68511373751352e-05,0.12216773489967918,1.330010257702277,0.2699788984305618,0.13752868308013397,0.0
8.68511373751352e-05,0.16496480740980207,1.272601628488432,0.27882589953975706,0.1537315758853088,0.0
8.68511373751352e-05,0.22275429519995563,1.23258914383236,0.2830687414182796,0.16676486669964852,0.0
8.68511373751352e-05,0.3007882518043099,1.1903565449072786,0.28385996715929857,0.18705167894119817,0.0
8.68511373751352e-05,0.40615859883769795,1.1590867885307554,0.27940378473552324,0.20907281479017986,0.0
8.68511373751352e-05,0.5484416576121015,1.1354781609952298,0.2786016925434913,0.2259629530263808,0.0
8.68511373751352e-05,0.7405684692262434,1.1176139758598167,0.2714748463014752,0.2664661918222349,0.0
8.68511373751352e-05,1.0,1.0954620637050425,0.026533746256102296,0.7161421852844261,0.0
0.00011513953993264469,0.0,1.9984993647512141,0.00021999963808798487,0.12330458916147159,0.0
0.00011513953993264469,0.001,1.9814478802454607,0.009262608708059115,0.0965343605955542,0.0
0.00011513953993264469,0.0013503140378698735,1.9698510676615422,0.015424366536248806,0.08557762409937021,0.0
0.00011513953993264469,0.0018233480008684403,1.9689215598453016,0.015878345204345137,0.08572752444667797,0.0
0.00011513953993264469,0.0024620924014946257,1.955927618919211,0.02268722045773673,0.08001846980009307,0.0
0.00011513953993264469,0.0033245979322709418,1.9385679953790595,0.031609487478490045,0.07278621606637012,0.0
0.00011513953993264469,0.004489251258218608,1.9260346194488391,0.038260809264398093,0.07156081153556652,0.0
0.00011513953993264469,0.006061898993497572,1.900608553604735,0.05108332291420855,0.06596396253038685,0.0
0.00011513953993264469,0.008185467307069028,1.8703469371328263,0.06625017244323632,0.05975040812309798,0.0
0.00011513953993264469,0.011052951411260215,1.8438246315217988,0.07949362212798293,0.0634331354937348,0.0
0.00011513953993264469,0.014924955450518291,1.7915993132922396,0.10459765658418826,0.06413334493042065,0.0
0.00011513953993264469,0.02015337685941733,1.7152043532522845,0.13933275367206255,0.07169094331360366,0.0
0.00011513953993264469,0.027213387683753074,1.6675951274692162,0.16021388498271474,0.07927947574563292,0.0
0.00011513953993264469,0.03674661940736688,1.6121324958052448,0.18225073448221227,0.08687350168584905,0.0
0.00011513953993264469,0.04961947603002903,1.5484686007727058,0.20753477963115,0.09799942576139094,0.0
0.00011513953993264469,0.06700187503509587,1.456631187105835,0.2362267956792906,0.11804311561185493,0.0
0.00011513953993264469,0.09047357242349298,1.4054477502096225,0.25052970586774254,0.1280821939489768,0.0
0.00011513953993264469,0.12216773489967918,1.338740006390096,0.2664367622868133,0.1439257945894997,0.0
0.00011513953993264469,0.16496480740980207,1.2755453920953848,0.2744056486661306,0.16557244531406026,0.0
0.00011513953993264469,0.22275429519995563,1.228321975681221,0.2779345895348218,0.1837581670012253,0.0
0.00011513953993264469,0.3007882518043099,1.1923402636459184,0.2795633412843816,0.20275560682896807,0.0
0.00011513953993264469,0.40615859883769795,1.162356768096871,0.2807298582349676,0.21200516480151696,0.0
0.00011513953993264469,0.5484416576121015,1.1384023042597062,0.2787060015294028,0.23480435194302604,0.0
0.00011513953993264469,0.7405684692262434,1.1161503988204267,0.2687059217298303,0.289839317104154,0.0
0.00011513953993264469,1.0,1.0954670332687186,0.025701010915725412,0.7396484837208691,0.0
0.00015264179671752333,0.0,1.9984619000348516,0.00021998195201561487,0.15128223696607396,0.0
0.00015264179671752333,0.001,1.9832505953245756,0.008261454578236292,0.1301501950810932,0.0
0.00015264179671752333,0.0013503140378698735,1.9745006915020151,0.012866150658752025,0.11631347134088453,0.0
0.00015264179671752333,0.0018233480008684403,1.9645785322907203,0.01806898179059728,0.10358761056161113,0.0
0.00015264179671752333,0.0024620924014946257,1.9587691722933285,0.02110347533769586,0.10293944679904507,0.0
0.00015264179671752333,0.0033245979322709418,1.943056726494104,0.029111029085102692,0.09173339302129387,0.0
0.00015264179671752333,0.004489251258218608,1.9283939002646309,0.03682625765130798,0.08112910561207749,0.0
0.00015264179671752333,0.006061898993497572,1.911193221357638,0.04549615142821306,0.08078282905213544,0.0
0.00015264179671752333,0.008185467307069028,1.8743991024243603,0.06394304594250025,0.07247196217681114,0.0
0.00015264179671752333,0.011052951411260215,1.8312480852233652,0.08524080585201115,0.07061170584773206,0.0
0.00015264179671752333,0.014924955450518291,1.8121269244551224,0.09437516955912735,0.07198168244618243,0.0
0.00015264179671752333,0.02015337685941733,1.7344594161379194,0.13081606058357442,0.07720658943221714,0.0
0.00015264179671752333,0.027213387683753074,1.6732510497605957,0.15683694403634174,0.08435482386833448,0.0
0.00015264179671752333,0.03674661940736688,1.6198953632675004,0.17878468048131177,0.09334770266826801,0.0
0.00015264179671752333,0.04961947603002903,1.5445088879081075,0.20670650108914462,0.10671332569020478,0.0
0.00015264179671752333,0.06700187503509587,1.4812677828889125,0.2285882146762419,0.11847140546327124,0.0
0.00015264179671752333,0.09047357242349298,1.409534730947751,0.24953194762108458,0.13320158691884734,0.0
0.00015264179671752333,0.12216773489967918,1.3390568965556975,0.26470245381158936,0.1515495491353517,0.0
0.00015264179671752333,0.16496480740980207,1.2827981680095888,0.2724960148073323,0.1725916917823311,0.0
0.00015264179671752333,0.22275429519995563,1.236369126289669,0.27846639933897616,0.18847307199016342,0.0
0.00015264179671752333,0.3007882518043099,1.1917972608291718,0.2787238226290174,0.20947324374000592,0.0
0.00015264179671752333,0.40615859883769795,1.161716645318986,0.27652179363529317,0.23108444558251107,0.0
0.00015264179671752333,0.5484416576121015,1.1369050582673073,0.27137130539609483,0.26329087678871727,0.0
0.00015264179671752333,0.7405684692262434,1.1155185319205416,0.26152375665399086,0.31071263775292135,0.0
0.00015264179671752333,1.0,1.0954729593539956,0.02470185206639579,0.7674696168569628,0.0
0.00020235896477251576,0.0,1.998412297495341,0.00021995705397610352,0.18417190328640695,0.0
0.00020235896477251576,0.001,1.9825313153821242,0.008565095202192952,0.15875916635333928,0.0
0.00020235896477251576,0.0013503140378698735,1.9752684093163695,0.012340901960390246,0.14567658695066193,0.0
0.00020235896477251576,0.0018233480008684403,1.9641935908004329,0.018154242211021687,0.1199088172877143,0.0
0.00020235896477251576,0.0024620924014946257,1.9556839858857098,0.022561710362369942,0.11964518049122964,0.0
0.00020235896477251576,0.0033245979322709418,1.9523066757845906,0.02430734739389534,0.1153156414051564,0.0
0.00020235896477251576,0.004489251258218608,1.9260538317902476,0.0378108404528292,0.09561275762872222,0.0
0.00020235896477251576,0.006061898993497572,1.9047370689865661,0.04855683474584785,0.09090934197729454,0.0
0.00020235896477251576,0.008185467307069028,1.8831101162778112,0.0595462333659404,0.08848592907038669,0.0
0.00020235896477251576,0.011052951411260215,1.8421686713553724,0.07947624128469197,0.07972317811271963,0.0
0.00020235896477251576,0.014924955450518291,1.7978432895047025,0.10067268908681902,0.07931176314103919,0.0
0.00020235896477251576,0.02015337685941733,1.7370969130411857,0.12923233376142523,0.08232546407316042,0.0
0.00020235896477251576,0.027213387683753074,1.6871317207433487,0.15026686640657677,0.0894009335576002,0.0
0.00020235896477251576,0.03674661940736688,1.6128642918217708,0.1805961995459851,0.10235103015153625,0.0
0.00020235896477251576,0.04961947603002903,1.542768837492459,0.20584618638309093,0.11515551513942865,0.0
0.00020235896477251576,0.06700187503509587,1.4796569864794493,0.22743926700745223,0.12734636534137495,0.0
0.00020235896477251576,0.09047357242349298,1.4241437391121003,0.24233286215494024,0.14463092808417294,0.0
0.00020235896477251576,0.12216773489967918,1.3442998444189118,0.2615691802249995,0.16348280788707506,0.0
0.00020235896477251576,0.16496480740980207,1.2837011345439815,0.2707641495209764,0.18015215145650718,0.0
0.00020235896477251576,0.22275429519995563,1.2387282266480932,0.27453534813277175,0.2014931338022569,0.0
0.00020235896477251576,0.3007882518043099,1.195630067361377,0.27599902567050005,0.22109862003322847,0.0
0.00020235896477251576,0.40615859883769795,1.1668421608165918,0.27644468677819634,0.2391246861551151,0.0
0.00020235896477251576,0.5484416576121015,1.1367470643487763,0.26645638202580263,0.2926734980271004,0.0
0.00020235896477251576,0.7405684692262434,1.1146523447906738,0.25316165958633985,0.3542650519608636,0.0
0.00020235896477251576,1.0,1.095480073762097,0.023426677516682835,0.7999051517462841,0.0
0.00026826957952797245,0.0,1.9983466051333907,0.00021991769694550874,0.2222299906611191,0.0
0.00026826957952797245,0.001,1.9833367947702643,0.008089718666013788,0.186114819142746,0.0
0.00026826957952797245,0.0013503140378698735,1.9789815573107146,0.010378796391881032,0.17359124079889837,0.0
0.00026826957952797245,0.0018233480008684403,1.9746316072638312,0.012608240429279568,0.1630464583621369,0.0
0.00026826957952797245,0.0024620924014946257,1.9604332286166872,0.020014233168395016,0.13999837556279246,0.0
0.00026826957952797245,0.0033245979322709418,1.9532820335946262,0.02375355916098948,0.13372124972704336,0.0
0.00026826957952797245,0.004489251258218608,1.9374791803283715,0.03184366100838508,0.11947997682410519,0.0
0.00026826957952797245,0.006061898993497572,1.902937597618925,0.04923172482911699,0.11120736402069185,0.0
0.00026826957952797245,0.008185467307069028,1.8752766516124393,0.06286590416297146,0.09919408276145367,0.0
0.00026826957952797245,0.011052951411260215,1.8290042878910246,0.08557074860239222,0.09494685889465539,0.0
0.00026826957952797245,0.014924955450518291,1.785239585972882,0.10626833369537778,0.09256832183540523,0.0
0.00026826957952797245,0.02015337685941733,1.7412065505802035,0.1258224609426762,0.09536324417225392,0.0
0.00026826957952797245,0.027213387683753074,1.6869010446821697,0.14951774807257698,0.10093357170740742,0.0
0.00026826957952797245,0.03674661940736688,1.616355736900037,0.17815261209286332,0.11067839187414837,0.0
0.00026826957952797245,0.04961947603002903,1.5647813759800042,0.19776598017810665,0.12077101262718482,0.0
0.00026826957952797245,0.06700187503509587,1.4867513174638576,0.2230632207798049,0.13743560522633377,0.0
0.00026826957952797245,0.09047357242349298,1.4224669067626865,0.24336492052722214,0.15000988586488845,0.0
0.00026826957952797245,0.12216773489967918,1.3476073953148553,0.25870350225452615,0.17208986206414628,0.0
0.00026826957952797245,0.16496480740980207,1.2847779113933897,0.26759678624675237,0.19442330469185434,0.0
0.00026826957952797245,0.22275429519995563,1.247027154324137,0.2712561117817313,0.21211338277878425,0.0
0.00026826957952797245,0.3007882518043099,1.202907174038842,0.2695275408534394,0.24073450961188556,0.0
0.00026826957952797245,0.40615859883769795,1.1686731810177007,0.27237456191802806,0.2635700252078444,0.0
0.00026826957952797245,0.5484416576121015,1.1373909827806241,0.2569899768272381,0.3202952792758809,0.0
0.00026826957952797245,0.7405684692262434,1.1143939831942338,0.24989853409355653,0.3840936504971743,0.0
0.00026826957952797245,1.0,1.0954879479977502,0.02191984188329811,0.8372676727661721,0.0
0.00035564803062231287,0.0,1.998259410928969,0.00021986988487438712,0.2654752281230296,0.0
0.00035564803062231287,0.001,1.9823525186677944,0.008544197358770239,0.21839691454095533,0.0
0.00035564803062231287,0.0013503140378698735,1.9732924313055713,0.013212997668004189,0.20048837594387636,0.0
0.00035564803062231287,0.0018233480008684403,1.97097206278984,0.014411614368619204,0.1981255393521576,0.0
0.00035564803062231287,0.0024620924014946257,1.9622534731361974,0.01891399976771779,0.16864845622488814,0.0
0.00035564803062231287,0.0033245979322709418,1.9395213483836693,0.03061391988287644,0.14228802354855838,0.0
0.00035564803062231287,0.004489251258218608,1.9419550584450371,0.029327364267002037,0.14633219497199743,0.0
0.00035564803062231287,0.006061898993497572,1.9080590500229284,0.046559936891914705,0.12907139734840922,0.0
0.00035564803062231287,0.008185467307069028,1.8829257243244348,0.05884212891242147,0.11575084388856892,0.0
0.00035564803062231287,0.011052951411260215,1.8531418369971928,0.07356097477630712,0.11024364707572634,0.0
0.00035564803062231287,0.014924955450518291,1.812734216252532,0.0926930043785323,0.10944465514892232,0.0
0.00035564803062231287,0.02015337685941733,1.7496413794988845,0.12153493397977504,0.10843978115384593,0.0
0.00035564803062231287,0.027213387683753074,1.701922261486661,0.1422160626121904,0.11235074183604828,0.0
0.00035564803062231287,0.03674661940736688,1.63312694352079,0.1702231250199334,0.11948016220447774,0.0
0.00035564803062231287,0.04961947603002903,1.5540125530716875,0.19936179199581436,0.13411078719957173,0.0
0.00035564803062231287,0.06700187503509587,1.5073303418311481,0.21584168699788367,0.1452512353277907,0.0
0.00035564803062231287,0.09047357242349298,1.427072406819803,0.23916550725828714,0.16174747648079446,0.0
0.00035564803062231287,0.12216773489967918,1.3657373835578361,0.25205833550522133,0.18391525474929468,0.0
0.00035564803062231287,0.16496480740980207,1.2938844857878793,0.2654930415743135,0.20348665307009625,0.0
0.00035564803062231287,0.22275429519995563,1.2510071337703534,0.2706931992763292,0.22319796230951383,0.0
0.00035564803062231287,0.3007882518043099,1.201758236440141,0.2704192706501828,0.25473993612491946,0.0
0.00035564803062231287,0.40615859883769795,1.1700772676161786,0.26715961031120045,0.28380546136058665,0.0
0.00035564803062231287,0.5484416576121015,1.1433856878977917,0.26266603826129353,0.32410150022922063,0.0
0.00035564803062231287,0.7405684692262434,1.1166264772980432,0.24695989078956998,0.40824030745200257,0.0
0.00035564803062231287,1.0,1.0954962102661634,0.02014911868315165,0.8790797187238304,0.0
0.00047148663634573947,0.0,1.9981438449415343,0.00021980572760501563,0.3132280518815039,0.0
0.00047148663634573947,0.001,1.9794934337045704,0.00987218567196472,0.2541105962881341,0.0
0.00047148663634573947,0.0013503140378698735,1.977496182254092,0.010922941534979132,0.24280241424509613,0.0
0.00047148663634573947,0.0018233480008684403,1.9620888434436698,0.01890766627101931,0.19898535077680501,0.0
0.00047148663634573947,0.0024620924014946257,1.9619458495815538,0.018927804967071585,0.21237719858882168,0.0
0.00047148663634573947,0.0033245979322709418,1.9419828682525009,0.029088645150491605,0.17494673938505628,0.0
0.00047148663634573947,0.004489251258218608,1.9314838719004093,0.03452614728265497,0.17305957140072836,0.0
0.00047148663634573947,0.006061898993497572,1.9184614247866345,0.040882899308638795,0.1586720000093885,0.0
0.00047148663634573947,0.008185467307069028,1.8884930646153029,0.05579049371050958,0.14485625357587006,0.0
0.00047148663634573947,0.011052951411260215,1.8629552677201806,0.06813125115278353,0.13511286337406594,0.0
0.00047148663634573947,0.014924955450518291,1.8202839935522446,0.08873698024407316,0.12255019534644007,0.0
0.00047148663634573947,0.02015337685941733,1.7575593096997528,0.11740632680227574,0.12184756061876767,0.0
0.00047148663634573947,0.027213387683753074,1.7087089626747523,0.13848204344121254,0.12490504783732755,0.0
0.00047148663634573947,0.03674661940736688,1.6524968033122704,0.16193980448888595,0.13135934084597758,0.0
0.00047148663634573947,0.04961947603002903,1.5794853517462861,0.19057907146169326,0.13990162329490816,0.0
0.00047148663634573947,0.06700187503509587,1.5100290006189463,0.2128396273462477,0.15798576256851138,0.0
0.00047148663634573947,0.09047357242349298,1.4241568271465073,0.23770062510386264,0.17917772915379973,0.0
0.00047148663634573947,0.12216773489967918,1.3586234329995754,0.2518355372730778,0.19973720209531795,0.0
0.00047148663634573947,0.16496480740980207,1.307387622759547,0.2616694123660271,0.2121692724938518,0.0
0.00047148663634573947,0.22275429519995563,1.2536490431797676,0.26425836641059214,0.247376011552243,0.0
0.00047148663634573947,0.3007882518043099,1.2028255132957009,0.2651573650830504,0.27847947745890334,0.0
0.00047148663634573947,0.40615859883769795,1.1677874601255454,0.2609491398688952,0.3172289281376202,0.0
0.00047148663634573947,0.5484416576121015,1.1378637069608406,0.25296471538230986,0.3690567581060175,0.0
0.00047148663634573947,0.7405684692262434,1.1205450226576168,0.24847166992280317,0.43333142239301115,0.0
0.00047148663634573947,1.0,1.095503766087157,0.018145763213134675,0.9246104078468732,0.0
0.0006250551925273969,0.0,1.9979905825473072,0.00021972974588991632,0.364400090491692,0.0
0.0006250551925273969,0.001,1.9854619394410775,0.006708050973064227,0.31457122090462664,0.0
0.0006250551925273969,0.0013503140378698735,1.975477688830245,0.011842389074347521,0.2760992662254997,0.0
0.0006250551925273969,0.0018233480008684403,1.9676958298114176,0.015799201701725975,0.25737367163438063,0.0
0.0006250551925273969,0.0024620924014946257,1.963795593088822,0.017854866010248105,0.24538874296757285,0.0
0.0006250551925273969,0.0033245979322709418,1.957073883387114,0.021199738025823235,0.22501381308317878,0.0
0.0006250551925273969,0.004489251258218608,1.931213041942378,0.03428220727811832,0.20364821967803623,0.0
0.0006250551925273969,0.006061898993497572,1.9249138355522724,0.0374738812387441,0.192420222608868,0.0
0.0006250551925273969,0.008185467307069028,1.8882651391122984,0.05549584102398694,0.1650270401848807,0.0
0.0006250551925273969,0.011052951411260215,1.8568582024132239,0.07048734637580074,0.1485432668882052,0.0
0.0006250551925273969,0.014924955450518291,1.8275847598634307,0.0841713090053121,0.15120541024601863,0.0
0.0006250551925273969,0.02015337685941733,1.761818571790115,0.1144835989591804,0.13820869121556886,0.0
0.0006250551925273969,0.027213387683753074,1.711646264421455,0.13635870195253375,0.13978375654389177,0.0
0.0006250551925273969,0.03674661940736688,1.6502196780619576,0.1618730147642006,0.1485336041983811,0.0
0.0006250551925273969,0.04961947603002903,1.5915975021128754,0.18349999626445573,0.1566817079663863,0.0
0.0006250551925273969,0.06700187503509587,1.5237423155130114,0.20612640699121468,0.17145409445074739,0.0
0.0006250551925273969,0.09047357242349298,1.4396410074423855,0.23198383880663168,0.19032325209575615,0.0
0.0006250551925273969,0.12216773489967918,1.372049305494986,0.24831031679824697,0.20823624680020458,0.0
0.0006250551925273969,0.16496480740980207,1.307247455231036,0.255508387192022,0.23933637246643658,0.0
0.0006250551925273969,0.22275429519995563,1.260576671023188,0.26304964096497785,0.25868038622346257,0.0
0.0006250551925273969,0.3007882518043099,1.2127444521682333,0.26167984077629197,0.29939318784925206,0.0
0.0006250551925273969,0.40615859883769795,1.173212465478121,0.26192759057780307,0.3296247485297255,0.0
0.0006250551925273969,0.5484416576121015,1.143034211336616,0.25192312959175683,0.38399788294359893,0.0
0.0006250551925273969,0.7405684692262434,1.118119220694579,0.23702014053620485,0.475723804530402,0.0
0.0006250551925273969,1.0,1.0955089027620237,0.01595661122965174,0.9725206168064846,0.0
0.0008286427728546842,0.0,1.997787449176673,0.00021961963887393065,0.4169591855005379,0.0
0.0008286427728546842,0.001,1.988523067570975,0.004974873280621774,0.3699545692081864,0.0
0.0008286427728546842,0.0013503140378698735,1.974745156082591,0.012040368434153856,0.3252903646595874,0.0
0.0008286427728546842,0.0018233480008684403,1.9725190384877977,0.013133952466655992,0.30249970807682186,0.0
0.0008286427728546842,0.0024620924014946257,1.9644271512115887,0.01728560120335363,0.28919165254957996,0.0
0.0008286427728546842,0.0033245979322709418,1.94826943181528,0.025398152028982365,0.262984876739735,0.0
0.0008286427728546842,0.004489251258218608,1.934650100409555,0.03224827485598827,0.2447850162250347,0.0
0.0008286427728546842,0.006061898993497572,1.9154959704048244,0.041796066186894416,0.20902963030870644,0.0
0.0008286427728546842,0.008185467307069028,1.8932662929740138,0.05253964541128154,0.1939601179320192,0.0
0.0008286427728546842,0.011052951411260215,1.8674065213210471,0.065294503507616,0.18063226373481647,0.0
0.0008286427728546842,0.014924955450518291,1.8172817639166965,0.08874521275221205,0.1628443020332485,0.0
0.0008286427728546842,0.02015337685941733,1.779679010876452,0.10587419222006543,0.1639667397358564,0.0
0.0008286427728546842,0.027213387683753074,1.7214711989893208,0.13147118658631546,0.1571495301446806,0.0
0.0008286427728546842,0.03674661940736688,1.6597219237558383,0.1564171028764022,0.1615808990743203,0.0
0.0008286427728546842,0.04961947603002903,1.5867552754063718,0.18399987723777078,0.17118541469600723,0.0
0.0008286427728546842,0.06700187503509587,1.5108583325375649,0.20920665299620206,0.18822969595621203,0.0
0.0008286427728546842,0.09047357242349298,1.4400119968915335,0.22891637203612122,0.20928038435251153,0.0
0.0008286427728546842,0.12216773489967918,1.3734162982816538,0.2434556537813974,0.23011875692522868,0.0
0.0008286427728546842,0.16496480740980207,1.3229805649545925,0.25292998512388654,0.2535249887521469,0.0
0.0008286427728546842,0.22275429519995563,1.27455669054348,0.2585653880087309,0.2792379961218349,0.0
0.0008286427728546842,0.3007882518043099,1.2176808245183544,0.25981233953804317,0.31943472298999864,0.0
0.0008286427728546842,0.40615859883769795,1.1788956075375452,0.25610846569568946,0.3595040294377199,0.0
0.0008286427728546842,0.5484416576121015,1.14274253556992,0.2467913293833256,0.4236439128044551,0.0
0.0008286427728546842,0.7405684692262434,1.1197861485791383,0.23566936029443472,0.5118160911063222,0.0
0.0008286427728546842,1.0,1.0955088789816214,0.013699193384976143,1.0211841563454513,0.0
0.0010985411419875573,0.0,1.9975180999913424,0.0002194734778303775,0.468560883073562,0.0
0.0010985411419875573,0.001,1.984025849150313,0.0071212716752767245,0.40578682427818463,0.0
0.0010985411419875573,0.0013503140378698735,1.9832801796822295,0.00748333619148837,0.40030941655252866,0.0
0.0010985411419875573,0.0018233480008684403,1.967531203708142,0.015454699491057908,0.3541357231012997,0.0
0.0010985411419875573,0.0024620924014946257,1.9622856743986217,0.018115151005021857,0.33831231529625233,0.0
0.0010985411419875573,0.0033245979322709418,1.9563109469729147,0.021107192253041616,0.32258275192507924,0.0
0.0010985411419875573,0.004489251258218608,1.9416032644286416,0.02851930534823055,0.29172232515629715,0.0
0.0010985411419875573,0.006061898993497572,1.914660152895807,0.041772874692322194,0.2520937039168591,0.0
0.0010985411419875573,0.008185467307069028,1.886182823229762,0.0555917451110596,0.2192814437906305,0.0
0.0010985411419875573,0.011052951411260215,1.863528214775136,0.06637099804864202,0.2007242804884392,0.0
0.0010985411419875573,0.014924955450518291,1.822559653838822,0.08534254004362805,0.1877173220087224,0.0
0.0010985411419875573,0.02015337685941733,1.7794283569007656,0.10505579677363497,0.1836096808512099,0.0
0.0010985411419875573,0.027213387683753074,1.7220489079641288,0.12987574970470986,0.18323398365912522,0.0
0.0010985411419875573,0.03674661940736688,1.6706343230545775,0.151008130215226,0.18597828505687922,0.0
0.0010985411419875573,0.04961947603002903,1.60180543347184,0.17702229341401235,0.19244001552314766,0.0
0.0010985411419875573,0.06700187503509587,1.524560234459072,0.2028164672446655,0.20993789381029024,0.0
0.0010985411419875573,0.09047357242349298,1.4547705425246888,0.22243198237399717,0.22866337552227922,0.0
0.0010985411419875573,0.12216773489967918,1.3903159008654766,0.239178318685671,0.24762725127681362,0.0
0.0010985411419875573,0.16496480740980207,1.3261128102643385,0.2486179817320095,0.273726531739797,0.0
0.0010985411419875573,0.22275429519995563,1.2679540164425727,0.25495417533598524,0.30454664363033535,0.0
0.0010985411419875573,0.3007882518043099,1.2212406271616438,0.257680725981223,0.3418951132702548,0.0
0.0010985411419875573,0.40615859883769795,1.1801240194765292,0.2527417766532421,0.3897785892680109,0.0
0.0010985411419875573,0.5484416576121015,1.1450865926446665,0.2438148472775912,0.45702520945705444,0.0
0.0010985411419875573,0.7405684692262434,1.1208012768872497,0.23325167144850498,0.5546858582857765,0.0
0.0010985411419875573,1.0,1.095499717624211,0.011441306188855645,1.0687883950872075,0.0
0.0014563484775012444,0.0,1.9971611524166308,0.00021927638479852138,0.5165176339834212,0.0
0.0014563484775012444,0.001,1.982853671455908,0.007491609393929174,0.44990704601011383,0.0
0.0014563484775012444,0.0013503140378698735,1.977268934106388,0.010377136195824987,0.4168403845454342,0.0
0.0014563484775012444,0.0018233480008684403,1.9710464540620594,0.013433142507126287,0.40050532526707877,0.0
0.0014563484775012444,0.0024620924014946257,1.9631098004052479,0.017401088575652455,0.3682463763530882,0.0
0.0014563484775012444,0.0033245979322709418,1.9539154815433826,0.02200127644491527,0.3496054827996957,0.0
0.0014563484775012444,0.004489251258218608,1.9312112572640383,0.03320641854092508,0.319139911552471,0.0
0.0014563484775012444,0.006061898993497572,1.918478654525454,0.03975582548294046,0.27793755715359564,0.0
0.0014563484775012444,0.008185467307069028,1.9020446317292674,0.04739696893046051,0.2799619032059047,0.0
0.0014563484775012444,0.011052951411260215,1.8728972420147183,0.0612918039911377,0.24310159904640374,0.0
0.0014563484775012444,0.014924955450518291,1.824861252516083,0.08370695220798494,0.21905532512706022,0.0
0.0014563484775012444,0.02015337685941733,1.79913837177508,0.09528159987450183,0.22052772314626326,0.0
0.0014563484775012444,0.027213387683753074,1.7319637889459343,0.12426435794596842,0.21077856414962587,0.0
0.0014563484775012444,0.03674661940736688,1.6736605807545362,0.14823595562550804,0.21231017992771192,0.0
0.0014563484775012444,0.04961947603002903,1.6029962952587438,0.17502954127437872,0.2156263262795468,0.0
0.0014563484775012444,0.06700187503509587,1.5358082422268893,0.19756811564869842,0.22913289940257905,0.0
0.0014563484775012444,0.09047357242349298,1.467223136386565,0.2187341127437019,0.24548250928394436,0.0
0.0014563484775012444,0.12216773489967918,1.3923047457808027,0.23410187189153978,0.2791651183428838,0.0
0.0014563484775012444,0.16496480740980207,1.3280539039132464,0.24536564429298346,0.30128468555312193,0.0
0.0014563484775012444,0.22275429519995563,1.273467509915818,0.25175389777379337,0.332078889069971,0.0
0.0014563484775012444,0.3007882518043099,1.2301238265825176,0.25554847102714806,0.36931261730985127,0.0
0.0014563484775012444,0.40615859883769795,1.183255872924111,0.24834867087048587,0.41768910454604036,0.0
0.0014563484775012444,0.5484416576121015,1.1515104843469925,0.2416221823377949,0.4883663428205279,0.0
0.0014563484775012444,0.7405684692262434,1.1225280804094788,0.22705006461089103,0.6013415554660427,0.0
0.0014563484775012444,1.0,1.0954768731175226,0.009304251958835557,1.1129746584701918,0.0
0.0019306977288832496,0.0,1.996687736476948,0.00021903483687343495,0.5587929904852079,0.0
0.0019306977288832496,0.001,1.9866651869277059,0.00531048038049157,0.5101084413135417,0.0
0.0019306977288832496,0.0013503140378698735,1.9826339565830666,0.00734132006514873,0.4894134659933753,0.0
0.0019306977288832496,0.0018233480008684403,1.9728445136401602,0.012235303457511981,0.44326300161875476,0.0
0.0019306977288832496,0.0024620924014946257,1.9705852035399707,0.013400392154936321,0.4563969137421969,0.0
0.0019306977288832496,0.0033245979322709418,1.955079434670293,0.021038428376516753,0.40451430507530145,0.0
0.0019306977288832496,0.004489251258218608,1.9359559194259022,0.03047888106206769,0.3619890815376896,0.0
0.0019306977288832496,0.006061898993497572,1.9225477781608946,0.036841495128646894,0.34856133475191536,0.0
0.0019306977288832496,0.008185467307069028,1.897943342089532,0.048666074812388826,0.3083027454167128,0.0
0.0019306977288832496,0.011052951411260215,1.8785838279706335,0.058095197341699954,0.290405151863912,0.0
0.0019306977288832496,0.014924955450518291,1.8230954250305902,0.08351711854713186,0.259213305840267,0.0
0.0019306977288832496,0.02015337685941733,1.7993731934607002,0.09418133098500077,0.2570375657641618,0.0
0.0019306977288832496,0.027213387683753074,1.7587626839772013,0.11211608147099114,0.23761315102216524,0.0
0.0019306977288832496,0.03674661940736688,1.6785821905508511,0.14434819920787864,0.2385388158018096,0.0
0.0019306977288832496,0.04961947603002903,1.6238720776727922,0.16553673297224625,0.24684126919909863,0.0
0.0019306977288832496,0.06700187503509587,1.5499357687283732,0.19063525648935395,0.25306197283171195,0.0
0.0019306977288832496,0.09047357242349298,1.494272549296816,0.2065575876682461,0.2666565293521748,0.0
0.0019306977288832496,0.12216773489967918,1.402033017761415,0.23008146612896516,0.2999309713192336,0.0
0.0019306977288832496,0.16496480740980207,1.3393373136242157,0.2404370691839149,0.3283806248485005,0.0
0.0019306977288832496,0.22275429519995563,1.2723748284055365,0.24546927963706547,0.3635480582055586,0.0
0.0019306977288832496,0.3007882518043099,1.2254806347185307,0.24771106594216885,0.41190177090730395,0.0
0.0019306977288832496,0.40615859883769795,1.1907364642631701,0.2459620823936128,0.4534560182754888,0.0
0.0019306977288832496,0.5484416576121015,1.1525378664199626,0.23540571119783804,0.5324626874110518,0.0
0.0019306977288832496,0.7405684692262434,1.1226218556348635,0.21434386860853968,0.6454288274887785,0.0
0.0019306977288832496,1.0,1.0954345252200908,0.00740164907514635,1.15258695732321,0.0
0.0025595479226995332,0.0,1.9960604702662261,0.0002186764964778608,0.5940190900709361,0.0
0.0025595479226995332,0.001,1.9813270214658636,0.007629389504275772,0.5321457276135634,0.0
0.0025595479226995332,0.0013503140378698735,1.977706771297574,0.009414744231343515,0.5162343101461931,0.0
0.0025595479226995332,0.0018233480008684403,1.9709593660890705,0.01278214380331636,0.4926851783189494,0.0
0.0025595479226995332,0.0024620924014946257,1.9628567038578724,0.016782006315538896,0.4594321987938355,0.0
0.0025595479226995332,0.0033245979322709418,1.964457599707406,0.01596876258005157,0.47267800845180813,0.0
0.0025595479226995332,0.004489251258218608,1.9445046467383382,0.025818454802050608,0.4142056157979986,0.0
0.0025595479226995332,0.006061898993497572,1.9305073616707478,0.03252317700329984,0.39008462040396397,0.0
0.0025595479226995332,0.008185467307069028,1.9063998926937626,0.04416548056863518,0.3652871268647456,0.0
0.0025595479226995332,0.011052951411260215,1.8770361886628861,0.05806523109436027,0.33463251535311384,0.0
0.0025595479226995332,0.014924955450518291,1.8546552151836195,0.06826269029909772,0.32362469474785843,0.0
0.0025595479226995332,0.02015337685941733,1.7877714888878538,0.0983188796700955,0.28489971554953686,0.0
0.0025595479226995332,0.027213387683753074,1.7538432004512015,0.11250489405277413,0.28153283146756125,0.0
0.0025595479226995332,0.03674661940736688,1.6833420277192217,0.14111701020961606,0.2716316749854396,0.0
0.0025595479226995332,0.04961947603002903,1.6386442721991359,0.15819679508870174,0.276784522041332,0.0
0.0025595479226995332,0.06700187503509587,1.5496006817217527,0.1881158519614482,0.2874180732531506,0.0
0.0025595479226995332,0.09047357242349298,1.480768581139637,0.2087591697412073,0.3050093487059705,0.0
0.0025595479226995332,0.12216773489967918,1.4090530589107926,0.22503060816093995,0.32771442096082753,0.0
0.0025595479226995332,0.16496480740980207,1.341029098638077,0.2362100413542584,0.3596649864643648,0.0
0.0025595479226995332,0.22275429519995563,1.2890799940427207,0.24133592818462948,0.39644009202574826,0.0
0.0025595479226995332,0.3007882518043099,1.2346356262431215,0.2435660796378269,0.436050686388665,0.0
0.0025595479226995332,0.40615859883769795,1.1948080233898566,0.2405258677907373,0.4940795295155402,0.0
0.0025595479226995332,0.5484416576121015,1.1565585419424742,0.23127306056921215,0.5635697896026096,0.0
0.0025595479226995332,0.7405684692262434,1.1254252095841801,0.21037650026922164,0.6919760881528666,0.0
0.0025595479226995332,1.0,1.0953662041966972,0.0057625774663863,1.1863376887937975,0.0
0.00339322177189533,0.0,1.9952290268441257,0.00021821173547391617,0.622400361463177,0.0
0.00339322177189533,0.001,1.9838386587798342,0.005915540171670077,0.5800858178638687,0.0
0.00339322177189533,0.0013503140378698735,1.9817825152137631,0.006945525440591293,0.5683736446268812,0.0
0.00339322177189533,0.0018233480008684403,1.9754267158130656,0.010080312022998006,0.5507727260745622,0.0
0.00339322177189533,0.0024620924014946257,1.9562799925445877,0.019523116919058853,0.4927123744608376,0.0
0.00339322177189533,0.0033245979322709418,1.956891236281077,0.019180298278369954,0.5011437892128254,0.0
0.00339322177189533,0.004489251258218608,1.9448897620564631,0.024977714310451492,0.4742401050903914,0.0
0.00339322177189533,0.006061898993497572,1.922717978361902,0.03561911993121352,0.43184295876165163,0.0
0.00339322177189533,0.008185467307069028,1.908848097987779,0.042306059871735475,0.4019833543834552,0.0
0.00339322177189533,0.011052951411260215,1.887614273827152,0.05237389463725485,0.3811617993316097,0.0
0.00339322177189533,0.014924955450518291,1.860744213773322,0.06479571866844441,0.36170794015238916,0.0
0.00339322177189533,0.02015337685941733,1.8099309422762224,0.08706046702411017,0.3315017950550347,0.0
0.00339322177189533,0.027213387683753074,1.7468082656731283,0.11427741349936785,0.31133506643793357,0.0
0.00339322177189533,0.03674661940736688,1.7089199480591761,0.12990125427406626,0.31377675369795127,0.0
0.00339322177189533,0.04961947603002903,1.6392368188404913,0.15582694802203353,0.3121255408406157,0.0
0.00339322177189533,0.06700187503509587,1.5603763039069032,0.18243567757484958,0.32029151752736984,0.0
0.00339322177189533,0.09047357242349298,1.4976007537456402,0.20145772439611837,0.3313588056324105,0.0
0.00339322177189533,0.12216773489967918,1.4308700899082605,0.2172977176153322,0.35062319341302733,0.0
0.00339322177189533,0.16496480740980207,1.362960109126042,0.23004319778757928,0.3855646588510394,0.0
0.00339322177189533,0.22275429519995563,1.2899588860249998,0.23761563216821355,0.43211228081920905,0.0
0.00339322177189533,0.3007882518043099,1.2437933430839851,0.23714850749910746,0.4865625613484743,0.0
0.00339322177189533,0.40615859883769795,1.1962302786771941,0.23398299107778756,0.5335171848396697,0.0
0.00339322177189533,0.5484416576121015,1.154196081996275,0.2222158859503435,0.6170532697072418,0.0
0.00339322177189533,0.7405684692262434,1.1242656690222874,0.2012567274100793,0.7413073796580013,0.0
0.00339322177189533,1.0,1.0952654724393485,0.004416485420943858,1.214081525004121,0.0
0.004498432668969444,0.0,1.9941267406564518,0.0002176317150003335,0.6450133247166673,0.0
0.004498432668969444,0.001,1.9812840217686403,0.006583073569175326,0.6002516520650715,0.0
0.004498432668969444,0.0013503140378698735,1.9768817789487245,0.008774740387422713,0.5879217197731338,0.0
0.004498432668969444,0.0018233480008684403,1.9776450456323855,0.008393538728483831,0.5873094446688002,0.0
0.004498432668969444,0.0024620924014946257,1.9705861781520442,0.011874319278574104,0.5665819701014647,0.0
0.004498432668969444,0.0033245979322709418,1.9627104032150704,0.015703426171482866,0.551897633855978,0.0
0.004498432668969444,0.004489251258218608,1.9417252496046327,0.025759906686016753,0.4975446654617787,0.0
0.004498432668969444,0.006061898993497572,1.926000300313784,0.0333213738027414,0.4762135982134784,0.0
0.004498432668969444,0.008185467307069028,1.9021620222025357,0.044478075681998276,0.4401873920481462,0.0
0.004498432668969444,0.011052951411260215,1.8815019260676054,0.05399709494806001,0.42052471875949676,0.0
0.004498432668969444,0.014924955450518291,1.8598169371770108,0.06384050454315514,0.41706226477775926,0.0
0.004498432668969444,0.02015337685941733,1.815234899603579,0.08373325465012045,0.3738806680070433,0.0
0.004498432668969444,0.027213387683753074,1.767693702465355,0.10395885312715912,0.3603323823040157,0.0
0.004498432668969444,0.03674661940736688,1.7141094813347424,0.12513847376966789,0.35786902323883946,0.0
0.004498432668969444,0.04961947603002903,1.6369830813057535,0.15382100476112542,0.35008581677024975,0.0
0.004498432668969444,0.06700187503509587,1.5824158144191691,0.17297335322606744,0.35670074678021035,0.0
0.004498432668969444,0.09047357242349298,1.5047086358898218,0.19562935514851174,0.3746807034604857,0.0
0.004498432668969444,0.12216773489967918,1.4271223870918859,0.21413043818165664,0.4005845386210531,0.0
0.004498432668969444,0.16496480740980207,1.3703508968928202,0.22487893220124452,0.43157533428588896,0.0
0.004498432668969444,0.22275429519995563,1.3050831361987636,0.2304468635753972,0.4692580351522848,0.0
0.004498432668969444,0.3007882518043099,1.2444164734859933,0.23150752386022316,0.5244030696883549,0.0
0.004498432668969444,0.40615859883769795,1.1989670782121147,0.22814755875836396,0.5819266737461647,0.0
0.004498432668969444,0.5484416576121015,1.1586807571297775,0.22061889442389992,0.6708081209169635,0.0
0.004498432668969444,0.7405684692262434,1.1272001536674479,0.19523588180899418,0.79833177436715,0.0
0.004498432668969444,1.0,1.0951241090033776,0.003354338042379457,1.236036773114382,0.0
0.005963623316594636,0.0,1.992665889503581,0.00021685464071668464,0.6632605372058684,0.0
0.005963623316594636,0.001,1.9795920910212812,0.00664562751714079,0.62933717759092,0.0
0.005963623316594636,0.0013503140378698735,1.9813288061173906,0.005810133051110832,0.6335223127950779,0.0
0.005963623316594636,0.0018233480008684403,1.9731295814952838,0.009816469845712682,0.6104162473944215,0.0
0.005963623316594636,0.0024620924014946257,1.9665640785459926,0.013008422757857064,0.5962654767552998,0.0
0.005963623316594636,0.0033245979322709418,1.9622721398385161,0.015062657856888989,0.5872857746523732,0.0
0.005963623316594636,0.004489251258218608,1.9465568309435737,0.022616514232908773,0.5553482493475879,0.0
0.005963623316594636,0.006061898993497572,1.9276082897039055,0.03152050418762656,0.522449350053402,0.0
0.005963623316594636,0.008185467307069028,1.9113345001477031,0.03916897506116623,0.5016628857613538,0.0
0.005963623316594636,0.011052951411260215,1.8845083462335872,0.05147261532479984,0.47198040988434803,0.0
0.005963623316594636,0.014924955450518291,1.8576635639824912,0.06366501473214628,0.4381167115492321,0.0
0.005963623316594636,0.02015337685941733,1.8188906027932366,0.08042328835739157,0.43322358687914453,0.0
0.005963623316594636,0.027213387683753074,1.7768542925012234,0.09817873600513825,0.40514406241863427,0.0
0.005963623316594636,0.03674661940736688,1.7095896128651729,0.12540183046258951,0.39174405259816525,0.0
0.005963623316594636,0.04961947603002903,1.654428879957409,0.1460194201849184,0.3929360791028647,0.0
0.005963623316594636,0.06700187503509587,1.5798064299839634,0.170080872763214,0.39630424392302255,0.0
0.005963623316594636,0.09047357242349298,1.518481580231831,0.18775246260146122,0.4126587666630731,0.0
0.005963623316594636,0.12216773489967918,1.4440127291517773,0.2064342379784372,0.4363201782643139,0.0
0.005963623316594636,0.16496480740980207,1.3664363244014217,0.22000166786100495,0.4663378989827737,0.0
0.005963623316594636,0.22275429519995563,1.3043013518529694,0.22653661030208963,0.5093554491163932,0.0
0.005963623316594636,0.3007882518043099,1.2539235953017844,0.22742161072775469,0.5645581862680624,0.0
0.005963623316594636,0.40615859883769795,1.198712127812079,0.22036235919489972,0.6225444147806917,0.0
0.005963623316594636,0.5484416576121015,1.1598480998497993,0.2085886353726403,0.708425081061986,0.0
0.005963623316594636,0.7405684692262434,1.1264300952871373,0.1883876326442038,0.8353119469950646,0.0
0.005963623316594636,1.0,1.0949316222168823,0.002526579659945082,1.2531506992634032,0.0
0.0079060432109077,0.0,1.9907302313460253,0.00021581296835806622,0.6784470306420558,0.0
0.0079060432109077,0.001,1.9784096847965393,0.0062453522631930455,0.6501952371465948,0.0
0.0079060432109077,0.0013503140378698735,1.974658543264398,0.008048819402742269,0.6436020687903462,0.0
0.0079060432109077,0.0018233480008684403,1.9752977474881055,0.007737179768803706,0.645485848014367,0.0
0.0079060432109077,0.0024620924014946257,1.9645832421988438,0.012857059612683335,0.6283456642243422,0.0
0.0079060432109077,0.0033245979322709418,1.9556293409527172,0.0171745440023877,0.6111021500859218,0.0
0.0079060432109077,0.004489251258218608,1.9433200975926712,0.022976220207182818,0.5872545851260619,0.0
0.0079060432109077,0.006061898993497572,1.9277822468119894,0.0301716430402763,0.5696988927356456,0.0
0.0079060432109077,0.008185467307069028,1.9093832915999918,0.03878762024839244,0.5413705425570345,0.0
0.0079060432109077,0.011052951411260215,1.8926247820306583,0.04641896325181369,0.5257258562043886,0.0
0.0079060432109077,0.014924955450518291,1.8671095221774618,0.057816387503030295,0.5091506867908867,0.0
0.0079060432109077,0.02015337685941733,1.8247135131895422,0.07624348169524034,0.4778980721366302,0.0
0.0079060432109077,0.027213387683753074,1.7691866084001249,0.099224237864371,0.4556529660581322,0.0
0.0079060432109077,0.03674661940736688,1.7227903044978168,0.11796402661566298,0.4456359054481012,0.0
0.0079060432109077,0.04961947603002903,1.654918352292144,0.14174315786635475,0.4432100906024116,0.0
0.0079060432109077,0.06700187503509587,1.5965128238930681,0.16200982672221206,0.44615603226154665,0.0
0.0079060432109077,0.09047357242349298,1.5248061543716722,0.18352908741113436,0.4627513727465596,0.0
0.0079060432109077,0.12216773489967918,1.4666365569092015,0.1980719739371536,0.4749039567286875,0.0
0.0079060432109077,0.16496480740980207,1.3827656079447108,0.21307886597200107,0.51322967819238,0.0
0.0079060432109077,0.22275429519995563,1.3091708825622321,0.21970522227434716,0.5615041864023768,0.0
0.0079060432109077,0.3007882518043099,1.2549087702700659,0.22073068068020035,0.6119162497349913,0.0
0.0079060432109077,0.40615859883769795,1.20959599448478,0.2154865778979966,0.6732218013876898,0.0
0.0079060432109077,0.5484416576121015,1.1635894725995095,0.2027841040211796,0.7569281918615791,0.0
0.0079060432109077,0.7405684692262434,1.1283909877823872,0.18038256258687252,0.8803125530524123,0.0
0.0079060432109077,1.0,1.0946747164326873,0.001911518097102041,1.2660489524921388,0.0
0.010481131341546853,0.0,1.9881653065482674,0.00021443493272743283,0.6917414752765653,0.0
0.010481131341546853,0.001,1.9756863195111891,0.006234673218974025,0.6715795932576304,0.0
0.010481131341546853,0.0013503140378698735,1.9762991034538293,0.005941241669753063,0.6726297818058499,0.0
0.010481131341546853,0.0018233480008684403,1.9697812989638344,0.009058078799212287,0.661340577686654,0.0
0.010481131341546853,0.0024620924014946257,1.961801084675622,0.012859334158279834,0.6521655424651788,0.0
0.010481131341546853,0.0033245979322709418,1.9570990929732015,0.015114213060586475,0.6395071313822668,0.0
0.010481131341546853,0.004489251258218608,1.945204459404698,0.020634029771497055,0.6311086665270689,0.0
0.010481131341546853,0.006061898993497572,1.9361828553797813,0.024953584575638444,0.616169134614509,0.0
0.010481131341546853,0.008185467307069028,1.9153302219404535,0.034424368965540936,0.5936718951008605,0.0
0.010481131341546853,0.011052951411260215,1.898761625794228,0.041989636149304586,0.5771288028477082,0.0
0.010481131341546853,0.014924955450518291,1.8679106447047182,0.055739496574495125,0.5536485002993426,0.0
0.010481131341546853,0.02015337685941733,1.825988391322487,0.07351739216316912,0.5298266712184281,0.0
0.010481131341546853,0.027213387683753074,1.7885020459659837,0.08906887202885372,0.511724543922344,0.0
0.010481131341546853,0.03674661940736688,1.732511216100343,0.11125944204094154,0.4917809979326465,0.0
0.010481131341546853,0.04961947603002903,1.6712020814422517,0.13390220933197702,0.48983347621836687,0.0
0.010481131341546853,0.06700187503509587,1.60828183368715,0.15494027628186677,0.5007342240460821,0.0
0.010481131341546853,0.09047357242349298,1.537954789720602,0.1753240327681044,0.5053689424928866,0.0
0.010481131341546853,0.12216773489967918,1.4665755816658905,0.19296531051853794,0.5299565337101536,0.0
0.010481131341546853,0.16496480740980207,1.391647861428211,0.20592227388476667,0.5591049188038226,0.0
0.010481131341546853,0.22275429519995563,1.3194616985690313,0.21252154706926019,0.6038263525165523,0.0
0.010481131341546853,0.3007882518043099,1.269742854138413,0.21351268910564286,0.6545695132369899,0.0
0.010481131341546853,0.40615859883769795,1.21293175020109,0.20904137181660007,0.7180554731552763,0.0
0.010481131341546853,0.5484416576121015,1.1692492156873895,0.1974612007350868,0.8008301416828264,0.0
0.010481131341546853,0.7405684692262434,1.1307128661729742,0.17440303265089685,0.9123230321313844,0.0
0.010481131341546853,1.0,1.094333161629283,0.0014357856260039065,1.2758482493213583,0.0
0.01389495494373136,0.0,1.9847667438133285,0.00021263340374961308,0.7040865633251303,0.0
0.01389495494373136,0.001,1.9740174097426728,0.00535618040029947,0.6901218407703837,0.0
0.01389495494373136,0.0013503140378698735,1.9677240362589434,0.008299414643761471,0.6831301194814992,0.0
0.01389495494373136,0.0018233480008684403,1.9707323782107602,0.006931307681908,0.6860403262692205,0.0
0.01389495494373136,0.0024620924014946257,1.958806845665136,0.012520379791411395,0.6723246062186191,0.0
0.01389495494373136,0.0033245979322709418,1.9545729050585117,0.01447217948715079,0.6696688700079386,0.0
0.01389495494373136,0.004489251258218608,1.9456807612303735,0.018653165657441607,0.6591454322609515,0.0
0.01389495494373136,0.006061898993497572,1.9333978756911203,0.024312044702331444,0.6511441446277165,0.0
0.01389495494373136,0.008185467307069028,1.9179547337524179,0.0313431586175507,0.6346892759098576,0.0
0.01389495494373136,0.011052951411260215,1.8943560239824757,0.04185937400329147,0.6177772227522306,0.0
0.01389495494373136,0.014924955450518291,1.8682556784038205,0.05318889864837381,0.5990005176146965,0.0
0.01389495494373136,0.02015337685941733,1.8342568595539022,0.06795763744644419,0.583809661137925,0.0
0.01389495494373136,0.027213387683753074,1.783565055114182,0.08850014543825355,0.5584597225745311,0.0
0.01389495494373136,0.03674661940736688,1.7377879185371599,0.10639208052904876,0.5460262112169482,0.0
0.01389495494373136,0.04961947603002903,1.6775335683635053,0.12844940113331577,0.5443034599291549,0.0
0.01389495494373136,0.06700187503509587,1.6095461011372616,0.15048691647385154,0.5432003274380529,0.0
0.01389495494373136,0.09047357242349298,1.5450045105878847,0.16925257442599928,0.5578848269911739,0.0
0.01389495494373136,0.12216773489967918,1.469942242793649,0.18750519828289403,0.5836004947127482,0.0
0.01389495494373136,0.16496480740980207,1.3984757993524768,0.19970007150488728,0.6062113574708812,0.0
0.01389495494373136,0.22275429519995563,1.3308534309671962,0.2061431721950579,0.6458078577560311,0.0
0.01389495494373136,0.3007882518043099,1.263185782588603,0.2052399506762244,0.70863665467304,0.0
0.01389495494373136,0.40615859883769795,1.2171398601128725,0.20159576859193726,0.7674933866518798,0.0
0.01389495494373136,0.5484416576121015,1.1678120996815227,0.18815709714560594,0.8498021073268125,0.0
0.01389495494373136,0.7405684692262434,1.131781854083811,0.1636303486369659,0.9555258759714863,0.0
0.01389495494373136,1.0,1.0938810272033548,0.0010749437017037822,1.2832525022905228,0.0
0.018420699693267165,0.0,1.9802659006615524,0.00021019009121516334,0.716238318924831,0.0
0.018420699693267165,0.001,1.9720200248525124,0.004105286863089705,0.7088772509172315,0.0
0.018420699693267165,0.0013503140378698735,1.966602917306781,0.006655900058125378,0.704877047757725,0.0
0.018420699693267165,0.0018233480008684403,1.9647522580613868,0.007535861812146198,0.7029753354359802,0.0
0.018420699693267165,0.0024620924014946257,1.9597846984272513,0.009833377367972565,0.6991007796597793,0.0
0.018420699693267165,0.0033245979322709418,1.9512952758525974,0.013766211242368143,0.6915657002546306,0.0
0.018420699693267165,0.004489251258218608,1.9417536411741443,0.018191348530388583,0.6845769910855803,0.0
0.018420699693267165,0.006061898993497572,1.9276288837669187,0.02464777038347619,0.6734912589448568,0.0
0.018420699693267165,0.008185467307069028,1.913091976525273,0.03106025235722926,0.6645629543538637,0.0
0.018420699693267165,0.011052951411260215,1.9006568523229082,0.03656489966135065,0.6570213848349263,0.0
0.018420699693267165,0.014924955450518291,1.86506658034677,0.05198941470087061,0.6383109961615859,0.0
0.018420699693267165,0.02015337685941733,1.8236660739980863,0.06936741696861819,0.6173673884202243,0.0
0.018420699693267165,0.027213387683753074,1.7941077640127199,0.08131288318175688,0.6131297893017913,0.0
0.018420699693267165,0.03674661940736688,1.7455649847226262,0.10013752357703168,0.5983260433515062,0.0
0.018420699693267165,0.04961947603002903,1.676493116320333,0.12496194568171907,0.5877269477037218,0.0
0.018420699693267165,0.06700187503509587,1.626707942639237,0.1410508785944672,0.595397854563868,0.0
0.018420699693267165,0.09047357242349298,1.5572479124177503,0.1615981848408685,0.607757873672922,0.0
0.018420699693267165,0.12216773489967918,1.4857968142047124,0.17903937936549458,0.6195993677942363,0.0
0.018420699693267165,0.16496480740980207,1.4115933431068106,0.19166967509631108,0.6544622595764144,0.0
0.018420699693267165,0.22275429519995563,1.3459513015918887,0.1992078225182464,0.6881733829172741,0.0
0.018420699693267165,0.3007882518043099,1.2786436787026507,0.20056563967860022,0.7465894736334998,0.0
0.018420699693267165,0.40615859883769795,1.2230165395661277,0.19561550724996035,0.8078398320773137,0.0
0.018420699693267165,0.5484416576121015,1.1736143153615226,0.17916649352502867,0.8910777392831484,0.0
0.018420699693267165,0.7405684692262434,1.1322429330304624,0.1528575831985194,0.995037192326175,0.0
0.018420699693267165,1.0,1.0932826041474797,0.000807973567341937,1.2889583967401668,0.0
0.024420530945486497,0.0,1.9743048298592496,0.00020713180081687082,0.7289967421338489,0.0
0.024420530945486497,0.001,1.966479424031538,0.0038621577976955166,0.7244862040547301,0.0
0.024420530945486497,0.0013503140378698735,1.9659399788211869,0.0041087711821940825,0.7239413296869032,0.0
0.024420530945486497,0.0018233480008684403,1.9565467087500275,0.008457748724169134,0.7183190085628371,0.0
0.024420530945486497,0.0024620924014946257,1.9497161727555727,0.011609172798879614,0.7144823326844476,0.0
0.024420530945486497,0.0033245979322709418,1.949352621296809,0.011718869903902834,0.7154682812019518,0.0
0.024420530945486497,0.004489251258218608,1.9352382978030607,0.01818479687218836,0.7065977390952579,0.0
0.024420530945486497,0.006061898993497572,1.926113598852208,0.022257226394766922,0.7022305263969247,0.0
0.024420530945486497,0.008185467307069028,1.9151559420255035,0.02714397043270046,0.697439566114549,0.0
0.024420530945486497,0.011052951411260215,1.8877800962370013,0.03909353835051574,0.6861357715083092,0.0
0.024420530945486497,0.014924955450518291,1.8732243560946702,0.04541529793142902,0.6795008135588209,0.0
0.024420530945486497,0.02015337685941733,1.8388801717803203,0.05964628463657872,0.6686024477508461,0.0
0.024420530945486497,0.027213387683753074,1.792710626286916,0.07832888868574829,0.658084233300828,0.0
0.024420530945486497,0.03674661940736688,1.7478408830128294,0.09520387791373858,0.6495362915061178,0.0
0.024420530945486497,0.04961947603002903,1.698554491320736,0.1130587347399574,0.6420322855881376,0.0
0.024420530945486497,0.06700187503509587,1.636835042797357,0.13318597125260886,0.6475195125279242,0.0
0.024420530945486497,0.09047357242349298,1.5583532734193228,0.15568640353866137,0.6568820057780159,0.0
0.024420530945486497,0.12216773489967918,1.4862988080011397,0.17320954615376646,0.6794579298392841,0.0
0.024420530945486497,0.16496480740980207,1.41761721923031,0.1836879673377121,0.7085263053246306,0.0
0.024420530945486497,0.22275429519995563,1.3540222792226595,0.19166234513143598,0.7433931703309012,0.0
0.024420530945486497,0.3007882518043099,1.282269439966138,0.19148047023111425,0.8006850894722016,0.0
0.024420530945486497,0.40615859883769795,1.2285261346354752,0.18710527716750563,0.8505181793756996,0.0
0.024420530945486497,0.5484416576121015,1.1742890836054856,0.16873486863246007,0.9349933693056219,0.0
0.024420530945486497,0.7405684692262434,1.1360627004507313,0.14931931009527527,1.0197238870583663,0.0
0.024420530945486497,1.0,1.0924927348262234,0.0006112125343843409,1.2932781973218452,0.0
0.0323745754281764,0.0,1.9664154383336505,0.0002029818384652337,0.7430336274134466,0.0
0.0323745754281764,0.001,1.958499056055048,0.003831739666293487,0.7401479724726255,0.0
0.0323745754281764,0.0013503140378698735,1.9559382585137348,0.005008080353861312,0.7391799148371129,0.0
0.0323745754281764,0.0018233480008684403,1.9495042132087679,0.007949789287866469,0.736800491704106,0.0
0.0323745754281764,0.0024620924014946257,1.9476938619021442,0.00877824750263513,0.7364028250189182,0.0
0.0323745754281764,0.0033245979322709418,1.9395714627141405,0.0124380710212803,0.7336990439428317,0.0
0.0323745754281764,0.004489251258218608,1.9279095111213291,0.017642104170339137,0.7297034996610879,0.0
0.0323745754281764,0.006061898993497572,1.9207994182639292,0.02082040213067585,0.7275655040215512,0.0
0.0323745754281764,0.008185467307069028,1.9053447392292207,0.027603875795714706,0.7238631793834375,0.0
0.0323745754281764,0.011052951411260215,1.8829257877051409,0.03718164161772076,0.7185187952945202,0.0
0.0323745754281764,0.014924955450518291,1.856119087555185,0.048574862965215564,0.7094481324926531,0.0
0.0323745754281764,0.02015337685941733,1.8306595459945423,0.05895001161697049,0.7041064407825527,0.0
0.0323745754281764,0.027213387683753074,1.7849943584369887,0.0767521030899129,0.6990400063160542,0.0
0.0323745754281764,0.03674661940736688,1.7500570251169154,0.09012654837475682,0.6928855145201261,0.0
0.0323745754281764,0.04961947603002903,1.6960673043630239,0.10894622022917597,0.6932563800659544,0.0
0.0323745754281764,0.06700187503509587,1.6383663246841098,0.1277107887831736,0.6957401813572051,0.0
0.0323745754281764,0.09047357242349298,1.5659159220241345,0.14826294587136613,0.7094906261403983,0.0
0.0323745754281764,0.12216773489967918,1.4970036657732224,0.16330991920004045,0.7278984766256814,0.0
0.0323745754281764,0.16496480740980207,1.426211663583456,0.17678034922025568,0.7531816268178044,0.0
0.0323745754281764,0.22275429519995563,1.3512996295297208,0.1830213214060828,0.7979244898077289,0.0
0.0323745754281764,0.3007882518043099,1.2921113651237919,0.18338275291719627,0.8374386176576782,0.0
0.0323745754281764,0.40615859883769795,1.2291687345766724,0.17643189547478508,0.902328517677714,0.0
0.0323745754281764,0.5484416576121015,1.1818624017660078,0.16474344469300975,0.9638735416310042,0.0
0.0323745754281764,0.7405684692262434,1.1341972107042837,0.1332948709446433,1.0612639849812981,0.0
0.0323745754281764,1.0,1.091450435621346,0.00045722215341241897,1.296670572990603,0.0
0.04291934260128778,0.0,1.955977222228371,0.00019762884420882276,0.7590901859521698,0.0
0.04291934260128778,0.001,1.9479794832811208,0.0038047535803298936,0.757870809759061,0.0
0.04291934260128778,0.0013503140378698735,1.9479536582320753,0.0038237755595018465,0.7576513123778787,0.0
0.04291934260128778,0.0018233480008684403,1.9387698011823873,0.00794316378033698,0.7561028868145783,0.0
0.04291934260128778,0.0024620924014946257,1.9385340294328894,0.008051341374589278,0.7560444068188032,0.0
0.04291934260128778,0.0033245979322709418,1.928673183949593,0.012453947111527081,0.7545343330898807,0.0
0.04291934260128778,0.004489251258218608,1.9275987688260192,0.012934673810552905,0.7541392518311858,0.0
0.04291934260128778,0.006061898993497572,1.9170311061573648,0.017557991457344553,0.752577521932373,0.0
0.04291934260128778,0.008185467307069028,1.8992844302857863,0.025239502137083602,0.7495874941660816,0.0
0.04291934260128778,0.011052951411260215,1.8796114538337494,0.03359456998009843,0.7468800265768324,0.0
0.04291934260128778,0.014924955450518291,1.860002934345061,0.041585157329464814,0.7461347949495896,0.0
0.04291934260128778,0.02015337685941733,1.8344708888590522,0.05209003948657872,0.7436607529913328,0.0
0.04291934260128778,0.027213387683753074,1.792415225576396,0.06829168810267125,0.7415741560662978,0.0
0.04291934260128778,0.03674661940736688,1.7505759298886876,0.08416410977738226,0.7388100395172434,0.0
0.04291934260128778,0.04961947603002903,1.7009433921485626,0.10108339490661643,0.7424080160203688,0.0
0.04291934260128778,0.06700187503509587,1.6372695976010947,0.12141487261490945,0.7469455252927203,0.0
0.04291934260128778,0.09047357242349298,1.5746179455237075,0.1391606267329374,0.7574970247195506,0.0
0.04291934260128778,0.12216773489967918,1.5100243752924747,0.15362000253986038,0.7759801670643518,0.0
0.04291934260128778,0.16496480740980207,1.4361206900349617,0.16740726316974938,0.8016326371467037,0.0
0.04291934260128778,0.22275429519995563,1.3635791170177465,0.17414882984579666,0.8418096361412719,0.0
0.04291934260128778,0.3007882518043099,1.3023444079845288,0.17526229509654825,0.8774535249464552,0.0
0.04291934260128778,0.40615859883769795,1.2364832521509401,0.16781259802811627,0.9377456789898542,0.0
0.04291934260128778,0.5484416576121015,1.183223918181839,0.15432209883954714,0.9996045147398792,0.0
0.04291934260128778,0.7405684692262434,1.1350173441012799,0.12299557287443595,1.0902302176620196,0.0
0.04291934260128778,1.0,1.0900766526255956,0.0003394695552237867,1.2993530039189252,0.0
0.05689866029018293,0.0,1.9421778411170239,0.00019060413698418157,0.7779201540045867,0.0
0.05689866029018293,0.001,1.9359567720486561,0.0029461621011558897,0.7777544235629483,0.0
0.05689866029018293,0.0013503140378698735,1.9340584670528882,0.003769049683863304,0.7777198266651073,0.0
0.05689866029018293,0.0018233480008684403,1.9286082743862611,0.0061898973229626885,0.77764189147624,0.0
0.05689866029018293,0.0024620924014946257,1.9259054865027896,0.007370172383697626,0.77753824067578,0.0
0.05689866029018293,0.0033245979322709418,1.9198880435938521,0.010000151962678366,0.7774024277979988,0.0
0.05689866029018293,0.004489251258218608,1.9110749933247226,0.013834167524695474,0.777203234495081,0.0
0.05689866029018293,0.006061898993497572,1.9010259767606488,0.01812300445476118,0.7770887571545162,0.0
0.05689866029018293,0.008185467307069028,1.885945605824317,0.02450719269443765,0.7769215225226408,0.0
0.05689866029018293,0.011052951411260215,1.8774544629214973,0.028051435401768358,0.7772702897268223,0.0
0.05689866029018293,0.014924955450518291,1.8414968129962752,0.04277430754800224,0.7769753449701392,0.0
0.05689866029018293,0.02015337685941733,1.8254706812697612,0.049077138251405444,0.7782195242213086,0.0
0.05689866029018293,0.027213387683753074,1.789612196957335,0.06295712224378468,0.7782610323139164,0.0
0.05689866029018293,0.03674661940736688,1.751707513006452,0.07667518847708665,0.7824101963427467,0.0
0.05689866029018293,0.04961947603002903,1.6999974173521295,0.09440872423595513,0.7862921873682797,0.0
0.05689866029018293,0.06700187503509587,1.6584600658287834,0.10768301326615125,0.7940514713061276,0.0
0.05689866029018293,0.09047357242349298,1.5791001285737731,0.12972382472478966,0.8081202392261317,0.0
0.05689866029018293,0.12216773489967918,1.5090721444161026,0.1460702159663431,0.8273639199333428,0.0
0.05689866029018293,0.16496480740980207,1.4469480263328192,0.15666553836066952,0.8509448981460948,0.0
0.05689866029018293,0.22275429519995563,1.3693062677202792,0.16379068755479548,0.8881344869225694,0.0
0.05689866029018293,0.3007882518043099,1.3047837401040918,0.16538022247061815,0.9261701311727165,0.0
0.05689866029018293,0.40615859883769795,1.2399882574043866,0.15890834485343674,0.9767635522611707,0.0
0.05689866029018293,0.5484416576121015,1.1815404058123278,0.14105950215391602,1.0412969651846666,0.0
0.05689866029018293,0.7405684692262434,1.1341315978060769,0.1093763395974226,1.1236412942544842,0.0
0.05689866029018293,1.0,1.0882725554937036,0.0002576406112146093,1.3015568439346137,0.0
0.07543120063354607,0.0,1.923952197715878,0.00018149545026212405,0.8003435896582961,0.0
0.07543120063354607,0.001,1.919169863654443,0.0022500914038302297,0.8008249340290121,0.0
0.07543120063354607,0.0013503140378698735,1.9162327435096929,0.0035189628564870133,0.8010481191908254,0.0
0.07543120063354607,0.0018233480008684403,1.911558033636129,0.005536518102207908,0.8014659551642481,0.0
0.07543120063354607,0.0024620924014946257,1.9081642124553158,0.0069931120806272324,0.8017511866131859,0.0
0.07543120063354607,0.0033245979322709418,1.9022886964862098,0.00948637756323922,0.8024598703675273,0.0
0.07543120063354607,0.004489251258218608,1.8975420535783425,0.011495578894415737,0.802731216403519,0.0
0.07543120063354607,0.006061898993497572,1.8872805555598886,0.015831172291977617,0.8037131084454281,0.0
0.07543120063354607,0.008185467307069028,1.8745474668381945,0.021149206574941626,0.8049207745076159,0.0
0.07543120063354607,0.011052951411260215,1.8547237603971318,0.02921681856204019,0.8067103659730425,0.0
0.07543120063354607,0.014924955450518291,1.8467434589483676,0.03243347398025826,0.8078770388455808,0.0
0.07543120063354607,0.02015337685941733,1.8127309829160383,0.04585878327377046,0.8114818101649679,0.0
0.07543120063354607,0.027213387683753074,1.7820230371780361,0.057569831324126124,0.8152123965870357,0.0
0.07543120063354607,0.03674661940736688,1.749170423490582,0.06953517753272233,0.8206164758313877,0.0
0.07543120063354607,0.04961947603002903,1.6907998073564134,0.08914528065635972,0.8286821738754047,0.0
0.07543120063354607,0.06700187503509587,1.641038293879318,0.10375930762346114,0.8396506268223266,0.0
0.07543120063354607,0.09047357242349298,1.5806523314938754,0.12022371566772244,0.8534404755580295,0.0
0.07543120063354607,0.12216773489967918,1.5080136538788615,0.13654821116529384,0.8739883860606124,0.0
0.07543120063354607,0.16496480740980207,1.4502624581136065,0.14663710492897572,0.8957458358107332,0.0
0.07543120063354607,0.22275429519995563,1.38404082560406,0.15300922165477815,0.9254121551456225,0.0
0.07543120063354607,0.3007882518043099,1.3016843455784948,0.15303139384169992,0.9720018814230542,0.0
0.07543120063354607,0.40615859883769795,1.2463576482578724,0.1485645660207137,1.0132562364269198,0.0
0.07543120063354607,0.5484416576121015,1.187468873663496,0.13128145609091446,1.0713356513818872,0.0
0.07543120063354607,0.7405684692262434,1.1351721263947767,0.100667504647909,1.1458247318760038,0.0
0.07543120063354607,1.0,1.0859102957068816,0.0001921326910375782,1.3034749976246076,0.0
0.1,0.0,1.8999117527099307,0.00016991146899921606,0.8272830638104821,0.0
0.1,0.001,1.8934800288964975,0.0028858856688214612,0.828399628344449,0.0
0.1,0.0013503140378698735,1.8927735259324083,0.003178063452953623,0.8285469926648105,0.0
0.1,0.0018233480008684403,1.887855931345525,0.005243400685356601,0.8293892251003234,0.0
0.1,0.0024620924014946257,1.8859764751853487,0.006032565189221564,0.8297381732597936,0.0
0.1,0.0033245979322709418,1.8822679749346147,0.00759235518174299,0.8303980743282939,0.0
0.1,0.004489251258218608,1.8744424849005972,0.010831719439922298,0.8316928922965231,0.0
0.1,0.006061898993497572,1.8675271397729314,0.013670660210508508,0.8329728070815751,0.0
0.1,0.008185467307069028,1.857156507027504,0.01786713374280367,0.8348887607478953,0.0
0.1,0.011052951411260215,1.8423208980328092,0.023912112171828644,0.837526544151079,0.0
0.1,0.014924955450518291,1.823037640708551,0.031402962649227255,0.841038582426857,0.0
0.1,0.02015337685941733,1.7918358319035372,0.04326880265176782,0.8469947057017515,0.0
0.1,0.027213387683753074,1.7617056046450013,0.054497185874775686,0.8528629538176601,0.0
0.1,0.03674661940736688,1.7396915566981943,0.06221357356077483,0.8572824641201835,0.0
0.1,0.04961947603002903,1.6936412596848645,0.07732217371563074,0.8679190793721762,0.0
0.1,0.06700187503509587,1.6436778153352338,0.09277824214601467,0.8797416324842581,0.0
0.1,0.09047357242349298,1.5865033103862953,0.10809834978903196,0.8950595251611131,0.0
0.1,0.12216773489967918,1.5232248802497912,0.12235394152580191,0.9148632758608737,0.0
0.1,0.16496480740980207,1.4437314984391696,0.13549501138216322,0.9429510209838383,0.0
0.1,0.22275429519995563,1.3822137641649035,0.14172267957967366,0.9697237033368541,0.0
0.1,0.3007882518043099,1.3085564542636434,0.14196480629425703,1.0093098801672014,0.0
0.1,0.40615859883769795,1.241865966177631,0.13458640300350314,1.0549075621870656,0.0
0.1,0.5484416576121015,1.1874133167972836,0.11950140871206023,1.103679749298685,0.0
0.1,0.7405684692262434,1.133970344412789,0.08794284087862757,1.1730440963462696,0.0
0.1,1.0,1.082834543075313,0.0001429310109227584,1.3052456606256517,0.0
